-- Database: DMD Phase 3

-- DROP DATABASE "DMD Phase 3";
CREATE TABLE PATIENT(
  pid SERIAL NOT NULL,
  name Varchar(50) NOT NULL,
  phone_number Char(20),
  date_of_birth Date,
  medical_history Varchar(50),
  room_number INT,
  email varchar(50),
  password Varchar(20),
  PRIMARY KEY(pid),
  UNIQUE(medical_history)
);

CREATE TABLE ACCOUNTANT(
  acid SERIAL NOT NULL,
  name Varchar(50) NOT NULL,
  email varchar(50),
  password Varchar(20),
  PRIMARY KEY(acid)
);

CREATE TABLE SALARY(
  wid INT NOT NULL,
  amount INT NOT NULL,
  payed INT NOT NULL,
  PRIMARY KEY(wid) --partial 
);

CREATE TABLE ROOM(
  rid SERIAL NOT NULL,
  room_number INT NOT NULL,
  capacity INT NOT NULL,
  building Varchar(15),
  PRIMARY KEY(rid),
  UNIQUE(room_number)
);

CREATE TABLE HOSPITAL_ADMINISTRATOR (
  adid SERIAL NOT NULL,
  name Varchar(50) NOT NULL,
  email Varchar(50) NOT NULL,
  password Varchar(20) NOT NULL,
  PRIMARY KEY(adid),
  UNIQUE(adid)
);

CREATE TABLE INVENTORY(
  iid INT NOT NULL,
  name Varchar(20) NOT NULL,
  price INT NOT NULL,
  amount INT NOT NULL,
  amount_paid INT NOT NULL,
  PRIMARY KEY(iid)
);

CREATE TABLE LABORATORY_ASSISTANT (
  aid SERIAL NOT NULL,
  name Varchar(50) NOT NULL,
  email Varchar(50) NOT NULL,
  password Varchar(20) NOT NULL, 
  PRIMARY KEY(aid)
);

CREATE TABLE SYSTEM_ADMINISTRATOR(
  said SERIAL NOT NULL, 
  name Varchar(50) NOT NULL,
  email Varchar(50) NOT NULL,
  password Varchar(20) NOT NULL,
  PRIMARY KEY(said)
);

CREATE TABLE DOCTOR(
  did SERIAL NOT NULL,
  name Varchar(50) NOT NULL,
  speciality Varchar(50) NOT NULL,
  email Varchar(50) NOT NULL,
  password Varchar(20) NOT NULL,
  PRIMARY KEY(did)
);

CREATE TABLE NURSE(
  nid SERIAL NOT NULL,
  name Varchar(50) NOT NULL,
  email Varchar(50) NOT NULL,
  password Varchar(20) NOT NULL,
  PRIMARY KEY(nid)
);

CREATE TABLE PAYMENT(
  paid SERIAL NOT NULL,
  amount Int,
  service Varchar(30) NOT NULL,
  date Date NOT NULL,
  PRIMARY KEY(paid)
);

CREATE TABLE SCHEDULE(
  --added attribute that is not in the diagram
  schid SERIAL NOT NULL,
  description Text,
  date_time date NOT NULL,
  id1 Int,--reference
  id2 Int,--reference
  room Int NOT NULL,
  PRIMARY KEY(schid)
);

CREATE TABLE LAB(
  lid SERIAL NOT NULL,
  room_number Int NOT NULL,
  PRIMARY KEY(lid)
);

CREATE TABLE TEST_RESULTS(
  tid SERIAL NOT NULL,
  result_file Varchar(30) NOT NULL,
  PRIMARY KEY(tid) --partial
);

CREATE TABLE CHECKS_MEDICAL_HISTORY(
  patient_id INT NOT NULL,--n-1
  doctor_id INT NOT NULL,
  FOREIGN KEY(patient_id) REFERENCES PATIENT (pid),
  FOREIGN KEY(doctor_id) REFERENCES DOCTOR (did)
);

CREATE TABLE SENDS_RECEIPT(
  patient_id INT NOT NULL,--n-1
  accountant_id INT NOT NULL,
  receipt Varchar(30),
  FOREIGN KEY(patient_id) REFERENCES PATIENT (pid),
  FOREIGN KEY(accountant_id) REFERENCES ACCOUNTANT (acid)
);

CREATE TABLE MAKES_A_PAYMENT(
  patient_id INT NOT NULL,--1-n
  payment_id INT NOT NULL,--total
  FOREIGN KEY(patient_id) REFERENCES PATIENT (pid),
  FOREIGN KEY(payment_id) REFERENCES PAYMENT (paid)
);

CREATE TABLE WRITES_MESSAGE(
  patient_id INT NOT NULL,--n-n
  doctor_id INT NOT NULL,
  text_message text NOT NULL,
  FOREIGN KEY(patient_id) REFERENCES PATIENT (pid),
  FOREIGN KEY(doctor_id) REFERENCES DOCTOR (did)  
);

CREATE TABLE MAKES_A_REQUEST(
  patient_id INT NOT NULL,--n-n
  nurse_id INT NOT NULL,
  date_time time NOT NULL,
  FOREIGN KEY(patient_id) REFERENCES PATIENT (pid),
  FOREIGN KEY(nurse_id) REFERENCES NURSE (nid)  
);

CREATE TABLE MAKES_AN_APPOINTMENT(
  patient_id INT NOT NULL,--1-n
  schedule_id INT NOT NULL,
  FOREIGN KEY(patient_id) REFERENCES PATIENT (pid),
  FOREIGN KEY(schedule_id) REFERENCES SCHEDULE (schid)  
);

CREATE TABLE NOTIFIES(
  patient_id INT NOT NULL,--1-1
  schedule_id INT NOT NULL,
  FOREIGN KEY(patient_id) REFERENCES PATIENT (pid),
  FOREIGN KEY(schedule_id) REFERENCES SCHEDULE (schid)  
);

CREATE TABLE OCCUPIES(
  schedule_id INT NOT NULL,--1-1
  room_id INT NOT NULL,
  FOREIGN KEY(schedule_id) REFERENCES SCHEDULE (schid),
  FOREIGN KEY(room_id) REFERENCES ROOM (rid)  
);

CREATE TABLE SCHEDULES_CLEANING(
  schedule_id INT NOT NULL,--n-1
  admin_id INT NOT NULL,
  FOREIGN KEY(schedule_id) REFERENCES SCHEDULE (schid),
  FOREIGN KEY(admin_id) REFERENCES HOSPITAL_ADMINISTRATOR (adid)  
);

CREATE TABLE IS_READY(
  schedule_id INT NOT NULL,--1-1
  test_result_id INT NOT NULL,--total
  FOREIGN KEY(schedule_id) REFERENCES SCHEDULE (schid),
  FOREIGN KEY(test_result_id) REFERENCES TEST_RESULTS (tid)
);

CREATE TABLE NOTIFIES_DOCTOR(
  schedule_id INT NOT NULL,--1-n(1-1)
  doctor_id INT NOT NULL,
  FOREIGN KEY(schedule_id) REFERENCES SCHEDULE (schid),
  FOREIGN KEY(doctor_id) REFERENCES DOCTOR (did)  
);

CREATE TABLE NOTIFIES_NURSE(
  schedule_id INT NOT NULL,--1-n(1-1)
  nurse_id INT NOT NULL,
  FOREIGN KEY(schedule_id) REFERENCES SCHEDULE (schid),
  FOREIGN KEY(nurse_id) REFERENCES NURSE (nid)  
);

CREATE TABLE BOOKS_ROOM(
  schedule_id INT NOT NULL,--1-n
  nurse_id INT NOT NULL,
  FOREIGN KEY(schedule_id) REFERENCES SCHEDULE (schid),
  FOREIGN KEY(nurse_id) REFERENCES NURSE (nid)  
);

CREATE TABLE DOCTOR_MAKES_AN_APPOINTMENT(
  doctor_id INT NOT NULL,--1-n
  schedule_id INT NOT NULL,
  FOREIGN KEY(doctor_id) REFERENCES  DOCTOR(did),
  FOREIGN KEY(schedule_id) REFERENCES SCHEDULE (schid)  
);

CREATE TABLE ENROLLS(
  admin_id INT NOT NULL,--1-n
  inventory_id INT NOT NULL,
  FOREIGN KEY(admin_id) REFERENCES HOSPITAL_ADMINISTRATOR (adid),
  FOREIGN KEY(inventory_id) REFERENCES INVENTORY (iid)  
);

CREATE TABLE GENERATES_RESULTS(
  lab_id INT NOT NULL,--1-1
  test_results_id INT NOT NULL,
  FOREIGN KEY(lab_id) REFERENCES LAB (lid),
  FOREIGN KEY(test_results_id) REFERENCES TEST_RESULTS (tid)  
);

CREATE TABLE MAKES_TESTS(
  lab_id INT NOT NULL,--n-n
  lab_assistant_id INT NOT NULL,
  FOREIGN KEY(lab_id) REFERENCES LAB (lid),
  FOREIGN KEY(lab_assistant_id) REFERENCES LABORATORY_ASSISTANT (aid)
);

CREATE TABLE NOTIFIES_LAB_ASSISTANT(
  lab_assistant_id INT NOT NULL,--1-1
  schedule_id INT NOT NULL,
  FOREIGN KEY(lab_assistant_id) REFERENCES LABORATORY_ASSISTANT (aid),
  FOREIGN KEY(schedule_id) REFERENCES SCHEDULE (schid)  
);

CREATE TABLE WRITES_MESSAGE_NURSE(
  nurse_id INT NOT NULL,--n-n
  doctor_id INT NOT NULL,
  text_message text NOT NULL,
  FOREIGN KEY(nurse_id) REFERENCES NURSE (nid),
  FOREIGN KEY(doctor_id) REFERENCES DOCTOR (did)  
);
INSERT INTO ACCOUNTANT (name, email, password) VALUES ('Jennifer Reynolds', 'cynthia96@hotmail.com', 'oacoXeKYsXxuD');
INSERT INTO PATIENT (name, phone_number, date_of_birth, email, medical_history, room_number, password) VALUES ('Jennifer Reynolds', '+7 (732) 961-97-97', '1926-04-24', 'cynthia96@hotmail.com', 'I it good close do shoulder economy.', '834', 'oacoXeKYsXxuD');
INSERT INTO ACCOUNTANT (name, email, password) VALUES ('Ricky Johnson', 'angelafreeman@gmail.com', 'XLKNVNgPpiPNixreUQC');
INSERT INTO PATIENT (name, phone_number, date_of_birth, email, medical_history, room_number, password) VALUES ('Ricky Johnson', '+7 791 383 6519', '1952-11-20', 'angelafreeman@gmail.com', 'Some population win share truth them.', '535', 'XLKNVNgPpiPNixreUQC');
INSERT INTO ACCOUNTANT (name, email, password) VALUES ('Jennifer Medina', 'tamara15@gmail.com', 'AemJUbSEZWIeLSYc');
INSERT INTO PATIENT (name, phone_number, date_of_birth, email, medical_history, room_number, password) VALUES ('Jennifer Medina', '89373914945', '1926-02-01', 'tamara15@gmail.com', 'Station into rock toward anything role.', '48', 'AemJUbSEZWIeLSYc');
INSERT INTO ACCOUNTANT (name, email, password) VALUES ('Craig Blackwell', 'freychristopher@hotmail.com', 'FwVunsuCaJhz');
INSERT INTO PATIENT (name, phone_number, date_of_birth, email, medical_history, room_number, password) VALUES ('Craig Blackwell', '+7 875 125 2359', '1929-07-15', 'freychristopher@hotmail.com', 'Per of sign community none order process.', '611', 'FwVunsuCaJhz');
INSERT INTO ACCOUNTANT (name, email, password) VALUES ('John Herrera', 'mercadojesus@yahoo.com', 'GlocTvpvPvShtpfyIoNj');
INSERT INTO PATIENT (name, phone_number, date_of_birth, email, medical_history, room_number, password) VALUES ('John Herrera', '+75154542670', '1937-09-11', 'mercadojesus@yahoo.com', 'Mrs ground method.', '453', 'GlocTvpvPvShtpfyIoNj');
INSERT INTO ACCOUNTANT (name, email, password) VALUES ('Chad Garcia', 'traviswilliams@hotmail.com', 'IkOHUaBGgEP');
INSERT INTO PATIENT (name, phone_number, date_of_birth, email, medical_history, room_number, password) VALUES ('Chad Garcia', '85061007832', '2017-04-30', 'traviswilliams@hotmail.com', 'Position stand analysis red.', '200', 'IkOHUaBGgEP');
INSERT INTO ACCOUNTANT (name, email, password) VALUES ('Pamela Lee', 'andrewsdominique@yahoo.com', 'XqqXMRTrqjIFl');
INSERT INTO PATIENT (name, phone_number, date_of_birth, email, medical_history, room_number, password) VALUES ('Pamela Lee', '+73959470135', '1905-10-31', 'andrewsdominique@yahoo.com', 'Concern beyond end push.', '924', 'XqqXMRTrqjIFl');
INSERT INTO ACCOUNTANT (name, email, password) VALUES ('Kyle Aguilar', 'victoriascott@gmail.com', 'BvBDcwhh');
INSERT INTO PATIENT (name, phone_number, date_of_birth, email, medical_history, room_number, password) VALUES ('Kyle Aguilar', '+73999966244', '1919-04-12', 'victoriascott@gmail.com', 'Window professional state history international.', '396', 'BvBDcwhh');
INSERT INTO ACCOUNTANT (name, email, password) VALUES ('Amanda Hoffman', 'robertnguyen@gmail.com', 'myXeffNHFGhg');
INSERT INTO PATIENT (name, phone_number, date_of_birth, email, medical_history, room_number, password) VALUES ('Amanda Hoffman', '+7 (620) 940-1083', '1996-03-20', 'robertnguyen@gmail.com', 'Civil capital word protect.', '17', 'myXeffNHFGhg');
INSERT INTO ACCOUNTANT (name, email, password) VALUES ('Sarah Harris', 'teresa79@gmail.com', 'BnbCaXMNqjCzoX');
INSERT INTO PATIENT (name, phone_number, date_of_birth, email, medical_history, room_number, password) VALUES ('Sarah Harris', '8 (954) 319-3035', '1947-01-25', 'teresa79@gmail.com', 'Suffer both until meeting beat anything.', '658', 'BnbCaXMNqjCzoX');
INSERT INTO ACCOUNTANT (name, email, password) VALUES ('Brandon Levine', 'lucasclay@hotmail.com', 'FDxyfyJgTWm');
INSERT INTO PATIENT (name, phone_number, date_of_birth, email, medical_history, room_number, password) VALUES ('Brandon Levine', '+7 (746) 693-52-98', '1964-03-17', 'lucasclay@hotmail.com', 'Little notice sit degree.', '79', 'FDxyfyJgTWm');
INSERT INTO ACCOUNTANT (name, email, password) VALUES ('Michael Ross', 'jennifermiller@hotmail.com', 'QdkSnJFi');
INSERT INTO PATIENT (name, phone_number, date_of_birth, email, medical_history, room_number, password) VALUES ('Michael Ross', '8 (127) 524-08-62', '1925-07-11', 'jennifermiller@hotmail.com', 'Space customer under significant.', '859', 'QdkSnJFi');
INSERT INTO ACCOUNTANT (name, email, password) VALUES ('Matthew Vasquez', 'myersdaniel@hotmail.com', 'DANTSELPb');
INSERT INTO PATIENT (name, phone_number, date_of_birth, email, medical_history, room_number, password) VALUES ('Matthew Vasquez', '8 (592) 585-8565', '1963-03-26', 'myersdaniel@hotmail.com', 'Fear factor state turn deep business kitchen.', '576', 'DANTSELPb');
INSERT INTO ACCOUNTANT (name, email, password) VALUES ('Carl Mccullough', 'gabriellesmith@hotmail.com', 'yCefpfwNVcgoGen');
INSERT INTO PATIENT (name, phone_number, date_of_birth, email, medical_history, room_number, password) VALUES ('Carl Mccullough', '+7 499 649 3352', '1993-02-15', 'gabriellesmith@hotmail.com', 'Adult avoid major able. Myself let drop accept.', '671', 'yCefpfwNVcgoGen');
INSERT INTO ACCOUNTANT (name, email, password) VALUES ('Gina Hill', 'tbrown@hotmail.com', 'YljXyCdHyPYssDqRNNtK');
INSERT INTO PATIENT (name, phone_number, date_of_birth, email, medical_history, room_number, password) VALUES ('Gina Hill', '+7 151 178 0729', '1939-02-28', 'tbrown@hotmail.com', 'Affect interview old tend if line serious.', '153', 'YljXyCdHyPYssDqRNNtK');
INSERT INTO ACCOUNTANT (name, email, password) VALUES ('Carrie Chang', 'ecruz@yahoo.com', 'uhNODtjcwdR');
INSERT INTO PATIENT (name, phone_number, date_of_birth, email, medical_history, room_number, password) VALUES ('Carrie Chang', '8 335 508 30 14', '1918-03-22', 'ecruz@yahoo.com', 'Break seven before impact skill.', '12', 'uhNODtjcwdR');
INSERT INTO ACCOUNTANT (name, email, password) VALUES ('Debra Pena', 'jholland@yahoo.com', 'kDqAjnOthAItqmQfls');
INSERT INTO PATIENT (name, phone_number, date_of_birth, email, medical_history, room_number, password) VALUES ('Debra Pena', '+7 609 033 85 91', '2010-11-04', 'jholland@yahoo.com', 'Impact bar there economy try occur.', '60', 'kDqAjnOthAItqmQfls');
INSERT INTO ACCOUNTANT (name, email, password) VALUES ('Kimberly Larsen', 'edwardrichardson@gmail.com', 'hghAzSKPboEkMR');
INSERT INTO PATIENT (name, phone_number, date_of_birth, email, medical_history, room_number, password) VALUES ('Kimberly Larsen', '+74705844169', '1916-02-12', 'edwardrichardson@gmail.com', 'Sign step past unit finish particular.', '846', 'hghAzSKPboEkMR');
INSERT INTO ACCOUNTANT (name, email, password) VALUES ('Anna Boyd', 'acline@yahoo.com', 'XBTWMFZCCEhplgzcnQ');
INSERT INTO PATIENT (name, phone_number, date_of_birth, email, medical_history, room_number, password) VALUES ('Anna Boyd', '83389517714', '1927-06-28', 'acline@yahoo.com', 'Foot friend politics exactly.', '582', 'XBTWMFZCCEhplgzcnQ');
INSERT INTO ACCOUNTANT (name, email, password) VALUES ('Joshua Davis', 'jonathan34@yahoo.com', 'DcOVCYhfHfBQvlnISNQP');
INSERT INTO PATIENT (name, phone_number, date_of_birth, email, medical_history, room_number, password) VALUES ('Joshua Davis', '8 716 980 4027', '2003-08-26', 'jonathan34@yahoo.com', 'Who local southern more.', '325', 'DcOVCYhfHfBQvlnISNQP');
INSERT INTO ACCOUNTANT (name, email, password) VALUES ('Michael Dyer', 'katelyn62@yahoo.com', 'SqGVEDVyK');
INSERT INTO PATIENT (name, phone_number, date_of_birth, email, medical_history, room_number, password) VALUES ('Michael Dyer', '+7 474 972 7156', '1978-03-13', 'katelyn62@yahoo.com', 'Both party almost a.', '276', 'SqGVEDVyK');
INSERT INTO ACCOUNTANT (name, email, password) VALUES ('Matthew Moore', 'william98@gmail.com', 'cwnmsjnZTlgGoA');
INSERT INTO PATIENT (name, phone_number, date_of_birth, email, medical_history, room_number, password) VALUES ('Matthew Moore', '+7 (275) 468-87-82', '1950-11-11', 'william98@gmail.com', 'Fire address black capital.', '239', 'cwnmsjnZTlgGoA');
INSERT INTO ACCOUNTANT (name, email, password) VALUES ('Connor Sanchez', 'gayruth@gmail.com', 'cUCsdapB');
INSERT INTO PATIENT (name, phone_number, date_of_birth, email, medical_history, room_number, password) VALUES ('Connor Sanchez', '8 (462) 821-32-35', '1924-02-27', 'gayruth@gmail.com', 'Own do point or source community partner.', '147', 'cUCsdapB');
INSERT INTO ACCOUNTANT (name, email, password) VALUES ('Katrina Barnes', 'davidperez@yahoo.com', 'DyMFeZWZJCfCKydFx');
INSERT INTO PATIENT (name, phone_number, date_of_birth, email, medical_history, room_number, password) VALUES ('Katrina Barnes', '83407873639', '1993-01-23', 'davidperez@yahoo.com', 'While by trip step either.', '232', 'DyMFeZWZJCfCKydFx');
INSERT INTO ACCOUNTANT (name, email, password) VALUES ('Roger Anderson', 'clarkrobert@hotmail.com', 'QFFRwCnisbbJzPu');
INSERT INTO PATIENT (name, phone_number, date_of_birth, email, medical_history, room_number, password) VALUES ('Roger Anderson', '80594010459', '1937-04-24', 'clarkrobert@hotmail.com', 'Win medical language east party film together.', '773', 'QFFRwCnisbbJzPu');
INSERT INTO ACCOUNTANT (name, email, password) VALUES ('Linda Stewart', 'kellyrivera@yahoo.com', 'ZFpHgDLyICnp');
INSERT INTO PATIENT (name, phone_number, date_of_birth, email, medical_history, room_number, password) VALUES ('Linda Stewart', '8 (227) 554-58-02', '1935-10-18', 'kellyrivera@yahoo.com', 'Almost computer paper real thought glass car.', '392', 'ZFpHgDLyICnp');
INSERT INTO ACCOUNTANT (name, email, password) VALUES ('Andrew Scott', 'orozcodawn@hotmail.com', 'aXZrxXMoz');
INSERT INTO PATIENT (name, phone_number, date_of_birth, email, medical_history, room_number, password) VALUES ('Andrew Scott', '+7 (828) 845-33-08', '1999-07-22', 'orozcodawn@hotmail.com', 'Point reach catch affect his Mr.', '407', 'aXZrxXMoz');
INSERT INTO ACCOUNTANT (name, email, password) VALUES ('Patrick Owens', 'sarah70@gmail.com', 'XcnEFnKyUT');
INSERT INTO PATIENT (name, phone_number, date_of_birth, email, medical_history, room_number, password) VALUES ('Patrick Owens', '+71525714119', '1984-08-26', 'sarah70@gmail.com', 'End agreement cup table.', '165', 'XcnEFnKyUT');
INSERT INTO ACCOUNTANT (name, email, password) VALUES ('Gerald Harrison', 'gregoryespinoza@yahoo.com', 'VViquaFXgEkyvLNMqsz');
INSERT INTO PATIENT (name, phone_number, date_of_birth, email, medical_history, room_number, password) VALUES ('Gerald Harrison', '+7 641 611 96 52', '1975-11-04', 'gregoryespinoza@yahoo.com', 'Side catch TV themselves well special read.', '468', 'VViquaFXgEkyvLNMqsz');
INSERT INTO ACCOUNTANT (name, email, password) VALUES ('Marilyn Townsend', 'smithryan@hotmail.com', 'aGWMtiSm');
INSERT INTO PATIENT (name, phone_number, date_of_birth, email, medical_history, room_number, password) VALUES ('Marilyn Townsend', '8 (033) 267-8139', '1957-07-22', 'smithryan@hotmail.com', 'Reason wish few seek anyone.', '475', 'aGWMtiSm');
INSERT INTO ACCOUNTANT (name, email, password) VALUES ('Matthew Conrad', 'qflores@gmail.com', 'EwFEhJoPLRYOukIdzTKx');
INSERT INTO PATIENT (name, phone_number, date_of_birth, email, medical_history, room_number, password) VALUES ('Matthew Conrad', '+7 (086) 169-0885', '2019-11-23', 'qflores@gmail.com', 'By significant by these respond cause.', '138', 'EwFEhJoPLRYOukIdzTKx');
INSERT INTO ACCOUNTANT (name, email, password) VALUES ('James White', 'shanehall@hotmail.com', 'kQvGXuLkSKHtrZOm');
INSERT INTO PATIENT (name, phone_number, date_of_birth, email, medical_history, room_number, password) VALUES ('James White', '8 709 869 29 75', '1971-11-01', 'shanehall@hotmail.com', 'Laugh event seat American lot line.', '16', 'kQvGXuLkSKHtrZOm');
INSERT INTO ACCOUNTANT (name, email, password) VALUES ('Shawn Ramirez', 'jennifer65@hotmail.com', 'knnuuTDsydwmIfxHBby');
INSERT INTO PATIENT (name, phone_number, date_of_birth, email, medical_history, room_number, password) VALUES ('Shawn Ramirez', '8 478 391 21 87', '1917-11-03', 'jennifer65@hotmail.com', 'Impact first main base.', '74', 'knnuuTDsydwmIfxHBby');
INSERT INTO ACCOUNTANT (name, email, password) VALUES ('William Gonzalez', 'ktownsend@gmail.com', 'cHSzuqVrubwghIuhO');
INSERT INTO PATIENT (name, phone_number, date_of_birth, email, medical_history, room_number, password) VALUES ('William Gonzalez', '+7 579 786 5252', '1945-09-21', 'ktownsend@gmail.com', 'Player serious once necessary old.', '157', 'cHSzuqVrubwghIuhO');
INSERT INTO ACCOUNTANT (name, email, password) VALUES ('Kevin Williams', 'thomaschristopher@hotmail.com', 'LXeTnfHbksgzT');
INSERT INTO PATIENT (name, phone_number, date_of_birth, email, medical_history, room_number, password) VALUES ('Kevin Williams', '8 622 153 68 87', '1944-08-29', 'thomaschristopher@hotmail.com', 'Sign direction adult best.', '133', 'LXeTnfHbksgzT');
INSERT INTO ACCOUNTANT (name, email, password) VALUES ('Dominique Bennett', 'samanthalong@yahoo.com', 'BRbaKHKsJTclwD');
INSERT INTO PATIENT (name, phone_number, date_of_birth, email, medical_history, room_number, password) VALUES ('Dominique Bennett', '8 331 170 9463', '1937-02-10', 'samanthalong@yahoo.com', 'Western end prevent wall.', '327', 'BRbaKHKsJTclwD');
INSERT INTO ACCOUNTANT (name, email, password) VALUES ('Brittney Benson', 'jeffrey64@gmail.com', 'dCrbUChe');
INSERT INTO PATIENT (name, phone_number, date_of_birth, email, medical_history, room_number, password) VALUES ('Brittney Benson', '+7 (246) 481-39-70', '1913-10-27', 'jeffrey64@gmail.com', 'Heart thing add today Mrs into.', '508', 'dCrbUChe');
INSERT INTO ACCOUNTANT (name, email, password) VALUES ('Erin Waller', 'deleonkelsey@gmail.com', 'xFpshdAbNzhtIMwFF');
INSERT INTO PATIENT (name, phone_number, date_of_birth, email, medical_history, room_number, password) VALUES ('Erin Waller', '8 537 646 73 31', '1911-03-17', 'deleonkelsey@gmail.com', 'Himself charge into radio size summer.', '92', 'xFpshdAbNzhtIMwFF');
INSERT INTO ACCOUNTANT (name, email, password) VALUES ('Nina Cunningham', 'kimberlymedina@yahoo.com', 'UAjuEhJXVNeY');
INSERT INTO PATIENT (name, phone_number, date_of_birth, email, medical_history, room_number, password) VALUES ('Nina Cunningham', '+7 (187) 215-6438', '2007-02-21', 'kimberlymedina@yahoo.com', 'Leave set age. Teacher drive bit goal ask my.', '105', 'UAjuEhJXVNeY');
INSERT INTO ACCOUNTANT (name, email, password) VALUES ('Christopher Andrews', 'duane34@yahoo.com', 'XKNAkbYyKts');
INSERT INTO PATIENT (name, phone_number, date_of_birth, email, medical_history, room_number, password) VALUES ('Christopher Andrews', '8 (112) 472-80-37', '2008-07-05', 'duane34@yahoo.com', 'Clear grow positive walk camera more.', '70', 'XKNAkbYyKts');
INSERT INTO ACCOUNTANT (name, email, password) VALUES ('Richard Allen', 'carterjoseph@gmail.com', 'TdglTRLFgcQPbib');
INSERT INTO PATIENT (name, phone_number, date_of_birth, email, medical_history, room_number, password) VALUES ('Richard Allen', '8 325 200 62 57', '1944-05-15', 'carterjoseph@gmail.com', 'Arm often first personal set oil per.', '557', 'TdglTRLFgcQPbib');
INSERT INTO ACCOUNTANT (name, email, password) VALUES ('Nicholas Dickson', 'morgangregory@hotmail.com', 'qFfUVjtT');
INSERT INTO PATIENT (name, phone_number, date_of_birth, email, medical_history, room_number, password) VALUES ('Nicholas Dickson', '87578385999', '1933-06-14', 'morgangregory@hotmail.com', 'Drug both present cause nature into however.', '385', 'qFfUVjtT');
INSERT INTO ACCOUNTANT (name, email, password) VALUES ('Jason Lambert', 'angelawerner@hotmail.com', 'LnCIjwPawdeUhDa');
INSERT INTO PATIENT (name, phone_number, date_of_birth, email, medical_history, room_number, password) VALUES ('Jason Lambert', '+7 963 082 15 05', '1951-04-23', 'angelawerner@hotmail.com', 'Subject wrong difficult science office if.', '381', 'LnCIjwPawdeUhDa');
INSERT INTO ACCOUNTANT (name, email, password) VALUES ('Mackenzie Myers', 'scottevan@hotmail.com', 'UEVplqjMrLGRbYE');
INSERT INTO PATIENT (name, phone_number, date_of_birth, email, medical_history, room_number, password) VALUES ('Mackenzie Myers', '83535153384', '1932-07-02', 'scottevan@hotmail.com', 'Last thus tonight.', '238', 'UEVplqjMrLGRbYE');
INSERT INTO ACCOUNTANT (name, email, password) VALUES ('Maria Smith DDS', 'craig78@gmail.com', 'rkColSenOtWSPJCTQu');
INSERT INTO PATIENT (name, phone_number, date_of_birth, email, medical_history, room_number, password) VALUES ('Maria Smith DDS', '8 (327) 439-19-18', '1945-06-27', 'craig78@gmail.com', 'Bank oil each member.', '104', 'rkColSenOtWSPJCTQu');
INSERT INTO ACCOUNTANT (name, email, password) VALUES ('Randy White', 'tchurch@yahoo.com', 'jvBzcyEQlL');
INSERT INTO PATIENT (name, phone_number, date_of_birth, email, medical_history, room_number, password) VALUES ('Randy White', '8 (034) 572-97-24', '1919-11-15', 'tchurch@yahoo.com', 'Research test bring next huge seek.', '837', 'jvBzcyEQlL');
INSERT INTO ACCOUNTANT (name, email, password) VALUES ('Connie Williams', 'reedlisa@gmail.com', 'nrCsGBVYfdPdmsR');
INSERT INTO PATIENT (name, phone_number, date_of_birth, email, medical_history, room_number, password) VALUES ('Connie Williams', '8 091 075 7257', '1949-07-11', 'reedlisa@gmail.com', 'Mind institution out true relationship.', '53', 'nrCsGBVYfdPdmsR');
INSERT INTO ACCOUNTANT (name, email, password) VALUES ('Jeffrey Salazar', 'jgreen@hotmail.com', 'CchuoZyCkIoLVJ');
INSERT INTO PATIENT (name, phone_number, date_of_birth, email, medical_history, room_number, password) VALUES ('Jeffrey Salazar', '+7 860 731 4839', '1950-09-04', 'jgreen@hotmail.com', 'Artist involve education remember partner.', '488', 'CchuoZyCkIoLVJ');
INSERT INTO ACCOUNTANT (name, email, password) VALUES ('Casey Collier MD', 'susanowens@hotmail.com', 'SSXbFYmYyPsldlWxpQ');
INSERT INTO PATIENT (name, phone_number, date_of_birth, email, medical_history, room_number, password) VALUES ('Casey Collier MD', '+7 (186) 168-0045', '1968-10-19', 'susanowens@hotmail.com', 'Address assume so beat glass throw rule.', '579', 'SSXbFYmYyPsldlWxpQ');
INSERT INTO ACCOUNTANT (name, email, password) VALUES ('Renee Valencia', 'natasha24@hotmail.com', 'hUOoXgkDeSnR');
INSERT INTO PATIENT (name, phone_number, date_of_birth, email, medical_history, room_number, password) VALUES ('Renee Valencia', '8 397 380 6240', '1987-07-12', 'natasha24@hotmail.com', 'Investment night executive scientist speak.', '790', 'hUOoXgkDeSnR');
INSERT INTO ACCOUNTANT (name, email, password) VALUES ('Timothy Jacobson', 'luke00@yahoo.com', 'sNWIvMUpY');
INSERT INTO PATIENT (name, phone_number, date_of_birth, email, medical_history, room_number, password) VALUES ('Timothy Jacobson', '+79913461737', '1950-10-31', 'luke00@yahoo.com', 'Part give when occur since south court.', '197', 'sNWIvMUpY');
INSERT INTO ACCOUNTANT (name, email, password) VALUES ('Christina Shannon', 'nicholasbarker@hotmail.com', 'SyzrfLhQIpJUkBIx');
INSERT INTO PATIENT (name, phone_number, date_of_birth, email, medical_history, room_number, password) VALUES ('Christina Shannon', '8 (785) 308-55-26', '1942-05-05', 'nicholasbarker@hotmail.com', 'Assume remain over indeed voice.', '634', 'SyzrfLhQIpJUkBIx');
INSERT INTO ACCOUNTANT (name, email, password) VALUES ('Marcus Casey', 'umartin@gmail.com', 'gsaQCYKUouHEGw');
INSERT INTO PATIENT (name, phone_number, date_of_birth, email, medical_history, room_number, password) VALUES ('Marcus Casey', '82117049240', '1917-05-12', 'umartin@gmail.com', 'Yes do rest form college attorney.', '849', 'gsaQCYKUouHEGw');
INSERT INTO ACCOUNTANT (name, email, password) VALUES ('Ashley Morgan', 'lhopkins@gmail.com', 'nNvMOeUZtXqOFJnJRwc');
INSERT INTO PATIENT (name, phone_number, date_of_birth, email, medical_history, room_number, password) VALUES ('Ashley Morgan', '+74711836422', '2018-08-17', 'lhopkins@gmail.com', 'Doctor drop but memory clear study.', '691', 'nNvMOeUZtXqOFJnJRwc');
INSERT INTO ACCOUNTANT (name, email, password) VALUES ('Tony Guzman', 'lisa96@yahoo.com', 'SsDWfmyQPrpwvg');
INSERT INTO PATIENT (name, phone_number, date_of_birth, email, medical_history, room_number, password) VALUES ('Tony Guzman', '+7 474 401 8682', '1947-08-06', 'lisa96@yahoo.com', 'I body occur practice rich raise.', '112', 'SsDWfmyQPrpwvg');
INSERT INTO ACCOUNTANT (name, email, password) VALUES ('Dylan Hall', 'james01@hotmail.com', 'wNqxiewtOdN');
INSERT INTO PATIENT (name, phone_number, date_of_birth, email, medical_history, room_number, password) VALUES ('Dylan Hall', '+7 103 675 1918', '1997-11-12', 'james01@hotmail.com', 'Cost point reduce step suddenly store lead.', '261', 'wNqxiewtOdN');
INSERT INTO ACCOUNTANT (name, email, password) VALUES ('Erica Gallegos', 'colegary@gmail.com', 'WIMzKMbA');
INSERT INTO PATIENT (name, phone_number, date_of_birth, email, medical_history, room_number, password) VALUES ('Erica Gallegos', '+7 (978) 040-2734', '1954-11-25', 'colegary@gmail.com', 'Last class require go own add.', '503', 'WIMzKMbA');
INSERT INTO ACCOUNTANT (name, email, password) VALUES ('Nicole Schneider', 'jmoore@hotmail.com', 'qeNxtPElcJQRg');
INSERT INTO PATIENT (name, phone_number, date_of_birth, email, medical_history, room_number, password) VALUES ('Nicole Schneider', '+7 (058) 910-95-52', '2008-01-01', 'jmoore@hotmail.com', 'Account audience wind career analysis.', '71', 'qeNxtPElcJQRg');
INSERT INTO ACCOUNTANT (name, email, password) VALUES ('Holly Williams', 'rmurphy@gmail.com', 'tjSTuvBguTnVWonYXVaR');
INSERT INTO PATIENT (name, phone_number, date_of_birth, email, medical_history, room_number, password) VALUES ('Holly Williams', '8 (959) 331-2009', '1941-04-01', 'rmurphy@gmail.com', 'Thousand daughter ground billion.', '43', 'tjSTuvBguTnVWonYXVaR');
INSERT INTO ACCOUNTANT (name, email, password) VALUES ('John Ramirez', 'lindamartin@yahoo.com', 'BUKVHDsIbZjwLtik');
INSERT INTO PATIENT (name, phone_number, date_of_birth, email, medical_history, room_number, password) VALUES ('John Ramirez', '+7 (872) 199-7411', '1975-01-05', 'lindamartin@yahoo.com', 'Important test skin must painting economy.', '3', 'BUKVHDsIbZjwLtik');
INSERT INTO ACCOUNTANT (name, email, password) VALUES ('Chad Harrell', 'jessica65@hotmail.com', 'qOiQPanC');
INSERT INTO PATIENT (name, phone_number, date_of_birth, email, medical_history, room_number, password) VALUES ('Chad Harrell', '8 266 832 4082', '1913-12-23', 'jessica65@hotmail.com', 'Pull ready get already leader.', '166', 'qOiQPanC');
INSERT INTO ACCOUNTANT (name, email, password) VALUES ('Mitchell Lamb', 'sroberson@yahoo.com', 'ffHXBJnBboMRBXeqdxJ');
INSERT INTO PATIENT (name, phone_number, date_of_birth, email, medical_history, room_number, password) VALUES ('Mitchell Lamb', '8 (664) 700-92-84', '1973-06-28', 'sroberson@yahoo.com', 'Choice answer yard significant site amount.', '206', 'ffHXBJnBboMRBXeqdxJ');
INSERT INTO ACCOUNTANT (name, email, password) VALUES ('Steven Bradley', 'davislisa@gmail.com', 'xacHumdAUzZoBYcFD');
INSERT INTO PATIENT (name, phone_number, date_of_birth, email, medical_history, room_number, password) VALUES ('Steven Bradley', '8 909 920 19 89', '2016-05-15', 'davislisa@gmail.com', 'Operation attorney lay I budget some home.', '91', 'xacHumdAUzZoBYcFD');
INSERT INTO ACCOUNTANT (name, email, password) VALUES ('Betty Hunter', 'mvillanueva@yahoo.com', 'vpmDBoKV');
INSERT INTO PATIENT (name, phone_number, date_of_birth, email, medical_history, room_number, password) VALUES ('Betty Hunter', '85776132853', '1926-10-12', 'mvillanueva@yahoo.com', 'Heart official wear program shake.', '873', 'vpmDBoKV');
INSERT INTO ACCOUNTANT (name, email, password) VALUES ('Joshua Harris', 'erandolph@gmail.com', 'jxKjnzWkAGuEBMMWs');
INSERT INTO PATIENT (name, phone_number, date_of_birth, email, medical_history, room_number, password) VALUES ('Joshua Harris', '+7 510 938 0521', '2018-01-13', 'erandolph@gmail.com', 'Owner against education study anyone.', '375', 'jxKjnzWkAGuEBMMWs');
INSERT INTO ACCOUNTANT (name, email, password) VALUES ('Nicholas Hart', 'patriciagonzalez@gmail.com', 'UvSyGWVAqV');
INSERT INTO PATIENT (name, phone_number, date_of_birth, email, medical_history, room_number, password) VALUES ('Nicholas Hart', '+7 765 362 66 99', '1917-12-02', 'patriciagonzalez@gmail.com', 'They organization kid check value available drug.', '635', 'UvSyGWVAqV');
INSERT INTO ACCOUNTANT (name, email, password) VALUES ('Ms. Heather Wagner', 'robert59@hotmail.com', 'klndWaJeehAxIYHptP');
INSERT INTO PATIENT (name, phone_number, date_of_birth, email, medical_history, room_number, password) VALUES ('Ms. Heather Wagner', '+72857973316', '1906-08-28', 'robert59@hotmail.com', 'Sea course cold machine tough.', '940', 'klndWaJeehAxIYHptP');
INSERT INTO ACCOUNTANT (name, email, password) VALUES ('Lynn James', 'ericschmidt@gmail.com', 'ISnhpnNF');
INSERT INTO PATIENT (name, phone_number, date_of_birth, email, medical_history, room_number, password) VALUES ('Lynn James', '8 698 730 77 92', '1920-12-02', 'ericschmidt@gmail.com', 'Foreign situation skin environment.', '754', 'ISnhpnNF');
INSERT INTO ACCOUNTANT (name, email, password) VALUES ('David Neal', 'mullinsbrandon@gmail.com', 'QiaHnxMMFuxuJPfE');
INSERT INTO PATIENT (name, phone_number, date_of_birth, email, medical_history, room_number, password) VALUES ('David Neal', '8 250 282 5802', '1948-03-15', 'mullinsbrandon@gmail.com', 'Trip sing machine town me standard hospital.', '435', 'QiaHnxMMFuxuJPfE');
INSERT INTO ACCOUNTANT (name, email, password) VALUES ('Ryan Walker', 'dbarnes@yahoo.com', 'NdrQPAyCRujIdClo');
INSERT INTO PATIENT (name, phone_number, date_of_birth, email, medical_history, room_number, password) VALUES ('Ryan Walker', '+70398143009', '1926-03-21', 'dbarnes@yahoo.com', 'Little record door much within.', '844', 'NdrQPAyCRujIdClo');
INSERT INTO ACCOUNTANT (name, email, password) VALUES ('Max Jones', 'juan59@gmail.com', 'IAxoXXtfpZCUp');
INSERT INTO PATIENT (name, phone_number, date_of_birth, email, medical_history, room_number, password) VALUES ('Max Jones', '8 (015) 694-5221', '1942-12-22', 'juan59@gmail.com', 'Thank Republican pretty.', '133', 'IAxoXXtfpZCUp');
INSERT INTO ACCOUNTANT (name, email, password) VALUES ('Jamie Chavez', 'gwilliams@gmail.com', 'VEiAvNvzVDbcsC');
INSERT INTO PATIENT (name, phone_number, date_of_birth, email, medical_history, room_number, password) VALUES ('Jamie Chavez', '8 (618) 635-62-68', '1919-07-05', 'gwilliams@gmail.com', 'Fine environment second head affect seat.', '646', 'VEiAvNvzVDbcsC');
INSERT INTO ACCOUNTANT (name, email, password) VALUES ('Tristan French', 'alibrandon@gmail.com', 'DTYkcVtvBHqQUAk');
INSERT INTO PATIENT (name, phone_number, date_of_birth, email, medical_history, room_number, password) VALUES ('Tristan French', '+78421588602', '1982-11-19', 'alibrandon@gmail.com', 'Money expect mention perhaps fight coach.', '899', 'DTYkcVtvBHqQUAk');
INSERT INTO ACCOUNTANT (name, email, password) VALUES ('Steven Lee', 'kruegerkevin@gmail.com', 'qluXErBGfZALJUn');
INSERT INTO PATIENT (name, phone_number, date_of_birth, email, medical_history, room_number, password) VALUES ('Steven Lee', '8 (381) 848-13-75', '1971-04-17', 'kruegerkevin@gmail.com', 'Tax difference left edge sure.', '61', 'qluXErBGfZALJUn');
INSERT INTO ACCOUNTANT (name, email, password) VALUES ('Lindsay Stewart', 'perezstephen@hotmail.com', 'EYzifJMY');
INSERT INTO PATIENT (name, phone_number, date_of_birth, email, medical_history, room_number, password) VALUES ('Lindsay Stewart', '85765650434', '1953-06-25', 'perezstephen@hotmail.com', 'Method less artist society buy gas involve.', '290', 'EYzifJMY');
INSERT INTO ACCOUNTANT (name, email, password) VALUES ('Lauren Smith', 'kathryndavis@yahoo.com', 'pkNXAFsjmPOVLcrUO');
INSERT INTO PATIENT (name, phone_number, date_of_birth, email, medical_history, room_number, password) VALUES ('Lauren Smith', '8 (743) 960-34-56', '1924-03-08', 'kathryndavis@yahoo.com', 'Themselves decide water popular fire number.', '869', 'pkNXAFsjmPOVLcrUO');
INSERT INTO ACCOUNTANT (name, email, password) VALUES ('Claudia Williams', 'scottjeanette@gmail.com', 'usNNEgqs');
INSERT INTO PATIENT (name, phone_number, date_of_birth, email, medical_history, room_number, password) VALUES ('Claudia Williams', '8 (883) 112-9184', '1968-02-02', 'scottjeanette@gmail.com', 'So side southern might allow player serve.', '76', 'usNNEgqs');
INSERT INTO ACCOUNTANT (name, email, password) VALUES ('Paul Dillon', 'jeremiahnguyen@gmail.com', 'bggmDTRJ');
INSERT INTO PATIENT (name, phone_number, date_of_birth, email, medical_history, room_number, password) VALUES ('Paul Dillon', '+73583929381', '1978-05-14', 'jeremiahnguyen@gmail.com', 'Miss fire stay structure quite expert.', '754', 'bggmDTRJ');
INSERT INTO ACCOUNTANT (name, email, password) VALUES ('William Clarke', 'parkerjulie@hotmail.com', 'rtSmrDxXbWAQs');
INSERT INTO PATIENT (name, phone_number, date_of_birth, email, medical_history, room_number, password) VALUES ('William Clarke', '+7 (187) 476-77-34', '1998-11-09', 'parkerjulie@hotmail.com', 'Oil base all poor only my who.', '468', 'rtSmrDxXbWAQs');
INSERT INTO ACCOUNTANT (name, email, password) VALUES ('Ronald Thomas', 'jeffrey54@gmail.com', 'bChcgpjiuKq');
INSERT INTO PATIENT (name, phone_number, date_of_birth, email, medical_history, room_number, password) VALUES ('Ronald Thomas', '+7 (865) 709-8481', '1923-11-17', 'jeffrey54@gmail.com', 'Middle attack show work case box necessary.', '601', 'bChcgpjiuKq');
INSERT INTO ACCOUNTANT (name, email, password) VALUES ('Brenda Ali', 'victorialopez@hotmail.com', 'tEMwHjgqstqdkpYyr');
INSERT INTO PATIENT (name, phone_number, date_of_birth, email, medical_history, room_number, password) VALUES ('Brenda Ali', '+7 785 904 9884', '1956-11-11', 'victorialopez@hotmail.com', 'Event together always raise close.', '18', 'tEMwHjgqstqdkpYyr');
INSERT INTO ACCOUNTANT (name, email, password) VALUES ('Aaron Smith', 'allisongray@gmail.com', 'fzPcixqTYnULybK');
INSERT INTO PATIENT (name, phone_number, date_of_birth, email, medical_history, room_number, password) VALUES ('Aaron Smith', '+78205744830', '1943-07-10', 'allisongray@gmail.com', 'State end next need sell.', '408', 'fzPcixqTYnULybK');
INSERT INTO ACCOUNTANT (name, email, password) VALUES ('Sarah Mason', 'annabrewer@hotmail.com', 'HgCHFILrkzbXGzF');
INSERT INTO PATIENT (name, phone_number, date_of_birth, email, medical_history, room_number, password) VALUES ('Sarah Mason', '8 759 199 18 99', '1952-08-28', 'annabrewer@hotmail.com', 'Store see perform but while area nature be.', '310', 'HgCHFILrkzbXGzF');
INSERT INTO ACCOUNTANT (name, email, password) VALUES ('Kevin Garcia', 'kathleentownsend@hotmail.com', 'vkVCMVTWbbjz');
INSERT INTO PATIENT (name, phone_number, date_of_birth, email, medical_history, room_number, password) VALUES ('Kevin Garcia', '8 (511) 514-1334', '1981-07-02', 'kathleentownsend@hotmail.com', 'Design level throw cause claim two agree choose.', '753', 'vkVCMVTWbbjz');
INSERT INTO ACCOUNTANT (name, email, password) VALUES ('David Harris', 'jordanberry@yahoo.com', 'aQdOfOqfbK');
INSERT INTO PATIENT (name, phone_number, date_of_birth, email, medical_history, room_number, password) VALUES ('David Harris', '8 532 235 4897', '1930-08-03', 'jordanberry@yahoo.com', 'Everyone I perhaps her factor during gun.', '676', 'aQdOfOqfbK');
INSERT INTO ACCOUNTANT (name, email, password) VALUES ('Jared Harris Jr.', 'qhall@hotmail.com', 'fCXzEmpqOromXq');
INSERT INTO PATIENT (name, phone_number, date_of_birth, email, medical_history, room_number, password) VALUES ('Jared Harris Jr.', '8 285 323 76 52', '1978-06-21', 'qhall@hotmail.com', 'Per site quality change.', '678', 'fCXzEmpqOromXq');
INSERT INTO ACCOUNTANT (name, email, password) VALUES ('Krista Mason', 'breannafitzgerald@gmail.com', 'tRoPAYqLLrjXDMNAmzQ');
INSERT INTO PATIENT (name, phone_number, date_of_birth, email, medical_history, room_number, password) VALUES ('Krista Mason', '+7 (510) 203-31-56', '1974-06-09', 'breannafitzgerald@gmail.com', 'Do compare rather film still certainly.', '125', 'tRoPAYqLLrjXDMNAmzQ');
INSERT INTO ACCOUNTANT (name, email, password) VALUES ('William Ward', 'anthony12@hotmail.com', 'CGtWidAOJZNmaNKPeKSI');
INSERT INTO PATIENT (name, phone_number, date_of_birth, email, medical_history, room_number, password) VALUES ('William Ward', '+7 753 530 15 11', '1964-09-03', 'anthony12@hotmail.com', 'Owner start because wife involve light over.', '859', 'CGtWidAOJZNmaNKPeKSI');
INSERT INTO ACCOUNTANT (name, email, password) VALUES ('Katherine Daniel', 'bradleytucker@hotmail.com', 'xRSoNfqewwMpvFUaPOG');
INSERT INTO PATIENT (name, phone_number, date_of_birth, email, medical_history, room_number, password) VALUES ('Katherine Daniel', '8 822 143 54 38', '1911-06-15', 'bradleytucker@hotmail.com', 'Choose leader level fall because.', '597', 'xRSoNfqewwMpvFUaPOG');
INSERT INTO ACCOUNTANT (name, email, password) VALUES ('Tyler Pratt', 'jamesmiller@gmail.com', 'LtBwxMqzNz');
INSERT INTO PATIENT (name, phone_number, date_of_birth, email, medical_history, room_number, password) VALUES ('Tyler Pratt', '+7 (706) 490-0742', '1996-08-20', 'jamesmiller@gmail.com', 'Evidence notice goal base feeling create.', '107', 'LtBwxMqzNz');
INSERT INTO ACCOUNTANT (name, email, password) VALUES ('Jonathan Evans', 'johnsonmatthew@hotmail.com', 'KvJgiWXW');
INSERT INTO PATIENT (name, phone_number, date_of_birth, email, medical_history, room_number, password) VALUES ('Jonathan Evans', '8 (046) 090-56-19', '2007-08-22', 'johnsonmatthew@hotmail.com', 'From meeting thus threat trial admit.', '643', 'KvJgiWXW');
INSERT INTO ACCOUNTANT (name, email, password) VALUES ('Jason Weaver', 'danarogers@hotmail.com', 'vvCjPcYeuqgtvz');
INSERT INTO PATIENT (name, phone_number, date_of_birth, email, medical_history, room_number, password) VALUES ('Jason Weaver', '83766882603', '1965-01-12', 'danarogers@hotmail.com', 'Fire information serious.', '170', 'vvCjPcYeuqgtvz');
INSERT INTO ACCOUNTANT (name, email, password) VALUES ('Gerald Bates', 'tricia47@gmail.com', 'CfWIhJOVNHKwnmo');
INSERT INTO PATIENT (name, phone_number, date_of_birth, email, medical_history, room_number, password) VALUES ('Gerald Bates', '+71387367833', '1990-03-05', 'tricia47@gmail.com', 'Keep car later soon question.', '33', 'CfWIhJOVNHKwnmo');
INSERT INTO ACCOUNTANT (name, email, password) VALUES ('Jessica Cunningham', 'rachelbuchanan@yahoo.com', 'GHhjfMlmdeqax');
INSERT INTO PATIENT (name, phone_number, date_of_birth, email, medical_history, room_number, password) VALUES ('Jessica Cunningham', '8 (606) 852-7086', '1922-07-02', 'rachelbuchanan@yahoo.com', 'Happy sure sense pretty.', '192', 'GHhjfMlmdeqax');
INSERT INTO ACCOUNTANT (name, email, password) VALUES ('Lynn Hernandez', 'charlesmiller@gmail.com', 'TrTwvHINM');
INSERT INTO PATIENT (name, phone_number, date_of_birth, email, medical_history, room_number, password) VALUES ('Lynn Hernandez', '+7 828 526 36 02', '1966-02-06', 'charlesmiller@gmail.com', 'Current detail least view clearly attack.', '947', 'TrTwvHINM');
INSERT INTO ACCOUNTANT (name, email, password) VALUES ('Thomas Craig', 'elliottsarah@hotmail.com', 'jlRKQCuAUzMhiATZXsF');
INSERT INTO PATIENT (name, phone_number, date_of_birth, email, medical_history, room_number, password) VALUES ('Thomas Craig', '8 (737) 163-31-50', '1940-11-12', 'elliottsarah@hotmail.com', 'Pm professional movement act manage.', '422', 'jlRKQCuAUzMhiATZXsF');
INSERT INTO ACCOUNTANT (name, email, password) VALUES ('Emily Quinn', 'sara38@hotmail.com', 'dxvzTyUCZCsebktHBVWm');
INSERT INTO PATIENT (name, phone_number, date_of_birth, email, medical_history, room_number, password) VALUES ('Emily Quinn', '+7 (376) 562-3633', '2005-12-20', 'sara38@hotmail.com', 'Decade billion power food tell able owner.', '799', 'dxvzTyUCZCsebktHBVWm');
INSERT INTO ACCOUNTANT (name, email, password) VALUES ('Heather Arnold', 'hessjennifer@hotmail.com', 'GKYpURjCLwjk');
INSERT INTO PATIENT (name, phone_number, date_of_birth, email, medical_history, room_number, password) VALUES ('Heather Arnold', '+7 534 524 4376', '2019-04-01', 'hessjennifer@hotmail.com', 'Discussion draw area enjoy.', '902', 'GKYpURjCLwjk');
INSERT INTO ACCOUNTANT (name, email, password) VALUES ('Dean Larsen', 'schmittvincent@yahoo.com', 'oHIMgbjrL');
INSERT INTO PATIENT (name, phone_number, date_of_birth, email, medical_history, room_number, password) VALUES ('Dean Larsen', '8 (969) 591-2590', '1916-08-08', 'schmittvincent@yahoo.com', 'Head environment of poor.', '733', 'oHIMgbjrL');
INSERT INTO ACCOUNTANT (name, email, password) VALUES ('Molly James', 'martinvictoria@gmail.com', 'aVdOZwvHMHXlnSLUi');
INSERT INTO PATIENT (name, phone_number, date_of_birth, email, medical_history, room_number, password) VALUES ('Molly James', '8 191 945 60 07', '1993-07-14', 'martinvictoria@gmail.com', 'Debate threat individual information office law.', '340', 'aVdOZwvHMHXlnSLUi');
INSERT INTO ACCOUNTANT (name, email, password) VALUES ('Lorraine Nguyen', 'christyball@hotmail.com', 'LClBJStDdGlgsDG');
INSERT INTO PATIENT (name, phone_number, date_of_birth, email, medical_history, room_number, password) VALUES ('Lorraine Nguyen', '88181199231', '1959-03-25', 'christyball@hotmail.com', 'Hundred raise strategy second.', '843', 'LClBJStDdGlgsDG');
INSERT INTO ACCOUNTANT (name, email, password) VALUES ('Nicolas White', 'scott82@hotmail.com', 'kzdlaGOHScNB');
INSERT INTO PATIENT (name, phone_number, date_of_birth, email, medical_history, room_number, password) VALUES ('Nicolas White', '8 (826) 722-26-90', '1906-08-16', 'scott82@hotmail.com', 'Particularly deep part.', '181', 'kzdlaGOHScNB');
INSERT INTO ACCOUNTANT (name, email, password) VALUES ('Nancy Harvey', 'jessicaferguson@hotmail.com', 'TVuCNGgZsUBDRyD');
INSERT INTO PATIENT (name, phone_number, date_of_birth, email, medical_history, room_number, password) VALUES ('Nancy Harvey', '+7 (920) 100-13-18', '1970-09-11', 'jessicaferguson@hotmail.com', 'Job create remain store him yard rule.', '719', 'TVuCNGgZsUBDRyD');
INSERT INTO ACCOUNTANT (name, email, password) VALUES ('Sean Smith', 'lynnhill@yahoo.com', 'QjSjSMrrsqppf');
INSERT INTO PATIENT (name, phone_number, date_of_birth, email, medical_history, room_number, password) VALUES ('Sean Smith', '+7 (816) 603-1734', '1932-07-12', 'lynnhill@yahoo.com', 'Security themselves animal tell large.', '366', 'QjSjSMrrsqppf');
INSERT INTO ACCOUNTANT (name, email, password) VALUES ('Carrie Kirk', 'murphyjill@hotmail.com', 'xNcPnhfBLOJJnwOfyM');
INSERT INTO PATIENT (name, phone_number, date_of_birth, email, medical_history, room_number, password) VALUES ('Carrie Kirk', '8 (379) 971-69-85', '1992-09-12', 'murphyjill@hotmail.com', 'Past beyond control table how.', '634', 'xNcPnhfBLOJJnwOfyM');
INSERT INTO ACCOUNTANT (name, email, password) VALUES ('Sarah Campbell', 'paul80@hotmail.com', 'RsMlwQFutTOBZSsFLbEO');
INSERT INTO PATIENT (name, phone_number, date_of_birth, email, medical_history, room_number, password) VALUES ('Sarah Campbell', '+7 (862) 933-04-68', '2016-01-26', 'paul80@hotmail.com', 'Real six bag history old fund.', '799', 'RsMlwQFutTOBZSsFLbEO');
INSERT INTO ACCOUNTANT (name, email, password) VALUES ('Mr. Chad Ramsey MD', 'feliciadavidson@gmail.com', 'LnCuUJSIAOv');
INSERT INTO PATIENT (name, phone_number, date_of_birth, email, medical_history, room_number, password) VALUES ('Mr. Chad Ramsey MD', '+7 555 810 08 99', '1978-01-27', 'feliciadavidson@gmail.com', 'Adult art glass start because point.', '512', 'LnCuUJSIAOv');
INSERT INTO ACCOUNTANT (name, email, password) VALUES ('Mrs. Michele Coleman DDS', 'allenpatricia@gmail.com', 'KctlCJivvzALokiMbjB');
INSERT INTO PATIENT (name, phone_number, date_of_birth, email, medical_history, room_number, password) VALUES ('Mrs. Michele Coleman DDS', '+7 344 029 36 85', '1986-04-22', 'allenpatricia@gmail.com', 'Last community life choice.', '228', 'KctlCJivvzALokiMbjB');
INSERT INTO ACCOUNTANT (name, email, password) VALUES ('Diana Stark', 'ybooker@gmail.com', 'ewVIgKApSMDyMLGi');
INSERT INTO PATIENT (name, phone_number, date_of_birth, email, medical_history, room_number, password) VALUES ('Diana Stark', '+77622571162', '1912-01-15', 'ybooker@gmail.com', 'President sing lot charge watch rate southern.', '486', 'ewVIgKApSMDyMLGi');
INSERT INTO ACCOUNTANT (name, email, password) VALUES ('Thomas Fitzpatrick', 'micheleoneal@hotmail.com', 'gGPWYoVWamXv');
INSERT INTO PATIENT (name, phone_number, date_of_birth, email, medical_history, room_number, password) VALUES ('Thomas Fitzpatrick', '8 519 896 8330', '1949-01-20', 'micheleoneal@hotmail.com', 'Republican art end dark skin throw enough.', '856', 'gGPWYoVWamXv');
INSERT INTO ACCOUNTANT (name, email, password) VALUES ('Mikayla Peterson', 'kristen39@hotmail.com', 'sWRHuNkNPjX');
INSERT INTO PATIENT (name, phone_number, date_of_birth, email, medical_history, room_number, password) VALUES ('Mikayla Peterson', '8 353 724 4559', '2013-05-19', 'kristen39@hotmail.com', 'Those help pretty read budget.', '728', 'sWRHuNkNPjX');
INSERT INTO ACCOUNTANT (name, email, password) VALUES ('Christina Bowers', 'lpeterson@gmail.com', 'AzVjxMrMVdMHoVW');
INSERT INTO PATIENT (name, phone_number, date_of_birth, email, medical_history, room_number, password) VALUES ('Christina Bowers', '+7 000 609 8213', '1953-06-12', 'lpeterson@gmail.com', 'Story among board alone quite.', '514', 'AzVjxMrMVdMHoVW');
INSERT INTO ACCOUNTANT (name, email, password) VALUES ('Sierra Bell', 'schroederbryan@yahoo.com', 'WQrCUGEPoHwNGbTHcVu');
INSERT INTO PATIENT (name, phone_number, date_of_birth, email, medical_history, room_number, password) VALUES ('Sierra Bell', '80034893227', '1939-06-20', 'schroederbryan@yahoo.com', 'Try late west list really every artist laugh.', '350', 'WQrCUGEPoHwNGbTHcVu');
INSERT INTO ACCOUNTANT (name, email, password) VALUES ('Sharon Harmon', 'whitney23@yahoo.com', 'XBTvVAPYxdkigRoGvaES');
INSERT INTO PATIENT (name, phone_number, date_of_birth, email, medical_history, room_number, password) VALUES ('Sharon Harmon', '86200784102', '1906-07-22', 'whitney23@yahoo.com', 'Area nice despite before social those save drug.', '762', 'XBTvVAPYxdkigRoGvaES');
INSERT INTO ACCOUNTANT (name, email, password) VALUES ('Brenda Mendoza', 'rstone@yahoo.com', 'oyWstNZxmIkjlalOYX');
INSERT INTO PATIENT (name, phone_number, date_of_birth, email, medical_history, room_number, password) VALUES ('Brenda Mendoza', '+7 096 898 9580', '1985-09-02', 'rstone@yahoo.com', 'Before talk someone from pay ahead conference.', '73', 'oyWstNZxmIkjlalOYX');
INSERT INTO ACCOUNTANT (name, email, password) VALUES ('Melissa Garcia', 'efinley@hotmail.com', 'OiPAVVlVT');
INSERT INTO PATIENT (name, phone_number, date_of_birth, email, medical_history, room_number, password) VALUES ('Melissa Garcia', '8 157 136 2038', '1986-08-29', 'efinley@hotmail.com', 'Education by many central.', '165', 'OiPAVVlVT');
INSERT INTO ACCOUNTANT (name, email, password) VALUES ('Anthony Miller', 'johnsonpamela@hotmail.com', 'vesFgUOACJR');
INSERT INTO PATIENT (name, phone_number, date_of_birth, email, medical_history, room_number, password) VALUES ('Anthony Miller', '+7 735 996 30 26', '1992-10-24', 'johnsonpamela@hotmail.com', 'Every Mr dinner surface range husband accept.', '481', 'vesFgUOACJR');
INSERT INTO ACCOUNTANT (name, email, password) VALUES ('Shannon Garcia', 'matthew35@yahoo.com', 'cEJljiFjlZQu');
INSERT INTO PATIENT (name, phone_number, date_of_birth, email, medical_history, room_number, password) VALUES ('Shannon Garcia', '89535976856', '1937-04-16', 'matthew35@yahoo.com', 'Friend simple white behind. Ahead allow majority.', '16', 'cEJljiFjlZQu');
INSERT INTO ACCOUNTANT (name, email, password) VALUES ('Kevin James', 'deborahrobinson@gmail.com', 'GaefcYqOZcDNFAaEuU');
INSERT INTO PATIENT (name, phone_number, date_of_birth, email, medical_history, room_number, password) VALUES ('Kevin James', '8 (975) 823-48-78', '1926-09-10', 'deborahrobinson@gmail.com', 'Nothing share send reason threat its support.', '274', 'GaefcYqOZcDNFAaEuU');
INSERT INTO ACCOUNTANT (name, email, password) VALUES ('Diana Gonzalez', 'howardchristopher@yahoo.com', 'mKNTTFQuQKWtyVVd');
INSERT INTO PATIENT (name, phone_number, date_of_birth, email, medical_history, room_number, password) VALUES ('Diana Gonzalez', '+72558612719', '1989-06-21', 'howardchristopher@yahoo.com', 'Early face stand indeed media.', '590', 'mKNTTFQuQKWtyVVd');
INSERT INTO ACCOUNTANT (name, email, password) VALUES ('Dakota Watts', 'stevensleslie@hotmail.com', 'MKpSzvls');
INSERT INTO PATIENT (name, phone_number, date_of_birth, email, medical_history, room_number, password) VALUES ('Dakota Watts', '+7 (151) 829-07-19', '1971-12-28', 'stevensleslie@hotmail.com', 'Oil Democrat place usually public.', '622', 'MKpSzvls');
INSERT INTO ACCOUNTANT (name, email, password) VALUES ('Joshua Clark', 'butlerparker@hotmail.com', 'zAWblmhyFeVHmm');
INSERT INTO PATIENT (name, phone_number, date_of_birth, email, medical_history, room_number, password) VALUES ('Joshua Clark', '+7 941 683 19 37', '1924-06-17', 'butlerparker@hotmail.com', 'Difference region rest.', '26', 'zAWblmhyFeVHmm');
INSERT INTO ACCOUNTANT (name, email, password) VALUES ('Maria Booker', 'ismith@hotmail.com', 'rhFhZpUFHcd');
INSERT INTO PATIENT (name, phone_number, date_of_birth, email, medical_history, room_number, password) VALUES ('Maria Booker', '+7 (991) 650-60-96', '1979-08-31', 'ismith@hotmail.com', 'Product might defense travel.', '510', 'rhFhZpUFHcd');
INSERT INTO ACCOUNTANT (name, email, password) VALUES ('Kenneth Wu', 'tammy26@gmail.com', 'OqoVEOHDemEePFz');
INSERT INTO PATIENT (name, phone_number, date_of_birth, email, medical_history, room_number, password) VALUES ('Kenneth Wu', '+70844636755', '1950-03-21', 'tammy26@gmail.com', 'Because talk simply southern.', '303', 'OqoVEOHDemEePFz');
INSERT INTO ACCOUNTANT (name, email, password) VALUES ('Cindy Jackson', 'travis51@gmail.com', 'OmXbgTiKxe');
INSERT INTO PATIENT (name, phone_number, date_of_birth, email, medical_history, room_number, password) VALUES ('Cindy Jackson', '8 539 211 8172', '1975-03-26', 'travis51@gmail.com', 'Style lot move kind shoulder difference.', '483', 'OmXbgTiKxe');
INSERT INTO ACCOUNTANT (name, email, password) VALUES ('Christopher King', 'collinsjacob@gmail.com', 'bRNaewoNXtkkDCxmZA');
INSERT INTO PATIENT (name, phone_number, date_of_birth, email, medical_history, room_number, password) VALUES ('Christopher King', '+7 (946) 634-97-66', '1964-04-08', 'collinsjacob@gmail.com', 'Believe director star many over rock.', '970', 'bRNaewoNXtkkDCxmZA');
INSERT INTO ACCOUNTANT (name, email, password) VALUES ('Michele Oliver', 'hurstrachel@hotmail.com', 'yltpKSiX');
INSERT INTO PATIENT (name, phone_number, date_of_birth, email, medical_history, room_number, password) VALUES ('Michele Oliver', '+7 675 507 6165', '1981-02-15', 'hurstrachel@hotmail.com', 'Even couple student wind big.', '328', 'yltpKSiX');
INSERT INTO ACCOUNTANT (name, email, password) VALUES ('Christopher Pierce', 'kimberly76@yahoo.com', 'mUmgnqvhx');
INSERT INTO PATIENT (name, phone_number, date_of_birth, email, medical_history, room_number, password) VALUES ('Christopher Pierce', '+7 (648) 986-21-03', '1989-04-14', 'kimberly76@yahoo.com', 'Actually son talk than.', '127', 'mUmgnqvhx');
INSERT INTO ACCOUNTANT (name, email, password) VALUES ('Catherine Farrell', 'dayashley@hotmail.com', 'WGPbKRcWeLOzhCuEF');
INSERT INTO PATIENT (name, phone_number, date_of_birth, email, medical_history, room_number, password) VALUES ('Catherine Farrell', '+7 700 157 12 30', '1996-09-02', 'dayashley@hotmail.com', 'Argue well rate themselves weight could.', '768', 'WGPbKRcWeLOzhCuEF');
INSERT INTO ACCOUNTANT (name, email, password) VALUES ('Dean Taylor', 'csalazar@gmail.com', 'LasqIgvpkYUPHWHhN');
INSERT INTO PATIENT (name, phone_number, date_of_birth, email, medical_history, room_number, password) VALUES ('Dean Taylor', '+7 (792) 233-3726', '1936-05-01', 'csalazar@gmail.com', 'Strong use now man picture as politics.', '435', 'LasqIgvpkYUPHWHhN');
INSERT INTO ACCOUNTANT (name, email, password) VALUES ('Kelsey Mccann', 'odavis@gmail.com', 'KSwFPpCDoBPLmvoSGNbF');
INSERT INTO PATIENT (name, phone_number, date_of_birth, email, medical_history, room_number, password) VALUES ('Kelsey Mccann', '8 954 776 8004', '1979-01-05', 'odavis@gmail.com', 'On hope character response.', '734', 'KSwFPpCDoBPLmvoSGNbF');
INSERT INTO ACCOUNTANT (name, email, password) VALUES ('Ms. Amanda Duncan', 'gibsonryan@gmail.com', 'YczQpfkbbKbfh');
INSERT INTO PATIENT (name, phone_number, date_of_birth, email, medical_history, room_number, password) VALUES ('Ms. Amanda Duncan', '8 595 019 0596', '2018-06-12', 'gibsonryan@gmail.com', 'Evidence speech generation color standard worry.', '744', 'YczQpfkbbKbfh');
INSERT INTO ACCOUNTANT (name, email, password) VALUES ('Chad Ross', 'jacksonsean@gmail.com', 'gVEbzEpEDmeRRh');
INSERT INTO PATIENT (name, phone_number, date_of_birth, email, medical_history, room_number, password) VALUES ('Chad Ross', '+76369469231', '1938-04-25', 'jacksonsean@gmail.com', 'One others executive certain machine learn play.', '373', 'gVEbzEpEDmeRRh');
INSERT INTO ACCOUNTANT (name, email, password) VALUES ('John Holmes', 'rebeccabrady@hotmail.com', 'QFYwaeLrJp');
INSERT INTO PATIENT (name, phone_number, date_of_birth, email, medical_history, room_number, password) VALUES ('John Holmes', '8 (394) 632-5967', '1985-02-12', 'rebeccabrady@hotmail.com', 'Theory result television them.', '192', 'QFYwaeLrJp');
INSERT INTO ACCOUNTANT (name, email, password) VALUES ('Melissa Vasquez', 'millershawn@yahoo.com', 'bFmwZucNoOzywMAyr');
INSERT INTO PATIENT (name, phone_number, date_of_birth, email, medical_history, room_number, password) VALUES ('Melissa Vasquez', '+7 405 665 86 58', '1934-11-18', 'millershawn@yahoo.com', 'Order group best section story seek expect.', '969', 'bFmwZucNoOzywMAyr');
INSERT INTO ACCOUNTANT (name, email, password) VALUES ('Oscar Rodriguez', 'daviskatherine@yahoo.com', 'srfbEfGfEhBKpiazgjx');
INSERT INTO PATIENT (name, phone_number, date_of_birth, email, medical_history, room_number, password) VALUES ('Oscar Rodriguez', '+7 817 814 8690', '1918-09-20', 'daviskatherine@yahoo.com', 'So small structure body physical argue end.', '235', 'srfbEfGfEhBKpiazgjx');
INSERT INTO ACCOUNTANT (name, email, password) VALUES ('Michael Taylor', 'michael73@yahoo.com', 'lJrKTdeXtJok');
INSERT INTO PATIENT (name, phone_number, date_of_birth, email, medical_history, room_number, password) VALUES ('Michael Taylor', '+7 (874) 334-36-18', '1994-12-01', 'michael73@yahoo.com', 'True job job together.', '13', 'lJrKTdeXtJok');
INSERT INTO ACCOUNTANT (name, email, password) VALUES ('Randy Walker', 'ian66@hotmail.com', 'ouWvLlZFkfqHNOGl');
INSERT INTO PATIENT (name, phone_number, date_of_birth, email, medical_history, room_number, password) VALUES ('Randy Walker', '8 375 034 0331', '1943-12-28', 'ian66@hotmail.com', 'Keep recent heavy campaign whom good.', '706', 'ouWvLlZFkfqHNOGl');
INSERT INTO ACCOUNTANT (name, email, password) VALUES ('Jennifer Palmer', 'lopezkelly@hotmail.com', 'IawcoIwEd');
INSERT INTO PATIENT (name, phone_number, date_of_birth, email, medical_history, room_number, password) VALUES ('Jennifer Palmer', '+70757130690', '1989-02-10', 'lopezkelly@hotmail.com', 'Expect account plan weight no general various.', '220', 'IawcoIwEd');
INSERT INTO ACCOUNTANT (name, email, password) VALUES ('Stacy Moore', 'robinsondillon@yahoo.com', 'GcgYkzsoFDlKLhV');
INSERT INTO PATIENT (name, phone_number, date_of_birth, email, medical_history, room_number, password) VALUES ('Stacy Moore', '+7 370 778 0709', '2008-09-14', 'robinsondillon@yahoo.com', 'Mrs here quality south.', '944', 'GcgYkzsoFDlKLhV');
INSERT INTO ACCOUNTANT (name, email, password) VALUES ('Victoria Rodriguez', 'ethan53@yahoo.com', 'OCcTSFXzFerY');
INSERT INTO PATIENT (name, phone_number, date_of_birth, email, medical_history, room_number, password) VALUES ('Victoria Rodriguez', '8 (114) 173-25-90', '1920-06-25', 'ethan53@yahoo.com', 'Model here family perform. The middle worry role.', '274', 'OCcTSFXzFerY');
INSERT INTO ACCOUNTANT (name, email, password) VALUES ('Dale Hall', 'williamsjames@gmail.com', 'ZGbMfeMM');
INSERT INTO PATIENT (name, phone_number, date_of_birth, email, medical_history, room_number, password) VALUES ('Dale Hall', '84998467374', '1985-04-29', 'williamsjames@gmail.com', 'Million more network clearly news.', '666', 'ZGbMfeMM');
INSERT INTO ACCOUNTANT (name, email, password) VALUES ('Carla Barrett', 'frankcox@gmail.com', 'NXJimaLAvXhhfNNcGptB');
INSERT INTO PATIENT (name, phone_number, date_of_birth, email, medical_history, room_number, password) VALUES ('Carla Barrett', '8 (848) 104-20-85', '2015-08-28', 'frankcox@gmail.com', 'Interest young watch suggest around.', '329', 'NXJimaLAvXhhfNNcGptB');
INSERT INTO ACCOUNTANT (name, email, password) VALUES ('Alec Olson', 'colemanalexander@yahoo.com', 'EGshCVXGU');
INSERT INTO PATIENT (name, phone_number, date_of_birth, email, medical_history, room_number, password) VALUES ('Alec Olson', '+7 (063) 684-97-88', '1913-11-23', 'colemanalexander@yahoo.com', 'Decade take dog relate.', '372', 'EGshCVXGU');
INSERT INTO ACCOUNTANT (name, email, password) VALUES ('Jessica Higgins', 'jeremywilson@hotmail.com', 'GWvrWVLGUT');
INSERT INTO PATIENT (name, phone_number, date_of_birth, email, medical_history, room_number, password) VALUES ('Jessica Higgins', '8 (315) 222-51-93', '1992-12-07', 'jeremywilson@hotmail.com', 'Baby beyond above might.', '210', 'GWvrWVLGUT');
INSERT INTO ACCOUNTANT (name, email, password) VALUES ('Daniel Walker', 'chayes@hotmail.com', 'xIFDjycTRXPfb');
INSERT INTO PATIENT (name, phone_number, date_of_birth, email, medical_history, room_number, password) VALUES ('Daniel Walker', '8 (864) 190-57-79', '1920-04-22', 'chayes@hotmail.com', 'Leader choose store often body another.', '80', 'xIFDjycTRXPfb');
INSERT INTO ACCOUNTANT (name, email, password) VALUES ('Laura Cardenas', 'yubrooke@yahoo.com', 'pDWZOcxfvcw');
INSERT INTO PATIENT (name, phone_number, date_of_birth, email, medical_history, room_number, password) VALUES ('Laura Cardenas', '89562766531', '1991-03-03', 'yubrooke@yahoo.com', 'Side happen determine perform deep.', '846', 'pDWZOcxfvcw');
INSERT INTO ACCOUNTANT (name, email, password) VALUES ('Bob Cooper', 'rmeyer@hotmail.com', 'GdYPZfYAIC');
INSERT INTO PATIENT (name, phone_number, date_of_birth, email, medical_history, room_number, password) VALUES ('Bob Cooper', '8 857 422 4093', '1913-09-23', 'rmeyer@hotmail.com', 'Mouth police some arm Mrs create.', '577', 'GdYPZfYAIC');
INSERT INTO ACCOUNTANT (name, email, password) VALUES ('Travis Gomez PhD', 'carterkevin@gmail.com', 'sguqFPNXfC');
INSERT INTO PATIENT (name, phone_number, date_of_birth, email, medical_history, room_number, password) VALUES ('Travis Gomez PhD', '+74838217262', '2001-11-30', 'carterkevin@gmail.com', 'See lose he policy hot energy source.', '623', 'sguqFPNXfC');
INSERT INTO ACCOUNTANT (name, email, password) VALUES ('Susan Thompson', 'lindsaymarks@yahoo.com', 'KZTjwqayTgmMCgM');
INSERT INTO PATIENT (name, phone_number, date_of_birth, email, medical_history, room_number, password) VALUES ('Susan Thompson', '8 (943) 475-2964', '2007-04-22', 'lindsaymarks@yahoo.com', 'Dark she now majority.', '908', 'KZTjwqayTgmMCgM');
INSERT INTO ACCOUNTANT (name, email, password) VALUES ('Tracy Ramirez', 'felicia09@hotmail.com', 'qGTEOjuNATAaZvsM');
INSERT INTO PATIENT (name, phone_number, date_of_birth, email, medical_history, room_number, password) VALUES ('Tracy Ramirez', '86277100002', '2008-02-06', 'felicia09@hotmail.com', 'Building possible we.', '285', 'qGTEOjuNATAaZvsM');
INSERT INTO ACCOUNTANT (name, email, password) VALUES ('Dana Johnson', 'kcole@hotmail.com', 'iUncrZoe');
INSERT INTO PATIENT (name, phone_number, date_of_birth, email, medical_history, room_number, password) VALUES ('Dana Johnson', '+7 161 442 2437', '1952-10-03', 'kcole@hotmail.com', 'She marriage exactly no view way.', '922', 'iUncrZoe');
INSERT INTO ACCOUNTANT (name, email, password) VALUES ('Max Washington', 'roylaurie@yahoo.com', 'nWOjweImmBYkZ');
INSERT INTO PATIENT (name, phone_number, date_of_birth, email, medical_history, room_number, password) VALUES ('Max Washington', '8 (554) 941-28-83', '1981-01-01', 'roylaurie@yahoo.com', 'Old over politics process.', '82', 'nWOjweImmBYkZ');
INSERT INTO ACCOUNTANT (name, email, password) VALUES ('James Stephens', 'misty80@gmail.com', 'RacTFiZZbBcKBaIg');
INSERT INTO PATIENT (name, phone_number, date_of_birth, email, medical_history, room_number, password) VALUES ('James Stephens', '+7 (170) 255-33-31', '1931-10-11', 'misty80@gmail.com', 'Quality produce oil whom blue.', '26', 'RacTFiZZbBcKBaIg');
INSERT INTO ACCOUNTANT (name, email, password) VALUES ('Kenneth James', 'reynoldschristina@gmail.com', 'clmtvZxuLbqatYvvnd');
INSERT INTO PATIENT (name, phone_number, date_of_birth, email, medical_history, room_number, password) VALUES ('Kenneth James', '80768625712', '2010-03-30', 'reynoldschristina@gmail.com', 'Feel mean compare.', '604', 'clmtvZxuLbqatYvvnd');
INSERT INTO ACCOUNTANT (name, email, password) VALUES ('Darlene Leon', 'ujennings@hotmail.com', 'GBaBelBLZuLTQDd');
INSERT INTO PATIENT (name, phone_number, date_of_birth, email, medical_history, room_number, password) VALUES ('Darlene Leon', '8 638 919 03 38', '1918-06-19', 'ujennings@hotmail.com', 'Medical whole these magazine news finish almost.', '673', 'GBaBelBLZuLTQDd');
INSERT INTO ACCOUNTANT (name, email, password) VALUES ('Christopher Snyder', 'stephen06@gmail.com', 'ILgzSoOQXyNGENs');
INSERT INTO PATIENT (name, phone_number, date_of_birth, email, medical_history, room_number, password) VALUES ('Christopher Snyder', '89747912597', '1904-09-01', 'stephen06@gmail.com', 'Current finish score.', '955', 'ILgzSoOQXyNGENs');
INSERT INTO ACCOUNTANT (name, email, password) VALUES ('Mathew Miller', 'jeremy04@yahoo.com', 'nNdTpDhicCtxJaPv');
INSERT INTO PATIENT (name, phone_number, date_of_birth, email, medical_history, room_number, password) VALUES ('Mathew Miller', '8 (502) 251-99-65', '1917-11-06', 'jeremy04@yahoo.com', 'Rather public play care human leader spring.', '12', 'nNdTpDhicCtxJaPv');
INSERT INTO ACCOUNTANT (name, email, password) VALUES ('Kelly Stafford', 'carla59@gmail.com', 'BBRLhBvdBkL');
INSERT INTO PATIENT (name, phone_number, date_of_birth, email, medical_history, room_number, password) VALUES ('Kelly Stafford', '+7 996 969 14 72', '1956-06-17', 'carla59@gmail.com', 'Recognize page minute enter.', '500', 'BBRLhBvdBkL');
INSERT INTO ACCOUNTANT (name, email, password) VALUES ('Kelly Brown', 'joneskelsey@yahoo.com', 'BoZaGoghqWUD');
INSERT INTO PATIENT (name, phone_number, date_of_birth, email, medical_history, room_number, password) VALUES ('Kelly Brown', '8 843 045 1218', '2001-02-02', 'joneskelsey@yahoo.com', 'Little director floor stock check provide.', '448', 'BoZaGoghqWUD');
INSERT INTO ACCOUNTANT (name, email, password) VALUES ('Debra Stewart', 'gflores@gmail.com', 'VxyIbrxV');
INSERT INTO PATIENT (name, phone_number, date_of_birth, email, medical_history, room_number, password) VALUES ('Debra Stewart', '+7 657 387 8262', '1929-03-14', 'gflores@gmail.com', 'Suddenly business century give hour.', '908', 'VxyIbrxV');
INSERT INTO ACCOUNTANT (name, email, password) VALUES ('Matthew Young', 'michelle68@yahoo.com', 'SDbVgNConlXKS');
INSERT INTO PATIENT (name, phone_number, date_of_birth, email, medical_history, room_number, password) VALUES ('Matthew Young', '+7 (205) 818-02-42', '2019-01-17', 'michelle68@yahoo.com', 'Tonight condition shake race send.', '966', 'SDbVgNConlXKS');
INSERT INTO ACCOUNTANT (name, email, password) VALUES ('John Flores', 'speterson@hotmail.com', 'mPgnWgZubRfOh');
INSERT INTO PATIENT (name, phone_number, date_of_birth, email, medical_history, room_number, password) VALUES ('John Flores', '+7 (285) 429-2123', '1985-12-17', 'speterson@hotmail.com', 'Argue pretty opportunity late use.', '462', 'mPgnWgZubRfOh');
INSERT INTO ACCOUNTANT (name, email, password) VALUES ('Ronald Wilson', 'kmann@yahoo.com', 'xXWjDqnA');
INSERT INTO PATIENT (name, phone_number, date_of_birth, email, medical_history, room_number, password) VALUES ('Ronald Wilson', '+72403728301', '2008-12-26', 'kmann@yahoo.com', 'Miss it law me significant. Life owner main.', '72', 'xXWjDqnA');
INSERT INTO ACCOUNTANT (name, email, password) VALUES ('Jennifer Palmer', 'lkelley@yahoo.com', 'ouMLsSgvaEJB');
INSERT INTO PATIENT (name, phone_number, date_of_birth, email, medical_history, room_number, password) VALUES ('Jennifer Palmer', '+7 (720) 130-72-15', '1983-09-15', 'lkelley@yahoo.com', 'Message somebody dark tax game role sign choice.', '74', 'ouMLsSgvaEJB');
INSERT INTO ACCOUNTANT (name, email, password) VALUES ('Joseph Martin', 'susancampbell@hotmail.com', 'fLNzEUVaYopbUt');
INSERT INTO PATIENT (name, phone_number, date_of_birth, email, medical_history, room_number, password) VALUES ('Joseph Martin', '8 309 855 8747', '1962-10-23', 'susancampbell@hotmail.com', 'City believe set should little nothing.', '666', 'fLNzEUVaYopbUt');
INSERT INTO ACCOUNTANT (name, email, password) VALUES ('Dr. Karen Meyer', 'taylorjackie@hotmail.com', 'GcsmcQRYHZCG');
INSERT INTO PATIENT (name, phone_number, date_of_birth, email, medical_history, room_number, password) VALUES ('Dr. Karen Meyer', '+7 (815) 440-29-18', '2013-05-10', 'taylorjackie@hotmail.com', 'Wife they story vote.', '140', 'GcsmcQRYHZCG');
INSERT INTO ACCOUNTANT (name, email, password) VALUES ('Joseph Gonzalez', 'jerome62@gmail.com', 'HRhWbJOIEOjMA');
INSERT INTO PATIENT (name, phone_number, date_of_birth, email, medical_history, room_number, password) VALUES ('Joseph Gonzalez', '8 920 682 33 88', '1969-09-11', 'jerome62@gmail.com', 'World current whom including herself its entire.', '766', 'HRhWbJOIEOjMA');
INSERT INTO ACCOUNTANT (name, email, password) VALUES ('Brian Wilson', 'butlercrystal@yahoo.com', 'gPjSwnmNEhbaKhH');
INSERT INTO PATIENT (name, phone_number, date_of_birth, email, medical_history, room_number, password) VALUES ('Brian Wilson', '+71745624852', '1935-10-29', 'butlercrystal@yahoo.com', 'Learn station hundred sell dream beyond show.', '310', 'gPjSwnmNEhbaKhH');
INSERT INTO ACCOUNTANT (name, email, password) VALUES ('David Maddox', 'hmorrison@hotmail.com', 'CHVwJTGfiLybPzIkilbM');
INSERT INTO PATIENT (name, phone_number, date_of_birth, email, medical_history, room_number, password) VALUES ('David Maddox', '8 602 645 4365', '1968-07-19', 'hmorrison@hotmail.com', 'Bed series animal suffer skill church.', '477', 'CHVwJTGfiLybPzIkilbM');
INSERT INTO ACCOUNTANT (name, email, password) VALUES ('Edwin Benitez', 'hjohnson@yahoo.com', 'jgmVMjPKcgdsRTm');
INSERT INTO PATIENT (name, phone_number, date_of_birth, email, medical_history, room_number, password) VALUES ('Edwin Benitez', '8 (048) 583-30-77', '1934-11-12', 'hjohnson@yahoo.com', 'Option want girl position.', '441', 'jgmVMjPKcgdsRTm');
INSERT INTO ACCOUNTANT (name, email, password) VALUES ('Virginia Padilla', 'christinemoore@hotmail.com', 'PwBDjaPHQiVxMgLyf');
INSERT INTO PATIENT (name, phone_number, date_of_birth, email, medical_history, room_number, password) VALUES ('Virginia Padilla', '+75277913196', '1996-11-25', 'christinemoore@hotmail.com', 'Top kitchen major news security special thing.', '367', 'PwBDjaPHQiVxMgLyf');
INSERT INTO ACCOUNTANT (name, email, password) VALUES ('Lisa Lara', 'npacheco@yahoo.com', 'FRdiYTtH');
INSERT INTO PATIENT (name, phone_number, date_of_birth, email, medical_history, room_number, password) VALUES ('Lisa Lara', '8 412 038 9732', '1950-12-04', 'npacheco@yahoo.com', 'Loss too product until dinner everything law.', '496', 'FRdiYTtH');
INSERT INTO ACCOUNTANT (name, email, password) VALUES ('Claire Wells', 'smithstephen@yahoo.com', 'qGUqtUdYAU');
INSERT INTO PATIENT (name, phone_number, date_of_birth, email, medical_history, room_number, password) VALUES ('Claire Wells', '8 (714) 838-8738', '1959-10-12', 'smithstephen@yahoo.com', 'Go allow security same once.', '600', 'qGUqtUdYAU');
INSERT INTO ACCOUNTANT (name, email, password) VALUES ('Roger Rose', 'ryan07@yahoo.com', 'LlQYGtWfEdzEFTCF');
INSERT INTO PATIENT (name, phone_number, date_of_birth, email, medical_history, room_number, password) VALUES ('Roger Rose', '8 (274) 816-62-74', '1947-07-08', 'ryan07@yahoo.com', 'Since bank tend bar force project.', '19', 'LlQYGtWfEdzEFTCF');
INSERT INTO ACCOUNTANT (name, email, password) VALUES ('Lindsey Ross', 'toddtorres@yahoo.com', 'GaIgCxcFxGvFnX');
INSERT INTO PATIENT (name, phone_number, date_of_birth, email, medical_history, room_number, password) VALUES ('Lindsey Ross', '+7 938 960 70 12', '2018-04-01', 'toddtorres@yahoo.com', 'Bar become admit sometimes local.', '110', 'GaIgCxcFxGvFnX');
INSERT INTO ACCOUNTANT (name, email, password) VALUES ('Haley Calderon', 'emma04@hotmail.com', 'UhXTomYuWtdIgF');
INSERT INTO PATIENT (name, phone_number, date_of_birth, email, medical_history, room_number, password) VALUES ('Haley Calderon', '8 (617) 943-73-04', '1926-11-21', 'emma04@hotmail.com', 'Truth test return wall able third set their.', '233', 'UhXTomYuWtdIgF');
INSERT INTO ACCOUNTANT (name, email, password) VALUES ('Linda Wilson', 'gramirez@hotmail.com', 'UoBXvsxWPsWxeyJNBHz');
INSERT INTO PATIENT (name, phone_number, date_of_birth, email, medical_history, room_number, password) VALUES ('Linda Wilson', '8 (210) 219-2770', '1940-01-28', 'gramirez@hotmail.com', 'Wife note world range number.', '790', 'UoBXvsxWPsWxeyJNBHz');
INSERT INTO ACCOUNTANT (name, email, password) VALUES ('Ryan Lee', 'amanda85@hotmail.com', 'nbfsFBLpXQnVYh');
INSERT INTO PATIENT (name, phone_number, date_of_birth, email, medical_history, room_number, password) VALUES ('Ryan Lee', '+71395895833', '2005-05-24', 'amanda85@hotmail.com', 'Top evening and method play old time fall.', '963', 'nbfsFBLpXQnVYh');
INSERT INTO ACCOUNTANT (name, email, password) VALUES ('Tamara Johnson', 'kenneth11@gmail.com', 'aDIbYBcqYMqyWmFmStl');
INSERT INTO PATIENT (name, phone_number, date_of_birth, email, medical_history, room_number, password) VALUES ('Tamara Johnson', '82263110475', '1939-05-01', 'kenneth11@gmail.com', 'Society half world imagine many serve more.', '777', 'aDIbYBcqYMqyWmFmStl');
INSERT INTO ACCOUNTANT (name, email, password) VALUES ('Kyle Ingram', 'deanvalerie@gmail.com', 'ztRUufYovPfIKhOlG');
INSERT INTO PATIENT (name, phone_number, date_of_birth, email, medical_history, room_number, password) VALUES ('Kyle Ingram', '+7 (846) 591-76-28', '1920-05-26', 'deanvalerie@gmail.com', 'Describe thing save we partner generation couple.', '20', 'ztRUufYovPfIKhOlG');
INSERT INTO ACCOUNTANT (name, email, password) VALUES ('Tyler Vargas', 'rmelendez@yahoo.com', 'bvtCgqpUNH');
INSERT INTO PATIENT (name, phone_number, date_of_birth, email, medical_history, room_number, password) VALUES ('Tyler Vargas', '+7 (407) 597-8107', '2008-01-31', 'rmelendez@yahoo.com', 'Number heart research bed else learn mouth.', '11', 'bvtCgqpUNH');
INSERT INTO ACCOUNTANT (name, email, password) VALUES ('Sara Vaughn', 'parkerkatelyn@gmail.com', 'GrIHevNZ');
INSERT INTO PATIENT (name, phone_number, date_of_birth, email, medical_history, room_number, password) VALUES ('Sara Vaughn', '+7 (629) 737-0623', '1921-09-16', 'parkerkatelyn@gmail.com', 'Life discussion including.', '83', 'GrIHevNZ');
INSERT INTO ACCOUNTANT (name, email, password) VALUES ('Kenneth Brady', 'clarkbradley@yahoo.com', 'tmYlebqnsLoyKJl');
INSERT INTO PATIENT (name, phone_number, date_of_birth, email, medical_history, room_number, password) VALUES ('Kenneth Brady', '8 391 416 17 89', '1971-09-29', 'clarkbradley@yahoo.com', 'Prove room wrong customer.', '120', 'tmYlebqnsLoyKJl');
INSERT INTO ACCOUNTANT (name, email, password) VALUES ('Katie Lowery', 'holdenbrian@gmail.com', 'BgSwGGnfbFWeBJoNsC');
INSERT INTO PATIENT (name, phone_number, date_of_birth, email, medical_history, room_number, password) VALUES ('Katie Lowery', '+7 (823) 058-3114', '1919-03-25', 'holdenbrian@gmail.com', 'Against type student seven throughout doctor.', '220', 'BgSwGGnfbFWeBJoNsC');
INSERT INTO ACCOUNTANT (name, email, password) VALUES ('Amanda Pena', 'wagnermarissa@hotmail.com', 'uiXJGrQrPoTkAfq');
INSERT INTO PATIENT (name, phone_number, date_of_birth, email, medical_history, room_number, password) VALUES ('Amanda Pena', '84343094326', '1946-11-30', 'wagnermarissa@hotmail.com', 'Rock image may page government south meeting.', '716', 'uiXJGrQrPoTkAfq');
INSERT INTO ACCOUNTANT (name, email, password) VALUES ('Pamela Ferguson MD', 'leedavid@gmail.com', 'RQeATorCvqwp');
INSERT INTO PATIENT (name, phone_number, date_of_birth, email, medical_history, room_number, password) VALUES ('Pamela Ferguson MD', '8 046 073 8286', '2011-02-20', 'leedavid@gmail.com', 'Likely sell assume scene whom.', '652', 'RQeATorCvqwp');
INSERT INTO ACCOUNTANT (name, email, password) VALUES ('Bonnie Hansen', 'kimelizabeth@gmail.com', 'ELlhkfLHDB');
INSERT INTO PATIENT (name, phone_number, date_of_birth, email, medical_history, room_number, password) VALUES ('Bonnie Hansen', '+7 119 653 5406', '1904-02-16', 'kimelizabeth@gmail.com', 'Born wish building business.', '80', 'ELlhkfLHDB');
INSERT INTO ACCOUNTANT (name, email, password) VALUES ('Brian Aguilar', 'jerrygibson@yahoo.com', 'cckOxgregqYnr');
INSERT INTO PATIENT (name, phone_number, date_of_birth, email, medical_history, room_number, password) VALUES ('Brian Aguilar', '8 (768) 155-9326', '1994-07-23', 'jerrygibson@yahoo.com', 'Despite enjoy later might story ten leg miss.', '737', 'cckOxgregqYnr');
INSERT INTO ACCOUNTANT (name, email, password) VALUES ('Bryan Wagner', 'dmueller@gmail.com', 'AoCaVQSsZGsxxo');
INSERT INTO PATIENT (name, phone_number, date_of_birth, email, medical_history, room_number, password) VALUES ('Bryan Wagner', '+7 578 904 0009', '1919-04-29', 'dmueller@gmail.com', 'North meeting law institution.', '225', 'AoCaVQSsZGsxxo');
INSERT INTO ACCOUNTANT (name, email, password) VALUES ('Jessica Pierce', 'ryan20@hotmail.com', 'ZwJruQLewlAqrEcMh');
INSERT INTO PATIENT (name, phone_number, date_of_birth, email, medical_history, room_number, password) VALUES ('Jessica Pierce', '82211710998', '1988-07-04', 'ryan20@hotmail.com', 'Stay force low through once.', '927', 'ZwJruQLewlAqrEcMh');
INSERT INTO ACCOUNTANT (name, email, password) VALUES ('Emily Sutton', 'sstuart@hotmail.com', 'TRSAIKeXu');
INSERT INTO PATIENT (name, phone_number, date_of_birth, email, medical_history, room_number, password) VALUES ('Emily Sutton', '+7 (003) 857-95-55', '1987-12-11', 'sstuart@hotmail.com', 'Store try role recognize.', '867', 'TRSAIKeXu');
INSERT INTO ACCOUNTANT (name, email, password) VALUES ('Linda Steele', 'georgeryan@hotmail.com', 'wQMecgwzG');
INSERT INTO PATIENT (name, phone_number, date_of_birth, email, medical_history, room_number, password) VALUES ('Linda Steele', '+79363997013', '1919-04-25', 'georgeryan@hotmail.com', 'Audience gas subject treat organization.', '377', 'wQMecgwzG');
INSERT INTO ACCOUNTANT (name, email, password) VALUES ('Peter Diaz', 'deannashaw@hotmail.com', 'kxxwTWztqhVIP');
INSERT INTO PATIENT (name, phone_number, date_of_birth, email, medical_history, room_number, password) VALUES ('Peter Diaz', '8 (004) 777-31-44', '1926-05-18', 'deannashaw@hotmail.com', 'Plan realize federal so me special vote.', '906', 'kxxwTWztqhVIP');
INSERT INTO ACCOUNTANT (name, email, password) VALUES ('Dustin Prince', 'brittanyhudson@gmail.com', 'PixLVgCz');
INSERT INTO PATIENT (name, phone_number, date_of_birth, email, medical_history, room_number, password) VALUES ('Dustin Prince', '8 054 910 8201', '1907-06-21', 'brittanyhudson@gmail.com', 'Seem idea car service.', '937', 'PixLVgCz');
INSERT INTO ACCOUNTANT (name, email, password) VALUES ('Teresa Ibarra', 'krististewart@gmail.com', 'lohHPOXhvVspIpyM');
INSERT INTO PATIENT (name, phone_number, date_of_birth, email, medical_history, room_number, password) VALUES ('Teresa Ibarra', '+7 (852) 067-57-58', '1907-12-30', 'krististewart@gmail.com', 'Doctor even stop couple really.', '910', 'lohHPOXhvVspIpyM');
INSERT INTO ACCOUNTANT (name, email, password) VALUES ('Jessica Flores', 'manuel89@gmail.com', 'xaVwVstvOqtSp');
INSERT INTO PATIENT (name, phone_number, date_of_birth, email, medical_history, room_number, password) VALUES ('Jessica Flores', '8 (168) 563-7407', '2009-08-05', 'manuel89@gmail.com', 'Action for green paper either during project.', '427', 'xaVwVstvOqtSp');
INSERT INTO ACCOUNTANT (name, email, password) VALUES ('William Allen', 'jessica32@gmail.com', 'QHJeozxoAMrGy');
INSERT INTO PATIENT (name, phone_number, date_of_birth, email, medical_history, room_number, password) VALUES ('William Allen', '8 357 028 6472', '1935-04-23', 'jessica32@gmail.com', 'Entire entire buy American me industry.', '345', 'QHJeozxoAMrGy');
INSERT INTO ACCOUNTANT (name, email, password) VALUES ('William Clayton', 'jerry82@gmail.com', 'CPweyOjw');
INSERT INTO PATIENT (name, phone_number, date_of_birth, email, medical_history, room_number, password) VALUES ('William Clayton', '89604443744', '1940-02-20', 'jerry82@gmail.com', 'Avoid lot mother serious.', '691', 'CPweyOjw');
INSERT INTO ACCOUNTANT (name, email, password) VALUES ('Paula Paul', 'sarah64@yahoo.com', 'tEWiJvRnmsFarCM');
INSERT INTO PATIENT (name, phone_number, date_of_birth, email, medical_history, room_number, password) VALUES ('Paula Paul', '+7 520 524 1703', '1977-08-13', 'sarah64@yahoo.com', 'Name notice degree street them.', '840', 'tEWiJvRnmsFarCM');
INSERT INTO ACCOUNTANT (name, email, password) VALUES ('Lisa Reynolds', 'williamsamanda@gmail.com', 'TytVcxnFtyOdntLSpBd');
INSERT INTO PATIENT (name, phone_number, date_of_birth, email, medical_history, room_number, password) VALUES ('Lisa Reynolds', '8 (812) 654-8072', '1905-07-12', 'williamsamanda@gmail.com', 'Surface arrive develop religious factor.', '319', 'TytVcxnFtyOdntLSpBd');
INSERT INTO ACCOUNTANT (name, email, password) VALUES ('Wanda Yang', 'matthewsuarez@gmail.com', 'JRqIAfagsV');
INSERT INTO PATIENT (name, phone_number, date_of_birth, email, medical_history, room_number, password) VALUES ('Wanda Yang', '+79768862299', '1947-06-02', 'matthewsuarez@gmail.com', 'Son at read skin. When skill current senior.', '677', 'JRqIAfagsV');
INSERT INTO ACCOUNTANT (name, email, password) VALUES ('Darrell Werner', 'nboyer@yahoo.com', 'aejDYkrNY');
INSERT INTO PATIENT (name, phone_number, date_of_birth, email, medical_history, room_number, password) VALUES ('Darrell Werner', '8 (885) 767-87-69', '1998-03-22', 'nboyer@yahoo.com', 'Owner popular few.', '770', 'aejDYkrNY');
INSERT INTO ACCOUNTANT (name, email, password) VALUES ('Nicole Andrade', 'markyoung@gmail.com', 'ZJEpLDlis');
INSERT INTO PATIENT (name, phone_number, date_of_birth, email, medical_history, room_number, password) VALUES ('Nicole Andrade', '8 (345) 130-97-49', '1998-10-26', 'markyoung@gmail.com', 'Whole we too account. Air sign year relate.', '314', 'ZJEpLDlis');
INSERT INTO ACCOUNTANT (name, email, password) VALUES ('Melissa Hart', 'holly22@gmail.com', 'DqXbyHXxLu');
INSERT INTO PATIENT (name, phone_number, date_of_birth, email, medical_history, room_number, password) VALUES ('Melissa Hart', '8 278 947 27 52', '1919-05-30', 'holly22@gmail.com', 'Simply feel leader together change play.', '71', 'DqXbyHXxLu');
INSERT INTO ACCOUNTANT (name, email, password) VALUES ('Regina Smith', 'yvonne32@gmail.com', 'xcPUVBgLwx');
INSERT INTO PATIENT (name, phone_number, date_of_birth, email, medical_history, room_number, password) VALUES ('Regina Smith', '8 (924) 730-1650', '1914-06-29', 'yvonne32@gmail.com', 'Special business whose black professor.', '879', 'xcPUVBgLwx');
INSERT INTO ACCOUNTANT (name, email, password) VALUES ('Lisa Bird', 'trevormahoney@yahoo.com', 'SejcqSlruUyB');
INSERT INTO PATIENT (name, phone_number, date_of_birth, email, medical_history, room_number, password) VALUES ('Lisa Bird', '+7 497 067 64 60', '1934-06-02', 'trevormahoney@yahoo.com', 'Which bad contain country huge.', '349', 'SejcqSlruUyB');
INSERT INTO ACCOUNTANT (name, email, password) VALUES ('Tasha Vargas', 'hollybrown@gmail.com', 'zTqRctoTaeONvFum');
INSERT INTO PATIENT (name, phone_number, date_of_birth, email, medical_history, room_number, password) VALUES ('Tasha Vargas', '8 090 039 33 55', '1911-06-09', 'hollybrown@gmail.com', 'Your cover class.', '609', 'zTqRctoTaeONvFum');
INSERT INTO ACCOUNTANT (name, email, password) VALUES ('Rachel Bender', 'cunninghamsamantha@yahoo.com', 'uUeGvbZVMcFQ');
INSERT INTO PATIENT (name, phone_number, date_of_birth, email, medical_history, room_number, password) VALUES ('Rachel Bender', '+74168453699', '1993-11-18', 'cunninghamsamantha@yahoo.com', 'Policy lose series nation shake former himself.', '157', 'uUeGvbZVMcFQ');
INSERT INTO ACCOUNTANT (name, email, password) VALUES ('Shelby Jones', 'agarcia@hotmail.com', 'bphTVvNG');
INSERT INTO PATIENT (name, phone_number, date_of_birth, email, medical_history, room_number, password) VALUES ('Shelby Jones', '8 380 493 8942', '1912-01-24', 'agarcia@hotmail.com', 'Ground attention until.', '826', 'bphTVvNG');
INSERT INTO ACCOUNTANT (name, email, password) VALUES ('Douglas Long', 'samanthacummings@yahoo.com', 'kIQgzBdfQJnEsNh');
INSERT INTO PATIENT (name, phone_number, date_of_birth, email, medical_history, room_number, password) VALUES ('Douglas Long', '+7 362 544 6408', '1942-11-03', 'samanthacummings@yahoo.com', 'Back particular one lead rise.', '479', 'kIQgzBdfQJnEsNh');
INSERT INTO ACCOUNTANT (name, email, password) VALUES ('Matthew Martinez', 'danielcain@hotmail.com', 'twDpovrcp');
INSERT INTO PATIENT (name, phone_number, date_of_birth, email, medical_history, room_number, password) VALUES ('Matthew Martinez', '+7 140 851 18 08', '1995-06-22', 'danielcain@hotmail.com', 'Day industry account out subject Mrs.', '582', 'twDpovrcp');
INSERT INTO ACCOUNTANT (name, email, password) VALUES ('Amanda Torres', 'alexandershepherd@yahoo.com', 'YKbbYdUAkEH');
INSERT INTO PATIENT (name, phone_number, date_of_birth, email, medical_history, room_number, password) VALUES ('Amanda Torres', '+7 737 322 43 36', '1929-08-31', 'alexandershepherd@yahoo.com', 'Lawyer where side write only environmental plant.', '796', 'YKbbYdUAkEH');
INSERT INTO ACCOUNTANT (name, email, password) VALUES ('Amanda Boyd', 'rochamelissa@hotmail.com', 'kAlTNATKkCbTXSF');
INSERT INTO PATIENT (name, phone_number, date_of_birth, email, medical_history, room_number, password) VALUES ('Amanda Boyd', '+7 (792) 686-5632', '1955-10-20', 'rochamelissa@hotmail.com', 'Wind community particular child.', '363', 'kAlTNATKkCbTXSF');
INSERT INTO ACCOUNTANT (name, email, password) VALUES ('Julie Davidson', 'nicole66@gmail.com', 'aLgnvdexYSF');
INSERT INTO PATIENT (name, phone_number, date_of_birth, email, medical_history, room_number, password) VALUES ('Julie Davidson', '+7 081 836 19 95', '1909-03-05', 'nicole66@gmail.com', 'Middle share major all firm million road.', '341', 'aLgnvdexYSF');
INSERT INTO ACCOUNTANT (name, email, password) VALUES ('Caroline Mcconnell', 'christopherphillips@gmail.com', 'hnIFAxBWTpq');
INSERT INTO PATIENT (name, phone_number, date_of_birth, email, medical_history, room_number, password) VALUES ('Caroline Mcconnell', '+72033412459', '1973-02-05', 'christopherphillips@gmail.com', 'Board near value attorney business director.', '735', 'hnIFAxBWTpq');
INSERT INTO ACCOUNTANT (name, email, password) VALUES ('Andrea Townsend', 'beananthony@yahoo.com', 'STgIbTYX');
INSERT INTO PATIENT (name, phone_number, date_of_birth, email, medical_history, room_number, password) VALUES ('Andrea Townsend', '89701586090', '2008-09-23', 'beananthony@yahoo.com', 'Attention run upon better more project agency.', '851', 'STgIbTYX');
INSERT INTO ACCOUNTANT (name, email, password) VALUES ('Natalie Obrien', 'taylorcarol@hotmail.com', 'YcWRVmPTCwWrcjBVNB');
INSERT INTO PATIENT (name, phone_number, date_of_birth, email, medical_history, room_number, password) VALUES ('Natalie Obrien', '+73391357412', '1951-08-21', 'taylorcarol@hotmail.com', 'Pattern guess forget just may the.', '442', 'YcWRVmPTCwWrcjBVNB');
INSERT INTO ACCOUNTANT (name, email, password) VALUES ('Christina Spencer', 'kelseymoore@hotmail.com', 'zRJkvCnBUax');
INSERT INTO PATIENT (name, phone_number, date_of_birth, email, medical_history, room_number, password) VALUES ('Christina Spencer', '8 (217) 271-46-81', '1911-09-12', 'kelseymoore@hotmail.com', 'Remain rich produce for move unit concern.', '952', 'zRJkvCnBUax');
INSERT INTO ACCOUNTANT (name, email, password) VALUES ('Dr. Christopher Johnson', 'jenniferferrell@gmail.com', 'aMWLltzseWw');
INSERT INTO PATIENT (name, phone_number, date_of_birth, email, medical_history, room_number, password) VALUES ('Dr. Christopher Johnson', '+7 (632) 979-36-71', '1929-07-02', 'jenniferferrell@gmail.com', 'Republican shoulder everything important.', '910', 'aMWLltzseWw');
INSERT INTO ACCOUNTANT (name, email, password) VALUES ('Jennifer Rogers', 'maynardjamie@yahoo.com', 'GJEuspvBnjRT');
INSERT INTO PATIENT (name, phone_number, date_of_birth, email, medical_history, room_number, password) VALUES ('Jennifer Rogers', '8 037 537 33 58', '2014-02-06', 'maynardjamie@yahoo.com', 'Section contain view note young from design.', '789', 'GJEuspvBnjRT');
INSERT INTO ACCOUNTANT (name, email, password) VALUES ('John Harper', 'kcook@yahoo.com', 'jlaOctNfWtOXXNpCUrNq');
INSERT INTO PATIENT (name, phone_number, date_of_birth, email, medical_history, room_number, password) VALUES ('John Harper', '+7 (921) 956-83-64', '1934-03-25', 'kcook@yahoo.com', 'Push party including control great boy every.', '475', 'jlaOctNfWtOXXNpCUrNq');
INSERT INTO ACCOUNTANT (name, email, password) VALUES ('Paul Kelley', 'alexandergregory@yahoo.com', 'mVsqSETpyIaCP');
INSERT INTO PATIENT (name, phone_number, date_of_birth, email, medical_history, room_number, password) VALUES ('Paul Kelley', '+7 (615) 636-00-93', '1973-02-27', 'alexandergregory@yahoo.com', 'Type bar indicate.', '854', 'mVsqSETpyIaCP');
INSERT INTO ACCOUNTANT (name, email, password) VALUES ('Amber Maynard', 'leeangela@hotmail.com', 'QfhFJUMsdokZvN');
INSERT INTO PATIENT (name, phone_number, date_of_birth, email, medical_history, room_number, password) VALUES ('Amber Maynard', '8 489 238 26 29', '1912-12-08', 'leeangela@hotmail.com', 'He figure sport cold she although.', '632', 'QfhFJUMsdokZvN');
INSERT INTO ACCOUNTANT (name, email, password) VALUES ('Benjamin Williams', 'moranbradley@yahoo.com', 'VUKRCqjYVxO');
INSERT INTO PATIENT (name, phone_number, date_of_birth, email, medical_history, room_number, password) VALUES ('Benjamin Williams', '89367246850', '1990-12-21', 'moranbradley@yahoo.com', 'Current history various outside.', '521', 'VUKRCqjYVxO');
INSERT INTO ACCOUNTANT (name, email, password) VALUES ('Michael Harris', 'gbennett@gmail.com', 'JiDcjLkYHUfqPBvMoc');
INSERT INTO PATIENT (name, phone_number, date_of_birth, email, medical_history, room_number, password) VALUES ('Michael Harris', '+70608480237', '1975-07-01', 'gbennett@gmail.com', 'Couple understand woman others what.', '105', 'JiDcjLkYHUfqPBvMoc');
INSERT INTO ACCOUNTANT (name, email, password) VALUES ('Kristin Alvarado', 'jerry06@hotmail.com', 'wNtqriSoXaVzO');
INSERT INTO PATIENT (name, phone_number, date_of_birth, email, medical_history, room_number, password) VALUES ('Kristin Alvarado', '+7 (610) 727-84-02', '1983-04-30', 'jerry06@hotmail.com', 'Policy student environmental quite interest.', '719', 'wNtqriSoXaVzO');
INSERT INTO ACCOUNTANT (name, email, password) VALUES ('Linda Mcconnell', 'osolomon@yahoo.com', 'eOpgKtXCEiDy');
INSERT INTO PATIENT (name, phone_number, date_of_birth, email, medical_history, room_number, password) VALUES ('Linda Mcconnell', '8 (779) 250-4209', '1991-02-05', 'osolomon@yahoo.com', 'Security huge stay degree.', '664', 'eOpgKtXCEiDy');
INSERT INTO ACCOUNTANT (name, email, password) VALUES ('Clayton Cline', 'careyemily@gmail.com', 'VrKeDjcGovyOTaovybD');
INSERT INTO PATIENT (name, phone_number, date_of_birth, email, medical_history, room_number, password) VALUES ('Clayton Cline', '80609737981', '1969-09-09', 'careyemily@gmail.com', 'Only knowledge daughter however.', '282', 'VrKeDjcGovyOTaovybD');
INSERT INTO ACCOUNTANT (name, email, password) VALUES ('Alexandra Hunter', 'yclark@yahoo.com', 'kjPZHwSkdQzfPBUQ');
INSERT INTO PATIENT (name, phone_number, date_of_birth, email, medical_history, room_number, password) VALUES ('Alexandra Hunter', '+7 (194) 780-27-07', '2006-08-20', 'yclark@yahoo.com', 'Down deal body room forward decide.', '689', 'kjPZHwSkdQzfPBUQ');
INSERT INTO ACCOUNTANT (name, email, password) VALUES ('Nicholas Thornton', 'hayneslori@hotmail.com', 'xjAQBlpcnsHeJiSbvisD');
INSERT INTO PATIENT (name, phone_number, date_of_birth, email, medical_history, room_number, password) VALUES ('Nicholas Thornton', '+7 (430) 549-52-80', '1996-06-29', 'hayneslori@hotmail.com', 'Prepare list down process with.', '463', 'xjAQBlpcnsHeJiSbvisD');
INSERT INTO ACCOUNTANT (name, email, password) VALUES ('Christopher Wilson', 'coxmatthew@yahoo.com', 'KTOljKKXJqvUXFWVFyw');
INSERT INTO PATIENT (name, phone_number, date_of_birth, email, medical_history, room_number, password) VALUES ('Christopher Wilson', '+7 (687) 210-49-52', '1914-07-29', 'coxmatthew@yahoo.com', 'Must never prove mean occur design join.', '326', 'KTOljKKXJqvUXFWVFyw');
INSERT INTO ACCOUNTANT (name, email, password) VALUES ('Mrs. Ashley Mendoza', 'norrismiguel@hotmail.com', 'mEwUFGruNaoDVMBlppD');
INSERT INTO PATIENT (name, phone_number, date_of_birth, email, medical_history, room_number, password) VALUES ('Mrs. Ashley Mendoza', '+7 (086) 893-3046', '1978-12-25', 'norrismiguel@hotmail.com', 'Concern into cold physical spend.', '943', 'mEwUFGruNaoDVMBlppD');
INSERT INTO ACCOUNTANT (name, email, password) VALUES ('Jeanette Turner', 'barrycharles@gmail.com', 'HEcblAOxJoGIvhLu');
INSERT INTO PATIENT (name, phone_number, date_of_birth, email, medical_history, room_number, password) VALUES ('Jeanette Turner', '+7 (268) 486-9291', '1958-07-27', 'barrycharles@gmail.com', 'Deep language ever bar represent.', '832', 'HEcblAOxJoGIvhLu');
INSERT INTO ACCOUNTANT (name, email, password) VALUES ('Jacob Davis', 'crystalford@gmail.com', 'xhcNoamrqaNZW');
INSERT INTO PATIENT (name, phone_number, date_of_birth, email, medical_history, room_number, password) VALUES ('Jacob Davis', '+7 (560) 392-4728', '1937-10-22', 'crystalford@gmail.com', 'Car never more rise certainly decade.', '943', 'xhcNoamrqaNZW');
INSERT INTO ACCOUNTANT (name, email, password) VALUES ('Jessica Lopez', 'benjaminbaker@yahoo.com', 'cvzeYpPYnYnmjaF');
INSERT INTO PATIENT (name, phone_number, date_of_birth, email, medical_history, room_number, password) VALUES ('Jessica Lopez', '80341477104', '2016-04-24', 'benjaminbaker@yahoo.com', 'White fish generation phone occur behind.', '477', 'cvzeYpPYnYnmjaF');
INSERT INTO ACCOUNTANT (name, email, password) VALUES ('Joshua Brown', 'marshallpamela@hotmail.com', 'RZLXNkwHWMjiwdBeWO');
INSERT INTO PATIENT (name, phone_number, date_of_birth, email, medical_history, room_number, password) VALUES ('Joshua Brown', '+78682564883', '1956-02-10', 'marshallpamela@hotmail.com', 'Continue whom much surface set executive case.', '177', 'RZLXNkwHWMjiwdBeWO');
INSERT INTO ACCOUNTANT (name, email, password) VALUES ('Daniel Guerrero', 'garrett66@hotmail.com', 'xBNbtUbbcqfEXK');
INSERT INTO PATIENT (name, phone_number, date_of_birth, email, medical_history, room_number, password) VALUES ('Daniel Guerrero', '+7 552 881 05 94', '1989-12-07', 'garrett66@hotmail.com', 'Democrat heavy politics action hot out.', '411', 'xBNbtUbbcqfEXK');
INSERT INTO ACCOUNTANT (name, email, password) VALUES ('Emily Young', 'lorireyes@yahoo.com', 'HoNVLeKaIOhnvAqNG');
INSERT INTO PATIENT (name, phone_number, date_of_birth, email, medical_history, room_number, password) VALUES ('Emily Young', '8 (354) 034-47-90', '1996-01-09', 'lorireyes@yahoo.com', 'Watch the father green.', '623', 'HoNVLeKaIOhnvAqNG');
INSERT INTO ACCOUNTANT (name, email, password) VALUES ('Elizabeth Payne', 'todd48@gmail.com', 'HAJaMGUwbBRXPmFxAxe');
INSERT INTO PATIENT (name, phone_number, date_of_birth, email, medical_history, room_number, password) VALUES ('Elizabeth Payne', '8 254 885 01 22', '2003-08-09', 'todd48@gmail.com', 'Break huge clear notice play strategy reason.', '148', 'HAJaMGUwbBRXPmFxAxe');
INSERT INTO ACCOUNTANT (name, email, password) VALUES ('Thomas Matthews', 'isolis@yahoo.com', 'PwqwSPMfIjts');
INSERT INTO PATIENT (name, phone_number, date_of_birth, email, medical_history, room_number, password) VALUES ('Thomas Matthews', '+73570288323', '1958-01-13', 'isolis@yahoo.com', 'Assume hope past ask.', '373', 'PwqwSPMfIjts');
INSERT INTO ACCOUNTANT (name, email, password) VALUES ('Juan Price', 'allisonalvarez@gmail.com', 'UFYHuBtlRVRjXkU');
INSERT INTO PATIENT (name, phone_number, date_of_birth, email, medical_history, room_number, password) VALUES ('Juan Price', '+7 861 792 20 42', '1975-05-21', 'allisonalvarez@gmail.com', 'Time clear stuff.', '963', 'UFYHuBtlRVRjXkU');
INSERT INTO ACCOUNTANT (name, email, password) VALUES ('Isaac Hawkins', 'kcardenas@gmail.com', 'kXHgbIPKdMyCAVQKxA');
INSERT INTO PATIENT (name, phone_number, date_of_birth, email, medical_history, room_number, password) VALUES ('Isaac Hawkins', '+7 (689) 494-0467', '1939-07-29', 'kcardenas@gmail.com', 'Avoid else ask account door.', '456', 'kXHgbIPKdMyCAVQKxA');
INSERT INTO ACCOUNTANT (name, email, password) VALUES ('Julie Bell', 'esullivan@gmail.com', 'vtQHNTonTnfm');
INSERT INTO PATIENT (name, phone_number, date_of_birth, email, medical_history, room_number, password) VALUES ('Julie Bell', '8 866 864 8195', '1945-04-09', 'esullivan@gmail.com', 'Even everybody whole pretty interest.', '224', 'vtQHNTonTnfm');
INSERT INTO ACCOUNTANT (name, email, password) VALUES ('Janice Contreras', 'harrellcory@yahoo.com', 'akzvfBuytuXyEC');
INSERT INTO PATIENT (name, phone_number, date_of_birth, email, medical_history, room_number, password) VALUES ('Janice Contreras', '+7 731 670 6846', '1924-01-03', 'harrellcory@yahoo.com', 'Forget development result moment positive.', '672', 'akzvfBuytuXyEC');
INSERT INTO ACCOUNTANT (name, email, password) VALUES ('Kevin Dean', 'marshallkatrina@yahoo.com', 'aOQZLhRXCvJHZ');
INSERT INTO PATIENT (name, phone_number, date_of_birth, email, medical_history, room_number, password) VALUES ('Kevin Dean', '8 064 588 4594', '1973-07-29', 'marshallkatrina@yahoo.com', 'Special different look north yard.', '192', 'aOQZLhRXCvJHZ');
INSERT INTO ACCOUNTANT (name, email, password) VALUES ('Roberto Olson Jr.', 'andersonmatthew@hotmail.com', 'vGRLzGBcrar');
INSERT INTO PATIENT (name, phone_number, date_of_birth, email, medical_history, room_number, password) VALUES ('Roberto Olson Jr.', '+7 (845) 522-76-53', '1915-06-21', 'andersonmatthew@hotmail.com', 'Relate go remember single method this.', '453', 'vGRLzGBcrar');
INSERT INTO ACCOUNTANT (name, email, password) VALUES ('Carolyn Raymond', 'townsendjohn@hotmail.com', 'lAnkzhqwiI');
INSERT INTO PATIENT (name, phone_number, date_of_birth, email, medical_history, room_number, password) VALUES ('Carolyn Raymond', '+7 653 176 2806', '1904-10-17', 'townsendjohn@hotmail.com', 'Practice response money much.', '820', 'lAnkzhqwiI');
INSERT INTO ACCOUNTANT (name, email, password) VALUES ('Juan Fisher', 'abeck@gmail.com', 'WQyFrdtZcp');
INSERT INTO PATIENT (name, phone_number, date_of_birth, email, medical_history, room_number, password) VALUES ('Juan Fisher', '+7 737 694 6485', '1959-03-10', 'abeck@gmail.com', 'Collection choose will hit.', '174', 'WQyFrdtZcp');
INSERT INTO ACCOUNTANT (name, email, password) VALUES ('Jessica Strickland', 'wrightthomas@yahoo.com', 'pBNyxTLZdRVsxjRiWMp');
INSERT INTO PATIENT (name, phone_number, date_of_birth, email, medical_history, room_number, password) VALUES ('Jessica Strickland', '+7 (651) 361-7088', '1919-03-28', 'wrightthomas@yahoo.com', 'With fast south focus land occur.', '276', 'pBNyxTLZdRVsxjRiWMp');
INSERT INTO ACCOUNTANT (name, email, password) VALUES ('Alan Robinson', 'woodardgregory@hotmail.com', 'BckdWofMO');
INSERT INTO PATIENT (name, phone_number, date_of_birth, email, medical_history, room_number, password) VALUES ('Alan Robinson', '+7 (998) 194-4191', '2009-02-04', 'woodardgregory@hotmail.com', 'Note exist both exist.', '102', 'BckdWofMO');
INSERT INTO ACCOUNTANT (name, email, password) VALUES ('Gerald Weaver', 'alexisanderson@gmail.com', 'XekEOaxoGZVbc');
INSERT INTO PATIENT (name, phone_number, date_of_birth, email, medical_history, room_number, password) VALUES ('Gerald Weaver', '+7 (625) 886-2275', '1995-12-28', 'alexisanderson@gmail.com', 'Against never respond garden in history.', '355', 'XekEOaxoGZVbc');
INSERT INTO ACCOUNTANT (name, email, password) VALUES ('Patricia Friedman', 'uwalker@hotmail.com', 'nolCriighpkMirKbVQA');
INSERT INTO PATIENT (name, phone_number, date_of_birth, email, medical_history, room_number, password) VALUES ('Patricia Friedman', '8 (313) 069-27-28', '1932-10-22', 'uwalker@hotmail.com', 'Live weight hard order save provide.', '64', 'nolCriighpkMirKbVQA');
INSERT INTO ACCOUNTANT (name, email, password) VALUES ('James Johnson', 'hooverdavid@hotmail.com', 'IYeaBWdxR');
INSERT INTO PATIENT (name, phone_number, date_of_birth, email, medical_history, room_number, password) VALUES ('James Johnson', '+7 (079) 233-4489', '1943-01-05', 'hooverdavid@hotmail.com', 'Hospital energy increase difference available.', '235', 'IYeaBWdxR');
INSERT INTO ACCOUNTANT (name, email, password) VALUES ('Emily Lee', 'qfrench@hotmail.com', 'mZiUeGArWmrdIfssik');
INSERT INTO PATIENT (name, phone_number, date_of_birth, email, medical_history, room_number, password) VALUES ('Emily Lee', '+77207036608', '1957-02-28', 'qfrench@hotmail.com', 'Who red involve only family support knowledge.', '151', 'mZiUeGArWmrdIfssik');
INSERT INTO ACCOUNTANT (name, email, password) VALUES ('Vanessa Warner', 'perrybetty@yahoo.com', 'vFnzSZJeVvXPCLcYnYO');
INSERT INTO PATIENT (name, phone_number, date_of_birth, email, medical_history, room_number, password) VALUES ('Vanessa Warner', '8 172 162 1000', '2019-09-27', 'perrybetty@yahoo.com', 'Young recent technology action cover could.', '409', 'vFnzSZJeVvXPCLcYnYO');
INSERT INTO ACCOUNTANT (name, email, password) VALUES ('Catherine Crawford', 'jnorton@yahoo.com', 'NZQhPaPLfHj');
INSERT INTO PATIENT (name, phone_number, date_of_birth, email, medical_history, room_number, password) VALUES ('Catherine Crawford', '+7 218 308 81 35', '1919-04-20', 'jnorton@yahoo.com', 'Get south music part imagine south.', '645', 'NZQhPaPLfHj');
INSERT INTO ACCOUNTANT (name, email, password) VALUES ('Theresa Choi', 'lauriecarrillo@hotmail.com', 'ZbYwpScVllbHjqGAX');
INSERT INTO PATIENT (name, phone_number, date_of_birth, email, medical_history, room_number, password) VALUES ('Theresa Choi', '+73545643600', '1965-10-30', 'lauriecarrillo@hotmail.com', 'Force second artist hit especially pattern.', '505', 'ZbYwpScVllbHjqGAX');
INSERT INTO ACCOUNTANT (name, email, password) VALUES ('Rodney Yang', 'pinedakatie@yahoo.com', 'fYMgrDGVcVKaBANnqrzL');
INSERT INTO PATIENT (name, phone_number, date_of_birth, email, medical_history, room_number, password) VALUES ('Rodney Yang', '8 240 689 43 46', '1987-06-20', 'pinedakatie@yahoo.com', 'Simply recent per head.', '303', 'fYMgrDGVcVKaBANnqrzL');
INSERT INTO ACCOUNTANT (name, email, password) VALUES ('Andre Reed', 'christinekelly@yahoo.com', 'SInRFIXNfB');
INSERT INTO PATIENT (name, phone_number, date_of_birth, email, medical_history, room_number, password) VALUES ('Andre Reed', '+7 (513) 799-7436', '2007-12-16', 'christinekelly@yahoo.com', 'World door detail lose.', '991', 'SInRFIXNfB');
INSERT INTO ACCOUNTANT (name, email, password) VALUES ('Cheryl Jackson', 'nicole95@gmail.com', 'QkaiqhCewQNkqbKqvBg');
INSERT INTO PATIENT (name, phone_number, date_of_birth, email, medical_history, room_number, password) VALUES ('Cheryl Jackson', '+7 (312) 909-5701', '2015-07-17', 'nicole95@gmail.com', 'View parent simply give car hold.', '632', 'QkaiqhCewQNkqbKqvBg');
INSERT INTO ACCOUNTANT (name, email, password) VALUES ('Bianca Riley PhD', 'jonathanbrown@hotmail.com', 'VSNOietMyolQOcO');
INSERT INTO PATIENT (name, phone_number, date_of_birth, email, medical_history, room_number, password) VALUES ('Bianca Riley PhD', '8 104 028 0348', '1918-02-14', 'jonathanbrown@hotmail.com', 'Yourself draw better threat mention.', '10', 'VSNOietMyolQOcO');
INSERT INTO ACCOUNTANT (name, email, password) VALUES ('Sandra Flores', 'pchung@hotmail.com', 'soxPDgfOPDjmdS');
INSERT INTO PATIENT (name, phone_number, date_of_birth, email, medical_history, room_number, password) VALUES ('Sandra Flores', '+7 (669) 187-0988', '2011-12-27', 'pchung@hotmail.com', 'Education speak foot movie interesting.', '430', 'soxPDgfOPDjmdS');
INSERT INTO ACCOUNTANT (name, email, password) VALUES ('Jennifer Martin', 'bryanpatterson@gmail.com', 'ZfTmapiSWK');
INSERT INTO PATIENT (name, phone_number, date_of_birth, email, medical_history, room_number, password) VALUES ('Jennifer Martin', '+7 707 809 07 85', '1931-05-27', 'bryanpatterson@gmail.com', 'Down dinner by myself book. Model off he.', '558', 'ZfTmapiSWK');
INSERT INTO ACCOUNTANT (name, email, password) VALUES ('Elizabeth Young', 'farrelltonya@gmail.com', 'fLfOWBjWVfVPx');
INSERT INTO PATIENT (name, phone_number, date_of_birth, email, medical_history, room_number, password) VALUES ('Elizabeth Young', '8 (497) 042-56-17', '2006-11-01', 'farrelltonya@gmail.com', 'Cultural their feeling.', '937', 'fLfOWBjWVfVPx');
INSERT INTO ACCOUNTANT (name, email, password) VALUES ('Kyle Long', 'karen05@yahoo.com', 'BhfYHlhEKNUGpU');
INSERT INTO PATIENT (name, phone_number, date_of_birth, email, medical_history, room_number, password) VALUES ('Kyle Long', '+78971305926', '1978-12-05', 'karen05@yahoo.com', 'Fall listen thus law since.', '905', 'BhfYHlhEKNUGpU');
INSERT INTO ACCOUNTANT (name, email, password) VALUES ('Ashley Bailey', 'matthew17@yahoo.com', 'rqcDwaMvIUXcqeYk');
INSERT INTO PATIENT (name, phone_number, date_of_birth, email, medical_history, room_number, password) VALUES ('Ashley Bailey', '81644334922', '2001-12-03', 'matthew17@yahoo.com', 'Star top word remember. Few long bit situation.', '492', 'rqcDwaMvIUXcqeYk');
INSERT INTO ACCOUNTANT (name, email, password) VALUES ('Erik Rodriguez', 'michellecantrell@gmail.com', 'tQMawEzRf');
INSERT INTO PATIENT (name, phone_number, date_of_birth, email, medical_history, room_number, password) VALUES ('Erik Rodriguez', '8 283 044 03 21', '1981-11-29', 'michellecantrell@gmail.com', 'Check people kind.', '607', 'tQMawEzRf');
INSERT INTO ACCOUNTANT (name, email, password) VALUES ('Nancy Castillo', 'jerry77@hotmail.com', 'glVypHJvCUZoiH');
INSERT INTO PATIENT (name, phone_number, date_of_birth, email, medical_history, room_number, password) VALUES ('Nancy Castillo', '8 766 509 61 32', '1990-03-13', 'jerry77@hotmail.com', 'Price I relate above.', '388', 'glVypHJvCUZoiH');
INSERT INTO ACCOUNTANT (name, email, password) VALUES ('Cindy Williams', 'vwhite@gmail.com', 'hKbsDDQi');
INSERT INTO PATIENT (name, phone_number, date_of_birth, email, medical_history, room_number, password) VALUES ('Cindy Williams', '+7 (109) 939-88-68', '1947-02-17', 'vwhite@gmail.com', 'Someone rule Congress woman. A travel notice.', '870', 'hKbsDDQi');
INSERT INTO ACCOUNTANT (name, email, password) VALUES ('Darren Hill II', 'samantha07@yahoo.com', 'BeyGnkheFbYHYPJq');
INSERT INTO PATIENT (name, phone_number, date_of_birth, email, medical_history, room_number, password) VALUES ('Darren Hill II', '+7 (539) 163-97-11', '2019-09-16', 'samantha07@yahoo.com', 'Else relate spend budget book.', '448', 'BeyGnkheFbYHYPJq');
INSERT INTO ACCOUNTANT (name, email, password) VALUES ('Carol Reyes', 'martinezzachary@hotmail.com', 'uanlQXdYemKP');
INSERT INTO PATIENT (name, phone_number, date_of_birth, email, medical_history, room_number, password) VALUES ('Carol Reyes', '+7 192 380 87 20', '1950-01-25', 'martinezzachary@hotmail.com', 'Magazine goal check who. Ever until risk.', '267', 'uanlQXdYemKP');
INSERT INTO ACCOUNTANT (name, email, password) VALUES ('Audrey Mercado', 'jesse30@gmail.com', 'nEXBvkSQcDHaZMupB');
INSERT INTO PATIENT (name, phone_number, date_of_birth, email, medical_history, room_number, password) VALUES ('Audrey Mercado', '+7 (326) 064-90-64', '1991-08-03', 'jesse30@gmail.com', 'Agree avoid finish price take force.', '457', 'nEXBvkSQcDHaZMupB');
INSERT INTO ACCOUNTANT (name, email, password) VALUES ('Jared Greer', 'amanda50@hotmail.com', 'aOIMmbEJfU');
INSERT INTO PATIENT (name, phone_number, date_of_birth, email, medical_history, room_number, password) VALUES ('Jared Greer', '+72088332139', '2009-02-19', 'amanda50@hotmail.com', 'Necessary include mean material.', '583', 'aOIMmbEJfU');
INSERT INTO ACCOUNTANT (name, email, password) VALUES ('Kimberly Macdonald', 'bianca26@gmail.com', 'dnSvMZDsud');
INSERT INTO PATIENT (name, phone_number, date_of_birth, email, medical_history, room_number, password) VALUES ('Kimberly Macdonald', '+72151158447', '2010-07-18', 'bianca26@gmail.com', 'Indeed hold tree must.', '898', 'dnSvMZDsud');
INSERT INTO ACCOUNTANT (name, email, password) VALUES ('Manuel Baker', 'allisonmccullough@hotmail.com', 'NtLvJeBIzbAMohL');
INSERT INTO PATIENT (name, phone_number, date_of_birth, email, medical_history, room_number, password) VALUES ('Manuel Baker', '+7 938 398 8608', '1908-09-12', 'allisonmccullough@hotmail.com', 'Everything enough recognize ten.', '400', 'NtLvJeBIzbAMohL');
INSERT INTO ACCOUNTANT (name, email, password) VALUES ('Dr. Susan Manning', 'faith80@gmail.com', 'COSinRXjJiGqPj');
INSERT INTO PATIENT (name, phone_number, date_of_birth, email, medical_history, room_number, password) VALUES ('Dr. Susan Manning', '83563446207', '1991-03-15', 'faith80@gmail.com', 'Both sport family east.', '912', 'COSinRXjJiGqPj');
INSERT INTO ACCOUNTANT (name, email, password) VALUES ('Brian Byrd', 'erin44@yahoo.com', 'ZbywRllusm');
INSERT INTO PATIENT (name, phone_number, date_of_birth, email, medical_history, room_number, password) VALUES ('Brian Byrd', '+71830166971', '1955-12-13', 'erin44@yahoo.com', 'Together service professor area.', '699', 'ZbywRllusm');
INSERT INTO ACCOUNTANT (name, email, password) VALUES ('Destiny Mcgee', 'danielmegan@yahoo.com', 'UjCMtfdsTeMYsJzB');
INSERT INTO PATIENT (name, phone_number, date_of_birth, email, medical_history, room_number, password) VALUES ('Destiny Mcgee', '8 564 682 54 10', '1985-08-26', 'danielmegan@yahoo.com', 'Sure none rest eat candidate chance boy market.', '139', 'UjCMtfdsTeMYsJzB');
INSERT INTO ACCOUNTANT (name, email, password) VALUES ('Tara Hartman', 'schmidtwilliam@hotmail.com', 'sVVyOtdSHt');
INSERT INTO PATIENT (name, phone_number, date_of_birth, email, medical_history, room_number, password) VALUES ('Tara Hartman', '8 (045) 928-59-74', '2015-09-29', 'schmidtwilliam@hotmail.com', 'Sing her save she young plan. School firm order.', '234', 'sVVyOtdSHt');
INSERT INTO ACCOUNTANT (name, email, password) VALUES ('Amy Gill', 'stevensmith@gmail.com', 'GexUYUOJzJXv');
INSERT INTO PATIENT (name, phone_number, date_of_birth, email, medical_history, room_number, password) VALUES ('Amy Gill', '+7 157 197 0780', '1905-11-11', 'stevensmith@gmail.com', 'Around seat himself PM.', '837', 'GexUYUOJzJXv');
INSERT INTO ACCOUNTANT (name, email, password) VALUES ('Debbie Jimenez', 'howardlopez@gmail.com', 'TLqxWvhcIzbqIpnOiOn');
INSERT INTO PATIENT (name, phone_number, date_of_birth, email, medical_history, room_number, password) VALUES ('Debbie Jimenez', '8 (370) 155-03-93', '1967-08-30', 'howardlopez@gmail.com', 'Property of trouble letter.', '848', 'TLqxWvhcIzbqIpnOiOn');
INSERT INTO ACCOUNTANT (name, email, password) VALUES ('Brian Case', 'mcguirejose@yahoo.com', 'FUWPLqLuzqlZkkyH');
INSERT INTO PATIENT (name, phone_number, date_of_birth, email, medical_history, room_number, password) VALUES ('Brian Case', '8 (510) 021-7743', '1999-01-21', 'mcguirejose@yahoo.com', 'While economy safe employee just force of.', '481', 'FUWPLqLuzqlZkkyH');
INSERT INTO ACCOUNTANT (name, email, password) VALUES ('Gary Baker', 'smithmichelle@gmail.com', 'kaBYvZMW');
INSERT INTO PATIENT (name, phone_number, date_of_birth, email, medical_history, room_number, password) VALUES ('Gary Baker', '88455141919', '1976-12-09', 'smithmichelle@gmail.com', 'Try despite change hotel set affect.', '358', 'kaBYvZMW');
INSERT INTO ACCOUNTANT (name, email, password) VALUES ('Michael Hopkins', 'howelljeffrey@gmail.com', 'CCYuhaFepLljoRsXI');
INSERT INTO PATIENT (name, phone_number, date_of_birth, email, medical_history, room_number, password) VALUES ('Michael Hopkins', '+7 417 783 2144', '1923-07-08', 'howelljeffrey@gmail.com', 'From less wrong may.', '626', 'CCYuhaFepLljoRsXI');
INSERT INTO ACCOUNTANT (name, email, password) VALUES ('Matthew Parsons', 'hannah86@gmail.com', 'uDppTFSA');
INSERT INTO PATIENT (name, phone_number, date_of_birth, email, medical_history, room_number, password) VALUES ('Matthew Parsons', '+7 (247) 020-0578', '1991-06-02', 'hannah86@gmail.com', 'Someone six very.', '663', 'uDppTFSA');
INSERT INTO ACCOUNTANT (name, email, password) VALUES ('Pamela Fleming', 'jamie28@hotmail.com', 'zsXMNsOm');
INSERT INTO PATIENT (name, phone_number, date_of_birth, email, medical_history, room_number, password) VALUES ('Pamela Fleming', '+7 717 757 5326', '2001-02-21', 'jamie28@hotmail.com', 'Point defense name arm baby quite character.', '971', 'zsXMNsOm');
INSERT INTO ACCOUNTANT (name, email, password) VALUES ('Jaime Powell', 'miranda39@yahoo.com', 'xbSEPbSwhqrnXf');
INSERT INTO PATIENT (name, phone_number, date_of_birth, email, medical_history, room_number, password) VALUES ('Jaime Powell', '8 487 445 9370', '2005-12-01', 'miranda39@yahoo.com', 'Another food visit within.', '451', 'xbSEPbSwhqrnXf');
INSERT INTO ACCOUNTANT (name, email, password) VALUES ('Allen Reyes', 'reynoldspatrick@gmail.com', 'cbifyRSLRYrUDFPdmQ');
INSERT INTO PATIENT (name, phone_number, date_of_birth, email, medical_history, room_number, password) VALUES ('Allen Reyes', '+7 (013) 481-64-03', '1982-06-21', 'reynoldspatrick@gmail.com', 'Market truth message many.', '447', 'cbifyRSLRYrUDFPdmQ');
INSERT INTO ACCOUNTANT (name, email, password) VALUES ('Lauren Glenn', 'singhphyllis@gmail.com', 'BuTxCtiDHKKgJU');
INSERT INTO PATIENT (name, phone_number, date_of_birth, email, medical_history, room_number, password) VALUES ('Lauren Glenn', '8 161 853 12 04', '1976-06-30', 'singhphyllis@gmail.com', 'Least reveal see between difference thus.', '162', 'BuTxCtiDHKKgJU');
INSERT INTO ACCOUNTANT (name, email, password) VALUES ('Jessica Small', 'robinjordan@gmail.com', 'mOMmhVkuqsQahwIIuLN');
INSERT INTO PATIENT (name, phone_number, date_of_birth, email, medical_history, room_number, password) VALUES ('Jessica Small', '8 558 339 37 48', '1978-02-26', 'robinjordan@gmail.com', 'Move staff trip share director fill whose.', '103', 'mOMmhVkuqsQahwIIuLN');
INSERT INTO ACCOUNTANT (name, email, password) VALUES ('Sara Jimenez', 'fsmith@hotmail.com', 'sskVxfswWKiNbJ');
INSERT INTO PATIENT (name, phone_number, date_of_birth, email, medical_history, room_number, password) VALUES ('Sara Jimenez', '80624878187', '1936-06-18', 'fsmith@hotmail.com', 'Director into recent call while think task.', '165', 'sskVxfswWKiNbJ');
INSERT INTO ACCOUNTANT (name, email, password) VALUES ('Steven Williams', 'marywhite@yahoo.com', 'spaiFtGSGgDxPVEk');
INSERT INTO PATIENT (name, phone_number, date_of_birth, email, medical_history, room_number, password) VALUES ('Steven Williams', '8 825 799 3010', '1961-12-19', 'marywhite@yahoo.com', 'Organization number inside often establish film.', '921', 'spaiFtGSGgDxPVEk');
INSERT INTO ACCOUNTANT (name, email, password) VALUES ('Amber Fuller', 'mckeemichael@gmail.com', 'aOZumYIUz');
INSERT INTO PATIENT (name, phone_number, date_of_birth, email, medical_history, room_number, password) VALUES ('Amber Fuller', '+73583264888', '2000-05-16', 'mckeemichael@gmail.com', 'Value teach model many try key from.', '625', 'aOZumYIUz');
INSERT INTO ACCOUNTANT (name, email, password) VALUES ('Paul Herrera', 'sonya81@yahoo.com', 'VouogVQyfhfcbabdtey');
INSERT INTO PATIENT (name, phone_number, date_of_birth, email, medical_history, room_number, password) VALUES ('Paul Herrera', '8 (060) 928-82-73', '1979-01-03', 'sonya81@yahoo.com', 'Half as either happy against.', '22', 'VouogVQyfhfcbabdtey');
INSERT INTO ACCOUNTANT (name, email, password) VALUES ('Andrew Strong', 'haley86@hotmail.com', 'pLnEEBVLEID');
INSERT INTO PATIENT (name, phone_number, date_of_birth, email, medical_history, room_number, password) VALUES ('Andrew Strong', '+7 (225) 995-5400', '1960-11-10', 'haley86@hotmail.com', 'City language office model when start where.', '865', 'pLnEEBVLEID');
INSERT INTO ACCOUNTANT (name, email, password) VALUES ('Sheryl Shannon', 'ehall@hotmail.com', 'iZuUxBCMtgnsBDpHecii');
INSERT INTO PATIENT (name, phone_number, date_of_birth, email, medical_history, room_number, password) VALUES ('Sheryl Shannon', '+7 406 434 20 06', '1939-10-04', 'ehall@hotmail.com', 'Lot new yard item list sure open.', '103', 'iZuUxBCMtgnsBDpHecii');
INSERT INTO ACCOUNTANT (name, email, password) VALUES ('Kurt Barber', 'alejandro00@gmail.com', 'uwNOiluxpQcGOaOkSbg');
INSERT INTO PATIENT (name, phone_number, date_of_birth, email, medical_history, room_number, password) VALUES ('Kurt Barber', '+7 (250) 440-1522', '2015-05-23', 'alejandro00@gmail.com', 'Foot else program move change.', '531', 'uwNOiluxpQcGOaOkSbg');
INSERT INTO ACCOUNTANT (name, email, password) VALUES ('Christopher Turner', 'tiffany19@yahoo.com', 'XnGJlrceus');
INSERT INTO PATIENT (name, phone_number, date_of_birth, email, medical_history, room_number, password) VALUES ('Christopher Turner', '+7 (846) 509-81-72', '1987-10-24', 'tiffany19@yahoo.com', 'Office career land draw beyond.', '414', 'XnGJlrceus');
INSERT INTO ACCOUNTANT (name, email, password) VALUES ('Stephen Owens', 'kdean@gmail.com', 'SlXinlJbetRD');
INSERT INTO PATIENT (name, phone_number, date_of_birth, email, medical_history, room_number, password) VALUES ('Stephen Owens', '+7 857 995 45 94', '1969-04-25', 'kdean@gmail.com', 'Apply chance economy nation though.', '91', 'SlXinlJbetRD');
INSERT INTO ACCOUNTANT (name, email, password) VALUES ('Dr. Marie Rose', 'kellycynthia@hotmail.com', 'oUKFUghiXXWjH');
INSERT INTO PATIENT (name, phone_number, date_of_birth, email, medical_history, room_number, password) VALUES ('Dr. Marie Rose', '+7 (813) 030-86-11', '1980-06-17', 'kellycynthia@hotmail.com', 'Short risk grow realize school and.', '121', 'oUKFUghiXXWjH');
INSERT INTO ACCOUNTANT (name, email, password) VALUES ('Stacy Martinez', 'markwilliams@yahoo.com', 'TJKkTDgwhAiwLvstA');
INSERT INTO PATIENT (name, phone_number, date_of_birth, email, medical_history, room_number, password) VALUES ('Stacy Martinez', '+7 153 233 1162', '1908-12-31', 'markwilliams@yahoo.com', 'Special maybe include party.', '186', 'TJKkTDgwhAiwLvstA');
INSERT INTO ACCOUNTANT (name, email, password) VALUES ('Jeremy Vaughan', 'ryan11@hotmail.com', 'etHfbCmYICVVoCMFQQHW');
INSERT INTO PATIENT (name, phone_number, date_of_birth, email, medical_history, room_number, password) VALUES ('Jeremy Vaughan', '+7 (252) 458-7288', '1949-07-03', 'ryan11@hotmail.com', 'Adult front individual.', '393', 'etHfbCmYICVVoCMFQQHW');
INSERT INTO ACCOUNTANT (name, email, password) VALUES ('Susan Bruce', 'uanderson@hotmail.com', 'iKZnQzeOTbKknhpLZNM');
INSERT INTO PATIENT (name, phone_number, date_of_birth, email, medical_history, room_number, password) VALUES ('Susan Bruce', '8 388 902 1513', '1956-10-20', 'uanderson@hotmail.com', 'Live tonight if message change top.', '133', 'iKZnQzeOTbKknhpLZNM');
INSERT INTO ACCOUNTANT (name, email, password) VALUES ('David Marshall', 'iharrington@gmail.com', 'CKFiqwAqOapjafV');
INSERT INTO PATIENT (name, phone_number, date_of_birth, email, medical_history, room_number, password) VALUES ('David Marshall', '+7 903 194 90 12', '1950-12-16', 'iharrington@gmail.com', 'Least risk write decide.', '480', 'CKFiqwAqOapjafV');
INSERT INTO ACCOUNTANT (name, email, password) VALUES ('William Wells', 'haneyfrank@yahoo.com', 'zFPOqryQsceWZpDoZ');
INSERT INTO PATIENT (name, phone_number, date_of_birth, email, medical_history, room_number, password) VALUES ('William Wells', '+75406009792', '1922-06-08', 'haneyfrank@yahoo.com', 'Fast new skill Mr statement.', '333', 'zFPOqryQsceWZpDoZ');
INSERT INTO ACCOUNTANT (name, email, password) VALUES ('Rachel Torres', 'jeffrey14@gmail.com', 'aGYWFqFTbuQdAMYd');
INSERT INTO PATIENT (name, phone_number, date_of_birth, email, medical_history, room_number, password) VALUES ('Rachel Torres', '+7 (131) 291-4384', '1939-02-08', 'jeffrey14@gmail.com', 'Painting place a rule start prevent apply.', '75', 'aGYWFqFTbuQdAMYd');
INSERT INTO ACCOUNTANT (name, email, password) VALUES ('Scott Friedman', 'danielhanson@yahoo.com', 'RyQssVTdNPbMAtcXT');
INSERT INTO PATIENT (name, phone_number, date_of_birth, email, medical_history, room_number, password) VALUES ('Scott Friedman', '+7 656 262 40 74', '1982-06-17', 'danielhanson@yahoo.com', 'Process into billion themselves.', '929', 'RyQssVTdNPbMAtcXT');
INSERT INTO ACCOUNTANT (name, email, password) VALUES ('Shannon Olson', 'brownmario@hotmail.com', 'aowMHYqd');
INSERT INTO PATIENT (name, phone_number, date_of_birth, email, medical_history, room_number, password) VALUES ('Shannon Olson', '+7 875 595 16 92', '1970-07-31', 'brownmario@hotmail.com', 'System method area design send.', '688', 'aowMHYqd');
INSERT INTO ACCOUNTANT (name, email, password) VALUES ('Craig Mills', 'kevin93@gmail.com', 'HSTfeaRU');
INSERT INTO PATIENT (name, phone_number, date_of_birth, email, medical_history, room_number, password) VALUES ('Craig Mills', '+7 (175) 915-49-68', '1958-07-07', 'kevin93@gmail.com', 'Item significant several while.', '50', 'HSTfeaRU');
INSERT INTO ACCOUNTANT (name, email, password) VALUES ('Jeff Freeman', 'xarmstrong@yahoo.com', 'UrBzeOdftmeTsJkAoh');
INSERT INTO PATIENT (name, phone_number, date_of_birth, email, medical_history, room_number, password) VALUES ('Jeff Freeman', '+77139604369', '1956-11-03', 'xarmstrong@yahoo.com', 'Land our call power need crime bar yourself.', '300', 'UrBzeOdftmeTsJkAoh');
INSERT INTO ACCOUNTANT (name, email, password) VALUES ('Pamela Cross', 'williamsummers@gmail.com', 'HzzBMntNAl');
INSERT INTO PATIENT (name, phone_number, date_of_birth, email, medical_history, room_number, password) VALUES ('Pamela Cross', '8 (785) 494-12-11', '1918-07-05', 'williamsummers@gmail.com', 'Service market standard beat.', '614', 'HzzBMntNAl');
INSERT INTO ACCOUNTANT (name, email, password) VALUES ('Natasha Harris', 'uwalker@yahoo.com', 'svbBjDiXuR');
INSERT INTO PATIENT (name, phone_number, date_of_birth, email, medical_history, room_number, password) VALUES ('Natasha Harris', '8 985 789 16 50', '1989-03-27', 'uwalker@yahoo.com', 'Film mean prepare situation could produce rule.', '934', 'svbBjDiXuR');
INSERT INTO ACCOUNTANT (name, email, password) VALUES ('Jeffery Adams', 'matthewwalker@gmail.com', 'WOSjGuuqNBz');
INSERT INTO PATIENT (name, phone_number, date_of_birth, email, medical_history, room_number, password) VALUES ('Jeffery Adams', '8 (618) 074-15-00', '1919-07-16', 'matthewwalker@gmail.com', 'Second clearly long may set through.', '852', 'WOSjGuuqNBz');
INSERT INTO ACCOUNTANT (name, email, password) VALUES ('Charles Tyler', 'smithbradley@gmail.com', 'WnMBBjXbikneYggZpDo');
INSERT INTO PATIENT (name, phone_number, date_of_birth, email, medical_history, room_number, password) VALUES ('Charles Tyler', '+7 389 501 50 49', '1960-09-21', 'smithbradley@gmail.com', 'Reality inside economy fund series wrong.', '528', 'WnMBBjXbikneYggZpDo');
INSERT INTO ACCOUNTANT (name, email, password) VALUES ('Carolyn Cook', 'hfuller@gmail.com', 'LaPqIKOtHAPvfIm');
INSERT INTO PATIENT (name, phone_number, date_of_birth, email, medical_history, room_number, password) VALUES ('Carolyn Cook', '+7 (166) 001-3607', '1932-03-13', 'hfuller@gmail.com', 'Machine suggest full early without south force.', '147', 'LaPqIKOtHAPvfIm');
INSERT INTO ACCOUNTANT (name, email, password) VALUES ('Jennifer Kane', 'bryantisaac@gmail.com', 'dhjxDusVxugdIjzLNm');
INSERT INTO PATIENT (name, phone_number, date_of_birth, email, medical_history, room_number, password) VALUES ('Jennifer Kane', '82342052221', '1983-04-03', 'bryantisaac@gmail.com', 'Against nothing join after ask language.', '804', 'dhjxDusVxugdIjzLNm');
INSERT INTO ACCOUNTANT (name, email, password) VALUES ('Peter Newman', 'shannondaniel@hotmail.com', 'LWxWNecUvz');
INSERT INTO PATIENT (name, phone_number, date_of_birth, email, medical_history, room_number, password) VALUES ('Peter Newman', '+7 225 440 14 74', '1978-01-19', 'shannondaniel@hotmail.com', 'Toward a fish possible.', '479', 'LWxWNecUvz');
INSERT INTO ACCOUNTANT (name, email, password) VALUES ('Andrew Gonzalez', 'ricardoclarke@yahoo.com', 'ReANgEiSgTqPW');
INSERT INTO PATIENT (name, phone_number, date_of_birth, email, medical_history, room_number, password) VALUES ('Andrew Gonzalez', '+7 501 435 54 43', '1981-07-21', 'ricardoclarke@yahoo.com', 'Site establish party year factor lawyer sport.', '489', 'ReANgEiSgTqPW');
INSERT INTO ACCOUNTANT (name, email, password) VALUES ('Daniel Henderson', 'bradparker@yahoo.com', 'vmizAJCnTkBvQhMJVjQ');
INSERT INTO PATIENT (name, phone_number, date_of_birth, email, medical_history, room_number, password) VALUES ('Daniel Henderson', '8 (390) 427-9807', '1927-04-25', 'bradparker@yahoo.com', 'Activity character ago candidate remain.', '912', 'vmizAJCnTkBvQhMJVjQ');
INSERT INTO ACCOUNTANT (name, email, password) VALUES ('Alexis Hernandez', 'welchjonathan@hotmail.com', 'iCSnaBmZRMEpUOoJg');
INSERT INTO PATIENT (name, phone_number, date_of_birth, email, medical_history, room_number, password) VALUES ('Alexis Hernandez', '8 (275) 531-75-39', '1963-07-11', 'welchjonathan@hotmail.com', 'Energy myself instead successful.', '50', 'iCSnaBmZRMEpUOoJg');
INSERT INTO ACCOUNTANT (name, email, password) VALUES ('Vincent Harper', 'jwilliams@yahoo.com', 'ldbZDSLkdpUYfQsG');
INSERT INTO PATIENT (name, phone_number, date_of_birth, email, medical_history, room_number, password) VALUES ('Vincent Harper', '8 992 901 1051', '1974-06-20', 'jwilliams@yahoo.com', 'Question according individual heart sign quite.', '69', 'ldbZDSLkdpUYfQsG');
INSERT INTO ACCOUNTANT (name, email, password) VALUES ('Jorge Oneill', 'ybennett@yahoo.com', 'nrAvspNRc');
INSERT INTO PATIENT (name, phone_number, date_of_birth, email, medical_history, room_number, password) VALUES ('Jorge Oneill', '+7 293 280 62 35', '2010-04-22', 'ybennett@yahoo.com', 'Hospital likely hope month treatment education.', '64', 'nrAvspNRc');
INSERT INTO ACCOUNTANT (name, email, password) VALUES ('Laura Taylor DVM', 'florestracy@gmail.com', 'wthTZLxWqH');
INSERT INTO PATIENT (name, phone_number, date_of_birth, email, medical_history, room_number, password) VALUES ('Laura Taylor DVM', '83026861982', '1962-06-16', 'florestracy@gmail.com', 'Contain control put push away trade size yeah.', '696', 'wthTZLxWqH');
INSERT INTO ACCOUNTANT (name, email, password) VALUES ('Margaret Long', 'cuevasmegan@hotmail.com', 'cnfFDfZnl');
INSERT INTO PATIENT (name, phone_number, date_of_birth, email, medical_history, room_number, password) VALUES ('Margaret Long', '+77144065296', '1923-08-05', 'cuevasmegan@hotmail.com', 'Lead he western win them.', '115', 'cnfFDfZnl');
INSERT INTO ACCOUNTANT (name, email, password) VALUES ('Lisa Chang', 'obishop@gmail.com', 'qOEdNjmcKsdpkpXgDCl');
INSERT INTO PATIENT (name, phone_number, date_of_birth, email, medical_history, room_number, password) VALUES ('Lisa Chang', '+7 388 230 39 27', '1975-07-24', 'obishop@gmail.com', 'Hope kid bill share stand product.', '897', 'qOEdNjmcKsdpkpXgDCl');
INSERT INTO ACCOUNTANT (name, email, password) VALUES ('Teresa Sanchez', 'everettrobert@hotmail.com', 'GXFDcvQJrhl');
INSERT INTO PATIENT (name, phone_number, date_of_birth, email, medical_history, room_number, password) VALUES ('Teresa Sanchez', '8 837 515 0845', '2012-04-19', 'everettrobert@hotmail.com', 'Increase central establish history.', '29', 'GXFDcvQJrhl');
INSERT INTO ACCOUNTANT (name, email, password) VALUES ('Allison Thompson', 'richard11@gmail.com', 'MvfsvkWWzNehcjd');
INSERT INTO PATIENT (name, phone_number, date_of_birth, email, medical_history, room_number, password) VALUES ('Allison Thompson', '8 381 036 1560', '1992-05-16', 'richard11@gmail.com', 'Relate within one sign small cut fact.', '877', 'MvfsvkWWzNehcjd');
INSERT INTO ACCOUNTANT (name, email, password) VALUES ('Amy Mcdonald', 'michellegarcia@yahoo.com', 'EwEDRSTkGMMvu');
INSERT INTO PATIENT (name, phone_number, date_of_birth, email, medical_history, room_number, password) VALUES ('Amy Mcdonald', '+7 (133) 650-6415', '1957-06-11', 'michellegarcia@yahoo.com', 'Together that significant just now by bill.', '314', 'EwEDRSTkGMMvu');
INSERT INTO ACCOUNTANT (name, email, password) VALUES ('Chris Perez', 'esmith@hotmail.com', 'CoFTSMDg');
INSERT INTO PATIENT (name, phone_number, date_of_birth, email, medical_history, room_number, password) VALUES ('Chris Perez', '+7 (148) 656-30-05', '1982-12-30', 'esmith@hotmail.com', 'Here machine available budget even cup.', '226', 'CoFTSMDg');
INSERT INTO ACCOUNTANT (name, email, password) VALUES ('Jennifer Mitchell', 'foxdiane@yahoo.com', 'dCoGCOrYMUNMpvLRtP');
INSERT INTO PATIENT (name, phone_number, date_of_birth, email, medical_history, room_number, password) VALUES ('Jennifer Mitchell', '87046775105', '1976-02-16', 'foxdiane@yahoo.com', 'List major clear candidate rise standard.', '466', 'dCoGCOrYMUNMpvLRtP');
INSERT INTO ACCOUNTANT (name, email, password) VALUES ('Krista Delgado', 'sergiojohnson@gmail.com', 'kHjfjieJKAUW');
INSERT INTO PATIENT (name, phone_number, date_of_birth, email, medical_history, room_number, password) VALUES ('Krista Delgado', '8 (845) 966-57-53', '2005-08-07', 'sergiojohnson@gmail.com', 'Sure dream address.', '905', 'kHjfjieJKAUW');
INSERT INTO ACCOUNTANT (name, email, password) VALUES ('Jonathan Dunn', 'tbarrett@hotmail.com', 'sMlFKqeCBhIT');
INSERT INTO PATIENT (name, phone_number, date_of_birth, email, medical_history, room_number, password) VALUES ('Jonathan Dunn', '8 (861) 161-1302', '1930-12-26', 'tbarrett@hotmail.com', 'Tax style among. Exist successful player.', '845', 'sMlFKqeCBhIT');
INSERT INTO ACCOUNTANT (name, email, password) VALUES ('Thomas Gregory', 'johnsondarlene@gmail.com', 'UyIFttFJIvHR');
INSERT INTO PATIENT (name, phone_number, date_of_birth, email, medical_history, room_number, password) VALUES ('Thomas Gregory', '8 (776) 166-11-53', '1938-11-23', 'johnsondarlene@gmail.com', 'Challenge phone tonight vote appear.', '313', 'UyIFttFJIvHR');
INSERT INTO ACCOUNTANT (name, email, password) VALUES ('Seth Mills', 'suzannewelch@hotmail.com', 'wKGmaONTNNk');
INSERT INTO PATIENT (name, phone_number, date_of_birth, email, medical_history, room_number, password) VALUES ('Seth Mills', '8 833 359 34 01', '2017-11-14', 'suzannewelch@hotmail.com', 'History drug various else.', '781', 'wKGmaONTNNk');
INSERT INTO ACCOUNTANT (name, email, password) VALUES ('Brooke Fuentes', 'kyle58@yahoo.com', 'LMXFzYQCWtTd');
INSERT INTO PATIENT (name, phone_number, date_of_birth, email, medical_history, room_number, password) VALUES ('Brooke Fuentes', '+7 (126) 926-9774', '1993-06-14', 'kyle58@yahoo.com', 'Admit offer knowledge different conference.', '841', 'LMXFzYQCWtTd');
INSERT INTO ACCOUNTANT (name, email, password) VALUES ('Wendy Savage', 'beardmichael@hotmail.com', 'rcZgNoPJKPv');
INSERT INTO PATIENT (name, phone_number, date_of_birth, email, medical_history, room_number, password) VALUES ('Wendy Savage', '+7 (681) 345-91-85', '1968-06-15', 'beardmichael@hotmail.com', 'We method still candidate present finish.', '22', 'rcZgNoPJKPv');
INSERT INTO ACCOUNTANT (name, email, password) VALUES ('Amanda Gomez', 'sara93@gmail.com', 'fdlUYOKCCbiWcCOVby');
INSERT INTO PATIENT (name, phone_number, date_of_birth, email, medical_history, room_number, password) VALUES ('Amanda Gomez', '8 (335) 781-7662', '1916-04-26', 'sara93@gmail.com', 'Number draw rise gun.', '329', 'fdlUYOKCCbiWcCOVby');
INSERT INTO ACCOUNTANT (name, email, password) VALUES ('Kathleen Guzman', 'juan32@yahoo.com', 'txevBNZveP');
INSERT INTO PATIENT (name, phone_number, date_of_birth, email, medical_history, room_number, password) VALUES ('Kathleen Guzman', '8 569 001 5742', '1942-02-20', 'juan32@yahoo.com', 'Family prove role oil million.', '531', 'txevBNZveP');
INSERT INTO ACCOUNTANT (name, email, password) VALUES ('Janet Thomas', 'ngordon@yahoo.com', 'OObvnkwRLlPJKP');
INSERT INTO PATIENT (name, phone_number, date_of_birth, email, medical_history, room_number, password) VALUES ('Janet Thomas', '8 044 489 16 12', '1905-07-06', 'ngordon@yahoo.com', 'Very lot value full born argue.', '665', 'OObvnkwRLlPJKP');
INSERT INTO ACCOUNTANT (name, email, password) VALUES ('Jesse Simpson', 'michael47@hotmail.com', 'asJCyMlRML');
INSERT INTO PATIENT (name, phone_number, date_of_birth, email, medical_history, room_number, password) VALUES ('Jesse Simpson', '+73995421342', '1988-09-18', 'michael47@hotmail.com', 'Clear total throw say difficult evidence.', '308', 'asJCyMlRML');
INSERT INTO ACCOUNTANT (name, email, password) VALUES ('Jennifer Johnson', 'brettjohnson@gmail.com', 'yKrMqEOtP');
INSERT INTO PATIENT (name, phone_number, date_of_birth, email, medical_history, room_number, password) VALUES ('Jennifer Johnson', '80162637131', '1986-03-01', 'brettjohnson@gmail.com', 'Similar environment result reduce eight whom us.', '115', 'yKrMqEOtP');
INSERT INTO ACCOUNTANT (name, email, password) VALUES ('Kimberly Meyer', 'tonya64@yahoo.com', 'JWxHECsiQWXHQahOPw');
INSERT INTO PATIENT (name, phone_number, date_of_birth, email, medical_history, room_number, password) VALUES ('Kimberly Meyer', '+7 (531) 624-03-96', '2019-10-02', 'tonya64@yahoo.com', 'Defense whatever executive.', '96', 'JWxHECsiQWXHQahOPw');
INSERT INTO ACCOUNTANT (name, email, password) VALUES ('Tamara Compton', 'rhernandez@yahoo.com', 'FgozbRUOavWmNvokkA');
INSERT INTO PATIENT (name, phone_number, date_of_birth, email, medical_history, room_number, password) VALUES ('Tamara Compton', '8 670 393 6539', '2016-07-16', 'rhernandez@yahoo.com', 'Traditional offer if discover.', '970', 'FgozbRUOavWmNvokkA');
INSERT INTO ACCOUNTANT (name, email, password) VALUES ('Donald Collins', 'ballardemily@yahoo.com', 'zRTFfyidb');
INSERT INTO PATIENT (name, phone_number, date_of_birth, email, medical_history, room_number, password) VALUES ('Donald Collins', '+74892487837', '1930-09-05', 'ballardemily@yahoo.com', 'Five support success.', '991', 'zRTFfyidb');
INSERT INTO ACCOUNTANT (name, email, password) VALUES ('Jacqueline Jones', 'melissa35@hotmail.com', 'maggKSWRp');
INSERT INTO PATIENT (name, phone_number, date_of_birth, email, medical_history, room_number, password) VALUES ('Jacqueline Jones', '8 651 523 60 22', '1958-01-13', 'melissa35@hotmail.com', 'Live behavior world go.', '984', 'maggKSWRp');
INSERT INTO ACCOUNTANT (name, email, password) VALUES ('Ariel Morales', 'vhill@yahoo.com', 'BomelXWLNjNwiplLj');
INSERT INTO PATIENT (name, phone_number, date_of_birth, email, medical_history, room_number, password) VALUES ('Ariel Morales', '8 (046) 312-78-20', '1999-09-09', 'vhill@yahoo.com', 'Information issue people case letter short.', '890', 'BomelXWLNjNwiplLj');
INSERT INTO ACCOUNTANT (name, email, password) VALUES ('Kimberly Stafford', 'maddoxabigail@yahoo.com', 'XYOpxmnXaqPqzde');
INSERT INTO PATIENT (name, phone_number, date_of_birth, email, medical_history, room_number, password) VALUES ('Kimberly Stafford', '8 (483) 297-4625', '1979-12-26', 'maddoxabigail@yahoo.com', 'Identify six business daughter religious.', '482', 'XYOpxmnXaqPqzde');
INSERT INTO ACCOUNTANT (name, email, password) VALUES ('Theodore Pugh', 'johnny13@gmail.com', 'hWMNuypMrcVwicu');
INSERT INTO PATIENT (name, phone_number, date_of_birth, email, medical_history, room_number, password) VALUES ('Theodore Pugh', '8 (951) 783-0231', '1980-03-14', 'johnny13@gmail.com', 'Above official take window.', '41', 'hWMNuypMrcVwicu');
INSERT INTO ACCOUNTANT (name, email, password) VALUES ('John Hardin', 'kevincooper@gmail.com', 'EEzZOpAOcQnWk');
INSERT INTO PATIENT (name, phone_number, date_of_birth, email, medical_history, room_number, password) VALUES ('John Hardin', '83452044986', '1963-12-22', 'kevincooper@gmail.com', 'Whether director at last. Modern prepare crime.', '829', 'EEzZOpAOcQnWk');
INSERT INTO ACCOUNTANT (name, email, password) VALUES ('Gerald Campbell', 'kathleen98@hotmail.com', 'VLHGMVdVYLG');
INSERT INTO PATIENT (name, phone_number, date_of_birth, email, medical_history, room_number, password) VALUES ('Gerald Campbell', '+7 (722) 184-40-62', '1941-06-04', 'kathleen98@hotmail.com', 'Expect fight always.', '932', 'VLHGMVdVYLG');
INSERT INTO ACCOUNTANT (name, email, password) VALUES ('Paige Rogers', 'anita64@gmail.com', 'nrXuWWDKembhRMVTJUWh');
INSERT INTO PATIENT (name, phone_number, date_of_birth, email, medical_history, room_number, password) VALUES ('Paige Rogers', '+7 692 413 07 38', '1967-02-25', 'anita64@gmail.com', 'West how production glass.', '105', 'nrXuWWDKembhRMVTJUWh');
INSERT INTO ACCOUNTANT (name, email, password) VALUES ('Robert Moore', 'gainesdavid@hotmail.com', 'IlIpbJEeDeurKHu');
INSERT INTO PATIENT (name, phone_number, date_of_birth, email, medical_history, room_number, password) VALUES ('Robert Moore', '+7 668 923 05 95', '1921-05-13', 'gainesdavid@hotmail.com', 'Show rest dream relationship great whatever role.', '564', 'IlIpbJEeDeurKHu');
INSERT INTO ACCOUNTANT (name, email, password) VALUES ('Jeremy Rodriguez', 'gomezlisa@yahoo.com', 'tNCzfTRp');
INSERT INTO PATIENT (name, phone_number, date_of_birth, email, medical_history, room_number, password) VALUES ('Jeremy Rodriguez', '+7 (770) 872-12-92', '1960-12-23', 'gomezlisa@yahoo.com', 'High available source treat less almost trip.', '321', 'tNCzfTRp');
INSERT INTO ACCOUNTANT (name, email, password) VALUES ('Michelle Parker', 'kristen46@gmail.com', 'RYPiYzFYwFdmaKX');
INSERT INTO PATIENT (name, phone_number, date_of_birth, email, medical_history, room_number, password) VALUES ('Michelle Parker', '82301967709', '1919-11-30', 'kristen46@gmail.com', 'This role up lot my control sort.', '231', 'RYPiYzFYwFdmaKX');
INSERT INTO ACCOUNTANT (name, email, password) VALUES ('James Johnson', 'angelacastaneda@gmail.com', 'FmSEaGvSDfCJaKWj');
INSERT INTO PATIENT (name, phone_number, date_of_birth, email, medical_history, room_number, password) VALUES ('James Johnson', '88032790033', '2006-05-06', 'angelacastaneda@gmail.com', 'Force line natural last benefit along.', '754', 'FmSEaGvSDfCJaKWj');
INSERT INTO ACCOUNTANT (name, email, password) VALUES ('Taylor Harris', 'jamesnewman@yahoo.com', 'HofYwPGtdHxaLfSPp');
INSERT INTO PATIENT (name, phone_number, date_of_birth, email, medical_history, room_number, password) VALUES ('Taylor Harris', '8 (625) 387-43-63', '1920-10-04', 'jamesnewman@yahoo.com', 'That across however spend bar admit word.', '616', 'HofYwPGtdHxaLfSPp');
INSERT INTO ACCOUNTANT (name, email, password) VALUES ('Maria Hawkins', 'josephgreen@yahoo.com', 'YMkYAAOzttQs');
INSERT INTO PATIENT (name, phone_number, date_of_birth, email, medical_history, room_number, password) VALUES ('Maria Hawkins', '8 860 507 5564', '1999-09-04', 'josephgreen@yahoo.com', 'Wall experience its race nation industry.', '792', 'YMkYAAOzttQs');
INSERT INTO ACCOUNTANT (name, email, password) VALUES ('Nancy Johnson', 'gcarlson@hotmail.com', 'bCZdYSMJKU');
INSERT INTO PATIENT (name, phone_number, date_of_birth, email, medical_history, room_number, password) VALUES ('Nancy Johnson', '83551010557', '1922-07-01', 'gcarlson@hotmail.com', 'Success reduce message.', '361', 'bCZdYSMJKU');
INSERT INTO ACCOUNTANT (name, email, password) VALUES ('Brandy Johnson', 'jeremy05@yahoo.com', 'zwsAsjUiKRpZPokCK');
INSERT INTO PATIENT (name, phone_number, date_of_birth, email, medical_history, room_number, password) VALUES ('Brandy Johnson', '8 (860) 015-84-48', '1967-07-08', 'jeremy05@yahoo.com', 'Paper nation range rate and manage east.', '100', 'zwsAsjUiKRpZPokCK');
INSERT INTO ACCOUNTANT (name, email, password) VALUES ('Andrew Williams', 'joshua00@gmail.com', 'FQuvILMaSnjAv');
INSERT INTO PATIENT (name, phone_number, date_of_birth, email, medical_history, room_number, password) VALUES ('Andrew Williams', '86298257292', '2007-11-18', 'joshua00@gmail.com', 'Top manager budget.', '875', 'FQuvILMaSnjAv');
INSERT INTO ACCOUNTANT (name, email, password) VALUES ('Marissa Holt', 'garrettdawn@yahoo.com', 'tWUIwtuIb');
INSERT INTO PATIENT (name, phone_number, date_of_birth, email, medical_history, room_number, password) VALUES ('Marissa Holt', '+7 (188) 457-41-03', '1953-08-16', 'garrettdawn@yahoo.com', 'Major top laugh identify.', '323', 'tWUIwtuIb');
INSERT INTO ACCOUNTANT (name, email, password) VALUES ('Megan Howell', 'alexanderpayne@hotmail.com', 'LpZAfrGjX');
INSERT INTO PATIENT (name, phone_number, date_of_birth, email, medical_history, room_number, password) VALUES ('Megan Howell', '+7 (790) 997-8740', '1983-09-01', 'alexanderpayne@hotmail.com', 'Day surface way least huge analysis.', '383', 'LpZAfrGjX');
INSERT INTO ACCOUNTANT (name, email, password) VALUES ('Jennifer Robles', 'sarah04@yahoo.com', 'hYqdxNFFBlXk');
INSERT INTO PATIENT (name, phone_number, date_of_birth, email, medical_history, room_number, password) VALUES ('Jennifer Robles', '8 104 761 8400', '1968-09-12', 'sarah04@yahoo.com', 'Congress than modern gun front hold network.', '341', 'hYqdxNFFBlXk');
INSERT INTO ACCOUNTANT (name, email, password) VALUES ('Samantha Bailey', 'dcoffey@gmail.com', 'IniEviBlhtoSw');
INSERT INTO PATIENT (name, phone_number, date_of_birth, email, medical_history, room_number, password) VALUES ('Samantha Bailey', '8 (315) 769-8711', '1942-08-31', 'dcoffey@gmail.com', 'Individual air test white the.', '170', 'IniEviBlhtoSw');
INSERT INTO ACCOUNTANT (name, email, password) VALUES ('William Miles', 'xgraves@hotmail.com', 'bhMClwQvOeedpsVioGJ');
INSERT INTO PATIENT (name, phone_number, date_of_birth, email, medical_history, room_number, password) VALUES ('William Miles', '8 271 417 32 13', '1917-04-11', 'xgraves@hotmail.com', 'Moment summer black single.', '271', 'bhMClwQvOeedpsVioGJ');
INSERT INTO ACCOUNTANT (name, email, password) VALUES ('Kyle Young', 'maciasmichelle@gmail.com', 'gfDtOvhlLQSM');
INSERT INTO PATIENT (name, phone_number, date_of_birth, email, medical_history, room_number, password) VALUES ('Kyle Young', '8 (105) 941-06-76', '1948-09-26', 'maciasmichelle@gmail.com', 'Simply standard these nor food away.', '365', 'gfDtOvhlLQSM');
INSERT INTO ACCOUNTANT (name, email, password) VALUES ('Christopher Ross', 'cassandra74@gmail.com', 'bVkvdCmjcAACjCe');
INSERT INTO PATIENT (name, phone_number, date_of_birth, email, medical_history, room_number, password) VALUES ('Christopher Ross', '8 (442) 937-76-81', '1994-04-19', 'cassandra74@gmail.com', 'Item treatment player particularly imagine live.', '576', 'bVkvdCmjcAACjCe');
INSERT INTO ACCOUNTANT (name, email, password) VALUES ('Jennifer Miller', 'christopherskinner@hotmail.com', 'ZUvHSXcYcELzfJstdw');
INSERT INTO PATIENT (name, phone_number, date_of_birth, email, medical_history, room_number, password) VALUES ('Jennifer Miller', '84106407032', '1956-09-08', 'christopherskinner@hotmail.com', 'Long family provide why commercial million.', '172', 'ZUvHSXcYcELzfJstdw');
INSERT INTO ACCOUNTANT (name, email, password) VALUES ('Katherine Cunningham', 'michaelsanchez@yahoo.com', 'rLppFCmQV');
INSERT INTO PATIENT (name, phone_number, date_of_birth, email, medical_history, room_number, password) VALUES ('Katherine Cunningham', '8 (551) 719-46-78', '1998-10-10', 'michaelsanchez@yahoo.com', 'Almost large response artist situation remain.', '276', 'rLppFCmQV');
INSERT INTO ACCOUNTANT (name, email, password) VALUES ('Kristine Merritt', 'sfrey@hotmail.com', 'PgwfIJDVxZgQUKiMb');
INSERT INTO PATIENT (name, phone_number, date_of_birth, email, medical_history, room_number, password) VALUES ('Kristine Merritt', '8 (662) 728-6794', '1982-02-27', 'sfrey@hotmail.com', 'Idea eight put level special though animal.', '685', 'PgwfIJDVxZgQUKiMb');
INSERT INTO ACCOUNTANT (name, email, password) VALUES ('Kelly Gonzales', 'april27@gmail.com', 'xSajZkaniBaTv');
INSERT INTO PATIENT (name, phone_number, date_of_birth, email, medical_history, room_number, password) VALUES ('Kelly Gonzales', '8 (039) 091-8522', '1988-02-15', 'april27@gmail.com', 'Eight check authority between writer.', '77', 'xSajZkaniBaTv');
INSERT INTO ACCOUNTANT (name, email, password) VALUES ('Jeffrey Guerra', 'gwagner@gmail.com', 'oxZMrapXixayzdjZSCH');
INSERT INTO PATIENT (name, phone_number, date_of_birth, email, medical_history, room_number, password) VALUES ('Jeffrey Guerra', '8 (434) 916-28-76', '1972-11-16', 'gwagner@gmail.com', 'A window institution fear under.', '600', 'oxZMrapXixayzdjZSCH');
INSERT INTO ACCOUNTANT (name, email, password) VALUES ('Jimmy Young PhD', 'reyeszachary@yahoo.com', 'PldmMgsDNnUbUmvl');
INSERT INTO PATIENT (name, phone_number, date_of_birth, email, medical_history, room_number, password) VALUES ('Jimmy Young PhD', '86540937823', '2010-12-04', 'reyeszachary@yahoo.com', 'Writer work area at rest trouble.', '715', 'PldmMgsDNnUbUmvl');
INSERT INTO ACCOUNTANT (name, email, password) VALUES ('Anna Bishop', 'jaclynduncan@yahoo.com', 'jOeglBcfriQtYweEcMF');
INSERT INTO PATIENT (name, phone_number, date_of_birth, email, medical_history, room_number, password) VALUES ('Anna Bishop', '8 578 778 78 07', '2000-09-14', 'jaclynduncan@yahoo.com', 'Popular beautiful personal there since.', '903', 'jOeglBcfriQtYweEcMF');
INSERT INTO ACCOUNTANT (name, email, password) VALUES ('Timothy Lewis', 'ulove@yahoo.com', 'CJTQZpNUFmcIcJiZ');
INSERT INTO PATIENT (name, phone_number, date_of_birth, email, medical_history, room_number, password) VALUES ('Timothy Lewis', '+7 (807) 854-3982', '1909-12-14', 'ulove@yahoo.com', 'Relationship a family bad for.', '319', 'CJTQZpNUFmcIcJiZ');
INSERT INTO ACCOUNTANT (name, email, password) VALUES ('Jeffrey Anthony', 'davidsonmichael@gmail.com', 'aklpLwykoQhdunyPE');
INSERT INTO PATIENT (name, phone_number, date_of_birth, email, medical_history, room_number, password) VALUES ('Jeffrey Anthony', '8 143 017 2901', '2000-01-08', 'davidsonmichael@gmail.com', 'Politics last up want present fund paper.', '308', 'aklpLwykoQhdunyPE');
INSERT INTO ACCOUNTANT (name, email, password) VALUES ('Anthony Alvarez', 'howardgrant@hotmail.com', 'ynxquOjhy');
INSERT INTO PATIENT (name, phone_number, date_of_birth, email, medical_history, room_number, password) VALUES ('Anthony Alvarez', '80348833957', '1955-09-02', 'howardgrant@hotmail.com', 'Court smile other perhaps quickly also because.', '339', 'ynxquOjhy');
INSERT INTO ACCOUNTANT (name, email, password) VALUES ('Christopher Moore', 'calvin91@gmail.com', 'doWaSLmnbGyP');
INSERT INTO PATIENT (name, phone_number, date_of_birth, email, medical_history, room_number, password) VALUES ('Christopher Moore', '82243280882', '1947-10-31', 'calvin91@gmail.com', 'Question finish whatever.', '769', 'doWaSLmnbGyP');
INSERT INTO ACCOUNTANT (name, email, password) VALUES ('Connie Berry', 'kerranthony@yahoo.com', 'CjAYKItU');
INSERT INTO PATIENT (name, phone_number, date_of_birth, email, medical_history, room_number, password) VALUES ('Connie Berry', '8 986 233 35 30', '1912-05-10', 'kerranthony@yahoo.com', 'Fish change already school may meet word.', '186', 'CjAYKItU');
INSERT INTO ACCOUNTANT (name, email, password) VALUES ('Nicole Walsh', 'timothy95@yahoo.com', 'bvOpNFdTIEVQTGzc');
INSERT INTO PATIENT (name, phone_number, date_of_birth, email, medical_history, room_number, password) VALUES ('Nicole Walsh', '81421252016', '2018-12-04', 'timothy95@yahoo.com', 'Community it six seem then large level.', '753', 'bvOpNFdTIEVQTGzc');
INSERT INTO ACCOUNTANT (name, email, password) VALUES ('Ana Combs', 'stewartmatthew@gmail.com', 'aiBKidptvdVvL');
INSERT INTO PATIENT (name, phone_number, date_of_birth, email, medical_history, room_number, password) VALUES ('Ana Combs', '+76325468989', '1978-04-30', 'stewartmatthew@gmail.com', 'Often husband statement fill.', '291', 'aiBKidptvdVvL');
INSERT INTO ACCOUNTANT (name, email, password) VALUES ('Christy Randall PhD', 'sarroyo@yahoo.com', 'wObWXLbcRSzBYIQ');
INSERT INTO PATIENT (name, phone_number, date_of_birth, email, medical_history, room_number, password) VALUES ('Christy Randall PhD', '+72765088595', '1977-02-07', 'sarroyo@yahoo.com', 'Data box senior space agent across sit daughter.', '936', 'wObWXLbcRSzBYIQ');
INSERT INTO ACCOUNTANT (name, email, password) VALUES ('Brittany Hall', 'harrisstacey@gmail.com', 'BWXgkAtY');
INSERT INTO PATIENT (name, phone_number, date_of_birth, email, medical_history, room_number, password) VALUES ('Brittany Hall', '8 112 345 3053', '1970-02-14', 'harrisstacey@gmail.com', 'Cause deep quickly field join.', '192', 'BWXgkAtY');
INSERT INTO ACCOUNTANT (name, email, password) VALUES ('Kathy Hamilton DDS', 'callahanjorge@hotmail.com', 'YtlMOTYtIpsvpohEyqUr');
INSERT INTO PATIENT (name, phone_number, date_of_birth, email, medical_history, room_number, password) VALUES ('Kathy Hamilton DDS', '+7 (721) 451-23-38', '2003-01-30', 'callahanjorge@hotmail.com', 'New method rather may.', '746', 'YtlMOTYtIpsvpohEyqUr');
INSERT INTO ACCOUNTANT (name, email, password) VALUES ('Cindy Moore', 'sean27@yahoo.com', 'tRxEGnmFnmuOpJOJiuZ');
INSERT INTO PATIENT (name, phone_number, date_of_birth, email, medical_history, room_number, password) VALUES ('Cindy Moore', '+76915162440', '1919-11-15', 'sean27@yahoo.com', 'Determine me effort.', '161', 'tRxEGnmFnmuOpJOJiuZ');
INSERT INTO ACCOUNTANT (name, email, password) VALUES ('Casey Gardner', 'miranda54@yahoo.com', 'jaIbljJlAAynlXvzLV');
INSERT INTO PATIENT (name, phone_number, date_of_birth, email, medical_history, room_number, password) VALUES ('Casey Gardner', '+7 074 663 5672', '2001-01-23', 'miranda54@yahoo.com', 'Fly factor care sure call place.', '80', 'jaIbljJlAAynlXvzLV');
INSERT INTO ACCOUNTANT (name, email, password) VALUES ('Rhonda Gould', 'jamie28@yahoo.com', 'UkqLpfZGfhahUDu');
INSERT INTO PATIENT (name, phone_number, date_of_birth, email, medical_history, room_number, password) VALUES ('Rhonda Gould', '+7 095 592 1860', '1917-03-26', 'jamie28@yahoo.com', 'Sure other others final manage task on.', '374', 'UkqLpfZGfhahUDu');
INSERT INTO ACCOUNTANT (name, email, password) VALUES ('Peter Kim', 'aparks@gmail.com', 'NRCHeDOlJD');
INSERT INTO PATIENT (name, phone_number, date_of_birth, email, medical_history, room_number, password) VALUES ('Peter Kim', '87694150187', '1978-02-02', 'aparks@gmail.com', 'Represent senior force season and million decade.', '242', 'NRCHeDOlJD');
INSERT INTO ACCOUNTANT (name, email, password) VALUES ('Roberta Alvarez', 'uray@yahoo.com', 'flmDMnGxKJLTRR');
INSERT INTO PATIENT (name, phone_number, date_of_birth, email, medical_history, room_number, password) VALUES ('Roberta Alvarez', '8 005 873 8464', '1989-02-08', 'uray@yahoo.com', 'Hospital customer song others black nor.', '974', 'flmDMnGxKJLTRR');
INSERT INTO ACCOUNTANT (name, email, password) VALUES ('Deanna Roy', 'morgan53@yahoo.com', 'aogroGzWjfIq');
INSERT INTO PATIENT (name, phone_number, date_of_birth, email, medical_history, room_number, password) VALUES ('Deanna Roy', '+7 294 210 88 36', '1930-12-30', 'morgan53@yahoo.com', 'Medical former team approach stuff yourself.', '557', 'aogroGzWjfIq');
INSERT INTO ACCOUNTANT (name, email, password) VALUES ('Shirley Serrano', 'millertodd@gmail.com', 'UXMFFNTrjXXmkKsnWP');
INSERT INTO PATIENT (name, phone_number, date_of_birth, email, medical_history, room_number, password) VALUES ('Shirley Serrano', '8 (309) 808-40-06', '2001-04-07', 'millertodd@gmail.com', 'Board degree close newspaper city.', '313', 'UXMFFNTrjXXmkKsnWP');
INSERT INTO ACCOUNTANT (name, email, password) VALUES ('Melissa Grant', 'ynielsen@yahoo.com', 'JzxrIKFDqk');
INSERT INTO PATIENT (name, phone_number, date_of_birth, email, medical_history, room_number, password) VALUES ('Melissa Grant', '+79081513257', '1916-06-23', 'ynielsen@yahoo.com', 'Rich on when conference term public.', '247', 'JzxrIKFDqk');
INSERT INTO ACCOUNTANT (name, email, password) VALUES ('Rebecca Miller', 'tinarodriguez@yahoo.com', 'ddzzIVnFs');
INSERT INTO PATIENT (name, phone_number, date_of_birth, email, medical_history, room_number, password) VALUES ('Rebecca Miller', '8 288 021 88 62', '1971-11-14', 'tinarodriguez@yahoo.com', 'Operation large hear build down speech.', '170', 'ddzzIVnFs');
INSERT INTO ACCOUNTANT (name, email, password) VALUES ('Jason Haynes', 'bbradshaw@yahoo.com', 'iosvfvnDRbtUQUNQRH');
INSERT INTO PATIENT (name, phone_number, date_of_birth, email, medical_history, room_number, password) VALUES ('Jason Haynes', '+7 (586) 043-1217', '1910-06-04', 'bbradshaw@yahoo.com', 'Piece thus cell ok all above.', '826', 'iosvfvnDRbtUQUNQRH');
INSERT INTO ACCOUNTANT (name, email, password) VALUES ('Kelly Schultz', 'asmith@yahoo.com', 'MjKRqeevlbjvAVQo');
INSERT INTO PATIENT (name, phone_number, date_of_birth, email, medical_history, room_number, password) VALUES ('Kelly Schultz', '8 490 029 95 72', '1931-01-14', 'asmith@yahoo.com', 'Sign floor power alone.', '589', 'MjKRqeevlbjvAVQo');
INSERT INTO ACCOUNTANT (name, email, password) VALUES ('Isaiah Mckinney MD', 'marilyn82@gmail.com', 'hyxwtqwHqecXIHVamUI');
INSERT INTO PATIENT (name, phone_number, date_of_birth, email, medical_history, room_number, password) VALUES ('Isaiah Mckinney MD', '8 (325) 121-4692', '1914-04-02', 'marilyn82@gmail.com', 'Center fine range effect material police its.', '63', 'hyxwtqwHqecXIHVamUI');
INSERT INTO ACCOUNTANT (name, email, password) VALUES ('Marvin Middleton', 'catherinegonzales@gmail.com', 'WvAfYpjaN');
INSERT INTO PATIENT (name, phone_number, date_of_birth, email, medical_history, room_number, password) VALUES ('Marvin Middleton', '8 710 727 5756', '1919-04-11', 'catherinegonzales@gmail.com', 'President task them human.', '810', 'WvAfYpjaN');
INSERT INTO ACCOUNTANT (name, email, password) VALUES ('Aaron Lambert', 'ocisneros@gmail.com', 'cXnsDYeaUGZWKkJCGthv');
INSERT INTO PATIENT (name, phone_number, date_of_birth, email, medical_history, room_number, password) VALUES ('Aaron Lambert', '+7 232 452 03 46', '1954-11-19', 'ocisneros@gmail.com', 'Material team small discover.', '698', 'cXnsDYeaUGZWKkJCGthv');
INSERT INTO ACCOUNTANT (name, email, password) VALUES ('Natalie Martin', 'travismiller@yahoo.com', 'fwKONSRVTOabutA');
INSERT INTO PATIENT (name, phone_number, date_of_birth, email, medical_history, room_number, password) VALUES ('Natalie Martin', '8 127 444 9121', '1982-04-11', 'travismiller@yahoo.com', 'Worker cultural wish hear.', '15', 'fwKONSRVTOabutA');
INSERT INTO ACCOUNTANT (name, email, password) VALUES ('Zachary Bryant', 'kevinpatel@gmail.com', 'EYFlVFKK');
INSERT INTO PATIENT (name, phone_number, date_of_birth, email, medical_history, room_number, password) VALUES ('Zachary Bryant', '+70491815348', '1950-09-30', 'kevinpatel@gmail.com', 'Room prepare suggest first for.', '772', 'EYFlVFKK');
INSERT INTO ACCOUNTANT (name, email, password) VALUES ('Sheila Martin', 'cody26@hotmail.com', 'QBMBMtTZpLlDxAWbE');
INSERT INTO PATIENT (name, phone_number, date_of_birth, email, medical_history, room_number, password) VALUES ('Sheila Martin', '+7 232 383 23 32', '1999-11-04', 'cody26@hotmail.com', 'Study able think hard training.', '574', 'QBMBMtTZpLlDxAWbE');
INSERT INTO ACCOUNTANT (name, email, password) VALUES ('Brian Jones DDS', 'randy18@yahoo.com', 'FXeRsKJTuorbgDpiAHge');
INSERT INTO PATIENT (name, phone_number, date_of_birth, email, medical_history, room_number, password) VALUES ('Brian Jones DDS', '8 063 413 5881', '1942-04-06', 'randy18@yahoo.com', 'Cup system consider property keep total cell.', '878', 'FXeRsKJTuorbgDpiAHge');
INSERT INTO ACCOUNTANT (name, email, password) VALUES ('Jacob Ward', 'sherri46@yahoo.com', 'saOCkyHHsOdBqPnWp');
INSERT INTO PATIENT (name, phone_number, date_of_birth, email, medical_history, room_number, password) VALUES ('Jacob Ward', '8 541 480 13 32', '1934-11-03', 'sherri46@yahoo.com', 'Challenge itself generation.', '628', 'saOCkyHHsOdBqPnWp');
INSERT INTO ACCOUNTANT (name, email, password) VALUES ('Tiffany Hoffman', 'hhunt@yahoo.com', 'jMEKkavXepkuSiNus');
INSERT INTO PATIENT (name, phone_number, date_of_birth, email, medical_history, room_number, password) VALUES ('Tiffany Hoffman', '84578096590', '1962-03-08', 'hhunt@yahoo.com', 'Him collection between above voice.', '90', 'jMEKkavXepkuSiNus');
INSERT INTO ACCOUNTANT (name, email, password) VALUES ('Monica Martin', 'charles31@gmail.com', 'wgPqJJWsDjER');
INSERT INTO PATIENT (name, phone_number, date_of_birth, email, medical_history, room_number, password) VALUES ('Monica Martin', '8 830 802 70 53', '1935-08-22', 'charles31@gmail.com', 'Discuss card always itself paper economic TV.', '956', 'wgPqJJWsDjER');
INSERT INTO ACCOUNTANT (name, email, password) VALUES ('Daniel Turner', 'perezcarrie@yahoo.com', 'LIfTjGyolQgQ');
INSERT INTO PATIENT (name, phone_number, date_of_birth, email, medical_history, room_number, password) VALUES ('Daniel Turner', '+7 445 207 55 51', '1929-04-28', 'perezcarrie@yahoo.com', 'Successful food ahead term.', '343', 'LIfTjGyolQgQ');
INSERT INTO ACCOUNTANT (name, email, password) VALUES ('Heather Sharp', 'parsonsregina@yahoo.com', 'uhKJWjIkDt');
INSERT INTO PATIENT (name, phone_number, date_of_birth, email, medical_history, room_number, password) VALUES ('Heather Sharp', '+7 385 144 8983', '1940-11-11', 'parsonsregina@yahoo.com', 'Machine miss art.', '839', 'uhKJWjIkDt');
INSERT INTO ACCOUNTANT (name, email, password) VALUES ('Brian Lucero', 'glenn89@yahoo.com', 'JIFupAPwGO');
INSERT INTO PATIENT (name, phone_number, date_of_birth, email, medical_history, room_number, password) VALUES ('Brian Lucero', '+78222053582', '2016-11-04', 'glenn89@yahoo.com', 'Not stay or pretty town.', '967', 'JIFupAPwGO');
INSERT INTO ACCOUNTANT (name, email, password) VALUES ('James Jones', 'nicolefrancis@hotmail.com', 'OtKARRjBoxMZJwuwBLR');
INSERT INTO PATIENT (name, phone_number, date_of_birth, email, medical_history, room_number, password) VALUES ('James Jones', '+7 (806) 137-9419', '1968-02-18', 'nicolefrancis@hotmail.com', 'Focus from year old who I.', '27', 'OtKARRjBoxMZJwuwBLR');
INSERT INTO ACCOUNTANT (name, email, password) VALUES ('Nicole Hendricks', 'perrychristina@hotmail.com', 'uAIlgwvlSwYHIRfYrSb');
INSERT INTO PATIENT (name, phone_number, date_of_birth, email, medical_history, room_number, password) VALUES ('Nicole Hendricks', '+76591152159', '1960-08-06', 'perrychristina@hotmail.com', 'Finally set how east.', '861', 'uAIlgwvlSwYHIRfYrSb');
INSERT INTO ACCOUNTANT (name, email, password) VALUES ('Teresa Gonzalez', 'christopher48@gmail.com', 'NgBOpivGpY');
INSERT INTO PATIENT (name, phone_number, date_of_birth, email, medical_history, room_number, password) VALUES ('Teresa Gonzalez', '88095903531', '1988-06-03', 'christopher48@gmail.com', 'Amount produce daughter north.', '845', 'NgBOpivGpY');
INSERT INTO ACCOUNTANT (name, email, password) VALUES ('Barbara Mosley', 'lindseybishop@yahoo.com', 'TkdIkGxtKLSzNSq');
INSERT INTO PATIENT (name, phone_number, date_of_birth, email, medical_history, room_number, password) VALUES ('Barbara Mosley', '+7 (322) 290-0848', '1908-03-07', 'lindseybishop@yahoo.com', 'Traditional election power fish.', '700', 'TkdIkGxtKLSzNSq');
INSERT INTO ACCOUNTANT (name, email, password) VALUES ('James Lane', 'nathaniel25@hotmail.com', 'fYoJPvsQnUUUzfgNuanj');
INSERT INTO PATIENT (name, phone_number, date_of_birth, email, medical_history, room_number, password) VALUES ('James Lane', '8 (364) 663-5763', '1979-02-05', 'nathaniel25@hotmail.com', 'New Democrat significant series star have.', '946', 'fYoJPvsQnUUUzfgNuanj');
INSERT INTO ACCOUNTANT (name, email, password) VALUES ('Justin Hernandez', 'dianaevans@hotmail.com', 'qyyouRiJScVICDyosh');
INSERT INTO PATIENT (name, phone_number, date_of_birth, email, medical_history, room_number, password) VALUES ('Justin Hernandez', '+77332083715', '1975-11-11', 'dianaevans@hotmail.com', 'Follow whole hold should general couple plant.', '755', 'qyyouRiJScVICDyosh');
INSERT INTO ACCOUNTANT (name, email, password) VALUES ('Sarah Herman', 'tgomez@gmail.com', 'IDJdTCPUTQp');
INSERT INTO PATIENT (name, phone_number, date_of_birth, email, medical_history, room_number, password) VALUES ('Sarah Herman', '88448330653', '1929-07-04', 'tgomez@gmail.com', 'Most open matter spring.', '455', 'IDJdTCPUTQp');
INSERT INTO ACCOUNTANT (name, email, password) VALUES ('Samantha Marquez', 'richard22@gmail.com', 'huSzAYzI');
INSERT INTO PATIENT (name, phone_number, date_of_birth, email, medical_history, room_number, password) VALUES ('Samantha Marquez', '8 372 175 25 35', '1940-09-17', 'richard22@gmail.com', 'Computer people vote toward blood.', '331', 'huSzAYzI');
INSERT INTO ACCOUNTANT (name, email, password) VALUES ('David Wheeler', 'david90@yahoo.com', 'dIdjYoIYYjpzmqP');
INSERT INTO PATIENT (name, phone_number, date_of_birth, email, medical_history, room_number, password) VALUES ('David Wheeler', '+7 317 054 5062', '1919-09-11', 'david90@yahoo.com', 'Focus because reflect professor back.', '318', 'dIdjYoIYYjpzmqP');
INSERT INTO ACCOUNTANT (name, email, password) VALUES ('Natalie Jones', 'christophermcguire@yahoo.com', 'VldJtTZEm');
INSERT INTO PATIENT (name, phone_number, date_of_birth, email, medical_history, room_number, password) VALUES ('Natalie Jones', '+7 244 808 5360', '2004-08-24', 'christophermcguire@yahoo.com', 'Hotel until amount.', '312', 'VldJtTZEm');
INSERT INTO ACCOUNTANT (name, email, password) VALUES ('Andrew Anderson', 'arthur01@gmail.com', 'MOkKwCfRYuRlyYHqwoNT');
INSERT INTO PATIENT (name, phone_number, date_of_birth, email, medical_history, room_number, password) VALUES ('Andrew Anderson', '+7 443 186 3593', '2005-06-23', 'arthur01@gmail.com', 'House source shake else support Mr.', '424', 'MOkKwCfRYuRlyYHqwoNT');
INSERT INTO ACCOUNTANT (name, email, password) VALUES ('Tiffany Ayala', 'ethompson@gmail.com', 'YPWFgKhMGYxcMOWrUz');
INSERT INTO PATIENT (name, phone_number, date_of_birth, email, medical_history, room_number, password) VALUES ('Tiffany Ayala', '8 713 714 1643', '1996-01-10', 'ethompson@gmail.com', 'Role result its newspaper part.', '987', 'YPWFgKhMGYxcMOWrUz');
INSERT INTO ACCOUNTANT (name, email, password) VALUES ('Katherine Dickerson', 'melanie95@gmail.com', 'HLXiIQSM');
INSERT INTO PATIENT (name, phone_number, date_of_birth, email, medical_history, room_number, password) VALUES ('Katherine Dickerson', '8 (716) 182-6457', '2019-08-09', 'melanie95@gmail.com', 'Hair maybe practice information.', '703', 'HLXiIQSM');
INSERT INTO ACCOUNTANT (name, email, password) VALUES ('Marcia Valentine', 'eacosta@hotmail.com', 'SqfnuAKXKoXLyKIq');
INSERT INTO PATIENT (name, phone_number, date_of_birth, email, medical_history, room_number, password) VALUES ('Marcia Valentine', '+7 800 059 78 40', '1908-10-28', 'eacosta@hotmail.com', 'Boy trade arrive thing.', '583', 'SqfnuAKXKoXLyKIq');
INSERT INTO ACCOUNTANT (name, email, password) VALUES ('Christopher Allen', 'staceyrosales@yahoo.com', 'CywhbovdaANPoBSKSIeX');
INSERT INTO PATIENT (name, phone_number, date_of_birth, email, medical_history, room_number, password) VALUES ('Christopher Allen', '+7 655 428 1109', '1930-05-14', 'staceyrosales@yahoo.com', 'Science save anything amount. Prove sit senior.', '931', 'CywhbovdaANPoBSKSIeX');
INSERT INTO ACCOUNTANT (name, email, password) VALUES ('Ana West', 'joshuaalexander@hotmail.com', 'SfCSMetBlRi');
INSERT INTO PATIENT (name, phone_number, date_of_birth, email, medical_history, room_number, password) VALUES ('Ana West', '+7 552 824 81 18', '1983-12-25', 'joshuaalexander@hotmail.com', 'Six it investment off situation draw two.', '665', 'SfCSMetBlRi');
INSERT INTO ACCOUNTANT (name, email, password) VALUES ('Ronald Lopez', 'munozkristin@hotmail.com', 'dOPnZHQyWQbkKZSKLlK');
INSERT INTO PATIENT (name, phone_number, date_of_birth, email, medical_history, room_number, password) VALUES ('Ronald Lopez', '8 191 666 4901', '1921-08-24', 'munozkristin@hotmail.com', 'Natural time difficult explain spend camera.', '584', 'dOPnZHQyWQbkKZSKLlK');
INSERT INTO ACCOUNTANT (name, email, password) VALUES ('Jennifer Hayes', 'fordjennifer@hotmail.com', 'hxWhJGDrzBNLATS');
INSERT INTO PATIENT (name, phone_number, date_of_birth, email, medical_history, room_number, password) VALUES ('Jennifer Hayes', '+7 (274) 527-4669', '1923-10-22', 'fordjennifer@hotmail.com', 'Draw wife speech military population fund.', '430', 'hxWhJGDrzBNLATS');
INSERT INTO ACCOUNTANT (name, email, password) VALUES ('Nicole Wilson', 'travisburgess@yahoo.com', 'gKgiwzxZUfvFuXNwu');
INSERT INTO PATIENT (name, phone_number, date_of_birth, email, medical_history, room_number, password) VALUES ('Nicole Wilson', '+7 548 696 17 89', '1936-11-25', 'travisburgess@yahoo.com', 'Despite commercial rock page. Each so sometimes.', '611', 'gKgiwzxZUfvFuXNwu');
INSERT INTO ACCOUNTANT (name, email, password) VALUES ('John Brooks', 'thompsondanielle@yahoo.com', 'HzklvkDDZXV');
INSERT INTO PATIENT (name, phone_number, date_of_birth, email, medical_history, room_number, password) VALUES ('John Brooks', '+70667361806', '1964-07-20', 'thompsondanielle@yahoo.com', 'Simply push box though protect prove practice.', '230', 'HzklvkDDZXV');
INSERT INTO ACCOUNTANT (name, email, password) VALUES ('Ashley Andrews', 'eric20@gmail.com', 'jDnSoWXYpaen');
INSERT INTO PATIENT (name, phone_number, date_of_birth, email, medical_history, room_number, password) VALUES ('Ashley Andrews', '+7 631 586 81 74', '1996-05-14', 'eric20@gmail.com', 'Tax cell society decade do can old.', '774', 'jDnSoWXYpaen');
INSERT INTO ACCOUNTANT (name, email, password) VALUES ('Mr. Patrick Davis', 'melaniemiller@yahoo.com', 'NfjbLCFbYLfyCQE');
INSERT INTO PATIENT (name, phone_number, date_of_birth, email, medical_history, room_number, password) VALUES ('Mr. Patrick Davis', '+76329418652', '2015-03-18', 'melaniemiller@yahoo.com', 'Practice enter any peace market.', '327', 'NfjbLCFbYLfyCQE');
INSERT INTO ACCOUNTANT (name, email, password) VALUES ('Jennifer Evans', 'nancygarcia@gmail.com', 'DuIbNIKNmudRoyrAs');
INSERT INTO PATIENT (name, phone_number, date_of_birth, email, medical_history, room_number, password) VALUES ('Jennifer Evans', '8 (656) 014-26-74', '2005-07-27', 'nancygarcia@gmail.com', 'Then blood begin imagine sometimes.', '62', 'DuIbNIKNmudRoyrAs');
INSERT INTO ACCOUNTANT (name, email, password) VALUES ('Mitchell Burton', 'nelsonaustin@yahoo.com', 'KnlaNjIClik');
INSERT INTO PATIENT (name, phone_number, date_of_birth, email, medical_history, room_number, password) VALUES ('Mitchell Burton', '8 (357) 358-60-37', '2010-08-10', 'nelsonaustin@yahoo.com', 'Piece appear particularly somebody.', '73', 'KnlaNjIClik');
INSERT INTO ACCOUNTANT (name, email, password) VALUES ('Lisa Huber', 'murphyjacob@yahoo.com', 'OTnNZKuRWDFTsvrnN');
INSERT INTO PATIENT (name, phone_number, date_of_birth, email, medical_history, room_number, password) VALUES ('Lisa Huber', '+7 969 432 0235', '1917-06-17', 'murphyjacob@yahoo.com', 'Case set idea perform executive decade.', '530', 'OTnNZKuRWDFTsvrnN');
INSERT INTO ACCOUNTANT (name, email, password) VALUES ('William Robinson', 'keith17@yahoo.com', 'WozUlaWlsbGaTxnYly');
INSERT INTO PATIENT (name, phone_number, date_of_birth, email, medical_history, room_number, password) VALUES ('William Robinson', '+7 729 336 12 41', '1913-04-13', 'keith17@yahoo.com', 'Team lead common sport.', '92', 'WozUlaWlsbGaTxnYly');
INSERT INTO ACCOUNTANT (name, email, password) VALUES ('Mitchell Garrison', 'nicholas35@gmail.com', 'xskEgaBcsDw');
INSERT INTO PATIENT (name, phone_number, date_of_birth, email, medical_history, room_number, password) VALUES ('Mitchell Garrison', '+7 649 723 4189', '1924-10-06', 'nicholas35@gmail.com', 'Amount Republican paper leg across house.', '474', 'xskEgaBcsDw');
INSERT INTO ACCOUNTANT (name, email, password) VALUES ('Paige Lewis', 'michael70@yahoo.com', 'mGrPjamHzS');
INSERT INTO PATIENT (name, phone_number, date_of_birth, email, medical_history, room_number, password) VALUES ('Paige Lewis', '+79461109913', '1905-04-08', 'michael70@yahoo.com', 'What general including despite real team in.', '82', 'mGrPjamHzS');
INSERT INTO ACCOUNTANT (name, email, password) VALUES ('James Carter', 'jonesbradley@yahoo.com', 'ICHDmSPbuGsIvHwidb');
INSERT INTO PATIENT (name, phone_number, date_of_birth, email, medical_history, room_number, password) VALUES ('James Carter', '8 (286) 066-8720', '1982-12-19', 'jonesbradley@yahoo.com', 'Candidate act benefit reveal standard try single.', '803', 'ICHDmSPbuGsIvHwidb');
INSERT INTO ACCOUNTANT (name, email, password) VALUES ('Robert Jackson', 'allenmartin@yahoo.com', 'VLFZLOsHCxZf');
INSERT INTO PATIENT (name, phone_number, date_of_birth, email, medical_history, room_number, password) VALUES ('Robert Jackson', '+73412502581', '1949-07-25', 'allenmartin@yahoo.com', 'Then nature south item improve center.', '723', 'VLFZLOsHCxZf');
INSERT INTO ACCOUNTANT (name, email, password) VALUES ('Eric Rubio', 'shelbylopez@hotmail.com', 'SjSpYjRcWPsQpisTOBgL');
INSERT INTO PATIENT (name, phone_number, date_of_birth, email, medical_history, room_number, password) VALUES ('Eric Rubio', '+7 (953) 229-1697', '1998-10-10', 'shelbylopez@hotmail.com', 'Magazine from water whom affect past.', '631', 'SjSpYjRcWPsQpisTOBgL');
INSERT INTO ACCOUNTANT (name, email, password) VALUES ('Logan Shields', 'smithjames@gmail.com', 'uyxqpQsFDmJpqbUEwnbN');
INSERT INTO PATIENT (name, phone_number, date_of_birth, email, medical_history, room_number, password) VALUES ('Logan Shields', '8 238 950 2261', '1950-10-13', 'smithjames@gmail.com', 'Value bring interesting.', '431', 'uyxqpQsFDmJpqbUEwnbN');
INSERT INTO ACCOUNTANT (name, email, password) VALUES ('Dr. Daniel Luna', 'greeneariel@hotmail.com', 'gDubKVLjYzdzfLPxWPU');
INSERT INTO PATIENT (name, phone_number, date_of_birth, email, medical_history, room_number, password) VALUES ('Dr. Daniel Luna', '+79648935215', '1972-03-22', 'greeneariel@hotmail.com', 'Director list style relate long pull until.', '640', 'gDubKVLjYzdzfLPxWPU');
INSERT INTO ACCOUNTANT (name, email, password) VALUES ('Jonathan Edwards', 'loganrichard@yahoo.com', 'wmRSzWMGWTh');
INSERT INTO PATIENT (name, phone_number, date_of_birth, email, medical_history, room_number, password) VALUES ('Jonathan Edwards', '+7 664 543 98 86', '1920-11-13', 'loganrichard@yahoo.com', 'Fast career north condition ability.', '177', 'wmRSzWMGWTh');
INSERT INTO ACCOUNTANT (name, email, password) VALUES ('Nicholas Tapia', 'marcus79@gmail.com', 'XRyTRCrET');
INSERT INTO PATIENT (name, phone_number, date_of_birth, email, medical_history, room_number, password) VALUES ('Nicholas Tapia', '+7 725 385 31 50', '1929-09-29', 'marcus79@gmail.com', 'Week federal avoid similar strong enough wear.', '956', 'XRyTRCrET');
INSERT INTO ACCOUNTANT (name, email, password) VALUES ('Benjamin Good', 'hmartin@gmail.com', 'qJKcmPFbkHQipj');
INSERT INTO PATIENT (name, phone_number, date_of_birth, email, medical_history, room_number, password) VALUES ('Benjamin Good', '+7 977 673 3350', '2011-04-09', 'hmartin@gmail.com', 'Say thing phone over consumer several.', '859', 'qJKcmPFbkHQipj');
INSERT INTO ACCOUNTANT (name, email, password) VALUES ('Alexandra Mcdonald', 'obarnes@hotmail.com', 'eMErstVbyeg');
INSERT INTO PATIENT (name, phone_number, date_of_birth, email, medical_history, room_number, password) VALUES ('Alexandra Mcdonald', '+7 (901) 102-12-43', '2016-10-08', 'obarnes@hotmail.com', 'Pick world concern each onto.', '308', 'eMErstVbyeg');
INSERT INTO ACCOUNTANT (name, email, password) VALUES ('Melanie Coleman', 'randy23@hotmail.com', 'pkKuFYNrjULWa');
INSERT INTO PATIENT (name, phone_number, date_of_birth, email, medical_history, room_number, password) VALUES ('Melanie Coleman', '8 282 125 2827', '1919-05-29', 'randy23@hotmail.com', 'Article admit improve bit term image worker.', '989', 'pkKuFYNrjULWa');
INSERT INTO ACCOUNTANT (name, email, password) VALUES ('James Evans', 'tracyyoung@hotmail.com', 'XyWiAaQpnWIW');
INSERT INTO PATIENT (name, phone_number, date_of_birth, email, medical_history, room_number, password) VALUES ('James Evans', '8 347 096 47 94', '1978-03-20', 'tracyyoung@hotmail.com', 'Skill sell only visit remember.', '67', 'XyWiAaQpnWIW');
INSERT INTO ACCOUNTANT (name, email, password) VALUES ('Ryan Beck Jr.', 'jack79@yahoo.com', 'RWlgZYRIezmjF');
INSERT INTO PATIENT (name, phone_number, date_of_birth, email, medical_history, room_number, password) VALUES ('Ryan Beck Jr.', '8 (862) 483-5066', '1939-09-29', 'jack79@yahoo.com', 'Easy move consider song black realize.', '579', 'RWlgZYRIezmjF');
INSERT INTO ACCOUNTANT (name, email, password) VALUES ('Kelly Kelly', 'jwalker@gmail.com', 'aYITQLyHJkqmv');
INSERT INTO PATIENT (name, phone_number, date_of_birth, email, medical_history, room_number, password) VALUES ('Kelly Kelly', '+7 (911) 645-48-13', '2014-11-13', 'jwalker@gmail.com', 'Analysis speech situation important new suffer.', '292', 'aYITQLyHJkqmv');
INSERT INTO ACCOUNTANT (name, email, password) VALUES ('John Wright', 'aaron25@gmail.com', 'mTxrlmJMrFrthS');
INSERT INTO PATIENT (name, phone_number, date_of_birth, email, medical_history, room_number, password) VALUES ('John Wright', '8 507 816 31 47', '1916-08-07', 'aaron25@gmail.com', 'Near social pressure article hospital look book.', '744', 'mTxrlmJMrFrthS');
INSERT INTO ACCOUNTANT (name, email, password) VALUES ('Dana Martinez', 'hernandezjennifer@yahoo.com', 'CuVwneGlzeCjFRCdFPN');
INSERT INTO PATIENT (name, phone_number, date_of_birth, email, medical_history, room_number, password) VALUES ('Dana Martinez', '8 726 226 9545', '1970-08-14', 'hernandezjennifer@yahoo.com', 'Remain rate always front skin.', '559', 'CuVwneGlzeCjFRCdFPN');
INSERT INTO ACCOUNTANT (name, email, password) VALUES ('Patrick Williams', 'michaelwhite@yahoo.com', 'tKxTryvJLxkpnSgTYi');
INSERT INTO PATIENT (name, phone_number, date_of_birth, email, medical_history, room_number, password) VALUES ('Patrick Williams', '+7 (367) 448-8869', '2015-04-21', 'michaelwhite@yahoo.com', 'Capital model middle responsibility.', '820', 'tKxTryvJLxkpnSgTYi');
INSERT INTO ACCOUNTANT (name, email, password) VALUES ('Nathan Thomas', 'jade69@gmail.com', 'XtkgQZeZMvMAatpM');
INSERT INTO PATIENT (name, phone_number, date_of_birth, email, medical_history, room_number, password) VALUES ('Nathan Thomas', '8 (821) 013-4032', '1968-08-12', 'jade69@gmail.com', 'Blood establish appear raise add reduce.', '990', 'XtkgQZeZMvMAatpM');
INSERT INTO ACCOUNTANT (name, email, password) VALUES ('Jessica Johnson', 'jmoore@gmail.com', 'PaTmjsvruvHrLpkMYaP');
INSERT INTO PATIENT (name, phone_number, date_of_birth, email, medical_history, room_number, password) VALUES ('Jessica Johnson', '+75989200612', '2005-10-04', 'jmoore@gmail.com', 'Budget card dream guess read Mr give last.', '336', 'PaTmjsvruvHrLpkMYaP');
INSERT INTO ACCOUNTANT (name, email, password) VALUES ('Nicholas Harris', 'renee72@yahoo.com', 'nVcGBHfU');
INSERT INTO PATIENT (name, phone_number, date_of_birth, email, medical_history, room_number, password) VALUES ('Nicholas Harris', '+78979016615', '1950-01-17', 'renee72@yahoo.com', 'Morning another add move.', '680', 'nVcGBHfU');
INSERT INTO ACCOUNTANT (name, email, password) VALUES ('Melody Melendez', 'foxamy@gmail.com', 'llXbHcbvIDeaI');
INSERT INTO PATIENT (name, phone_number, date_of_birth, email, medical_history, room_number, password) VALUES ('Melody Melendez', '+7 (984) 185-95-36', '1988-09-01', 'foxamy@gmail.com', 'Boy medical fight much toward gas take.', '33', 'llXbHcbvIDeaI');
INSERT INTO ACCOUNTANT (name, email, password) VALUES ('Omar Rojas', 'marcturner@hotmail.com', 'sAoncPTHYSBZbcU');
INSERT INTO PATIENT (name, phone_number, date_of_birth, email, medical_history, room_number, password) VALUES ('Omar Rojas', '+7 007 166 48 15', '1968-08-17', 'marcturner@hotmail.com', 'Billion white appear message law as within.', '776', 'sAoncPTHYSBZbcU');
INSERT INTO ACCOUNTANT (name, email, password) VALUES ('Bryan Anderson', 'cromero@gmail.com', 'MBjLGfSOEsFnvogBnSVw');
INSERT INTO PATIENT (name, phone_number, date_of_birth, email, medical_history, room_number, password) VALUES ('Bryan Anderson', '8 285 934 10 53', '1973-03-26', 'cromero@gmail.com', 'Child happen serious billion.', '700', 'MBjLGfSOEsFnvogBnSVw');
INSERT INTO ACCOUNTANT (name, email, password) VALUES ('Elizabeth Best', 'kevinwatkins@gmail.com', 'QPRlSICiChqo');
INSERT INTO PATIENT (name, phone_number, date_of_birth, email, medical_history, room_number, password) VALUES ('Elizabeth Best', '+7 (518) 418-26-14', '1967-08-13', 'kevinwatkins@gmail.com', 'Imagine girl traditional myself place.', '922', 'QPRlSICiChqo');
INSERT INTO ACCOUNTANT (name, email, password) VALUES ('Dr. Michael Ramirez', 'matthew33@hotmail.com', 'NWDhvhtQ');
INSERT INTO PATIENT (name, phone_number, date_of_birth, email, medical_history, room_number, password) VALUES ('Dr. Michael Ramirez', '+7 183 194 53 12', '1988-03-15', 'matthew33@hotmail.com', 'Plant while many window.', '559', 'NWDhvhtQ');
INSERT INTO ACCOUNTANT (name, email, password) VALUES ('Trevor Johnson', 'henrychristine@hotmail.com', 'bbvwpvBTsEyQvvumeOkT');
INSERT INTO PATIENT (name, phone_number, date_of_birth, email, medical_history, room_number, password) VALUES ('Trevor Johnson', '+70117742876', '1973-06-28', 'henrychristine@hotmail.com', 'Worry hard wide support push matter price.', '620', 'bbvwpvBTsEyQvvumeOkT');
INSERT INTO ACCOUNTANT (name, email, password) VALUES ('Marie Gomez', 'reginald13@gmail.com', 'aNPGVMPHzvVwWXLSy');
INSERT INTO PATIENT (name, phone_number, date_of_birth, email, medical_history, room_number, password) VALUES ('Marie Gomez', '8 658 152 92 93', '1975-04-25', 'reginald13@gmail.com', 'Or draw shoulder performance safe mother.', '754', 'aNPGVMPHzvVwWXLSy');
INSERT INTO ACCOUNTANT (name, email, password) VALUES ('Nichole Wall', 'malonechristopher@yahoo.com', 'BIUXuwYeEOXfI');
INSERT INTO PATIENT (name, phone_number, date_of_birth, email, medical_history, room_number, password) VALUES ('Nichole Wall', '+7 (110) 541-5841', '1995-07-27', 'malonechristopher@yahoo.com', 'Some way week name cup alone money.', '223', 'BIUXuwYeEOXfI');
INSERT INTO ACCOUNTANT (name, email, password) VALUES ('Barbara Johnson', 'anthony26@yahoo.com', 'UDAOWUIoMdjyJFf');
INSERT INTO PATIENT (name, phone_number, date_of_birth, email, medical_history, room_number, password) VALUES ('Barbara Johnson', '+7 551 435 2000', '1978-04-18', 'anthony26@yahoo.com', 'Government treat while tell.', '348', 'UDAOWUIoMdjyJFf');
INSERT INTO ACCOUNTANT (name, email, password) VALUES ('Sean Hurley', 'heathermorris@yahoo.com', 'NkRzTxNj');
INSERT INTO PATIENT (name, phone_number, date_of_birth, email, medical_history, room_number, password) VALUES ('Sean Hurley', '+73374157758', '1915-11-01', 'heathermorris@yahoo.com', 'Traditional crime sometimes.', '569', 'NkRzTxNj');
INSERT INTO ACCOUNTANT (name, email, password) VALUES ('Brandon Khan', 'forbesstacy@gmail.com', 'KnyIgCCLR');
INSERT INTO PATIENT (name, phone_number, date_of_birth, email, medical_history, room_number, password) VALUES ('Brandon Khan', '+7 589 382 69 28', '2015-07-04', 'forbesstacy@gmail.com', 'Ever power none weight response.', '898', 'KnyIgCCLR');
INSERT INTO ACCOUNTANT (name, email, password) VALUES ('Alan Burch', 'vanessaclark@gmail.com', 'lwRrjKQXwPGdDPLy');
INSERT INTO PATIENT (name, phone_number, date_of_birth, email, medical_history, room_number, password) VALUES ('Alan Burch', '86128888658', '2015-12-02', 'vanessaclark@gmail.com', 'Best sport especially change.', '125', 'lwRrjKQXwPGdDPLy');
INSERT INTO ACCOUNTANT (name, email, password) VALUES ('William Frederick', 'irichmond@hotmail.com', 'AmcyshBeCxYVPgkAvgyD');
INSERT INTO PATIENT (name, phone_number, date_of_birth, email, medical_history, room_number, password) VALUES ('William Frederick', '+73285596170', '2002-07-03', 'irichmond@hotmail.com', 'Will star learn poor line sure.', '532', 'AmcyshBeCxYVPgkAvgyD');
INSERT INTO ACCOUNTANT (name, email, password) VALUES ('Keith Robinson', 'bondloretta@yahoo.com', 'UYgcXbaNTY');
INSERT INTO PATIENT (name, phone_number, date_of_birth, email, medical_history, room_number, password) VALUES ('Keith Robinson', '84077229367', '1951-04-17', 'bondloretta@yahoo.com', 'On resource free possible pass.', '403', 'UYgcXbaNTY');
INSERT INTO ACCOUNTANT (name, email, password) VALUES ('Sandra Ray', 'coxlaura@gmail.com', 'hiIAdnYov');
INSERT INTO PATIENT (name, phone_number, date_of_birth, email, medical_history, room_number, password) VALUES ('Sandra Ray', '8 407 441 6601', '2008-04-19', 'coxlaura@gmail.com', 'Under those attorney administration.', '11', 'hiIAdnYov');
INSERT INTO ACCOUNTANT (name, email, password) VALUES ('Steven Liu', 'mbullock@gmail.com', 'pdDMDAJpgZ');
INSERT INTO PATIENT (name, phone_number, date_of_birth, email, medical_history, room_number, password) VALUES ('Steven Liu', '8 405 759 0902', '1941-08-15', 'mbullock@gmail.com', 'World interest drive base commercial.', '547', 'pdDMDAJpgZ');
INSERT INTO ACCOUNTANT (name, email, password) VALUES ('Andrew Green', 'ecollins@hotmail.com', 'xCLPoqIQEwgHZokww');
INSERT INTO PATIENT (name, phone_number, date_of_birth, email, medical_history, room_number, password) VALUES ('Andrew Green', '+7 062 934 44 49', '1956-07-29', 'ecollins@hotmail.com', 'Common amount drug our issue.', '793', 'xCLPoqIQEwgHZokww');
INSERT INTO ACCOUNTANT (name, email, password) VALUES ('Troy Taylor', 'danielgarcia@yahoo.com', 'qKAalHXMu');
INSERT INTO PATIENT (name, phone_number, date_of_birth, email, medical_history, room_number, password) VALUES ('Troy Taylor', '8 (822) 561-75-48', '1979-03-16', 'danielgarcia@yahoo.com', 'Many language seek mind above table mother.', '536', 'qKAalHXMu');
INSERT INTO ACCOUNTANT (name, email, password) VALUES ('Joseph Arellano', 'vicki95@yahoo.com', 'rWofnZtRGYMrpKpP');
INSERT INTO PATIENT (name, phone_number, date_of_birth, email, medical_history, room_number, password) VALUES ('Joseph Arellano', '+7 (205) 684-75-21', '1986-06-01', 'vicki95@yahoo.com', 'Represent money take share outside.', '362', 'rWofnZtRGYMrpKpP');
INSERT INTO ACCOUNTANT (name, email, password) VALUES ('Lauren Hubbard', 'boydsamantha@yahoo.com', 'PtsqvtFzTrWdUg');
INSERT INTO PATIENT (name, phone_number, date_of_birth, email, medical_history, room_number, password) VALUES ('Lauren Hubbard', '80534765047', '1920-11-20', 'boydsamantha@yahoo.com', 'Agent decision capital.', '398', 'PtsqvtFzTrWdUg');
INSERT INTO ACCOUNTANT (name, email, password) VALUES ('Tanner Contreras', 'qfuller@yahoo.com', 'jJWaVyEoVrh');
INSERT INTO PATIENT (name, phone_number, date_of_birth, email, medical_history, room_number, password) VALUES ('Tanner Contreras', '81634270494', '1926-12-30', 'qfuller@yahoo.com', 'Prepare news wide need office produce dog.', '196', 'jJWaVyEoVrh');
INSERT INTO ACCOUNTANT (name, email, password) VALUES ('Heather Hines', 'webbbrian@yahoo.com', 'BkCVZQzhHsTbMolgagC');
INSERT INTO PATIENT (name, phone_number, date_of_birth, email, medical_history, room_number, password) VALUES ('Heather Hines', '+7 (444) 227-5971', '2013-11-21', 'webbbrian@yahoo.com', 'Above similar should when beat trial.', '769', 'BkCVZQzhHsTbMolgagC');
INSERT INTO ACCOUNTANT (name, email, password) VALUES ('Scott Johnson', 'knoble@gmail.com', 'DUGHieUGzKvwQ');
INSERT INTO PATIENT (name, phone_number, date_of_birth, email, medical_history, room_number, password) VALUES ('Scott Johnson', '+71518553079', '2004-10-18', 'knoble@gmail.com', 'Our bar often official police.', '55', 'DUGHieUGzKvwQ');
INSERT INTO ACCOUNTANT (name, email, password) VALUES ('Margaret Torres', 'bjones@hotmail.com', 'xuHmibqVrZSnhIWpaiU');
INSERT INTO PATIENT (name, phone_number, date_of_birth, email, medical_history, room_number, password) VALUES ('Margaret Torres', '8 948 673 2646', '2008-05-18', 'bjones@hotmail.com', 'Sure ever people support deep source baby.', '131', 'xuHmibqVrZSnhIWpaiU');
INSERT INTO ACCOUNTANT (name, email, password) VALUES ('Kimberly Morgan', 'allenparker@hotmail.com', 'ZVcGjbBEhtx');
INSERT INTO PATIENT (name, phone_number, date_of_birth, email, medical_history, room_number, password) VALUES ('Kimberly Morgan', '+74204707766', '1966-04-21', 'allenparker@hotmail.com', 'Good throughout name time process nature reflect.', '330', 'ZVcGjbBEhtx');
INSERT INTO ACCOUNTANT (name, email, password) VALUES ('Judy Hess', 'cholland@hotmail.com', 'fwMVvPEKfolYRAHtm');
INSERT INTO PATIENT (name, phone_number, date_of_birth, email, medical_history, room_number, password) VALUES ('Judy Hess', '8 (259) 100-43-21', '1904-07-04', 'cholland@hotmail.com', 'Thing once brother free.', '560', 'fwMVvPEKfolYRAHtm');
INSERT INTO ACCOUNTANT (name, email, password) VALUES ('Sarah Wiley', 'allisoncatherine@gmail.com', 'gxjSmvKVqmWGsDNu');
INSERT INTO PATIENT (name, phone_number, date_of_birth, email, medical_history, room_number, password) VALUES ('Sarah Wiley', '+7 434 540 24 54', '1939-03-06', 'allisoncatherine@gmail.com', 'Cell far see manage particular industry.', '206', 'gxjSmvKVqmWGsDNu');
INSERT INTO ACCOUNTANT (name, email, password) VALUES ('Lauren Taylor', 'bautistajacob@hotmail.com', 'mGBSMVxiVkRiNyJ');
INSERT INTO PATIENT (name, phone_number, date_of_birth, email, medical_history, room_number, password) VALUES ('Lauren Taylor', '84677878072', '1970-10-18', 'bautistajacob@hotmail.com', 'Believe during listen decision perhaps.', '722', 'mGBSMVxiVkRiNyJ');
INSERT INTO ACCOUNTANT (name, email, password) VALUES ('Jerome Kennedy', 'anthonyorr@gmail.com', 'zCjZFGXcYfJhD');
INSERT INTO PATIENT (name, phone_number, date_of_birth, email, medical_history, room_number, password) VALUES ('Jerome Kennedy', '8 (776) 657-0998', '1995-12-27', 'anthonyorr@gmail.com', 'Cold quite sing very try face window black.', '84', 'zCjZFGXcYfJhD');
INSERT INTO ACCOUNTANT (name, email, password) VALUES ('Kristen Bell', 'brucedebra@yahoo.com', 'BAjzeQmScPbZtxNNuwj');
INSERT INTO PATIENT (name, phone_number, date_of_birth, email, medical_history, room_number, password) VALUES ('Kristen Bell', '+7 (963) 391-8190', '1964-07-19', 'brucedebra@yahoo.com', 'If over Congress news word yard third.', '421', 'BAjzeQmScPbZtxNNuwj');
INSERT INTO ACCOUNTANT (name, email, password) VALUES ('Michelle Mckenzie', 'yorkrichard@hotmail.com', 'wdQqSkOcGhhA');
INSERT INTO PATIENT (name, phone_number, date_of_birth, email, medical_history, room_number, password) VALUES ('Michelle Mckenzie', '+7 659 459 58 67', '1988-03-02', 'yorkrichard@hotmail.com', 'Often station within let believe.', '261', 'wdQqSkOcGhhA');
INSERT INTO ACCOUNTANT (name, email, password) VALUES ('Joseph Le', 'ledwards@yahoo.com', 'JKlPNRYk');
INSERT INTO PATIENT (name, phone_number, date_of_birth, email, medical_history, room_number, password) VALUES ('Joseph Le', '8 529 408 52 44', '1934-04-13', 'ledwards@yahoo.com', 'Those language trip view resource.', '228', 'JKlPNRYk');
INSERT INTO ACCOUNTANT (name, email, password) VALUES ('Carol Watkins', 'hjones@hotmail.com', 'MpdrqKeaBkVqs');
INSERT INTO PATIENT (name, phone_number, date_of_birth, email, medical_history, room_number, password) VALUES ('Carol Watkins', '+7 006 648 4970', '1978-08-05', 'hjones@hotmail.com', 'Stage sport type subject ask join democratic.', '905', 'MpdrqKeaBkVqs');
INSERT INTO ACCOUNTANT (name, email, password) VALUES ('Randall Mcmillan', 'cathyrice@hotmail.com', 'ZZzotPYmPwJMxYEx');
INSERT INTO PATIENT (name, phone_number, date_of_birth, email, medical_history, room_number, password) VALUES ('Randall Mcmillan', '+71351578212', '1988-02-26', 'cathyrice@hotmail.com', 'Possible campaign politics watch.', '269', 'ZZzotPYmPwJMxYEx');
INSERT INTO ACCOUNTANT (name, email, password) VALUES ('James Keller', 'bhernandez@yahoo.com', 'lMuJQKrRNiLOQBaY');
INSERT INTO PATIENT (name, phone_number, date_of_birth, email, medical_history, room_number, password) VALUES ('James Keller', '+7 (082) 393-4554', '2013-12-22', 'bhernandez@yahoo.com', 'Score story cut one.', '148', 'lMuJQKrRNiLOQBaY');
INSERT INTO ACCOUNTANT (name, email, password) VALUES ('Shane Hall', 'chase24@gmail.com', 'WjNVkGIpTEW');
INSERT INTO PATIENT (name, phone_number, date_of_birth, email, medical_history, room_number, password) VALUES ('Shane Hall', '+7 (231) 535-87-44', '1923-06-18', 'chase24@gmail.com', 'Rest television top.', '738', 'WjNVkGIpTEW');
INSERT INTO ACCOUNTANT (name, email, password) VALUES ('Jessica Beck', 'nathanielwilliams@gmail.com', 'ewHsJzDuFTyQNe');
INSERT INTO PATIENT (name, phone_number, date_of_birth, email, medical_history, room_number, password) VALUES ('Jessica Beck', '+7 (564) 123-56-09', '2000-02-15', 'nathanielwilliams@gmail.com', 'Mrs have score chair something.', '907', 'ewHsJzDuFTyQNe');
INSERT INTO ACCOUNTANT (name, email, password) VALUES ('Suzanne Figueroa', 'courtneybentley@yahoo.com', 'qIrpdivkZwzXznst');
INSERT INTO PATIENT (name, phone_number, date_of_birth, email, medical_history, room_number, password) VALUES ('Suzanne Figueroa', '8 298 099 91 91', '1914-09-29', 'courtneybentley@yahoo.com', 'Agree toward detail range give able us.', '4', 'qIrpdivkZwzXznst');
INSERT INTO ACCOUNTANT (name, email, password) VALUES ('Monique Jackson', 'karen18@hotmail.com', 'fqOUUVtAbRHbJkYLWXtp');
INSERT INTO PATIENT (name, phone_number, date_of_birth, email, medical_history, room_number, password) VALUES ('Monique Jackson', '8 304 341 44 60', '2015-12-16', 'karen18@hotmail.com', 'Which interview tough whose indeed.', '31', 'fqOUUVtAbRHbJkYLWXtp');
INSERT INTO ACCOUNTANT (name, email, password) VALUES ('Parker Garcia', 'eperez@yahoo.com', 'KLaoHooJIQ');
INSERT INTO PATIENT (name, phone_number, date_of_birth, email, medical_history, room_number, password) VALUES ('Parker Garcia', '8 (094) 440-20-10', '1939-08-01', 'eperez@yahoo.com', 'Political consumer stand speech war outside.', '8', 'KLaoHooJIQ');
INSERT INTO ACCOUNTANT (name, email, password) VALUES ('Douglas Taylor', 'perkinshenry@gmail.com', 'EluSQJuAwMbjEGDTQy');
INSERT INTO PATIENT (name, phone_number, date_of_birth, email, medical_history, room_number, password) VALUES ('Douglas Taylor', '8 403 089 89 72', '1939-05-19', 'perkinshenry@gmail.com', 'Couple be morning participant final agency.', '890', 'EluSQJuAwMbjEGDTQy');
INSERT INTO ACCOUNTANT (name, email, password) VALUES ('Ryan Dalton', 'darius22@gmail.com', 'sklXgmkh');
INSERT INTO PATIENT (name, phone_number, date_of_birth, email, medical_history, room_number, password) VALUES ('Ryan Dalton', '+7 604 254 53 58', '1915-03-15', 'darius22@gmail.com', 'Network center plan suffer skill base somebody.', '320', 'sklXgmkh');
INSERT INTO ACCOUNTANT (name, email, password) VALUES ('Holly Calhoun', 'ksmith@yahoo.com', 'WQTCjYHblpYFDLfy');
INSERT INTO PATIENT (name, phone_number, date_of_birth, email, medical_history, room_number, password) VALUES ('Holly Calhoun', '+7 236 230 2732', '1967-07-12', 'ksmith@yahoo.com', 'Race society loss cell list.', '760', 'WQTCjYHblpYFDLfy');
INSERT INTO ACCOUNTANT (name, email, password) VALUES ('Jerry Harrison', 'michaelwalker@gmail.com', 'SqJMgzfeI');
INSERT INTO PATIENT (name, phone_number, date_of_birth, email, medical_history, room_number, password) VALUES ('Jerry Harrison', '8 (410) 674-83-91', '1987-02-22', 'michaelwalker@gmail.com', 'According model her happy prepare weight son.', '496', 'SqJMgzfeI');
INSERT INTO ACCOUNTANT (name, email, password) VALUES ('Linda Harrington', 'hawkinssteven@yahoo.com', 'esYLMKFuSeodirqhgNF');
INSERT INTO PATIENT (name, phone_number, date_of_birth, email, medical_history, room_number, password) VALUES ('Linda Harrington', '89097336744', '1928-02-19', 'hawkinssteven@yahoo.com', 'Travel vote his character now purpose.', '505', 'esYLMKFuSeodirqhgNF');
INSERT INTO ACCOUNTANT (name, email, password) VALUES ('Emily Sullivan', 'hannahrobinson@hotmail.com', 'OzKZugUZlfNftYL');
INSERT INTO PATIENT (name, phone_number, date_of_birth, email, medical_history, room_number, password) VALUES ('Emily Sullivan', '8 370 428 38 02', '1918-10-12', 'hannahrobinson@hotmail.com', 'Sister character friend.', '851', 'OzKZugUZlfNftYL');
INSERT INTO ACCOUNTANT (name, email, password) VALUES ('Debra Gibson', 'rebeccascott@yahoo.com', 'zyjGHgaoSiLj');
INSERT INTO PATIENT (name, phone_number, date_of_birth, email, medical_history, room_number, password) VALUES ('Debra Gibson', '8 823 613 3435', '1934-07-29', 'rebeccascott@yahoo.com', 'Not member wonder line civil stage wide.', '957', 'zyjGHgaoSiLj');
INSERT INTO ACCOUNTANT (name, email, password) VALUES ('Ms. Amber Fritz', 'pdurham@yahoo.com', 'UPRrLNTBVYIYYRZP');
INSERT INTO PATIENT (name, phone_number, date_of_birth, email, medical_history, room_number, password) VALUES ('Ms. Amber Fritz', '8 (743) 556-6973', '1921-07-09', 'pdurham@yahoo.com', 'Effort note yourself present.', '3', 'UPRrLNTBVYIYYRZP');
INSERT INTO ACCOUNTANT (name, email, password) VALUES ('Yolanda Smith', 'donald74@gmail.com', 'FintaBqssFzZr');
INSERT INTO PATIENT (name, phone_number, date_of_birth, email, medical_history, room_number, password) VALUES ('Yolanda Smith', '8 424 822 66 50', '1917-07-25', 'donald74@gmail.com', 'Hard whatever likely structure and audience.', '236', 'FintaBqssFzZr');
INSERT INTO ACCOUNTANT (name, email, password) VALUES ('Lucas Williams', 'peter36@gmail.com', 'lworAbRNKt');
INSERT INTO PATIENT (name, phone_number, date_of_birth, email, medical_history, room_number, password) VALUES ('Lucas Williams', '+7 (978) 317-49-90', '2001-10-31', 'peter36@gmail.com', 'Grow social area suffer product six.', '343', 'lworAbRNKt');
INSERT INTO ACCOUNTANT (name, email, password) VALUES ('Kimberly Patel', 'angela18@hotmail.com', 'UmZwveEV');
INSERT INTO PATIENT (name, phone_number, date_of_birth, email, medical_history, room_number, password) VALUES ('Kimberly Patel', '+7 017 740 1229', '1964-05-22', 'angela18@hotmail.com', 'Range break per method class.', '374', 'UmZwveEV');
INSERT INTO ACCOUNTANT (name, email, password) VALUES ('Michelle Miller', 'obenjamin@hotmail.com', 'GRSQirKyTq');
INSERT INTO PATIENT (name, phone_number, date_of_birth, email, medical_history, room_number, password) VALUES ('Michelle Miller', '+7 (359) 324-9476', '1968-02-20', 'obenjamin@hotmail.com', 'Friend create treat role.', '120', 'GRSQirKyTq');
INSERT INTO ACCOUNTANT (name, email, password) VALUES ('Caitlin Pittman', 'hmolina@yahoo.com', 'IcgbvxYbqqmrAOvS');
INSERT INTO PATIENT (name, phone_number, date_of_birth, email, medical_history, room_number, password) VALUES ('Caitlin Pittman', '8 (807) 108-44-15', '2019-04-28', 'hmolina@yahoo.com', 'Value key before.', '423', 'IcgbvxYbqqmrAOvS');
INSERT INTO ACCOUNTANT (name, email, password) VALUES ('Kelly Campbell', 'charles78@hotmail.com', 'gLJDKeaL');
INSERT INTO PATIENT (name, phone_number, date_of_birth, email, medical_history, room_number, password) VALUES ('Kelly Campbell', '+7 (029) 484-01-93', '1950-03-04', 'charles78@hotmail.com', 'Course tax culture gas.', '14', 'gLJDKeaL');
INSERT INTO ACCOUNTANT (name, email, password) VALUES ('Kelly Thomas', 'upace@yahoo.com', 'gISYjqaXTgCA');
INSERT INTO PATIENT (name, phone_number, date_of_birth, email, medical_history, room_number, password) VALUES ('Kelly Thomas', '+7 (055) 251-2224', '1914-06-15', 'upace@yahoo.com', 'Situation maintain scientist finally rise.', '607', 'gISYjqaXTgCA');
INSERT INTO ACCOUNTANT (name, email, password) VALUES ('Scott Cook', 'matthewlawson@gmail.com', 'gpwXaPRLVvJCNllldOd');
INSERT INTO PATIENT (name, phone_number, date_of_birth, email, medical_history, room_number, password) VALUES ('Scott Cook', '8 156 794 1370', '1952-05-26', 'matthewlawson@gmail.com', 'Employee enough movement fine.', '561', 'gpwXaPRLVvJCNllldOd');
INSERT INTO ACCOUNTANT (name, email, password) VALUES ('Joshua Bruce', 'mhudson@gmail.com', 'BYkpckjIxlpVnJcdiHo');
INSERT INTO PATIENT (name, phone_number, date_of_birth, email, medical_history, room_number, password) VALUES ('Joshua Bruce', '8 599 927 17 77', '2016-08-26', 'mhudson@gmail.com', 'Fear result machine general against finally.', '242', 'BYkpckjIxlpVnJcdiHo');
INSERT INTO ACCOUNTANT (name, email, password) VALUES ('Robert Harrington', 'dawsonkristina@yahoo.com', 'XitJJxiE');
INSERT INTO PATIENT (name, phone_number, date_of_birth, email, medical_history, room_number, password) VALUES ('Robert Harrington', '8 (001) 325-3757', '1987-12-29', 'dawsonkristina@yahoo.com', 'Else campaign crime field especially.', '437', 'XitJJxiE');
INSERT INTO ACCOUNTANT (name, email, password) VALUES ('Mr. William Cook', 'wmassey@gmail.com', 'NPePiAYzKXHsuiD');
INSERT INTO PATIENT (name, phone_number, date_of_birth, email, medical_history, room_number, password) VALUES ('Mr. William Cook', '8 (113) 751-59-24', '1952-10-11', 'wmassey@gmail.com', 'Have team how base into race each.', '293', 'NPePiAYzKXHsuiD');
INSERT INTO ACCOUNTANT (name, email, password) VALUES ('Kevin Johnson', 'russell47@hotmail.com', 'stcAoSty');
INSERT INTO PATIENT (name, phone_number, date_of_birth, email, medical_history, room_number, password) VALUES ('Kevin Johnson', '+7 (436) 222-56-55', '1982-05-11', 'russell47@hotmail.com', 'Marriage medical pick them already surface.', '739', 'stcAoSty');
INSERT INTO ACCOUNTANT (name, email, password) VALUES ('Gary Kramer', 'trandavid@yahoo.com', 'StujXAcRzFqpHaNN');
INSERT INTO PATIENT (name, phone_number, date_of_birth, email, medical_history, room_number, password) VALUES ('Gary Kramer', '8 (962) 802-7020', '1922-11-03', 'trandavid@yahoo.com', 'Ready else attorney form start.', '514', 'StujXAcRzFqpHaNN');
INSERT INTO ACCOUNTANT (name, email, password) VALUES ('Richard Brown', 'harmonkendra@gmail.com', 'sCLgtEwGOAMCyrfgWVr');
INSERT INTO PATIENT (name, phone_number, date_of_birth, email, medical_history, room_number, password) VALUES ('Richard Brown', '+7 642 653 0342', '1962-03-10', 'harmonkendra@gmail.com', 'Act as single yet. Prove bar house else contain.', '982', 'sCLgtEwGOAMCyrfgWVr');
INSERT INTO ACCOUNTANT (name, email, password) VALUES ('Mary Strong', 'michael08@hotmail.com', 'JDFKrMXgFp');
INSERT INTO PATIENT (name, phone_number, date_of_birth, email, medical_history, room_number, password) VALUES ('Mary Strong', '+7 226 383 1573', '1950-07-29', 'michael08@hotmail.com', 'Organization wife argue establish half federal.', '52', 'JDFKrMXgFp');
INSERT INTO ACCOUNTANT (name, email, password) VALUES ('Rebecca Roberts', 'lewisjulia@gmail.com', 'iBUXTxBgEBycf');
INSERT INTO PATIENT (name, phone_number, date_of_birth, email, medical_history, room_number, password) VALUES ('Rebecca Roberts', '+7 318 759 45 06', '2005-07-06', 'lewisjulia@gmail.com', 'Pattern yeah shoulder than half anything.', '474', 'iBUXTxBgEBycf');
INSERT INTO ACCOUNTANT (name, email, password) VALUES ('Dr. Amy Huff', 'jennifer36@yahoo.com', 'fOyRlfBvkxqO');
INSERT INTO PATIENT (name, phone_number, date_of_birth, email, medical_history, room_number, password) VALUES ('Dr. Amy Huff', '+7 682 064 82 07', '1951-04-11', 'jennifer36@yahoo.com', 'Current catch baby probably article.', '172', 'fOyRlfBvkxqO');
INSERT INTO ACCOUNTANT (name, email, password) VALUES ('Sharon Ryan', 'cranekimberly@yahoo.com', 'bIiadBBe');
INSERT INTO PATIENT (name, phone_number, date_of_birth, email, medical_history, room_number, password) VALUES ('Sharon Ryan', '83250724841', '2010-04-14', 'cranekimberly@yahoo.com', 'After easy ready voice husband.', '341', 'bIiadBBe');
INSERT INTO ACCOUNTANT (name, email, password) VALUES ('Janice Schmitt', 'bartonashley@gmail.com', 'yCtBuFqDBfNm');
INSERT INTO PATIENT (name, phone_number, date_of_birth, email, medical_history, room_number, password) VALUES ('Janice Schmitt', '88438244369', '1917-08-03', 'bartonashley@gmail.com', 'Among glass whose ok. Pressure event night who.', '969', 'yCtBuFqDBfNm');
INSERT INTO ACCOUNTANT (name, email, password) VALUES ('Renee Snow', 'williamseric@hotmail.com', 'tsAhsgLvnnN');
INSERT INTO PATIENT (name, phone_number, date_of_birth, email, medical_history, room_number, password) VALUES ('Renee Snow', '8 (527) 013-36-93', '1983-06-11', 'williamseric@hotmail.com', 'Mrs training area.', '90', 'tsAhsgLvnnN');
INSERT INTO ACCOUNTANT (name, email, password) VALUES ('Brian Kennedy', 'christine89@yahoo.com', 'gnPATyZNJGSZbJGU');
INSERT INTO PATIENT (name, phone_number, date_of_birth, email, medical_history, room_number, password) VALUES ('Brian Kennedy', '8 (142) 418-19-00', '1960-11-21', 'christine89@yahoo.com', 'Sister assume film which on meet career.', '651', 'gnPATyZNJGSZbJGU');
INSERT INTO ACCOUNTANT (name, email, password) VALUES ('Tammy Anderson', 'zgallagher@gmail.com', 'EefNcBTGOXrMqJcQUjPR');
INSERT INTO PATIENT (name, phone_number, date_of_birth, email, medical_history, room_number, password) VALUES ('Tammy Anderson', '+7 (160) 916-1899', '2011-02-23', 'zgallagher@gmail.com', 'Tax whatever impact their bank someone lose.', '320', 'EefNcBTGOXrMqJcQUjPR');
INSERT INTO ACCOUNTANT (name, email, password) VALUES ('Kathleen Miles', 'millercharles@yahoo.com', 'JsenpBiaL');
INSERT INTO PATIENT (name, phone_number, date_of_birth, email, medical_history, room_number, password) VALUES ('Kathleen Miles', '+7 (389) 169-43-70', '1967-05-09', 'millercharles@yahoo.com', 'Short guy girl explain.', '11', 'JsenpBiaL');
INSERT INTO ACCOUNTANT (name, email, password) VALUES ('Sean Mcknight', 'hendersonhaley@gmail.com', 'mWYWSgbBOFQKNbrZ');
INSERT INTO PATIENT (name, phone_number, date_of_birth, email, medical_history, room_number, password) VALUES ('Sean Mcknight', '85805641859', '1948-03-24', 'hendersonhaley@gmail.com', 'Page finish place knowledge he politics spring.', '727', 'mWYWSgbBOFQKNbrZ');
INSERT INTO ACCOUNTANT (name, email, password) VALUES ('Gregory Mcgrath', 'john33@gmail.com', 'ImHgeeStvj');
INSERT INTO PATIENT (name, phone_number, date_of_birth, email, medical_history, room_number, password) VALUES ('Gregory Mcgrath', '+7 181 900 3774', '1931-10-13', 'john33@gmail.com', 'Garden bank coach job apply perhaps.', '567', 'ImHgeeStvj');
INSERT INTO ACCOUNTANT (name, email, password) VALUES ('Erica Archer', 'deanna36@yahoo.com', 'RvxXZQgNd');
INSERT INTO PATIENT (name, phone_number, date_of_birth, email, medical_history, room_number, password) VALUES ('Erica Archer', '8 109 395 9125', '2005-08-21', 'deanna36@yahoo.com', 'Ok half challenge stock.', '156', 'RvxXZQgNd');
INSERT INTO ACCOUNTANT (name, email, password) VALUES ('Kyle Villanueva', 'jonesmeredith@yahoo.com', 'NYcqVGBwltrbrJDu');
INSERT INTO PATIENT (name, phone_number, date_of_birth, email, medical_history, room_number, password) VALUES ('Kyle Villanueva', '8 (112) 684-82-50', '1952-08-31', 'jonesmeredith@yahoo.com', 'There upon around role mouth.', '508', 'NYcqVGBwltrbrJDu');
INSERT INTO ACCOUNTANT (name, email, password) VALUES ('Joel Garcia', 'qkeith@yahoo.com', 'nUjryYntMsFkE');
INSERT INTO PATIENT (name, phone_number, date_of_birth, email, medical_history, room_number, password) VALUES ('Joel Garcia', '+7 (253) 746-65-90', '1976-04-01', 'qkeith@yahoo.com', 'Growth capital of site ability her.', '725', 'nUjryYntMsFkE');
INSERT INTO ACCOUNTANT (name, email, password) VALUES ('Andrew Lopez', 'bautistamichelle@hotmail.com', 'XzzJyFMJ');
INSERT INTO PATIENT (name, phone_number, date_of_birth, email, medical_history, room_number, password) VALUES ('Andrew Lopez', '8 370 657 88 53', '1917-01-14', 'bautistamichelle@hotmail.com', 'Budget child game yourself open here.', '535', 'XzzJyFMJ');
INSERT INTO ACCOUNTANT (name, email, password) VALUES ('Hannah Freeman', 'victoria01@yahoo.com', 'OhWwRTSLLPNZdBXwHA');
INSERT INTO PATIENT (name, phone_number, date_of_birth, email, medical_history, room_number, password) VALUES ('Hannah Freeman', '+7 (041) 812-43-39', '1958-12-15', 'victoria01@yahoo.com', 'Sport maybe light.', '537', 'OhWwRTSLLPNZdBXwHA');
INSERT INTO ACCOUNTANT (name, email, password) VALUES ('Matthew Smith', 'wongsandra@hotmail.com', 'GMHDPopSWia');
INSERT INTO PATIENT (name, phone_number, date_of_birth, email, medical_history, room_number, password) VALUES ('Matthew Smith', '80962022599', '1963-10-18', 'wongsandra@hotmail.com', 'Personal campaign need leave meeting join lead.', '832', 'GMHDPopSWia');
INSERT INTO ACCOUNTANT (name, email, password) VALUES ('Renee Robinson', 'mortonpatricia@hotmail.com', 'aNkSdCwFYS');
INSERT INTO PATIENT (name, phone_number, date_of_birth, email, medical_history, room_number, password) VALUES ('Renee Robinson', '8 269 819 0458', '1995-03-01', 'mortonpatricia@hotmail.com', 'Door those open area gun book ok drug.', '143', 'aNkSdCwFYS');
INSERT INTO ACCOUNTANT (name, email, password) VALUES ('Tricia Nichols', 'xburgess@gmail.com', 'fGMkWZlbL');
INSERT INTO PATIENT (name, phone_number, date_of_birth, email, medical_history, room_number, password) VALUES ('Tricia Nichols', '+7 (142) 969-39-08', '1985-01-19', 'xburgess@gmail.com', 'Instead off between animal final boy.', '659', 'fGMkWZlbL');
INSERT INTO ACCOUNTANT (name, email, password) VALUES ('Christopher Moore', 'powellkyle@gmail.com', 'CUPplnpyYwKKRhGgTXk');
INSERT INTO PATIENT (name, phone_number, date_of_birth, email, medical_history, room_number, password) VALUES ('Christopher Moore', '8 941 509 3641', '1982-12-05', 'powellkyle@gmail.com', 'Best him cup effort available yet onto.', '46', 'CUPplnpyYwKKRhGgTXk');
INSERT INTO ACCOUNTANT (name, email, password) VALUES ('Kelly Carr', 'carlsonnoah@yahoo.com', 'ruSZQhyvQYb');
INSERT INTO PATIENT (name, phone_number, date_of_birth, email, medical_history, room_number, password) VALUES ('Kelly Carr', '83285579434', '2018-06-14', 'carlsonnoah@yahoo.com', 'Guy expect stock find least.', '632', 'ruSZQhyvQYb');
INSERT INTO ACCOUNTANT (name, email, password) VALUES ('Roger Hoffman', 'john03@gmail.com', 'znTMeTAUuhTFKBKFjzB');
INSERT INTO PATIENT (name, phone_number, date_of_birth, email, medical_history, room_number, password) VALUES ('Roger Hoffman', '+7 779 471 61 48', '2002-12-14', 'john03@gmail.com', 'Support discuss center wear discover.', '166', 'znTMeTAUuhTFKBKFjzB');
INSERT INTO ACCOUNTANT (name, email, password) VALUES ('Michael Lewis', 'meagandoyle@gmail.com', 'RpkjbkXLuDiqhcsE');
INSERT INTO PATIENT (name, phone_number, date_of_birth, email, medical_history, room_number, password) VALUES ('Michael Lewis', '80717906914', '1910-07-03', 'meagandoyle@gmail.com', 'Water fall be reveal high eye write option.', '417', 'RpkjbkXLuDiqhcsE');
INSERT INTO ACCOUNTANT (name, email, password) VALUES ('Luke Potts', 'meltonwendy@gmail.com', 'jxoXTQeW');
INSERT INTO PATIENT (name, phone_number, date_of_birth, email, medical_history, room_number, password) VALUES ('Luke Potts', '+7 448 402 06 34', '1947-05-18', 'meltonwendy@gmail.com', 'Fish deep serve perhaps him artist call firm.', '387', 'jxoXTQeW');
INSERT INTO ACCOUNTANT (name, email, password) VALUES ('Jessica Madden', 'sanfordgreg@yahoo.com', 'JsccMKGmB');
INSERT INTO PATIENT (name, phone_number, date_of_birth, email, medical_history, room_number, password) VALUES ('Jessica Madden', '+7 888 915 28 56', '1939-04-22', 'sanfordgreg@yahoo.com', 'Own forward hair budget from.', '630', 'JsccMKGmB');
INSERT INTO ACCOUNTANT (name, email, password) VALUES ('Kelly Burns', 'kelly40@yahoo.com', 'CbZkHiKrpQyhy');
INSERT INTO PATIENT (name, phone_number, date_of_birth, email, medical_history, room_number, password) VALUES ('Kelly Burns', '+7 (463) 859-0225', '1915-04-17', 'kelly40@yahoo.com', 'Alone whole her save prevent maybe.', '654', 'CbZkHiKrpQyhy');
INSERT INTO ACCOUNTANT (name, email, password) VALUES ('Paul Tyler', 'marcus47@yahoo.com', 'FgfdGmUIdTvhJyi');
INSERT INTO PATIENT (name, phone_number, date_of_birth, email, medical_history, room_number, password) VALUES ('Paul Tyler', '+7 667 634 7376', '2005-02-06', 'marcus47@yahoo.com', 'Southern new with check trial.', '506', 'FgfdGmUIdTvhJyi');
INSERT INTO ACCOUNTANT (name, email, password) VALUES ('Tara Cohen', 'qlowe@yahoo.com', 'XFdzyVoUDi');
INSERT INTO PATIENT (name, phone_number, date_of_birth, email, medical_history, room_number, password) VALUES ('Tara Cohen', '83402210475', '2008-12-26', 'qlowe@yahoo.com', 'Meeting machine sort organization series sign.', '980', 'XFdzyVoUDi');
INSERT INTO ACCOUNTANT (name, email, password) VALUES ('Anthony Bruce', 'gillcatherine@yahoo.com', 'DgqDkcOQGn');
INSERT INTO PATIENT (name, phone_number, date_of_birth, email, medical_history, room_number, password) VALUES ('Anthony Bruce', '+7 (795) 956-4752', '1995-04-02', 'gillcatherine@yahoo.com', 'As hour doctor sing.', '828', 'DgqDkcOQGn');
INSERT INTO ACCOUNTANT (name, email, password) VALUES ('Christopher Murphy', 'jamesdiaz@yahoo.com', 'rJlMKbSidhPIfK');
INSERT INTO PATIENT (name, phone_number, date_of_birth, email, medical_history, room_number, password) VALUES ('Christopher Murphy', '8 244 263 64 47', '1908-08-28', 'jamesdiaz@yahoo.com', 'Even impact task sit spend skin.', '689', 'rJlMKbSidhPIfK');
INSERT INTO ACCOUNTANT (name, email, password) VALUES ('Vincent Harrison', 'connor73@hotmail.com', 'OPxEhLGvMwEQPTOFIaU');
INSERT INTO PATIENT (name, phone_number, date_of_birth, email, medical_history, room_number, password) VALUES ('Vincent Harrison', '8 394 186 5354', '1950-12-07', 'connor73@hotmail.com', 'Gun few serious population late street.', '325', 'OPxEhLGvMwEQPTOFIaU');
INSERT INTO ACCOUNTANT (name, email, password) VALUES ('Johnathan Harvey', 'brandon79@gmail.com', 'QgEojoccOufcXegbF');
INSERT INTO PATIENT (name, phone_number, date_of_birth, email, medical_history, room_number, password) VALUES ('Johnathan Harvey', '82807570642', '1929-05-03', 'brandon79@gmail.com', 'Trade situation six recent particular mouth.', '648', 'QgEojoccOufcXegbF');
INSERT INTO ACCOUNTANT (name, email, password) VALUES ('Nicole Vance', 'wagnerkenneth@gmail.com', 'zBPOBTzS');
INSERT INTO PATIENT (name, phone_number, date_of_birth, email, medical_history, room_number, password) VALUES ('Nicole Vance', '+7 (357) 544-78-79', '1925-05-26', 'wagnerkenneth@gmail.com', 'Top suddenly collection especially.', '388', 'zBPOBTzS');
INSERT INTO ACCOUNTANT (name, email, password) VALUES ('George Clark', 'monicabenjamin@hotmail.com', 'itJSdbCCpzbWqBzXMS');
INSERT INTO PATIENT (name, phone_number, date_of_birth, email, medical_history, room_number, password) VALUES ('George Clark', '8 (623) 484-3996', '1953-02-25', 'monicabenjamin@hotmail.com', 'Structure mind life away effect.', '557', 'itJSdbCCpzbWqBzXMS');
INSERT INTO ACCOUNTANT (name, email, password) VALUES ('Greg Johnson', 'sbradford@hotmail.com', 'VEDiKPlYZSUcBuJoh');
INSERT INTO PATIENT (name, phone_number, date_of_birth, email, medical_history, room_number, password) VALUES ('Greg Johnson', '+7 246 245 5682', '1987-11-08', 'sbradford@hotmail.com', 'Factor real color we hard nation.', '708', 'VEDiKPlYZSUcBuJoh');
INSERT INTO ACCOUNTANT (name, email, password) VALUES ('Joseph Green', 'jeremy41@yahoo.com', 'EOpkVEUEenBdrXoEEeBu');
INSERT INTO PATIENT (name, phone_number, date_of_birth, email, medical_history, room_number, password) VALUES ('Joseph Green', '87242620573', '1936-04-25', 'jeremy41@yahoo.com', 'Act day sometimes thus wear.', '697', 'EOpkVEUEenBdrXoEEeBu');
INSERT INTO ACCOUNTANT (name, email, password) VALUES ('Stephanie Rosales', 'joanncastillo@gmail.com', 'lSPLlQBvqTwX');
INSERT INTO PATIENT (name, phone_number, date_of_birth, email, medical_history, room_number, password) VALUES ('Stephanie Rosales', '+7 791 684 45 45', '1911-02-10', 'joanncastillo@gmail.com', 'Bed though rule production story same who.', '254', 'lSPLlQBvqTwX');
INSERT INTO ACCOUNTANT (name, email, password) VALUES ('Keith Greene', 'samanthacamacho@hotmail.com', 'UpjDdoiTQZB');
INSERT INTO PATIENT (name, phone_number, date_of_birth, email, medical_history, room_number, password) VALUES ('Keith Greene', '+73463716361', '1960-08-28', 'samanthacamacho@hotmail.com', 'Expect eight on land. Blue agreement get at.', '766', 'UpjDdoiTQZB');
INSERT INTO ACCOUNTANT (name, email, password) VALUES ('Amanda Mccormick', 'ann18@yahoo.com', 'UkzpPqjm');
INSERT INTO PATIENT (name, phone_number, date_of_birth, email, medical_history, room_number, password) VALUES ('Amanda Mccormick', '8 (245) 473-41-05', '1937-08-11', 'ann18@yahoo.com', 'Watch bag hospital listen drug million national.', '769', 'UkzpPqjm');
INSERT INTO ACCOUNTANT (name, email, password) VALUES ('Sarah Dorsey', 'glittle@yahoo.com', 'LtgVjgmP');
INSERT INTO PATIENT (name, phone_number, date_of_birth, email, medical_history, room_number, password) VALUES ('Sarah Dorsey', '8 (247) 771-80-50', '1933-01-29', 'glittle@yahoo.com', 'Beyond crime decision heart.', '296', 'LtgVjgmP');
INSERT INTO ACCOUNTANT (name, email, password) VALUES ('Christina White', 'randall29@hotmail.com', 'tOnoiYHedsOwZ');
INSERT INTO PATIENT (name, phone_number, date_of_birth, email, medical_history, room_number, password) VALUES ('Christina White', '+7 834 011 42 44', '2016-07-22', 'randall29@hotmail.com', 'Ten themselves item finish than cut.', '398', 'tOnoiYHedsOwZ');
INSERT INTO ACCOUNTANT (name, email, password) VALUES ('Andrea Simon', 'robinsonmary@gmail.com', 'LSSiybtUmpb');
INSERT INTO PATIENT (name, phone_number, date_of_birth, email, medical_history, room_number, password) VALUES ('Andrea Simon', '+7 463 945 91 74', '1908-05-08', 'robinsonmary@gmail.com', 'When system later stand push white.', '16', 'LSSiybtUmpb');
INSERT INTO ACCOUNTANT (name, email, password) VALUES ('Hannah Martin', 'elizabethharris@yahoo.com', 'cBsvUXYhBFLD');
INSERT INTO PATIENT (name, phone_number, date_of_birth, email, medical_history, room_number, password) VALUES ('Hannah Martin', '+7 338 999 20 95', '2018-07-06', 'elizabethharris@yahoo.com', 'Guess senior in police. Season gun computer skin.', '466', 'cBsvUXYhBFLD');
INSERT INTO ACCOUNTANT (name, email, password) VALUES ('Brian Krause', 'crystalvelasquez@yahoo.com', 'qVpvVqemKOROotfw');
INSERT INTO PATIENT (name, phone_number, date_of_birth, email, medical_history, room_number, password) VALUES ('Brian Krause', '+7 (587) 865-1891', '1983-05-01', 'crystalvelasquez@yahoo.com', 'Run natural fall teacher American read.', '53', 'qVpvVqemKOROotfw');
INSERT INTO ACCOUNTANT (name, email, password) VALUES ('Mark Reese', 'conniefarmer@gmail.com', 'UgrIaKVktHft');
INSERT INTO PATIENT (name, phone_number, date_of_birth, email, medical_history, room_number, password) VALUES ('Mark Reese', '+73383952359', '1939-01-19', 'conniefarmer@gmail.com', 'Age keep side far stop.', '122', 'UgrIaKVktHft');
INSERT INTO ACCOUNTANT (name, email, password) VALUES ('Helen Powell', 'amber74@hotmail.com', 'YepMKRbeQkEdGWBsLYjS');
INSERT INTO PATIENT (name, phone_number, date_of_birth, email, medical_history, room_number, password) VALUES ('Helen Powell', '+7 433 215 1919', '1962-09-11', 'amber74@hotmail.com', 'Order better think expert.', '440', 'YepMKRbeQkEdGWBsLYjS');
INSERT INTO ACCOUNTANT (name, email, password) VALUES ('Steven Carpenter MD', 'jessicavargas@gmail.com', 'YHVTxoxYDIJumQyOg');
INSERT INTO PATIENT (name, phone_number, date_of_birth, email, medical_history, room_number, password) VALUES ('Steven Carpenter MD', '8 963 134 4902', '1940-07-08', 'jessicavargas@gmail.com', 'Agency now glass someone.', '276', 'YHVTxoxYDIJumQyOg');
INSERT INTO ACCOUNTANT (name, email, password) VALUES ('Mark Martinez', 'pruittisaac@hotmail.com', 'tNFhuqdCZAwWoyYF');
INSERT INTO PATIENT (name, phone_number, date_of_birth, email, medical_history, room_number, password) VALUES ('Mark Martinez', '+7 156 621 73 95', '1978-03-01', 'pruittisaac@hotmail.com', 'Measure then conference hand shake risk.', '419', 'tNFhuqdCZAwWoyYF');
INSERT INTO ACCOUNTANT (name, email, password) VALUES ('Carol Smith', 'slee@hotmail.com', 'bggRBVisnaEtKTCR');
INSERT INTO PATIENT (name, phone_number, date_of_birth, email, medical_history, room_number, password) VALUES ('Carol Smith', '8 (100) 534-88-93', '2015-11-08', 'slee@hotmail.com', 'Rock work system meeting win.', '214', 'bggRBVisnaEtKTCR');
INSERT INTO ACCOUNTANT (name, email, password) VALUES ('Jose Harris', 'mross@hotmail.com', 'bSRVDqHeJRNlWBRTQ');
INSERT INTO PATIENT (name, phone_number, date_of_birth, email, medical_history, room_number, password) VALUES ('Jose Harris', '+7 018 819 0360', '1974-05-24', 'mross@hotmail.com', 'As young present discover cut.', '500', 'bSRVDqHeJRNlWBRTQ');
INSERT INTO ACCOUNTANT (name, email, password) VALUES ('Eileen Parks', 'drewhunt@yahoo.com', 'gDSNvcIEcniYMEwM');
INSERT INTO PATIENT (name, phone_number, date_of_birth, email, medical_history, room_number, password) VALUES ('Eileen Parks', '+7 (334) 024-7095', '1962-05-29', 'drewhunt@yahoo.com', 'Reflect budget him concern.', '700', 'gDSNvcIEcniYMEwM');
INSERT INTO ACCOUNTANT (name, email, password) VALUES ('Laura Graves', 'smithheather@hotmail.com', 'JEZYRcoNcbvf');
INSERT INTO PATIENT (name, phone_number, date_of_birth, email, medical_history, room_number, password) VALUES ('Laura Graves', '80021429198', '2015-09-05', 'smithheather@hotmail.com', 'Pull bed treatment character who.', '620', 'JEZYRcoNcbvf');
INSERT INTO ACCOUNTANT (name, email, password) VALUES ('Danielle Thomas', 'victoriagarcia@yahoo.com', 'NkZXMyDyTER');
INSERT INTO PATIENT (name, phone_number, date_of_birth, email, medical_history, room_number, password) VALUES ('Danielle Thomas', '86664407332', '1944-02-10', 'victoriagarcia@yahoo.com', 'Job finally else level suffer method.', '920', 'NkZXMyDyTER');
INSERT INTO ACCOUNTANT (name, email, password) VALUES ('Monica Lucas', 'mcdonaldjoseph@hotmail.com', 'kRbtSGHSjHjEzs');
INSERT INTO PATIENT (name, phone_number, date_of_birth, email, medical_history, room_number, password) VALUES ('Monica Lucas', '8 (793) 220-84-40', '1927-09-12', 'mcdonaldjoseph@hotmail.com', 'Your good energy nor less cover.', '621', 'kRbtSGHSjHjEzs');
INSERT INTO ACCOUNTANT (name, email, password) VALUES ('Jill Morrison', 'julie85@yahoo.com', 'oPuHKaUjHv');
INSERT INTO PATIENT (name, phone_number, date_of_birth, email, medical_history, room_number, password) VALUES ('Jill Morrison', '+7 471 340 38 87', '1995-07-15', 'julie85@yahoo.com', 'Because fast draw strategy unit Congress.', '507', 'oPuHKaUjHv');
INSERT INTO ACCOUNTANT (name, email, password) VALUES ('Lynn Arellano', 'jennifer91@gmail.com', 'iAeBthPrLL');
INSERT INTO PATIENT (name, phone_number, date_of_birth, email, medical_history, room_number, password) VALUES ('Lynn Arellano', '8 539 414 3369', '2005-04-27', 'jennifer91@gmail.com', 'Artist send call.', '561', 'iAeBthPrLL');
INSERT INTO ACCOUNTANT (name, email, password) VALUES ('Ruben Stokes III', 'andersonwilliam@hotmail.com', 'sQECfaBfDTqjjHk');
INSERT INTO PATIENT (name, phone_number, date_of_birth, email, medical_history, room_number, password) VALUES ('Ruben Stokes III', '8 (857) 315-09-01', '1988-07-12', 'andersonwilliam@hotmail.com', 'American heart seem far.', '398', 'sQECfaBfDTqjjHk');
INSERT INTO ACCOUNTANT (name, email, password) VALUES ('Jacqueline Chen', 'castanedakatrina@yahoo.com', 'LeaXUOblqiQSrh');
INSERT INTO PATIENT (name, phone_number, date_of_birth, email, medical_history, room_number, password) VALUES ('Jacqueline Chen', '88855758075', '1995-01-14', 'castanedakatrina@yahoo.com', 'Score bag start several.', '475', 'LeaXUOblqiQSrh');
INSERT INTO ACCOUNTANT (name, email, password) VALUES ('Sara Moore', 'rebeccaking@gmail.com', 'oURZqDHDQ');
INSERT INTO PATIENT (name, phone_number, date_of_birth, email, medical_history, room_number, password) VALUES ('Sara Moore', '+7 941 558 52 94', '1939-07-25', 'rebeccaking@gmail.com', 'Fast give tend answer stock country.', '311', 'oURZqDHDQ');
INSERT INTO ACCOUNTANT (name, email, password) VALUES ('Richard Montgomery', 'murphyseth@hotmail.com', 'pIuBdRXNzAOBKseb');
INSERT INTO PATIENT (name, phone_number, date_of_birth, email, medical_history, room_number, password) VALUES ('Richard Montgomery', '+78819033785', '1979-05-10', 'murphyseth@hotmail.com', 'Bank both gas responsibility moment want teach.', '1000', 'pIuBdRXNzAOBKseb');
INSERT INTO ACCOUNTANT (name, email, password) VALUES ('James Torres', 'cynthia72@hotmail.com', 'brbDMTiGzCqXyXw');
INSERT INTO PATIENT (name, phone_number, date_of_birth, email, medical_history, room_number, password) VALUES ('James Torres', '+7 326 538 86 64', '1935-08-20', 'cynthia72@hotmail.com', 'Black space risk. Doctor when benefit art.', '884', 'brbDMTiGzCqXyXw');
INSERT INTO ACCOUNTANT (name, email, password) VALUES ('Kelsey Taylor', 'rkeller@hotmail.com', 'iPqhMzNmStu');
INSERT INTO PATIENT (name, phone_number, date_of_birth, email, medical_history, room_number, password) VALUES ('Kelsey Taylor', '8 (651) 305-3904', '2008-12-04', 'rkeller@hotmail.com', 'Huge certain yes end.', '913', 'iPqhMzNmStu');
INSERT INTO ACCOUNTANT (name, email, password) VALUES ('Donna Taylor', 'agonzalez@gmail.com', 'IvQdhPOfAjykKdLWvw');
INSERT INTO PATIENT (name, phone_number, date_of_birth, email, medical_history, room_number, password) VALUES ('Donna Taylor', '+7 (438) 366-3691', '1930-12-15', 'agonzalez@gmail.com', 'Industry drop a pick rate. What else machine.', '586', 'IvQdhPOfAjykKdLWvw');
INSERT INTO ACCOUNTANT (name, email, password) VALUES ('Teresa Wilson', 'rgates@gmail.com', 'bLdAvEDJnGisgCRLo');
INSERT INTO PATIENT (name, phone_number, date_of_birth, email, medical_history, room_number, password) VALUES ('Teresa Wilson', '89359062217', '1945-11-09', 'rgates@gmail.com', 'Structure matter later behind.', '968', 'bLdAvEDJnGisgCRLo');
INSERT INTO ACCOUNTANT (name, email, password) VALUES ('Nicole Palmer', 'caitlinsmith@gmail.com', 'mlsfElBZxVkHODmFuxj');
INSERT INTO PATIENT (name, phone_number, date_of_birth, email, medical_history, room_number, password) VALUES ('Nicole Palmer', '+7 (997) 938-16-23', '1984-09-01', 'caitlinsmith@gmail.com', 'Use five new so.', '946', 'mlsfElBZxVkHODmFuxj');
INSERT INTO ACCOUNTANT (name, email, password) VALUES ('Brandon Mitchell', 'vharris@yahoo.com', 'FoEZRjcgwvaEQ');
INSERT INTO PATIENT (name, phone_number, date_of_birth, email, medical_history, room_number, password) VALUES ('Brandon Mitchell', '8 (459) 832-9134', '1950-07-30', 'vharris@yahoo.com', 'Along join should left sort. Early right term.', '18', 'FoEZRjcgwvaEQ');
INSERT INTO ACCOUNTANT (name, email, password) VALUES ('Cindy Murphy', 'zhangamanda@gmail.com', 'LRMAvkRKP');
INSERT INTO PATIENT (name, phone_number, date_of_birth, email, medical_history, room_number, password) VALUES ('Cindy Murphy', '8 (052) 315-8994', '2008-06-22', 'zhangamanda@gmail.com', 'Crime attorney when need task.', '319', 'LRMAvkRKP');
INSERT INTO ACCOUNTANT (name, email, password) VALUES ('Logan Maxwell', 'michellerobertson@hotmail.com', 'yuHAHNaefFLn');
INSERT INTO PATIENT (name, phone_number, date_of_birth, email, medical_history, room_number, password) VALUES ('Logan Maxwell', '8 (981) 035-71-93', '2007-08-19', 'michellerobertson@hotmail.com', 'Gun set ahead hard official side.', '669', 'yuHAHNaefFLn');
INSERT INTO ACCOUNTANT (name, email, password) VALUES ('Amber Gomez', 'merrittrhonda@hotmail.com', 'AArUIouxKGnPdBCV');
INSERT INTO PATIENT (name, phone_number, date_of_birth, email, medical_history, room_number, password) VALUES ('Amber Gomez', '+7 (672) 409-62-84', '1930-10-12', 'merrittrhonda@hotmail.com', 'Democrat middle report score whose.', '121', 'AArUIouxKGnPdBCV');
INSERT INTO ACCOUNTANT (name, email, password) VALUES ('Debra Johnson', 'lindaharris@hotmail.com', 'RDRruXRGXBYJPFCKSgJZ');
INSERT INTO PATIENT (name, phone_number, date_of_birth, email, medical_history, room_number, password) VALUES ('Debra Johnson', '+7 (146) 803-35-83', '2004-10-13', 'lindaharris@hotmail.com', 'Citizen language page authority start.', '803', 'RDRruXRGXBYJPFCKSgJZ');
INSERT INTO ACCOUNTANT (name, email, password) VALUES ('Samantha Washington', 'harrellmatthew@yahoo.com', 'JBqBmcXQLkDkrjidcXBG');
INSERT INTO PATIENT (name, phone_number, date_of_birth, email, medical_history, room_number, password) VALUES ('Samantha Washington', '+72837666820', '2005-11-26', 'harrellmatthew@yahoo.com', 'Serve stock lot study place feeling size task.', '25', 'JBqBmcXQLkDkrjidcXBG');
INSERT INTO ACCOUNTANT (name, email, password) VALUES ('Erin Morris', 'sonyamoore@hotmail.com', 'xrltkUcdKURs');
INSERT INTO PATIENT (name, phone_number, date_of_birth, email, medical_history, room_number, password) VALUES ('Erin Morris', '+7 (283) 133-38-70', '1990-04-04', 'sonyamoore@hotmail.com', 'Kid not whole manager generation pull.', '435', 'xrltkUcdKURs');
INSERT INTO ACCOUNTANT (name, email, password) VALUES ('Timothy Moreno', 'danielclark@yahoo.com', 'SkCSxYysId');
INSERT INTO PATIENT (name, phone_number, date_of_birth, email, medical_history, room_number, password) VALUES ('Timothy Moreno', '+7 847 945 81 42', '1945-07-08', 'danielclark@yahoo.com', 'Father even suddenly evening approach investment.', '983', 'SkCSxYysId');
INSERT INTO ACCOUNTANT (name, email, password) VALUES ('Elizabeth Brown', 'robinsims@gmail.com', 'DmNrSDGzJHf');
INSERT INTO PATIENT (name, phone_number, date_of_birth, email, medical_history, room_number, password) VALUES ('Elizabeth Brown', '+78069766693', '1921-11-16', 'robinsims@gmail.com', 'Born only system call few hour site.', '718', 'DmNrSDGzJHf');
INSERT INTO ACCOUNTANT (name, email, password) VALUES ('Catherine Eaton', 'deniserivas@yahoo.com', 'TGIHHDoPa');
INSERT INTO PATIENT (name, phone_number, date_of_birth, email, medical_history, room_number, password) VALUES ('Catherine Eaton', '+7 (924) 546-89-93', '1981-03-08', 'deniserivas@yahoo.com', 'Mention success fine wish bag end might.', '21', 'TGIHHDoPa');
INSERT INTO ACCOUNTANT (name, email, password) VALUES ('Jessica Carter', 'danielle81@yahoo.com', 'UDyaahVRvnvHQMwfyoT');
INSERT INTO PATIENT (name, phone_number, date_of_birth, email, medical_history, room_number, password) VALUES ('Jessica Carter', '+7 (978) 784-42-44', '2007-05-31', 'danielle81@yahoo.com', 'Own realize certainly religious whether listen.', '468', 'UDyaahVRvnvHQMwfyoT');
INSERT INTO ACCOUNTANT (name, email, password) VALUES ('Jack West', 'molly52@yahoo.com', 'FsCaYlDkAjprLm');
INSERT INTO PATIENT (name, phone_number, date_of_birth, email, medical_history, room_number, password) VALUES ('Jack West', '+7 250 775 0503', '1952-05-29', 'molly52@yahoo.com', 'Common garden thank myself.', '550', 'FsCaYlDkAjprLm');
INSERT INTO ACCOUNTANT (name, email, password) VALUES ('Dr. Jennifer James', 'cnicholson@gmail.com', 'NRBbsVoJBvk');
INSERT INTO PATIENT (name, phone_number, date_of_birth, email, medical_history, room_number, password) VALUES ('Dr. Jennifer James', '+7 163 802 0410', '2009-11-14', 'cnicholson@gmail.com', 'Analysis far race certainly probably.', '257', 'NRBbsVoJBvk');
INSERT INTO ACCOUNTANT (name, email, password) VALUES ('Jamie Mcdonald', 'urusso@hotmail.com', 'buAsbmGtyqlWbEgFD');
INSERT INTO PATIENT (name, phone_number, date_of_birth, email, medical_history, room_number, password) VALUES ('Jamie Mcdonald', '+7 (842) 535-37-42', '1948-07-24', 'urusso@hotmail.com', 'Federal no charge chair shake baby.', '219', 'buAsbmGtyqlWbEgFD');
INSERT INTO ACCOUNTANT (name, email, password) VALUES ('Johnny Kaiser', 'ojohnson@gmail.com', 'chcUSiAXdL');
INSERT INTO PATIENT (name, phone_number, date_of_birth, email, medical_history, room_number, password) VALUES ('Johnny Kaiser', '+7 761 065 8941', '1988-10-06', 'ojohnson@gmail.com', 'Action adult computer pretty need.', '112', 'chcUSiAXdL');
INSERT INTO ACCOUNTANT (name, email, password) VALUES ('Patrick Parker', 'andersontheresa@gmail.com', 'VleuneXWb');
INSERT INTO PATIENT (name, phone_number, date_of_birth, email, medical_history, room_number, password) VALUES ('Patrick Parker', '+7 (450) 249-12-52', '1997-10-17', 'andersontheresa@gmail.com', 'Down thus measure mean when stage water.', '308', 'VleuneXWb');
INSERT INTO ACCOUNTANT (name, email, password) VALUES ('Stacy Duran', 'virginia26@hotmail.com', 'RmUpzRkIhIpBzwHuNt');
INSERT INTO PATIENT (name, phone_number, date_of_birth, email, medical_history, room_number, password) VALUES ('Stacy Duran', '+74873226727', '1940-12-04', 'virginia26@hotmail.com', 'Member power yourself chair their.', '970', 'RmUpzRkIhIpBzwHuNt');
INSERT INTO ACCOUNTANT (name, email, password) VALUES ('James Williams', 'qmclaughlin@gmail.com', 'NRygjlVWxTuRMmIisW');
INSERT INTO PATIENT (name, phone_number, date_of_birth, email, medical_history, room_number, password) VALUES ('James Williams', '8 (727) 010-5618', '2011-12-06', 'qmclaughlin@gmail.com', 'Market medical begin heavy special through.', '45', 'NRygjlVWxTuRMmIisW');
INSERT INTO ACCOUNTANT (name, email, password) VALUES ('Shannon Davis', 'danielaguilar@hotmail.com', 'SSNTrzaSC');
INSERT INTO PATIENT (name, phone_number, date_of_birth, email, medical_history, room_number, password) VALUES ('Shannon Davis', '83782390511', '1964-08-17', 'danielaguilar@hotmail.com', 'Already during card ask hope tell grow.', '799', 'SSNTrzaSC');
INSERT INTO ACCOUNTANT (name, email, password) VALUES ('Tanya Cole', 'christopher44@yahoo.com', 'esNoigDVvyxmJM');
INSERT INTO PATIENT (name, phone_number, date_of_birth, email, medical_history, room_number, password) VALUES ('Tanya Cole', '+7 648 623 8530', '1997-03-10', 'christopher44@yahoo.com', 'Minute life different within.', '374', 'esNoigDVvyxmJM');
INSERT INTO ACCOUNTANT (name, email, password) VALUES ('Jesse Thompson', 'tina22@yahoo.com', 'LhvETTBcPOFwvBdjB');
INSERT INTO PATIENT (name, phone_number, date_of_birth, email, medical_history, room_number, password) VALUES ('Jesse Thompson', '8 (311) 545-16-49', '1926-12-31', 'tina22@yahoo.com', 'Together enjoy end party continue marriage.', '782', 'LhvETTBcPOFwvBdjB');
INSERT INTO ACCOUNTANT (name, email, password) VALUES ('Donna Nelson', 'vgriffin@yahoo.com', 'pKqyirsYgMSp');
INSERT INTO PATIENT (name, phone_number, date_of_birth, email, medical_history, room_number, password) VALUES ('Donna Nelson', '+7 268 666 08 73', '1920-06-21', 'vgriffin@yahoo.com', 'Prevent eight condition.', '637', 'pKqyirsYgMSp');
INSERT INTO ACCOUNTANT (name, email, password) VALUES ('Paula Ramos', 'wendy96@yahoo.com', 'DRVGjOZqdRRMD');
INSERT INTO PATIENT (name, phone_number, date_of_birth, email, medical_history, room_number, password) VALUES ('Paula Ramos', '8 (103) 043-6644', '1963-11-28', 'wendy96@yahoo.com', 'Nation believe individual toward.', '997', 'DRVGjOZqdRRMD');
INSERT INTO ACCOUNTANT (name, email, password) VALUES ('Olivia Lewis', 'yyang@hotmail.com', 'adeSCcuiCJhzQYtrijcy');
INSERT INTO PATIENT (name, phone_number, date_of_birth, email, medical_history, room_number, password) VALUES ('Olivia Lewis', '8 497 813 3093', '2007-04-30', 'yyang@hotmail.com', 'Game environmental outside Mr drop.', '585', 'adeSCcuiCJhzQYtrijcy');
INSERT INTO ACCOUNTANT (name, email, password) VALUES ('Ellen Mckay', 'hutchinsonholly@yahoo.com', 'hRtLKfbOGXLhNlDPVu');
INSERT INTO PATIENT (name, phone_number, date_of_birth, email, medical_history, room_number, password) VALUES ('Ellen Mckay', '8 397 593 81 82', '1959-05-10', 'hutchinsonholly@yahoo.com', 'Heavy alone seat read crime hard book.', '56', 'hRtLKfbOGXLhNlDPVu');
INSERT INTO ACCOUNTANT (name, email, password) VALUES ('Elizabeth Wagner', 'elizabethcrosby@yahoo.com', 'bbtLISzfuzwo');
INSERT INTO PATIENT (name, phone_number, date_of_birth, email, medical_history, room_number, password) VALUES ('Elizabeth Wagner', '+7 568 967 1274', '1939-04-09', 'elizabethcrosby@yahoo.com', 'A full car play firm behind special.', '451', 'bbtLISzfuzwo');
INSERT INTO ACCOUNTANT (name, email, password) VALUES ('Dylan Wade', 'cabreravickie@hotmail.com', 'YibgQjNmOxEGGNuj');
INSERT INTO PATIENT (name, phone_number, date_of_birth, email, medical_history, room_number, password) VALUES ('Dylan Wade', '8 603 782 4171', '1914-04-20', 'cabreravickie@hotmail.com', 'Data yourself degree common worker.', '808', 'YibgQjNmOxEGGNuj');
INSERT INTO ACCOUNTANT (name, email, password) VALUES ('Sherry Payne', 'rodneycooper@hotmail.com', 'QRtTnNYrakoVUEymXjg');
INSERT INTO PATIENT (name, phone_number, date_of_birth, email, medical_history, room_number, password) VALUES ('Sherry Payne', '81019247676', '1919-10-15', 'rodneycooper@hotmail.com', 'Project open prepare late trial.', '899', 'QRtTnNYrakoVUEymXjg');
INSERT INTO ACCOUNTANT (name, email, password) VALUES ('Brittany Montoya', 'antonio45@gmail.com', 'LynmeWCepeheAkM');
INSERT INTO PATIENT (name, phone_number, date_of_birth, email, medical_history, room_number, password) VALUES ('Brittany Montoya', '+7 (539) 564-7162', '1955-04-04', 'antonio45@gmail.com', 'Sound system sit century.', '894', 'LynmeWCepeheAkM');
INSERT INTO ACCOUNTANT (name, email, password) VALUES ('Thomas Dickerson', 'angelahernandez@yahoo.com', 'bUXZLcFnceJUdCX');
INSERT INTO PATIENT (name, phone_number, date_of_birth, email, medical_history, room_number, password) VALUES ('Thomas Dickerson', '85738526732', '1963-11-14', 'angelahernandez@yahoo.com', 'Brother spend how car point.', '871', 'bUXZLcFnceJUdCX');
INSERT INTO ACCOUNTANT (name, email, password) VALUES ('Beth Williams', 'phelpsjulie@hotmail.com', 'ZwFlXKZvYYOOvEVpIeiN');
INSERT INTO PATIENT (name, phone_number, date_of_birth, email, medical_history, room_number, password) VALUES ('Beth Williams', '8 134 420 18 42', '1910-06-22', 'phelpsjulie@hotmail.com', 'Pick goal still production major light.', '897', 'ZwFlXKZvYYOOvEVpIeiN');
INSERT INTO ACCOUNTANT (name, email, password) VALUES ('Dominic Castaneda', 'williamssamantha@hotmail.com', 'vnRxcTdNAHaiS');
INSERT INTO PATIENT (name, phone_number, date_of_birth, email, medical_history, room_number, password) VALUES ('Dominic Castaneda', '+7 (893) 193-87-90', '1949-12-14', 'williamssamantha@hotmail.com', 'Learn ask nice benefit billion.', '335', 'vnRxcTdNAHaiS');
INSERT INTO ACCOUNTANT (name, email, password) VALUES ('Keith Flores', 'garciajessica@hotmail.com', 'mDRBtmmsTEvyjDG');
INSERT INTO PATIENT (name, phone_number, date_of_birth, email, medical_history, room_number, password) VALUES ('Keith Flores', '8 101 901 01 39', '1960-09-12', 'garciajessica@hotmail.com', 'Term international within ball night choice.', '256', 'mDRBtmmsTEvyjDG');
INSERT INTO ACCOUNTANT (name, email, password) VALUES ('Nancy Simpson', 'william81@gmail.com', 'KqnXgQajZBJyTT');
INSERT INTO PATIENT (name, phone_number, date_of_birth, email, medical_history, room_number, password) VALUES ('Nancy Simpson', '+73272570296', '1941-11-21', 'william81@gmail.com', 'Walk agent tonight thousand simply.', '750', 'KqnXgQajZBJyTT');
INSERT INTO ACCOUNTANT (name, email, password) VALUES ('Michael Barajas', 'nicholas38@yahoo.com', 'begVNjtInlgHboyhygn');
INSERT INTO PATIENT (name, phone_number, date_of_birth, email, medical_history, room_number, password) VALUES ('Michael Barajas', '+70560079274', '1947-09-26', 'nicholas38@yahoo.com', 'Fill office along manage thought both born scene.', '10', 'begVNjtInlgHboyhygn');
INSERT INTO ACCOUNTANT (name, email, password) VALUES ('Tina Roberts', 'travisrobinson@gmail.com', 'mMhRzewACGVW');
INSERT INTO PATIENT (name, phone_number, date_of_birth, email, medical_history, room_number, password) VALUES ('Tina Roberts', '8 (075) 143-40-49', '1915-07-02', 'travisrobinson@gmail.com', 'Including person every pick.', '995', 'mMhRzewACGVW');
INSERT INTO ACCOUNTANT (name, email, password) VALUES ('Raymond Reynolds', 'adamrichards@gmail.com', 'JsRuLJXcQKbdlw');
INSERT INTO PATIENT (name, phone_number, date_of_birth, email, medical_history, room_number, password) VALUES ('Raymond Reynolds', '+7 (906) 593-52-97', '1965-09-05', 'adamrichards@gmail.com', 'Mouth test off probably all.', '791', 'JsRuLJXcQKbdlw');
INSERT INTO ACCOUNTANT (name, email, password) VALUES ('Kara Barton', 'gwheeler@gmail.com', 'BhAVtrgFyAmNNzd');
INSERT INTO PATIENT (name, phone_number, date_of_birth, email, medical_history, room_number, password) VALUES ('Kara Barton', '+7 870 154 64 23', '1944-01-16', 'gwheeler@gmail.com', 'Almost once try offer wife yard.', '573', 'BhAVtrgFyAmNNzd');
INSERT INTO ACCOUNTANT (name, email, password) VALUES ('Christina Cabrera', 'shannoncraig@gmail.com', 'GvraYxJnIWH');
INSERT INTO PATIENT (name, phone_number, date_of_birth, email, medical_history, room_number, password) VALUES ('Christina Cabrera', '8 (439) 723-18-84', '1995-08-19', 'shannoncraig@gmail.com', 'Staff week modern.', '217', 'GvraYxJnIWH');
INSERT INTO ACCOUNTANT (name, email, password) VALUES ('Keith Archer', 'david09@gmail.com', 'SNBeKhdUr');
INSERT INTO PATIENT (name, phone_number, date_of_birth, email, medical_history, room_number, password) VALUES ('Keith Archer', '8 865 330 89 44', '1927-02-16', 'david09@gmail.com', 'Popular reach third step candidate suggest.', '808', 'SNBeKhdUr');
INSERT INTO ACCOUNTANT (name, email, password) VALUES ('Christina English', 'collinspaul@yahoo.com', 'NtnaNezvZ');
INSERT INTO PATIENT (name, phone_number, date_of_birth, email, medical_history, room_number, password) VALUES ('Christina English', '8 231 388 6604', '1987-07-04', 'collinspaul@yahoo.com', 'Company end professional interview American.', '390', 'NtnaNezvZ');
INSERT INTO ACCOUNTANT (name, email, password) VALUES ('John Alvarez', 'robertshelton@hotmail.com', 'OBDQxGiYTJH');
INSERT INTO PATIENT (name, phone_number, date_of_birth, email, medical_history, room_number, password) VALUES ('John Alvarez', '+79540852305', '1964-05-22', 'robertshelton@hotmail.com', 'Each tell full century.', '939', 'OBDQxGiYTJH');
INSERT INTO ACCOUNTANT (name, email, password) VALUES ('Michelle Duncan', 'mjackson@yahoo.com', 'LvnoVFqGQpc');
INSERT INTO PATIENT (name, phone_number, date_of_birth, email, medical_history, room_number, password) VALUES ('Michelle Duncan', '82423699604', '1977-01-13', 'mjackson@yahoo.com', 'Least because bring skill against month.', '193', 'LvnoVFqGQpc');
INSERT INTO ACCOUNTANT (name, email, password) VALUES ('Bradley Robinson', 'diazemily@gmail.com', 'iBpHnbrniAIW');
INSERT INTO PATIENT (name, phone_number, date_of_birth, email, medical_history, room_number, password) VALUES ('Bradley Robinson', '+7 (562) 628-8616', '1939-10-31', 'diazemily@gmail.com', 'Enjoy describe already especially box determine.', '744', 'iBpHnbrniAIW');
INSERT INTO ACCOUNTANT (name, email, password) VALUES ('Scott Tucker', 'ariaswendy@hotmail.com', 'pagEBHQudlDpBrblvbbn');
INSERT INTO PATIENT (name, phone_number, date_of_birth, email, medical_history, room_number, password) VALUES ('Scott Tucker', '8 888 650 9892', '1906-04-18', 'ariaswendy@hotmail.com', 'His health contain behavior character upon argue.', '879', 'pagEBHQudlDpBrblvbbn');
INSERT INTO ACCOUNTANT (name, email, password) VALUES ('Dennis Morales', 'samuelcunningham@yahoo.com', 'OQiuzUroyplLKqotlvRz');
INSERT INTO PATIENT (name, phone_number, date_of_birth, email, medical_history, room_number, password) VALUES ('Dennis Morales', '+7 520 463 9722', '1980-10-15', 'samuelcunningham@yahoo.com', 'Film significant institution physical by growth.', '926', 'OQiuzUroyplLKqotlvRz');
INSERT INTO ACCOUNTANT (name, email, password) VALUES ('Stephanie Green', 'kayla44@hotmail.com', 'xipxFIsNCymG');
INSERT INTO PATIENT (name, phone_number, date_of_birth, email, medical_history, room_number, password) VALUES ('Stephanie Green', '+7 (177) 219-8598', '1996-01-18', 'kayla44@hotmail.com', 'Guess old form down central.', '993', 'xipxFIsNCymG');
INSERT INTO ACCOUNTANT (name, email, password) VALUES ('Zachary Freeman', 'gibsonjesse@hotmail.com', 'HTwvJMkZncMuKIK');
INSERT INTO PATIENT (name, phone_number, date_of_birth, email, medical_history, room_number, password) VALUES ('Zachary Freeman', '8 783 133 3591', '1957-04-04', 'gibsonjesse@hotmail.com', 'For air evidence media.', '570', 'HTwvJMkZncMuKIK');
INSERT INTO ACCOUNTANT (name, email, password) VALUES ('Carolyn Owens', 'melissamullins@hotmail.com', 'uKlvcqPTJseZxodQb');
INSERT INTO PATIENT (name, phone_number, date_of_birth, email, medical_history, room_number, password) VALUES ('Carolyn Owens', '+7 505 403 51 68', '2018-01-06', 'melissamullins@hotmail.com', 'Trade five stand arrive including radio deep.', '360', 'uKlvcqPTJseZxodQb');
INSERT INTO ACCOUNTANT (name, email, password) VALUES ('Robert Cruz', 'delacruzlacey@hotmail.com', 'zvTvrGzlpbKSljpxS');
INSERT INTO PATIENT (name, phone_number, date_of_birth, email, medical_history, room_number, password) VALUES ('Robert Cruz', '+7 294 449 1171', '1998-07-18', 'delacruzlacey@hotmail.com', 'Letter return once.', '509', 'zvTvrGzlpbKSljpxS');
INSERT INTO ACCOUNTANT (name, email, password) VALUES ('Amanda Coleman', 'lbrown@gmail.com', 'ZnoDorvEvxTPy');
INSERT INTO PATIENT (name, phone_number, date_of_birth, email, medical_history, room_number, password) VALUES ('Amanda Coleman', '+7 517 604 2604', '1975-05-14', 'lbrown@gmail.com', 'Remain very happy other heavy.', '847', 'ZnoDorvEvxTPy');
INSERT INTO ACCOUNTANT (name, email, password) VALUES ('Christopher Norris', 'swilson@hotmail.com', 'XAGBuUzslwm');
INSERT INTO PATIENT (name, phone_number, date_of_birth, email, medical_history, room_number, password) VALUES ('Christopher Norris', '+7 628 767 85 54', '2007-06-08', 'swilson@hotmail.com', 'Together hotel admit prevent wish dinner how.', '379', 'XAGBuUzslwm');
INSERT INTO ACCOUNTANT (name, email, password) VALUES ('David Lopez MD', 'williamsonbrett@gmail.com', 'oFRvMPOmEa');
INSERT INTO PATIENT (name, phone_number, date_of_birth, email, medical_history, room_number, password) VALUES ('David Lopez MD', '81280362350', '1912-01-21', 'williamsonbrett@gmail.com', 'Young majority government form last.', '863', 'oFRvMPOmEa');
INSERT INTO ACCOUNTANT (name, email, password) VALUES ('Randall James', 'rhonda85@gmail.com', 'fWbcxtPMWvoFK');
INSERT INTO PATIENT (name, phone_number, date_of_birth, email, medical_history, room_number, password) VALUES ('Randall James', '+7 (089) 565-5925', '1994-03-18', 'rhonda85@gmail.com', 'Spring west to.', '541', 'fWbcxtPMWvoFK');
INSERT INTO ACCOUNTANT (name, email, password) VALUES ('Tamara Martin', 'alex51@hotmail.com', 'QKjlCboxOLDYblG');
INSERT INTO PATIENT (name, phone_number, date_of_birth, email, medical_history, room_number, password) VALUES ('Tamara Martin', '+7 030 716 1181', '2012-02-01', 'alex51@hotmail.com', 'Result question store other unit.', '704', 'QKjlCboxOLDYblG');
INSERT INTO ACCOUNTANT (name, email, password) VALUES ('Christina Marquez', 'kelseyhendricks@hotmail.com', 'lSqqfwmFqDnyCBeL');
INSERT INTO PATIENT (name, phone_number, date_of_birth, email, medical_history, room_number, password) VALUES ('Christina Marquez', '+7 544 522 88 49', '1950-10-20', 'kelseyhendricks@hotmail.com', 'Important word star area ago test glass.', '804', 'lSqqfwmFqDnyCBeL');
INSERT INTO ACCOUNTANT (name, email, password) VALUES ('Austin Moore', 'kelli42@yahoo.com', 'vBGRkQPAuRaZ');
INSERT INTO PATIENT (name, phone_number, date_of_birth, email, medical_history, room_number, password) VALUES ('Austin Moore', '86311625741', '1934-10-18', 'kelli42@yahoo.com', 'Expect size positive may.', '477', 'vBGRkQPAuRaZ');
INSERT INTO ACCOUNTANT (name, email, password) VALUES ('Brandy Reed', 'qcrawford@gmail.com', 'niaxWaRdWjiL');
INSERT INTO PATIENT (name, phone_number, date_of_birth, email, medical_history, room_number, password) VALUES ('Brandy Reed', '8 (310) 484-1305', '2001-05-04', 'qcrawford@gmail.com', 'Trip want exist point still by.', '560', 'niaxWaRdWjiL');
INSERT INTO ACCOUNTANT (name, email, password) VALUES ('Abigail Valenzuela', 'lopezjason@gmail.com', 'gHyAAgvJfXop');
INSERT INTO PATIENT (name, phone_number, date_of_birth, email, medical_history, room_number, password) VALUES ('Abigail Valenzuela', '8 320 646 5091', '1905-03-31', 'lopezjason@gmail.com', 'Market push tree eat pass body.', '601', 'gHyAAgvJfXop');
INSERT INTO ACCOUNTANT (name, email, password) VALUES ('Mary Roberts', 'melissa72@gmail.com', 'rTNrNevTRzyMrxDchp');
INSERT INTO PATIENT (name, phone_number, date_of_birth, email, medical_history, room_number, password) VALUES ('Mary Roberts', '+7 910 663 4430', '1996-03-17', 'melissa72@gmail.com', 'Level involve cause dream first turn.', '73', 'rTNrNevTRzyMrxDchp');
INSERT INTO ACCOUNTANT (name, email, password) VALUES ('Sydney Atkinson', 'alexis29@hotmail.com', 'nKbxlfNmQhM');
INSERT INTO PATIENT (name, phone_number, date_of_birth, email, medical_history, room_number, password) VALUES ('Sydney Atkinson', '8 (153) 215-1514', '1947-01-03', 'alexis29@hotmail.com', 'Bag treat during eat.', '528', 'nKbxlfNmQhM');
INSERT INTO ACCOUNTANT (name, email, password) VALUES ('Bailey Perez', 'hesparza@yahoo.com', 'enirOCYwskbzbwt');
INSERT INTO PATIENT (name, phone_number, date_of_birth, email, medical_history, room_number, password) VALUES ('Bailey Perez', '8 620 423 5857', '1987-10-06', 'hesparza@yahoo.com', 'Attorney upon nor protect.', '104', 'enirOCYwskbzbwt');
INSERT INTO ACCOUNTANT (name, email, password) VALUES ('Robert Wong', 'sarah37@gmail.com', 'EFjuPxfIsW');
INSERT INTO PATIENT (name, phone_number, date_of_birth, email, medical_history, room_number, password) VALUES ('Robert Wong', '8 (468) 770-64-02', '1920-10-27', 'sarah37@gmail.com', 'Reason season year.', '555', 'EFjuPxfIsW');
INSERT INTO ACCOUNTANT (name, email, password) VALUES ('Mark Williams', 'morenodeanna@gmail.com', 'UGnjWksDWVTknAuIRox');
INSERT INTO PATIENT (name, phone_number, date_of_birth, email, medical_history, room_number, password) VALUES ('Mark Williams', '8 042 464 31 96', '1925-03-29', 'morenodeanna@gmail.com', 'Teacher way have left send.', '440', 'UGnjWksDWVTknAuIRox');
INSERT INTO ACCOUNTANT (name, email, password) VALUES ('Jennifer Harrell', 'reynoldsdenise@gmail.com', 'IFTSGrDQnwV');
INSERT INTO PATIENT (name, phone_number, date_of_birth, email, medical_history, room_number, password) VALUES ('Jennifer Harrell', '8 (953) 485-42-99', '1961-10-15', 'reynoldsdenise@gmail.com', 'Conference song bed war.', '234', 'IFTSGrDQnwV');
INSERT INTO ACCOUNTANT (name, email, password) VALUES ('Karen Chapman', 'mendezkenneth@yahoo.com', 'NHMVrbfdgxyachUdQzwi');
INSERT INTO PATIENT (name, phone_number, date_of_birth, email, medical_history, room_number, password) VALUES ('Karen Chapman', '8 080 368 89 64', '1934-04-09', 'mendezkenneth@yahoo.com', 'Give project seem kind.', '901', 'NHMVrbfdgxyachUdQzwi');
INSERT INTO ACCOUNTANT (name, email, password) VALUES ('Kristy Martin', 'gpowell@hotmail.com', 'WIWBtAmcmmBCVEyv');
INSERT INTO PATIENT (name, phone_number, date_of_birth, email, medical_history, room_number, password) VALUES ('Kristy Martin', '8 833 938 5357', '1925-04-01', 'gpowell@hotmail.com', 'Baby vote employee whose room put ground from.', '655', 'WIWBtAmcmmBCVEyv');
INSERT INTO ACCOUNTANT (name, email, password) VALUES ('Katherine Wiley', 'penaerika@hotmail.com', 'PhuhNdQuPNwwNdeH');
INSERT INTO PATIENT (name, phone_number, date_of_birth, email, medical_history, room_number, password) VALUES ('Katherine Wiley', '+78435360626', '1977-11-07', 'penaerika@hotmail.com', 'College house chance traditional upon bring back.', '984', 'PhuhNdQuPNwwNdeH');
INSERT INTO ACCOUNTANT (name, email, password) VALUES ('Alexandra Decker', 'yolanda95@yahoo.com', 'cWYxViJBUCsAxaG');
INSERT INTO PATIENT (name, phone_number, date_of_birth, email, medical_history, room_number, password) VALUES ('Alexandra Decker', '+7 738 380 8761', '1924-09-26', 'yolanda95@yahoo.com', 'During night people if produce heart.', '681', 'cWYxViJBUCsAxaG');
INSERT INTO ACCOUNTANT (name, email, password) VALUES ('Debra Turner', 'brucejensen@hotmail.com', 'fQsHXNfKM');
INSERT INTO PATIENT (name, phone_number, date_of_birth, email, medical_history, room_number, password) VALUES ('Debra Turner', '83418285737', '1965-06-02', 'brucejensen@hotmail.com', 'Describe member mention indeed cup hundred loss.', '160', 'fQsHXNfKM');
INSERT INTO ACCOUNTANT (name, email, password) VALUES ('Derek Lee', 'huynhjohn@yahoo.com', 'jEaQYxwpyeCLBglb');
INSERT INTO PATIENT (name, phone_number, date_of_birth, email, medical_history, room_number, password) VALUES ('Derek Lee', '+7 (870) 808-29-34', '1987-07-03', 'huynhjohn@yahoo.com', 'Thus class attack among chair form station.', '380', 'jEaQYxwpyeCLBglb');
INSERT INTO ACCOUNTANT (name, email, password) VALUES ('Eric Adams', 'upope@gmail.com', 'ksLUOsuPvZAacWEvFAv');
INSERT INTO PATIENT (name, phone_number, date_of_birth, email, medical_history, room_number, password) VALUES ('Eric Adams', '8 (148) 773-5748', '1928-08-20', 'upope@gmail.com', 'Baby study friend spring man.', '755', 'ksLUOsuPvZAacWEvFAv');
INSERT INTO ACCOUNTANT (name, email, password) VALUES ('Elizabeth Russo', 'huynhbianca@gmail.com', 'SjSiagfBLOpxivPuVRv');
INSERT INTO PATIENT (name, phone_number, date_of_birth, email, medical_history, room_number, password) VALUES ('Elizabeth Russo', '+7 (992) 907-0383', '1947-01-11', 'huynhbianca@gmail.com', 'Language for include sound sign.', '69', 'SjSiagfBLOpxivPuVRv');
INSERT INTO ACCOUNTANT (name, email, password) VALUES ('Mr. Charles Brown MD', 'denisekelley@yahoo.com', 'XFHkhoNXZ');
INSERT INTO PATIENT (name, phone_number, date_of_birth, email, medical_history, room_number, password) VALUES ('Mr. Charles Brown MD', '8 (049) 528-41-99', '1943-02-11', 'denisekelley@yahoo.com', 'Manage PM early himself.', '412', 'XFHkhoNXZ');
INSERT INTO ACCOUNTANT (name, email, password) VALUES ('Gabriel Castillo', 'kwatson@yahoo.com', 'XaEeTdBMjcihLk');
INSERT INTO PATIENT (name, phone_number, date_of_birth, email, medical_history, room_number, password) VALUES ('Gabriel Castillo', '+75238164171', '1995-10-11', 'kwatson@yahoo.com', 'Work herself ready. Wrong able attorney property.', '755', 'XaEeTdBMjcihLk');
INSERT INTO ACCOUNTANT (name, email, password) VALUES ('Amy Ali', 'tara62@yahoo.com', 'omuJOzYXKNrmPrBJLw');
INSERT INTO PATIENT (name, phone_number, date_of_birth, email, medical_history, room_number, password) VALUES ('Amy Ali', '+7 352 053 60 82', '1919-03-05', 'tara62@yahoo.com', 'Accept hit cup smile public religious yes.', '275', 'omuJOzYXKNrmPrBJLw');
INSERT INTO ACCOUNTANT (name, email, password) VALUES ('Jason Wall', 'lfoster@gmail.com', 'CKvcSGKUeRBfdfb');
INSERT INTO PATIENT (name, phone_number, date_of_birth, email, medical_history, room_number, password) VALUES ('Jason Wall', '8 725 711 02 21', '1946-07-10', 'lfoster@gmail.com', 'Business future east charge lot bar trade.', '89', 'CKvcSGKUeRBfdfb');
INSERT INTO ACCOUNTANT (name, email, password) VALUES ('Tony Torres', 'myersmelanie@yahoo.com', 'uSDJPmwiOs');
INSERT INTO PATIENT (name, phone_number, date_of_birth, email, medical_history, room_number, password) VALUES ('Tony Torres', '8 752 752 8075', '1904-08-20', 'myersmelanie@yahoo.com', 'Land owner think pull far leader.', '371', 'uSDJPmwiOs');
INSERT INTO ACCOUNTANT (name, email, password) VALUES ('Connie Patterson', 'whitneyronald@gmail.com', 'UDTgaxVeC');
INSERT INTO PATIENT (name, phone_number, date_of_birth, email, medical_history, room_number, password) VALUES ('Connie Patterson', '+7 960 876 86 62', '1906-09-07', 'whitneyronald@gmail.com', 'Tonight current guy.', '716', 'UDTgaxVeC');
INSERT INTO ACCOUNTANT (name, email, password) VALUES ('Stacy Barnes', 'aaronmorris@gmail.com', 'pTSGzMyQWAGjZFYRRT');
INSERT INTO PATIENT (name, phone_number, date_of_birth, email, medical_history, room_number, password) VALUES ('Stacy Barnes', '+79384886727', '1948-09-08', 'aaronmorris@gmail.com', 'But power blue natural sound. Police home away.', '143', 'pTSGzMyQWAGjZFYRRT');
INSERT INTO ACCOUNTANT (name, email, password) VALUES ('Roger White', 'stephensvanessa@gmail.com', 'GZMJwJDGtW');
INSERT INTO PATIENT (name, phone_number, date_of_birth, email, medical_history, room_number, password) VALUES ('Roger White', '8 (141) 561-5575', '2017-03-22', 'stephensvanessa@gmail.com', 'Western need second voice significant law music.', '280', 'GZMJwJDGtW');
INSERT INTO ACCOUNTANT (name, email, password) VALUES ('Rebecca Nichols', 'mabbott@hotmail.com', 'dwqlolyiVY');
INSERT INTO PATIENT (name, phone_number, date_of_birth, email, medical_history, room_number, password) VALUES ('Rebecca Nichols', '+74258696454', '1985-06-30', 'mabbott@hotmail.com', 'Young there car either.', '238', 'dwqlolyiVY');
INSERT INTO ACCOUNTANT (name, email, password) VALUES ('Brian Hahn', 'kelleyangela@yahoo.com', 'rtawSjtbxkNsCKty');
INSERT INTO PATIENT (name, phone_number, date_of_birth, email, medical_history, room_number, password) VALUES ('Brian Hahn', '+79557160222', '1938-07-09', 'kelleyangela@yahoo.com', 'Trouble up light wish on event a.', '478', 'rtawSjtbxkNsCKty');
INSERT INTO ACCOUNTANT (name, email, password) VALUES ('Steven Kirk Jr.', 'brianwarren@yahoo.com', 'ZBqdAVLzxGfOMAxj');
INSERT INTO PATIENT (name, phone_number, date_of_birth, email, medical_history, room_number, password) VALUES ('Steven Kirk Jr.', '+72930446194', '1920-12-09', 'brianwarren@yahoo.com', 'Day marriage total else half.', '435', 'ZBqdAVLzxGfOMAxj');
INSERT INTO ACCOUNTANT (name, email, password) VALUES ('Tina Parker', 'ijohnson@yahoo.com', 'dCVArlBeQwvJlSp');
INSERT INTO PATIENT (name, phone_number, date_of_birth, email, medical_history, room_number, password) VALUES ('Tina Parker', '+7 (889) 965-8523', '1987-01-09', 'ijohnson@yahoo.com', 'Professional although adult stand instead heavy.', '719', 'dCVArlBeQwvJlSp');
INSERT INTO ACCOUNTANT (name, email, password) VALUES ('William Bender', 'klambert@hotmail.com', 'KDvvAHmrNEKTJyc');
INSERT INTO PATIENT (name, phone_number, date_of_birth, email, medical_history, room_number, password) VALUES ('William Bender', '+7 381 006 65 85', '1925-02-03', 'klambert@hotmail.com', 'Note important discuss us look.', '498', 'KDvvAHmrNEKTJyc');
INSERT INTO ACCOUNTANT (name, email, password) VALUES ('Maurice Smith Jr.', 'vosborn@hotmail.com', 'FEkGRGFuY');
INSERT INTO PATIENT (name, phone_number, date_of_birth, email, medical_history, room_number, password) VALUES ('Maurice Smith Jr.', '84922589119', '2009-10-04', 'vosborn@hotmail.com', 'Father check person space country.', '946', 'FEkGRGFuY');
INSERT INTO ACCOUNTANT (name, email, password) VALUES ('Anne Glenn', 'frankhoover@yahoo.com', 'PEXwIiCTzQscBBZOJ');
INSERT INTO PATIENT (name, phone_number, date_of_birth, email, medical_history, room_number, password) VALUES ('Anne Glenn', '+7 (031) 280-3938', '1972-05-10', 'frankhoover@yahoo.com', 'Team into system party.', '486', 'PEXwIiCTzQscBBZOJ');
INSERT INTO ACCOUNTANT (name, email, password) VALUES ('Michael Huynh', 'rjones@hotmail.com', 'WYwdxrsiDLbCPObp');
INSERT INTO PATIENT (name, phone_number, date_of_birth, email, medical_history, room_number, password) VALUES ('Michael Huynh', '+7 (639) 243-72-42', '1927-03-06', 'rjones@hotmail.com', 'Standard reach pick area day relate heavy.', '262', 'WYwdxrsiDLbCPObp');
INSERT INTO ACCOUNTANT (name, email, password) VALUES ('Sarah Allen', 'heather92@yahoo.com', 'RZxWOvHsTu');
INSERT INTO PATIENT (name, phone_number, date_of_birth, email, medical_history, room_number, password) VALUES ('Sarah Allen', '+7 416 133 12 53', '2013-09-16', 'heather92@yahoo.com', 'Worker contain during including green out.', '759', 'RZxWOvHsTu');
INSERT INTO ACCOUNTANT (name, email, password) VALUES ('Jeffrey Ellis', 'normacarter@gmail.com', 'FSpcBLsmAVTr');
INSERT INTO PATIENT (name, phone_number, date_of_birth, email, medical_history, room_number, password) VALUES ('Jeffrey Ellis', '8 (470) 356-7058', '1988-10-10', 'normacarter@gmail.com', 'Weight itself line much newspaper notice court.', '715', 'FSpcBLsmAVTr');
INSERT INTO ACCOUNTANT (name, email, password) VALUES ('Travis Diaz', 'sortiz@hotmail.com', 'hZTcrPdhPsMnKLfp');
INSERT INTO PATIENT (name, phone_number, date_of_birth, email, medical_history, room_number, password) VALUES ('Travis Diaz', '+7 033 012 8373', '1909-06-03', 'sortiz@hotmail.com', 'As table near spend fire hour.', '948', 'hZTcrPdhPsMnKLfp');
INSERT INTO ACCOUNTANT (name, email, password) VALUES ('Lori Sims', 'rachel03@hotmail.com', 'yvkRTDGCu');
INSERT INTO PATIENT (name, phone_number, date_of_birth, email, medical_history, room_number, password) VALUES ('Lori Sims', '8 (171) 924-2029', '1927-04-03', 'rachel03@hotmail.com', 'For threat level teacher whose soldier.', '122', 'yvkRTDGCu');
INSERT INTO ACCOUNTANT (name, email, password) VALUES ('Christine Clarke', 'sara52@gmail.com', 'cTIiAVgKpsmRZanFzy');
INSERT INTO PATIENT (name, phone_number, date_of_birth, email, medical_history, room_number, password) VALUES ('Christine Clarke', '8 281 627 70 84', '2012-12-27', 'sara52@gmail.com', 'Through decide suggest on north together.', '884', 'cTIiAVgKpsmRZanFzy');
INSERT INTO ACCOUNTANT (name, email, password) VALUES ('Lisa Lee', 'robert81@yahoo.com', 'MnlCAuCq');
INSERT INTO PATIENT (name, phone_number, date_of_birth, email, medical_history, room_number, password) VALUES ('Lisa Lee', '+7 (948) 873-77-11', '2000-10-22', 'robert81@yahoo.com', 'Certainly everything food cut decide enter your.', '566', 'MnlCAuCq');
INSERT INTO ACCOUNTANT (name, email, password) VALUES ('Alyssa Brown', 'matthewbrooks@yahoo.com', 'BwcnJKJU');
INSERT INTO PATIENT (name, phone_number, date_of_birth, email, medical_history, room_number, password) VALUES ('Alyssa Brown', '8 (996) 643-45-81', '2018-05-02', 'matthewbrooks@yahoo.com', 'Drive seek he black PM position cost.', '742', 'BwcnJKJU');
INSERT INTO ACCOUNTANT (name, email, password) VALUES ('Veronica Hensley', 'xmelton@hotmail.com', 'OihLOtAHDEMM');
INSERT INTO PATIENT (name, phone_number, date_of_birth, email, medical_history, room_number, password) VALUES ('Veronica Hensley', '82700913440', '1984-12-25', 'xmelton@hotmail.com', 'Good enough interest admit bad local.', '486', 'OihLOtAHDEMM');
INSERT INTO ACCOUNTANT (name, email, password) VALUES ('Peter Harding', 'tbrown@yahoo.com', 'mMnVHpKWJM');
INSERT INTO PATIENT (name, phone_number, date_of_birth, email, medical_history, room_number, password) VALUES ('Peter Harding', '85032803749', '1925-09-29', 'tbrown@yahoo.com', 'Week reality line able.', '704', 'mMnVHpKWJM');
INSERT INTO ACCOUNTANT (name, email, password) VALUES ('David Freeman', 'reidnancy@gmail.com', 'SqTUZYDDaTW');
INSERT INTO PATIENT (name, phone_number, date_of_birth, email, medical_history, room_number, password) VALUES ('David Freeman', '8 (603) 037-8388', '1922-03-08', 'reidnancy@gmail.com', 'Decision evidence listen few.', '375', 'SqTUZYDDaTW');
INSERT INTO ACCOUNTANT (name, email, password) VALUES ('Mark Humphrey', 'jacqueline11@yahoo.com', 'IoDDibdWqnXDsf');
INSERT INTO PATIENT (name, phone_number, date_of_birth, email, medical_history, room_number, password) VALUES ('Mark Humphrey', '+7 065 509 1899', '1907-12-15', 'jacqueline11@yahoo.com', 'Or think resource open since power house.', '674', 'IoDDibdWqnXDsf');
INSERT INTO ACCOUNTANT (name, email, password) VALUES ('Jeremy Clark', 'williamsdiane@hotmail.com', 'BUnSfSTADhfHyrS');
INSERT INTO PATIENT (name, phone_number, date_of_birth, email, medical_history, room_number, password) VALUES ('Jeremy Clark', '8 918 923 69 17', '1985-07-04', 'williamsdiane@hotmail.com', 'Ask and car attention.', '959', 'BUnSfSTADhfHyrS');
INSERT INTO ACCOUNTANT (name, email, password) VALUES ('Edward Vasquez', 'stephaniehughes@yahoo.com', 'NWZKyIwCRilMeFE');
INSERT INTO PATIENT (name, phone_number, date_of_birth, email, medical_history, room_number, password) VALUES ('Edward Vasquez', '8 (430) 097-78-29', '1954-11-08', 'stephaniehughes@yahoo.com', 'Big bring fear. Budget against specific strategy.', '636', 'NWZKyIwCRilMeFE');
INSERT INTO ACCOUNTANT (name, email, password) VALUES ('Darren Monroe', 'laurieweiss@yahoo.com', 'cNtTpKCb');
INSERT INTO PATIENT (name, phone_number, date_of_birth, email, medical_history, room_number, password) VALUES ('Darren Monroe', '8 919 329 94 39', '1936-03-20', 'laurieweiss@yahoo.com', 'Congress Mrs discussion customer option into who.', '737', 'cNtTpKCb');
INSERT INTO ACCOUNTANT (name, email, password) VALUES ('Kimberly Potter', 'jamesbond@yahoo.com', 'NUjRDNHGSnPvk');
INSERT INTO PATIENT (name, phone_number, date_of_birth, email, medical_history, room_number, password) VALUES ('Kimberly Potter', '+77019385399', '1972-03-29', 'jamesbond@yahoo.com', 'Crime market her get here conference involve.', '974', 'NUjRDNHGSnPvk');
INSERT INTO ACCOUNTANT (name, email, password) VALUES ('Mrs. Jackie Cruz', 'aaron11@gmail.com', 'jQNPXskfMS');
INSERT INTO PATIENT (name, phone_number, date_of_birth, email, medical_history, room_number, password) VALUES ('Mrs. Jackie Cruz', '81083369691', '2015-01-09', 'aaron11@gmail.com', 'Tend carry camera training tax beyond.', '599', 'jQNPXskfMS');
INSERT INTO ACCOUNTANT (name, email, password) VALUES ('Monica Robertson', 'vfranklin@yahoo.com', 'UiTioILhSyiSnpZUXh');
INSERT INTO PATIENT (name, phone_number, date_of_birth, email, medical_history, room_number, password) VALUES ('Monica Robertson', '+7 651 736 4890', '1904-02-06', 'vfranklin@yahoo.com', 'Population sea year modern development.', '498', 'UiTioILhSyiSnpZUXh');
INSERT INTO ACCOUNTANT (name, email, password) VALUES ('Amanda Villarreal', 'rsawyer@hotmail.com', 'NOJjxkLrOAUouJSgOpn');
INSERT INTO PATIENT (name, phone_number, date_of_birth, email, medical_history, room_number, password) VALUES ('Amanda Villarreal', '8 (796) 008-5457', '1918-03-08', 'rsawyer@hotmail.com', 'New enough either money.', '11', 'NOJjxkLrOAUouJSgOpn');
INSERT INTO ACCOUNTANT (name, email, password) VALUES ('Kurt Davidson', 'espence@yahoo.com', 'qBEMNcQgSXTxHhNU');
INSERT INTO PATIENT (name, phone_number, date_of_birth, email, medical_history, room_number, password) VALUES ('Kurt Davidson', '+7 252 309 9535', '1990-05-14', 'espence@yahoo.com', 'Skin so room also order.', '430', 'qBEMNcQgSXTxHhNU');
INSERT INTO ACCOUNTANT (name, email, password) VALUES ('Thomas Gibson', 'jameswyatt@yahoo.com', 'cZPTnkCkYPpoTiVJvbTM');
INSERT INTO PATIENT (name, phone_number, date_of_birth, email, medical_history, room_number, password) VALUES ('Thomas Gibson', '8 (184) 779-8277', '1919-06-11', 'jameswyatt@yahoo.com', 'Effect even dog tree.', '753', 'cZPTnkCkYPpoTiVJvbTM');
INSERT INTO ACCOUNTANT (name, email, password) VALUES ('John Flores', 'owensharold@hotmail.com', 'atbeTRSIJFkStHIVXgrX');
INSERT INTO PATIENT (name, phone_number, date_of_birth, email, medical_history, room_number, password) VALUES ('John Flores', '8 222 799 4514', '1986-09-04', 'owensharold@hotmail.com', 'Matter democratic feel technology.', '624', 'atbeTRSIJFkStHIVXgrX');
INSERT INTO ACCOUNTANT (name, email, password) VALUES ('Monica Walsh', 'joshuanorris@gmail.com', 'JJJVtawEaBaxayvTCNK');
INSERT INTO PATIENT (name, phone_number, date_of_birth, email, medical_history, room_number, password) VALUES ('Monica Walsh', '8 512 785 2886', '2004-05-27', 'joshuanorris@gmail.com', 'Suffer finally rise past.', '80', 'JJJVtawEaBaxayvTCNK');
INSERT INTO ACCOUNTANT (name, email, password) VALUES ('Kathy Griffith', 'phoward@gmail.com', 'kYewIBXkXP');
INSERT INTO PATIENT (name, phone_number, date_of_birth, email, medical_history, room_number, password) VALUES ('Kathy Griffith', '+7 095 135 2212', '1910-11-12', 'phoward@gmail.com', 'Month technology development.', '939', 'kYewIBXkXP');
INSERT INTO ACCOUNTANT (name, email, password) VALUES ('Nathaniel Ryan', 'hernandezmichelle@yahoo.com', 'AflskAQm');
INSERT INTO PATIENT (name, phone_number, date_of_birth, email, medical_history, room_number, password) VALUES ('Nathaniel Ryan', '82189052438', '2001-01-19', 'hernandezmichelle@yahoo.com', 'Involve including wide. Single its third.', '35', 'AflskAQm');
INSERT INTO ACCOUNTANT (name, email, password) VALUES ('Brian Cooper', 'hufftheresa@hotmail.com', 'arkcTKbqlOFVTzhpecoh');
INSERT INTO PATIENT (name, phone_number, date_of_birth, email, medical_history, room_number, password) VALUES ('Brian Cooper', '+7 (418) 197-9451', '1977-06-15', 'hufftheresa@hotmail.com', 'Federal everybody beautiful.', '537', 'arkcTKbqlOFVTzhpecoh');
INSERT INTO ACCOUNTANT (name, email, password) VALUES ('Nicole Bray', 'paul74@gmail.com', 'lyYhUKGJWLxLuuSoJu');
INSERT INTO PATIENT (name, phone_number, date_of_birth, email, medical_history, room_number, password) VALUES ('Nicole Bray', '+7 (442) 395-83-88', '1972-11-15', 'paul74@gmail.com', 'Lead morning space far training wall.', '421', 'lyYhUKGJWLxLuuSoJu');
INSERT INTO ACCOUNTANT (name, email, password) VALUES ('Leslie Hardy', 'wendy11@yahoo.com', 'XtqIrLIpk');
INSERT INTO PATIENT (name, phone_number, date_of_birth, email, medical_history, room_number, password) VALUES ('Leslie Hardy', '8 775 128 0515', '1941-04-20', 'wendy11@yahoo.com', 'Religious professional billion scene prove.', '149', 'XtqIrLIpk');
INSERT INTO ACCOUNTANT (name, email, password) VALUES ('Leslie Weaver', 'greenbrian@yahoo.com', 'QTgAYVHKazxD');
INSERT INTO PATIENT (name, phone_number, date_of_birth, email, medical_history, room_number, password) VALUES ('Leslie Weaver', '+7 532 903 71 59', '1917-05-30', 'greenbrian@yahoo.com', 'Other game consumer three worry watch.', '200', 'QTgAYVHKazxD');
INSERT INTO ACCOUNTANT (name, email, password) VALUES ('Patricia Schmidt', 'hernandezgregory@yahoo.com', 'HTqfYWvpMPZjAIaU');
INSERT INTO PATIENT (name, phone_number, date_of_birth, email, medical_history, room_number, password) VALUES ('Patricia Schmidt', '+73278502322', '1905-05-21', 'hernandezgregory@yahoo.com', 'Almost case kitchen police class wife picture.', '120', 'HTqfYWvpMPZjAIaU');
INSERT INTO ACCOUNTANT (name, email, password) VALUES ('Nicholas Rhodes', 'nicholas79@yahoo.com', 'fxDWPTUxlPixLOAeSsps');
INSERT INTO PATIENT (name, phone_number, date_of_birth, email, medical_history, room_number, password) VALUES ('Nicholas Rhodes', '+7 487 616 2565', '1935-07-08', 'nicholas79@yahoo.com', 'Car Mrs light green interview.', '405', 'fxDWPTUxlPixLOAeSsps');
INSERT INTO ACCOUNTANT (name, email, password) VALUES ('Rebecca Patterson', 'christopherramirez@hotmail.com', 'kiJYbGTpGCi');
INSERT INTO PATIENT (name, phone_number, date_of_birth, email, medical_history, room_number, password) VALUES ('Rebecca Patterson', '+78148349659', '1963-01-24', 'christopherramirez@hotmail.com', 'Better treatment Mr real energy.', '634', 'kiJYbGTpGCi');
INSERT INTO ACCOUNTANT (name, email, password) VALUES ('David Garza', 'arobinson@yahoo.com', 'btpGNwhlHIwuXMMpfat');
INSERT INTO PATIENT (name, phone_number, date_of_birth, email, medical_history, room_number, password) VALUES ('David Garza', '8 809 717 4039', '1934-04-06', 'arobinson@yahoo.com', 'Bag growth water born discussion.', '420', 'btpGNwhlHIwuXMMpfat');
INSERT INTO ACCOUNTANT (name, email, password) VALUES ('Morgan Stanley', 'pcoleman@hotmail.com', 'MOUTAVwGc');
INSERT INTO PATIENT (name, phone_number, date_of_birth, email, medical_history, room_number, password) VALUES ('Morgan Stanley', '8 448 715 2715', '1982-10-11', 'pcoleman@hotmail.com', 'Even anyone sell weight staff any organization.', '9', 'MOUTAVwGc');
INSERT INTO ACCOUNTANT (name, email, password) VALUES ('Gregory Wong', 'shermanemily@hotmail.com', 'nFDJptJzMQy');
INSERT INTO PATIENT (name, phone_number, date_of_birth, email, medical_history, room_number, password) VALUES ('Gregory Wong', '+7 641 222 34 65', '1966-08-14', 'shermanemily@hotmail.com', 'Two defense blue really call.', '38', 'nFDJptJzMQy');
INSERT INTO ACCOUNTANT (name, email, password) VALUES ('Laura Craig', 'boothjavier@hotmail.com', 'LWqahWeu');
INSERT INTO PATIENT (name, phone_number, date_of_birth, email, medical_history, room_number, password) VALUES ('Laura Craig', '+7 (782) 302-23-83', '1983-08-13', 'boothjavier@hotmail.com', 'Friend debate police consumer owner feeling.', '355', 'LWqahWeu');
INSERT INTO ACCOUNTANT (name, email, password) VALUES ('Chris Lee', 'uhuff@hotmail.com', 'XjevWxFEhJkqrpwLsWf');
INSERT INTO PATIENT (name, phone_number, date_of_birth, email, medical_history, room_number, password) VALUES ('Chris Lee', '8 (048) 182-9660', '1929-09-09', 'uhuff@hotmail.com', 'Idea these character ask something win age.', '145', 'XjevWxFEhJkqrpwLsWf');
INSERT INTO ACCOUNTANT (name, email, password) VALUES ('Mr. Daniel Knight', 'lisamartin@yahoo.com', 'spZMYwKPUArvyY');
INSERT INTO PATIENT (name, phone_number, date_of_birth, email, medical_history, room_number, password) VALUES ('Mr. Daniel Knight', '+76352777969', '1925-06-08', 'lisamartin@yahoo.com', 'Possible method poor painting public get.', '207', 'spZMYwKPUArvyY');
INSERT INTO ACCOUNTANT (name, email, password) VALUES ('Daniel Stone', 'ihaas@hotmail.com', 'bPwShQBKFGUorSNo');
INSERT INTO PATIENT (name, phone_number, date_of_birth, email, medical_history, room_number, password) VALUES ('Daniel Stone', '+7 (564) 572-2907', '2003-07-10', 'ihaas@hotmail.com', 'Sing right school break between natural light.', '144', 'bPwShQBKFGUorSNo');
INSERT INTO ACCOUNTANT (name, email, password) VALUES ('Victoria Martin', 'annfrost@yahoo.com', 'TazuoPKgKOoLWgsZ');
INSERT INTO PATIENT (name, phone_number, date_of_birth, email, medical_history, room_number, password) VALUES ('Victoria Martin', '86346003079', '1917-12-22', 'annfrost@yahoo.com', 'Walk return environmental local student.', '916', 'TazuoPKgKOoLWgsZ');
INSERT INTO ACCOUNTANT (name, email, password) VALUES ('Shannon Long', 'greendebra@gmail.com', 'rFUOcOiPoaAlUolsMpgk');
INSERT INTO PATIENT (name, phone_number, date_of_birth, email, medical_history, room_number, password) VALUES ('Shannon Long', '8 606 757 5125', '1960-07-28', 'greendebra@gmail.com', 'Baby American hear majority mind top radio.', '162', 'rFUOcOiPoaAlUolsMpgk');
INSERT INTO ACCOUNTANT (name, email, password) VALUES ('Mark Harris', 'michael66@yahoo.com', 'CiHlXyKxxSUerSIg');
INSERT INTO PATIENT (name, phone_number, date_of_birth, email, medical_history, room_number, password) VALUES ('Mark Harris', '+7 097 201 5082', '1909-08-17', 'michael66@yahoo.com', 'Keep series two senior.', '816', 'CiHlXyKxxSUerSIg');
INSERT INTO ACCOUNTANT (name, email, password) VALUES ('Christy Brown', 'kbennett@gmail.com', 'JPcIgUPbbZcyRprkRUV');
INSERT INTO PATIENT (name, phone_number, date_of_birth, email, medical_history, room_number, password) VALUES ('Christy Brown', '+7 428 638 15 85', '1918-10-03', 'kbennett@gmail.com', 'Light cold image similar.', '673', 'JPcIgUPbbZcyRprkRUV');
INSERT INTO ACCOUNTANT (name, email, password) VALUES ('Todd Davis', 'brownjacob@hotmail.com', 'rQBZoZMwxHTBHU');
INSERT INTO PATIENT (name, phone_number, date_of_birth, email, medical_history, room_number, password) VALUES ('Todd Davis', '81390750936', '1919-03-09', 'brownjacob@hotmail.com', 'Although institution deal easy.', '744', 'rQBZoZMwxHTBHU');
INSERT INTO ACCOUNTANT (name, email, password) VALUES ('Paul Brown', 'cortezgina@gmail.com', 'qvAvcUhKUJbWcajyJZS');
INSERT INTO PATIENT (name, phone_number, date_of_birth, email, medical_history, room_number, password) VALUES ('Paul Brown', '8 004 782 20 96', '1907-07-11', 'cortezgina@gmail.com', 'Trial others law factor tend name.', '973', 'qvAvcUhKUJbWcajyJZS');
INSERT INTO ACCOUNTANT (name, email, password) VALUES ('Lisa Warner', 'njohnson@yahoo.com', 'tBpjmOFjMfUggDdkRWYT');
INSERT INTO PATIENT (name, phone_number, date_of_birth, email, medical_history, room_number, password) VALUES ('Lisa Warner', '8 748 070 97 82', '1940-11-18', 'njohnson@yahoo.com', 'Safe hand choose yeah affect fear oil.', '708', 'tBpjmOFjMfUggDdkRWYT');
INSERT INTO ACCOUNTANT (name, email, password) VALUES ('Rebecca Sanchez', 'sheliahill@gmail.com', 'dcqztOXvFMLo');
INSERT INTO PATIENT (name, phone_number, date_of_birth, email, medical_history, room_number, password) VALUES ('Rebecca Sanchez', '8 639 962 0143', '1924-11-16', 'sheliahill@gmail.com', 'Entire line trial turn lead allow.', '491', 'dcqztOXvFMLo');
INSERT INTO ACCOUNTANT (name, email, password) VALUES ('Mr. Russell Adams', 'melissa78@yahoo.com', 'mTOytBsQS');
INSERT INTO PATIENT (name, phone_number, date_of_birth, email, medical_history, room_number, password) VALUES ('Mr. Russell Adams', '+7 541 683 8081', '1953-04-05', 'melissa78@yahoo.com', 'Old down week hear artist force.', '251', 'mTOytBsQS');
INSERT INTO ACCOUNTANT (name, email, password) VALUES ('Tiffany Nichols', 'billy32@yahoo.com', 'vFVUsmXNnWiMeXIa');
INSERT INTO PATIENT (name, phone_number, date_of_birth, email, medical_history, room_number, password) VALUES ('Tiffany Nichols', '80494486003', '1977-09-06', 'billy32@yahoo.com', 'Imagine or nearly road north few key.', '418', 'vFVUsmXNnWiMeXIa');
INSERT INTO ACCOUNTANT (name, email, password) VALUES ('Renee Robles', 'pittmanlouis@hotmail.com', 'uZbtKeyIFcCIoo');
INSERT INTO PATIENT (name, phone_number, date_of_birth, email, medical_history, room_number, password) VALUES ('Renee Robles', '8 (637) 379-2733', '1906-06-13', 'pittmanlouis@hotmail.com', 'Individual son under benefit.', '861', 'uZbtKeyIFcCIoo');
INSERT INTO ACCOUNTANT (name, email, password) VALUES ('Rachel Boone', 'lfarmer@hotmail.com', 'rLErjUvRGgh');
INSERT INTO PATIENT (name, phone_number, date_of_birth, email, medical_history, room_number, password) VALUES ('Rachel Boone', '+7 (094) 468-05-93', '1945-04-16', 'lfarmer@hotmail.com', 'Side street these view much image.', '322', 'rLErjUvRGgh');
INSERT INTO ACCOUNTANT (name, email, password) VALUES ('Eric Lang', 'masonsummers@gmail.com', 'uyQngvCJchxdO');
INSERT INTO PATIENT (name, phone_number, date_of_birth, email, medical_history, room_number, password) VALUES ('Eric Lang', '+7 467 343 2669', '2014-05-12', 'masonsummers@gmail.com', 'Require imagine according beautiful.', '81', 'uyQngvCJchxdO');
INSERT INTO ACCOUNTANT (name, email, password) VALUES ('Maurice Rich', 'paul23@hotmail.com', 'KiwXYsknoCxdQX');
INSERT INTO PATIENT (name, phone_number, date_of_birth, email, medical_history, room_number, password) VALUES ('Maurice Rich', '80966521309', '1976-08-20', 'paul23@hotmail.com', 'Must stage difficult production catch.', '824', 'KiwXYsknoCxdQX');
INSERT INTO ACCOUNTANT (name, email, password) VALUES ('Thomas Espinoza', 'brownjennifer@gmail.com', 'OjGoCYCel');
INSERT INTO PATIENT (name, phone_number, date_of_birth, email, medical_history, room_number, password) VALUES ('Thomas Espinoza', '+7 193 364 5765', '1923-02-08', 'brownjennifer@gmail.com', 'Work must ability increase.', '629', 'OjGoCYCel');
INSERT INTO ACCOUNTANT (name, email, password) VALUES ('Vanessa Douglas', 'jenniferfreeman@yahoo.com', 'hYGtCDpZht');
INSERT INTO PATIENT (name, phone_number, date_of_birth, email, medical_history, room_number, password) VALUES ('Vanessa Douglas', '+7 026 753 79 66', '1915-10-21', 'jenniferfreeman@yahoo.com', 'Travel while gun Republican leg woman body.', '295', 'hYGtCDpZht');
INSERT INTO ACCOUNTANT (name, email, password) VALUES ('Mandy Cooper', 'landerson@yahoo.com', 'whmwpacZG');
INSERT INTO PATIENT (name, phone_number, date_of_birth, email, medical_history, room_number, password) VALUES ('Mandy Cooper', '+71534439761', '2003-12-13', 'landerson@yahoo.com', 'Window help grow chance.', '590', 'whmwpacZG');
INSERT INTO ACCOUNTANT (name, email, password) VALUES ('Robert Weiss', 'rkelly@hotmail.com', 'bmEALnfJLWzP');
INSERT INTO PATIENT (name, phone_number, date_of_birth, email, medical_history, room_number, password) VALUES ('Robert Weiss', '8 (889) 837-32-39', '1935-11-16', 'rkelly@hotmail.com', 'Buy head describe which hit camera alone.', '818', 'bmEALnfJLWzP');
INSERT INTO ACCOUNTANT (name, email, password) VALUES ('Ashley Allen', 'kleach@yahoo.com', 'atGHhyZPahvM');
INSERT INTO PATIENT (name, phone_number, date_of_birth, email, medical_history, room_number, password) VALUES ('Ashley Allen', '+7 846 095 9790', '1969-02-06', 'kleach@yahoo.com', 'Trial in type business forget best politics.', '214', 'atGHhyZPahvM');
INSERT INTO ACCOUNTANT (name, email, password) VALUES ('Luis Hopkins MD', 'pbonilla@gmail.com', 'eDKjAnGWluZIedVY');
INSERT INTO PATIENT (name, phone_number, date_of_birth, email, medical_history, room_number, password) VALUES ('Luis Hopkins MD', '+7 640 135 44 41', '1905-09-19', 'pbonilla@gmail.com', 'Yeah third election rich find huge society.', '311', 'eDKjAnGWluZIedVY');
INSERT INTO ACCOUNTANT (name, email, password) VALUES ('Albert Maddox', 'bishopevan@gmail.com', 'nQiJWGwEolYL');
INSERT INTO PATIENT (name, phone_number, date_of_birth, email, medical_history, room_number, password) VALUES ('Albert Maddox', '8 (269) 492-91-69', '1931-03-17', 'bishopevan@gmail.com', 'Learn truth financial. Future move ago return.', '935', 'nQiJWGwEolYL');
INSERT INTO ACCOUNTANT (name, email, password) VALUES ('Hannah Mccarthy', 'kristina37@yahoo.com', 'ZrupdPduKUBDIPbUJVhi');
INSERT INTO PATIENT (name, phone_number, date_of_birth, email, medical_history, room_number, password) VALUES ('Hannah Mccarthy', '8 (847) 417-49-38', '1987-11-20', 'kristina37@yahoo.com', 'Floor sea or party.', '814', 'ZrupdPduKUBDIPbUJVhi');
INSERT INTO ACCOUNTANT (name, email, password) VALUES ('Justin Berger MD', 'melindamiranda@gmail.com', 'ALZcAZVDOrunCcqRJ');
INSERT INTO PATIENT (name, phone_number, date_of_birth, email, medical_history, room_number, password) VALUES ('Justin Berger MD', '+7 (536) 844-34-86', '1936-08-29', 'melindamiranda@gmail.com', 'Economy experience among bag they great expert.', '194', 'ALZcAZVDOrunCcqRJ');
INSERT INTO ACCOUNTANT (name, email, password) VALUES ('Theresa Foster', 'csutton@hotmail.com', 'zmBOsNPno');
INSERT INTO PATIENT (name, phone_number, date_of_birth, email, medical_history, room_number, password) VALUES ('Theresa Foster', '+7 (533) 979-5813', '1991-03-18', 'csutton@hotmail.com', 'Run himself skill leave people late.', '986', 'zmBOsNPno');
INSERT INTO ACCOUNTANT (name, email, password) VALUES ('Holly Brown', 'twest@hotmail.com', 'YqeqnVTpYFxekqSfBBwg');
INSERT INTO PATIENT (name, phone_number, date_of_birth, email, medical_history, room_number, password) VALUES ('Holly Brown', '8 (382) 506-4106', '2005-08-16', 'twest@hotmail.com', 'Put chair get fast help ahead.', '991', 'YqeqnVTpYFxekqSfBBwg');
INSERT INTO ACCOUNTANT (name, email, password) VALUES ('Cheyenne Serrano', 'davidsonkimberly@yahoo.com', 'cfJssgRFi');
INSERT INTO PATIENT (name, phone_number, date_of_birth, email, medical_history, room_number, password) VALUES ('Cheyenne Serrano', '8 877 726 1995', '1962-02-13', 'davidsonkimberly@yahoo.com', 'Everyone area together everyone.', '733', 'cfJssgRFi');
INSERT INTO ACCOUNTANT (name, email, password) VALUES ('Tricia Mendoza', 'hilltimothy@hotmail.com', 'tlkwLlpWgC');
INSERT INTO PATIENT (name, phone_number, date_of_birth, email, medical_history, room_number, password) VALUES ('Tricia Mendoza', '8 (804) 334-46-50', '1939-01-13', 'hilltimothy@hotmail.com', 'Moment half per art drive several dream.', '272', 'tlkwLlpWgC');
INSERT INTO ACCOUNTANT (name, email, password) VALUES ('Dr. Lori Griffith', 'micheleross@hotmail.com', 'TAOCNrqVBgOztI');
INSERT INTO PATIENT (name, phone_number, date_of_birth, email, medical_history, room_number, password) VALUES ('Dr. Lori Griffith', '+7 (849) 820-55-54', '1968-03-17', 'micheleross@hotmail.com', 'Always win pretty million west.', '999', 'TAOCNrqVBgOztI');
INSERT INTO ACCOUNTANT (name, email, password) VALUES ('Jennifer Sanchez', 'nicholas45@yahoo.com', 'izyKNGWsB');
INSERT INTO PATIENT (name, phone_number, date_of_birth, email, medical_history, room_number, password) VALUES ('Jennifer Sanchez', '8 945 553 22 02', '1947-01-16', 'nicholas45@yahoo.com', 'Test education seem nice article official in.', '941', 'izyKNGWsB');
INSERT INTO ACCOUNTANT (name, email, password) VALUES ('Brian Ford', 'tmoore@hotmail.com', 'XELJaDRXQoKaaZVMifvb');
INSERT INTO PATIENT (name, phone_number, date_of_birth, email, medical_history, room_number, password) VALUES ('Brian Ford', '+7 352 839 3111', '1932-07-12', 'tmoore@hotmail.com', 'Leader free positive small home.', '662', 'XELJaDRXQoKaaZVMifvb');
INSERT INTO ACCOUNTANT (name, email, password) VALUES ('Sarah Guzman', 'gferguson@hotmail.com', 'mmjBKFQeVrhLQgXNmUdr');
INSERT INTO PATIENT (name, phone_number, date_of_birth, email, medical_history, room_number, password) VALUES ('Sarah Guzman', '+73140917689', '2008-10-06', 'gferguson@hotmail.com', 'Business where produce assume song.', '900', 'mmjBKFQeVrhLQgXNmUdr');
INSERT INTO ACCOUNTANT (name, email, password) VALUES ('Derek Huang', 'joshua68@gmail.com', 'tFgfoofqVVfRhINQ');
INSERT INTO PATIENT (name, phone_number, date_of_birth, email, medical_history, room_number, password) VALUES ('Derek Huang', '+7 411 637 65 78', '1941-09-14', 'joshua68@gmail.com', 'Or house mother few box officer good.', '122', 'tFgfoofqVVfRhINQ');
INSERT INTO ACCOUNTANT (name, email, password) VALUES ('Ashley Baker', 'april86@hotmail.com', 'ogNBTXaSJdOQPr');
INSERT INTO PATIENT (name, phone_number, date_of_birth, email, medical_history, room_number, password) VALUES ('Ashley Baker', '8 (246) 028-54-39', '1950-03-19', 'april86@hotmail.com', 'Stay compare alone ask.', '918', 'ogNBTXaSJdOQPr');
INSERT INTO ACCOUNTANT (name, email, password) VALUES ('Elizabeth Spencer', 'achan@yahoo.com', 'UHxyWZFLeydzLWXcpmCR');
INSERT INTO PATIENT (name, phone_number, date_of_birth, email, medical_history, room_number, password) VALUES ('Elizabeth Spencer', '87602743383', '1946-04-17', 'achan@yahoo.com', 'Order name general compare cut.', '774', 'UHxyWZFLeydzLWXcpmCR');
INSERT INTO ACCOUNTANT (name, email, password) VALUES ('Patrick Harris', 'charlesclark@gmail.com', 'wFvPHFcnsLhxjmI');
INSERT INTO PATIENT (name, phone_number, date_of_birth, email, medical_history, room_number, password) VALUES ('Patrick Harris', '8 (942) 443-45-90', '1947-03-05', 'charlesclark@gmail.com', 'Prepare cover student investment computer.', '745', 'wFvPHFcnsLhxjmI');
INSERT INTO ACCOUNTANT (name, email, password) VALUES ('Jackie Gonzales', 'henrycraig@gmail.com', 'avncawaGnB');
INSERT INTO PATIENT (name, phone_number, date_of_birth, email, medical_history, room_number, password) VALUES ('Jackie Gonzales', '83806701957', '2011-07-27', 'henrycraig@gmail.com', 'Send sing clear land leg weight especially.', '491', 'avncawaGnB');
INSERT INTO ACCOUNTANT (name, email, password) VALUES ('Scott Chavez', 'jacquelinevaldez@yahoo.com', 'iCbsmoeFEdBB');
INSERT INTO PATIENT (name, phone_number, date_of_birth, email, medical_history, room_number, password) VALUES ('Scott Chavez', '81677576621', '1967-12-23', 'jacquelinevaldez@yahoo.com', 'Though course accept clear hope rise because.', '200', 'iCbsmoeFEdBB');
INSERT INTO ACCOUNTANT (name, email, password) VALUES ('Christina Lopez', 'kwilliams@gmail.com', 'NuAjisIEQCBjCcJGD');
INSERT INTO PATIENT (name, phone_number, date_of_birth, email, medical_history, room_number, password) VALUES ('Christina Lopez', '8 (763) 369-9358', '1943-04-10', 'kwilliams@gmail.com', 'Pretty others boy song.', '93', 'NuAjisIEQCBjCcJGD');
INSERT INTO ACCOUNTANT (name, email, password) VALUES ('Hector Richards', 'xrojas@hotmail.com', 'NOTfzUKPllPixlQUUii');
INSERT INTO PATIENT (name, phone_number, date_of_birth, email, medical_history, room_number, password) VALUES ('Hector Richards', '+7 222 792 7302', '1954-06-23', 'xrojas@hotmail.com', 'Center pressure record will offer exactly.', '464', 'NOTfzUKPllPixlQUUii');
INSERT INTO ACCOUNTANT (name, email, password) VALUES ('Mr. Samuel Mueller', 'matthewflynn@hotmail.com', 'fpKAiwGjGVXpK');
INSERT INTO PATIENT (name, phone_number, date_of_birth, email, medical_history, room_number, password) VALUES ('Mr. Samuel Mueller', '8 029 668 5863', '1940-04-01', 'matthewflynn@hotmail.com', 'Consumer threat amount grow.', '624', 'fpKAiwGjGVXpK');
INSERT INTO ACCOUNTANT (name, email, password) VALUES ('Rebecca Watson', 'cathy52@yahoo.com', 'pTqivMyleoJJ');
INSERT INTO PATIENT (name, phone_number, date_of_birth, email, medical_history, room_number, password) VALUES ('Rebecca Watson', '8 (914) 613-4032', '1984-10-23', 'cathy52@yahoo.com', 'Full never certainly huge talk positive.', '730', 'pTqivMyleoJJ');
INSERT INTO ACCOUNTANT (name, email, password) VALUES ('Carrie Campbell', 'turnerjoseph@gmail.com', 'rcXPDLwTE');
INSERT INTO PATIENT (name, phone_number, date_of_birth, email, medical_history, room_number, password) VALUES ('Carrie Campbell', '+73392314487', '1988-12-07', 'turnerjoseph@gmail.com', 'Majority blue body east.', '268', 'rcXPDLwTE');
INSERT INTO ACCOUNTANT (name, email, password) VALUES ('William Jenkins', 'grayrobert@hotmail.com', 'cieknQjzWSAkyvkf');
INSERT INTO PATIENT (name, phone_number, date_of_birth, email, medical_history, room_number, password) VALUES ('William Jenkins', '8 (326) 752-3629', '1931-07-23', 'grayrobert@hotmail.com', 'Eight religious price while. Begin show lawyer.', '286', 'cieknQjzWSAkyvkf');
INSERT INTO ACCOUNTANT (name, email, password) VALUES ('Charles Thornton', 'nicholasjenkins@hotmail.com', 'XCOUkzclZcksTLmhVu');
INSERT INTO PATIENT (name, phone_number, date_of_birth, email, medical_history, room_number, password) VALUES ('Charles Thornton', '+7 415 408 41 83', '1976-02-12', 'nicholasjenkins@hotmail.com', 'Open culture popular enter.', '192', 'XCOUkzclZcksTLmhVu');
INSERT INTO ACCOUNTANT (name, email, password) VALUES ('Tammy Benton', 'qalvarez@yahoo.com', 'SRZcWQRIDMskQbnTSK');
INSERT INTO PATIENT (name, phone_number, date_of_birth, email, medical_history, room_number, password) VALUES ('Tammy Benton', '+76983331190', '1904-10-01', 'qalvarez@yahoo.com', 'Store what second see home third.', '69', 'SRZcWQRIDMskQbnTSK');
INSERT INTO ACCOUNTANT (name, email, password) VALUES ('Joseph Kemp', 'howardalice@gmail.com', 'EBXHpOjQ');
INSERT INTO PATIENT (name, phone_number, date_of_birth, email, medical_history, room_number, password) VALUES ('Joseph Kemp', '88080732816', '1936-05-25', 'howardalice@gmail.com', 'Election employee his end.', '929', 'EBXHpOjQ');
INSERT INTO ACCOUNTANT (name, email, password) VALUES ('Richard Ramos', 'ihanson@yahoo.com', 'MAOWAqqIFZCPksveqiE');
INSERT INTO PATIENT (name, phone_number, date_of_birth, email, medical_history, room_number, password) VALUES ('Richard Ramos', '8 (471) 490-09-97', '1992-01-25', 'ihanson@yahoo.com', 'Than soldier stage say first enough same.', '876', 'MAOWAqqIFZCPksveqiE');
INSERT INTO ACCOUNTANT (name, email, password) VALUES ('Regina Glover', 'ctaylor@gmail.com', 'opLZrSYkxZHkC');
INSERT INTO PATIENT (name, phone_number, date_of_birth, email, medical_history, room_number, password) VALUES ('Regina Glover', '8 (595) 649-20-73', '1949-08-10', 'ctaylor@gmail.com', 'Turn participant financial watch.', '976', 'opLZrSYkxZHkC');
INSERT INTO ACCOUNTANT (name, email, password) VALUES ('Frank Torres', 'cruzthomas@gmail.com', 'ujbkgYUbfKuvLZOz');
INSERT INTO PATIENT (name, phone_number, date_of_birth, email, medical_history, room_number, password) VALUES ('Frank Torres', '+7 (424) 449-6452', '2007-06-14', 'cruzthomas@gmail.com', 'School relationship price put just piece point.', '605', 'ujbkgYUbfKuvLZOz');
INSERT INTO ACCOUNTANT (name, email, password) VALUES ('Anthony Terry', 'alexanderwood@hotmail.com', 'vqphDUBNTwAOyg');
INSERT INTO PATIENT (name, phone_number, date_of_birth, email, medical_history, room_number, password) VALUES ('Anthony Terry', '8 754 567 8444', '1914-01-13', 'alexanderwood@hotmail.com', 'Campaign section matter budget never.', '144', 'vqphDUBNTwAOyg');
INSERT INTO ACCOUNTANT (name, email, password) VALUES ('Mary Lindsey', 'williamsonpaul@yahoo.com', 'SLkapPioCtyrDYRV');
INSERT INTO PATIENT (name, phone_number, date_of_birth, email, medical_history, room_number, password) VALUES ('Mary Lindsey', '+7 062 769 5176', '1930-07-16', 'williamsonpaul@yahoo.com', 'Senior career act future her positive.', '482', 'SLkapPioCtyrDYRV');
INSERT INTO ACCOUNTANT (name, email, password) VALUES ('Nicole Wright', 'juliedavis@gmail.com', 'OjCnopMIrPqtxITwP');
INSERT INTO PATIENT (name, phone_number, date_of_birth, email, medical_history, room_number, password) VALUES ('Nicole Wright', '8 250 677 3801', '2001-09-30', 'juliedavis@gmail.com', 'Hair foot land. Debate some both trouble allow.', '21', 'OjCnopMIrPqtxITwP');
INSERT INTO ACCOUNTANT (name, email, password) VALUES ('Tamara Atkins', 'brian04@yahoo.com', 'kKJHHzSdgTUlV');
INSERT INTO PATIENT (name, phone_number, date_of_birth, email, medical_history, room_number, password) VALUES ('Tamara Atkins', '+7 (684) 043-6598', '1961-04-07', 'brian04@yahoo.com', 'Natural area human indicate senior store.', '243', 'kKJHHzSdgTUlV');
INSERT INTO ACCOUNTANT (name, email, password) VALUES ('Jillian Cunningham', 'stevenhenry@yahoo.com', 'WwYUIMTQYKb');
INSERT INTO PATIENT (name, phone_number, date_of_birth, email, medical_history, room_number, password) VALUES ('Jillian Cunningham', '81247997995', '1953-10-15', 'stevenhenry@yahoo.com', 'Several close happen sing everything race.', '961', 'WwYUIMTQYKb');
INSERT INTO ACCOUNTANT (name, email, password) VALUES ('Anthony Armstrong', 'michael43@gmail.com', 'nuLEeTuINaP');
INSERT INTO PATIENT (name, phone_number, date_of_birth, email, medical_history, room_number, password) VALUES ('Anthony Armstrong', '+7 040 275 61 17', '1987-04-25', 'michael43@gmail.com', 'Keep least choice world miss hot talk.', '52', 'nuLEeTuINaP');
INSERT INTO ACCOUNTANT (name, email, password) VALUES ('Monique Craig', 'rosalesjennifer@gmail.com', 'ohjgxCSbTvf');
INSERT INTO PATIENT (name, phone_number, date_of_birth, email, medical_history, room_number, password) VALUES ('Monique Craig', '+7 221 753 0270', '1915-12-29', 'rosalesjennifer@gmail.com', 'Be source after evidence really state.', '975', 'ohjgxCSbTvf');
INSERT INTO ACCOUNTANT (name, email, password) VALUES ('Elaine Walsh', 'ycarrillo@yahoo.com', 'JSieKpDQkrHSiaZ');
INSERT INTO PATIENT (name, phone_number, date_of_birth, email, medical_history, room_number, password) VALUES ('Elaine Walsh', '+7 (298) 358-82-94', '1965-11-01', 'ycarrillo@yahoo.com', 'Growth debate owner travel treat cultural.', '14', 'JSieKpDQkrHSiaZ');
INSERT INTO ACCOUNTANT (name, email, password) VALUES ('Sarah Johnson', 'john36@yahoo.com', 'gqervuBkRiReUjYWWQ');
INSERT INTO PATIENT (name, phone_number, date_of_birth, email, medical_history, room_number, password) VALUES ('Sarah Johnson', '8 329 490 31 42', '1923-10-05', 'john36@yahoo.com', 'Remain throw hand history company address.', '535', 'gqervuBkRiReUjYWWQ');
INSERT INTO ACCOUNTANT (name, email, password) VALUES ('Brianna Jones', 'kwilcox@yahoo.com', 'yvpFxXaVgjyniX');
INSERT INTO PATIENT (name, phone_number, date_of_birth, email, medical_history, room_number, password) VALUES ('Brianna Jones', '86881245614', '1921-01-15', 'kwilcox@yahoo.com', 'Main modern consider particular until.', '365', 'yvpFxXaVgjyniX');
INSERT INTO ACCOUNTANT (name, email, password) VALUES ('Jacqueline Gregory', 'martin11@yahoo.com', 'VJRtAqZxAcHjgmemWf');
INSERT INTO PATIENT (name, phone_number, date_of_birth, email, medical_history, room_number, password) VALUES ('Jacqueline Gregory', '81351449231', '1973-11-01', 'martin11@yahoo.com', 'Mr involve low name outside manage.', '794', 'VJRtAqZxAcHjgmemWf');
INSERT INTO ACCOUNTANT (name, email, password) VALUES ('Marilyn Craig', 'josephholland@yahoo.com', 'PafIBujpTiFUvqx');
INSERT INTO PATIENT (name, phone_number, date_of_birth, email, medical_history, room_number, password) VALUES ('Marilyn Craig', '8 (796) 933-45-15', '1907-09-13', 'josephholland@yahoo.com', 'Spend anyone certainly like enter make.', '841', 'PafIBujpTiFUvqx');
INSERT INTO ACCOUNTANT (name, email, password) VALUES ('Tracy Brown', 'emilyedwards@yahoo.com', 'DXSrUfRfHSCenFXKmypZ');
INSERT INTO PATIENT (name, phone_number, date_of_birth, email, medical_history, room_number, password) VALUES ('Tracy Brown', '+7 (716) 613-9789', '1949-05-20', 'emilyedwards@yahoo.com', 'Toward make bring somebody.', '100', 'DXSrUfRfHSCenFXKmypZ');
INSERT INTO ACCOUNTANT (name, email, password) VALUES ('Beth King', 'laura72@yahoo.com', 'mFhKGsDoZSnoJHwFuuE');
INSERT INTO PATIENT (name, phone_number, date_of_birth, email, medical_history, room_number, password) VALUES ('Beth King', '+7 (261) 817-5122', '1961-08-12', 'laura72@yahoo.com', 'Thank best necessary around.', '74', 'mFhKGsDoZSnoJHwFuuE');
INSERT INTO ACCOUNTANT (name, email, password) VALUES ('Vanessa Velasquez', 'travisanderson@hotmail.com', 'KvWXEZeuT');
INSERT INTO PATIENT (name, phone_number, date_of_birth, email, medical_history, room_number, password) VALUES ('Vanessa Velasquez', '8 489 291 48 36', '1977-10-13', 'travisanderson@hotmail.com', 'Piece structure ready. Action next amount move.', '292', 'KvWXEZeuT');
INSERT INTO ACCOUNTANT (name, email, password) VALUES ('Erin Shaw', 'jacob35@hotmail.com', 'HsppHJCWAgghIEIU');
INSERT INTO PATIENT (name, phone_number, date_of_birth, email, medical_history, room_number, password) VALUES ('Erin Shaw', '8 223 442 9184', '1939-07-04', 'jacob35@hotmail.com', 'Director first clear project.', '641', 'HsppHJCWAgghIEIU');
INSERT INTO ACCOUNTANT (name, email, password) VALUES ('Stacy Hernandez', 'richardwilson@hotmail.com', 'ccjIdvxPfGQqsPMDd');
INSERT INTO PATIENT (name, phone_number, date_of_birth, email, medical_history, room_number, password) VALUES ('Stacy Hernandez', '+7 035 722 19 85', '1962-10-31', 'richardwilson@hotmail.com', 'Glass teach perhaps policy what.', '923', 'ccjIdvxPfGQqsPMDd');
INSERT INTO ACCOUNTANT (name, email, password) VALUES ('Mrs. Rhonda King', 'qalexander@yahoo.com', 'cumSWqsBeM');
INSERT INTO PATIENT (name, phone_number, date_of_birth, email, medical_history, room_number, password) VALUES ('Mrs. Rhonda King', '+79434731631', '1940-09-22', 'qalexander@yahoo.com', 'Few arrive drive any. Effect skin word maintain.', '94', 'cumSWqsBeM');
INSERT INTO ACCOUNTANT (name, email, password) VALUES ('Carrie Combs', 'smiller@hotmail.com', 'CdlrNkivm');
INSERT INTO PATIENT (name, phone_number, date_of_birth, email, medical_history, room_number, password) VALUES ('Carrie Combs', '+7 (759) 273-59-02', '1968-03-23', 'smiller@hotmail.com', 'Now knowledge lawyer real particular attention.', '831', 'CdlrNkivm');
INSERT INTO ACCOUNTANT (name, email, password) VALUES ('Daniel Hansen', 'lamtina@yahoo.com', 'uOppXKTOWATFmcmY');
INSERT INTO PATIENT (name, phone_number, date_of_birth, email, medical_history, room_number, password) VALUES ('Daniel Hansen', '8 911 669 3084', '1922-03-11', 'lamtina@yahoo.com', 'Gun build the though people according.', '533', 'uOppXKTOWATFmcmY');
INSERT INTO ACCOUNTANT (name, email, password) VALUES ('Mrs. Linda Brown', 'maria33@hotmail.com', 'ZCqZCYsXxPfXDyEdU');
INSERT INTO PATIENT (name, phone_number, date_of_birth, email, medical_history, room_number, password) VALUES ('Mrs. Linda Brown', '+7 168 986 60 24', '1964-10-18', 'maria33@hotmail.com', 'Fast one beyond mission important during.', '866', 'ZCqZCYsXxPfXDyEdU');
INSERT INTO ACCOUNTANT (name, email, password) VALUES ('Clayton Cox', 'jeremiah88@gmail.com', 'yWTzQKlzJqGvetIK');
INSERT INTO PATIENT (name, phone_number, date_of_birth, email, medical_history, room_number, password) VALUES ('Clayton Cox', '8 554 481 9470', '2008-02-19', 'jeremiah88@gmail.com', 'Require soldier hundred.', '491', 'yWTzQKlzJqGvetIK');
INSERT INTO ACCOUNTANT (name, email, password) VALUES ('Tyler Brown', 'cherylburgess@yahoo.com', 'ngTLALtaQyhYuMLW');
INSERT INTO PATIENT (name, phone_number, date_of_birth, email, medical_history, room_number, password) VALUES ('Tyler Brown', '+7 (392) 929-6725', '1991-08-27', 'cherylburgess@yahoo.com', 'The develop drug. Animal majority mean next.', '149', 'ngTLALtaQyhYuMLW');
INSERT INTO ACCOUNTANT (name, email, password) VALUES ('Jasmine Murphy', 'rpowers@yahoo.com', 'uHTsiLDWcQZfzHbXiGm');
INSERT INTO PATIENT (name, phone_number, date_of_birth, email, medical_history, room_number, password) VALUES ('Jasmine Murphy', '+7 (501) 228-74-07', '2001-02-09', 'rpowers@yahoo.com', 'Conference dark second baby identify military.', '532', 'uHTsiLDWcQZfzHbXiGm');
INSERT INTO ACCOUNTANT (name, email, password) VALUES ('Allison Anderson', 'shirleylogan@gmail.com', 'LBWGDoSkkvFU');
INSERT INTO PATIENT (name, phone_number, date_of_birth, email, medical_history, room_number, password) VALUES ('Allison Anderson', '8 (756) 142-8900', '1950-12-12', 'shirleylogan@gmail.com', 'Impact what know eight reach say by often.', '619', 'LBWGDoSkkvFU');
INSERT INTO ACCOUNTANT (name, email, password) VALUES ('Patricia Landry', 'millershari@gmail.com', 'KlRtAuQQSI');
INSERT INTO PATIENT (name, phone_number, date_of_birth, email, medical_history, room_number, password) VALUES ('Patricia Landry', '+75150487261', '1986-01-07', 'millershari@gmail.com', 'Window adult school agreement.', '574', 'KlRtAuQQSI');
INSERT INTO ACCOUNTANT (name, email, password) VALUES ('Deborah Gutierrez', 'grahambrianna@gmail.com', 'FyOtITDhJtNuDqo');
INSERT INTO PATIENT (name, phone_number, date_of_birth, email, medical_history, room_number, password) VALUES ('Deborah Gutierrez', '8 362 903 14 39', '1928-08-05', 'grahambrianna@gmail.com', 'Happy help mother.', '905', 'FyOtITDhJtNuDqo');
INSERT INTO ACCOUNTANT (name, email, password) VALUES ('Mary Quinn', 'dawnmorris@hotmail.com', 'nFnpUVbIZBnQPoPlfpP');
INSERT INTO PATIENT (name, phone_number, date_of_birth, email, medical_history, room_number, password) VALUES ('Mary Quinn', '8 277 356 72 53', '1905-10-15', 'dawnmorris@hotmail.com', 'Board option detail class per read about.', '200', 'nFnpUVbIZBnQPoPlfpP');
INSERT INTO ACCOUNTANT (name, email, password) VALUES ('Joseph Herrera', 'bradleythomas@yahoo.com', 'KGfQetNSNQMKeCdp');
INSERT INTO PATIENT (name, phone_number, date_of_birth, email, medical_history, room_number, password) VALUES ('Joseph Herrera', '8 578 853 53 99', '1953-07-24', 'bradleythomas@yahoo.com', 'Large specific reality.', '190', 'KGfQetNSNQMKeCdp');
INSERT INTO ACCOUNTANT (name, email, password) VALUES ('Jennifer Graves', 'clayton63@yahoo.com', 'xqEYLgSJaSUJVuXo');
INSERT INTO PATIENT (name, phone_number, date_of_birth, email, medical_history, room_number, password) VALUES ('Jennifer Graves', '+71646163607', '1965-11-07', 'clayton63@yahoo.com', 'Major such exactly soon song.', '329', 'xqEYLgSJaSUJVuXo');
INSERT INTO ACCOUNTANT (name, email, password) VALUES ('Linda Parsons', 'johnsonheather@gmail.com', 'BMzQoAOwdaPEYdmWBv');
INSERT INTO PATIENT (name, phone_number, date_of_birth, email, medical_history, room_number, password) VALUES ('Linda Parsons', '8 650 187 58 95', '1923-08-18', 'johnsonheather@gmail.com', 'Great know Mr offer case work both.', '568', 'BMzQoAOwdaPEYdmWBv');
INSERT INTO ACCOUNTANT (name, email, password) VALUES ('Ashley Smith', 'matthew04@gmail.com', 'GynUhOFCxk');
INSERT INTO PATIENT (name, phone_number, date_of_birth, email, medical_history, room_number, password) VALUES ('Ashley Smith', '+76601321120', '1963-05-12', 'matthew04@gmail.com', 'Prevent perform traditional part realize evening.', '924', 'GynUhOFCxk');
INSERT INTO ACCOUNTANT (name, email, password) VALUES ('Mary Watson', 'wheelerrebecca@hotmail.com', 'AgWyiMfFAmN');
INSERT INTO PATIENT (name, phone_number, date_of_birth, email, medical_history, room_number, password) VALUES ('Mary Watson', '+7 020 527 2650', '1959-05-09', 'wheelerrebecca@hotmail.com', 'Still people clear land rule sister.', '232', 'AgWyiMfFAmN');
INSERT INTO ACCOUNTANT (name, email, password) VALUES ('Rachel Schultz', 'hughesmakayla@gmail.com', 'wnPDwsUSAIqPtpQVAZ');
INSERT INTO PATIENT (name, phone_number, date_of_birth, email, medical_history, room_number, password) VALUES ('Rachel Schultz', '+7 469 004 2893', '1975-08-13', 'hughesmakayla@gmail.com', 'Guy indeed senior activity go reach.', '651', 'wnPDwsUSAIqPtpQVAZ');
INSERT INTO ACCOUNTANT (name, email, password) VALUES ('Stephanie Burnett', 'aaronbennett@gmail.com', 'VKKBNKqywbOkSArh');
INSERT INTO PATIENT (name, phone_number, date_of_birth, email, medical_history, room_number, password) VALUES ('Stephanie Burnett', '+73776181579', '1990-08-27', 'aaronbennett@gmail.com', 'Boy base article. Move walk animal side nature.', '41', 'VKKBNKqywbOkSArh');
INSERT INTO ACCOUNTANT (name, email, password) VALUES ('Christopher Benitez', 'fgarza@gmail.com', 'bgWnEIBxE');
INSERT INTO PATIENT (name, phone_number, date_of_birth, email, medical_history, room_number, password) VALUES ('Christopher Benitez', '8 (971) 258-67-59', '2011-05-07', 'fgarza@gmail.com', 'Any plan tend necessary.', '168', 'bgWnEIBxE');
INSERT INTO ACCOUNTANT (name, email, password) VALUES ('Regina Howell', 'hillduane@gmail.com', 'vcInRiOaPuzUYVUgQvGQ');
INSERT INTO PATIENT (name, phone_number, date_of_birth, email, medical_history, room_number, password) VALUES ('Regina Howell', '+71550129271', '2014-04-10', 'hillduane@gmail.com', 'None thousand whatever employee green which name.', '544', 'vcInRiOaPuzUYVUgQvGQ');
INSERT INTO ACCOUNTANT (name, email, password) VALUES ('Claudia Walker', 'kcarter@hotmail.com', 'cYjQsaVfNPgWE');
INSERT INTO PATIENT (name, phone_number, date_of_birth, email, medical_history, room_number, password) VALUES ('Claudia Walker', '+77000074009', '1998-06-24', 'kcarter@hotmail.com', 'Behind alone whom power others remember.', '161', 'cYjQsaVfNPgWE');
INSERT INTO ACCOUNTANT (name, email, password) VALUES ('Denise Peterson', 'elizabethrobertson@gmail.com', 'kqKmZyyvhDNM');
INSERT INTO PATIENT (name, phone_number, date_of_birth, email, medical_history, room_number, password) VALUES ('Denise Peterson', '8 550 045 31 60', '1936-05-30', 'elizabethrobertson@gmail.com', 'Bring visit recent.', '705', 'kqKmZyyvhDNM');
INSERT INTO ACCOUNTANT (name, email, password) VALUES ('Wayne Norman', 'cdeleon@hotmail.com', 'HIomhXHmOObPRyHsMQ');
INSERT INTO PATIENT (name, phone_number, date_of_birth, email, medical_history, room_number, password) VALUES ('Wayne Norman', '82829444219', '1986-04-15', 'cdeleon@hotmail.com', 'White single ago.', '383', 'HIomhXHmOObPRyHsMQ');
INSERT INTO ACCOUNTANT (name, email, password) VALUES ('Michael Buchanan', 'clopez@yahoo.com', 'alFKPlGXimzdsEGBs');
INSERT INTO PATIENT (name, phone_number, date_of_birth, email, medical_history, room_number, password) VALUES ('Michael Buchanan', '+7 (913) 198-9177', '1911-01-06', 'clopez@yahoo.com', 'Over likely result science road.', '905', 'alFKPlGXimzdsEGBs');
INSERT INTO ACCOUNTANT (name, email, password) VALUES ('John Gray', 'lblack@yahoo.com', 'GcKZqNOLgEEBVdpdsmk');
INSERT INTO PATIENT (name, phone_number, date_of_birth, email, medical_history, room_number, password) VALUES ('John Gray', '88271971234', '1964-04-12', 'lblack@yahoo.com', 'Authority recently drive daughter mind.', '884', 'GcKZqNOLgEEBVdpdsmk');
INSERT INTO ACCOUNTANT (name, email, password) VALUES ('Jacob Burch', 'joe35@yahoo.com', 'bbbsdlkyOaKmbcHPSpV');
INSERT INTO PATIENT (name, phone_number, date_of_birth, email, medical_history, room_number, password) VALUES ('Jacob Burch', '8 852 665 6584', '1972-02-24', 'joe35@yahoo.com', 'Race method money today market book contain.', '804', 'bbbsdlkyOaKmbcHPSpV');
INSERT INTO ACCOUNTANT (name, email, password) VALUES ('Megan Kennedy', 'qstafford@gmail.com', 'nDKXkRcJIYdHplNYv');
INSERT INTO PATIENT (name, phone_number, date_of_birth, email, medical_history, room_number, password) VALUES ('Megan Kennedy', '8 818 679 8391', '1949-08-04', 'qstafford@gmail.com', 'Food guess cultural upon provide can.', '822', 'nDKXkRcJIYdHplNYv');
INSERT INTO ACCOUNTANT (name, email, password) VALUES ('Angela Griffin DDS', 'yvette43@yahoo.com', 'GNwDPgXYnRElm');
INSERT INTO PATIENT (name, phone_number, date_of_birth, email, medical_history, room_number, password) VALUES ('Angela Griffin DDS', '8 (544) 998-89-31', '1994-10-22', 'yvette43@yahoo.com', 'Kitchen her everybody radio truth.', '783', 'GNwDPgXYnRElm');
INSERT INTO ACCOUNTANT (name, email, password) VALUES ('Shirley Montes', 'claytonjane@hotmail.com', 'UbETNjNiZbArUY');
INSERT INTO PATIENT (name, phone_number, date_of_birth, email, medical_history, room_number, password) VALUES ('Shirley Montes', '+7 (920) 507-57-31', '1997-03-25', 'claytonjane@hotmail.com', 'Run grow far kid attack ground.', '380', 'UbETNjNiZbArUY');
INSERT INTO ACCOUNTANT (name, email, password) VALUES ('Leah Quinn', 'sbaker@yahoo.com', 'gxgHdiNIsBl');
INSERT INTO PATIENT (name, phone_number, date_of_birth, email, medical_history, room_number, password) VALUES ('Leah Quinn', '87658160895', '1933-04-11', 'sbaker@yahoo.com', 'Recent there heavy.', '843', 'gxgHdiNIsBl');
INSERT INTO ACCOUNTANT (name, email, password) VALUES ('Brittany Melton', 'mcgeemarcus@yahoo.com', 'tQWKDGHlptkRb');
INSERT INTO PATIENT (name, phone_number, date_of_birth, email, medical_history, room_number, password) VALUES ('Brittany Melton', '81939635165', '1993-01-27', 'mcgeemarcus@yahoo.com', 'Growth poor admit without herself return common.', '633', 'tQWKDGHlptkRb');
INSERT INTO ACCOUNTANT (name, email, password) VALUES ('Robert Tapia', 'hansonmichelle@gmail.com', 'GupDsycCvUxj');
INSERT INTO PATIENT (name, phone_number, date_of_birth, email, medical_history, room_number, password) VALUES ('Robert Tapia', '8 (560) 297-7821', '1938-04-18', 'hansonmichelle@gmail.com', 'Machine expect again movie top enter.', '819', 'GupDsycCvUxj');
INSERT INTO ACCOUNTANT (name, email, password) VALUES ('Allen Mcguire', 'fthompson@yahoo.com', 'rAtBokArUtWpeblWw');
INSERT INTO PATIENT (name, phone_number, date_of_birth, email, medical_history, room_number, password) VALUES ('Allen Mcguire', '89554059998', '2010-12-03', 'fthompson@yahoo.com', 'Different likely others develop. Go final heart.', '396', 'rAtBokArUtWpeblWw');
INSERT INTO ACCOUNTANT (name, email, password) VALUES ('Craig Mathis', 'markwilson@hotmail.com', 'RpoiVJMx');
INSERT INTO PATIENT (name, phone_number, date_of_birth, email, medical_history, room_number, password) VALUES ('Craig Mathis', '8 031 084 50 55', '1992-08-06', 'markwilson@hotmail.com', 'If best similar collection rather like science.', '298', 'RpoiVJMx');
INSERT INTO ACCOUNTANT (name, email, password) VALUES ('Lucas Jackson', 'wbrown@hotmail.com', 'FkXjFXhdFXDqUBY');
INSERT INTO PATIENT (name, phone_number, date_of_birth, email, medical_history, room_number, password) VALUES ('Lucas Jackson', '+7 401 384 36 15', '2004-09-20', 'wbrown@hotmail.com', 'Include identify also style field authority.', '558', 'FkXjFXhdFXDqUBY');
INSERT INTO ACCOUNTANT (name, email, password) VALUES ('Joseph Williams', 'michaelmoore@hotmail.com', 'ZoYDXUKU');
INSERT INTO PATIENT (name, phone_number, date_of_birth, email, medical_history, room_number, password) VALUES ('Joseph Williams', '+7 760 655 65 62', '1927-04-24', 'michaelmoore@hotmail.com', 'Plan drug fire almost poor two media.', '288', 'ZoYDXUKU');
INSERT INTO ACCOUNTANT (name, email, password) VALUES ('Erin Wang', 'kkim@yahoo.com', 'grkMpCrSkIaFA');
INSERT INTO PATIENT (name, phone_number, date_of_birth, email, medical_history, room_number, password) VALUES ('Erin Wang', '+7 413 308 21 70', '2016-12-15', 'kkim@yahoo.com', 'Far today evening.', '13', 'grkMpCrSkIaFA');
INSERT INTO ACCOUNTANT (name, email, password) VALUES ('Elizabeth Valencia', 'zwright@gmail.com', 'nyKLUTMi');
INSERT INTO PATIENT (name, phone_number, date_of_birth, email, medical_history, room_number, password) VALUES ('Elizabeth Valencia', '8 (836) 412-6680', '1923-03-14', 'zwright@gmail.com', 'Subject product type put both focus manage.', '624', 'nyKLUTMi');
INSERT INTO ACCOUNTANT (name, email, password) VALUES ('William Erickson', 'larry27@hotmail.com', 'wVxBVIBaaTyrVicl');
INSERT INTO PATIENT (name, phone_number, date_of_birth, email, medical_history, room_number, password) VALUES ('William Erickson', '+77654546905', '1966-10-30', 'larry27@hotmail.com', 'Group show arm economic state wrong.', '132', 'wVxBVIBaaTyrVicl');
INSERT INTO ACCOUNTANT (name, email, password) VALUES ('Catherine Clayton', 'brucewall@yahoo.com', 'ueAAQnvm');
INSERT INTO PATIENT (name, phone_number, date_of_birth, email, medical_history, room_number, password) VALUES ('Catherine Clayton', '8 (559) 324-87-24', '1947-07-05', 'brucewall@yahoo.com', 'Just realize laugh right approach.', '734', 'ueAAQnvm');
INSERT INTO ACCOUNTANT (name, email, password) VALUES ('Joyce Moore', 'steven59@hotmail.com', 'MvSZPsmFVPsM');
INSERT INTO PATIENT (name, phone_number, date_of_birth, email, medical_history, room_number, password) VALUES ('Joyce Moore', '+7 (265) 423-0017', '2005-11-22', 'steven59@hotmail.com', 'Rock whatever quality cause never experience.', '386', 'MvSZPsmFVPsM');
INSERT INTO ACCOUNTANT (name, email, password) VALUES ('Darryl Wilson', 'gwilkerson@yahoo.com', 'UqpfQfoIgnjT');
INSERT INTO PATIENT (name, phone_number, date_of_birth, email, medical_history, room_number, password) VALUES ('Darryl Wilson', '8 715 816 0499', '1984-03-31', 'gwilkerson@yahoo.com', 'Consider free certain language in.', '629', 'UqpfQfoIgnjT');
INSERT INTO ACCOUNTANT (name, email, password) VALUES ('Gregory Brown', 'jenniferkramer@hotmail.com', 'ZVypLnEYDcLazLYNO');
INSERT INTO PATIENT (name, phone_number, date_of_birth, email, medical_history, room_number, password) VALUES ('Gregory Brown', '8 621 102 68 38', '1973-06-03', 'jenniferkramer@hotmail.com', 'Here prepare ahead book throughout up.', '987', 'ZVypLnEYDcLazLYNO');
INSERT INTO ACCOUNTANT (name, email, password) VALUES ('Megan Short', 'lisa41@gmail.com', 'OtpWSTkQflvsIInkdEST');
INSERT INTO PATIENT (name, phone_number, date_of_birth, email, medical_history, room_number, password) VALUES ('Megan Short', '+78034769534', '1999-09-08', 'lisa41@gmail.com', 'Campaign action talk level whatever attack.', '46', 'OtpWSTkQflvsIInkdEST');
INSERT INTO ACCOUNTANT (name, email, password) VALUES ('Benjamin Robinson', 'bishopdiana@hotmail.com', 'HEzhcTVpSLchHUa');
INSERT INTO PATIENT (name, phone_number, date_of_birth, email, medical_history, room_number, password) VALUES ('Benjamin Robinson', '+75978384772', '2006-08-08', 'bishopdiana@hotmail.com', 'Food you conference such forget wait.', '648', 'HEzhcTVpSLchHUa');
INSERT INTO ACCOUNTANT (name, email, password) VALUES ('Jason Richards', 'wjohnson@gmail.com', 'bawTmbPGkCQTu');
INSERT INTO PATIENT (name, phone_number, date_of_birth, email, medical_history, room_number, password) VALUES ('Jason Richards', '+7 045 790 1513', '2009-05-30', 'wjohnson@gmail.com', 'Represent sense write high.', '136', 'bawTmbPGkCQTu');
INSERT INTO ACCOUNTANT (name, email, password) VALUES ('William Lindsey', 'michaelmills@yahoo.com', 'UFSbABkmtmftGkLrU');
INSERT INTO PATIENT (name, phone_number, date_of_birth, email, medical_history, room_number, password) VALUES ('William Lindsey', '8 449 887 6510', '1923-10-03', 'michaelmills@yahoo.com', 'Ten movie son develop large west hair.', '542', 'UFSbABkmtmftGkLrU');
INSERT INTO ACCOUNTANT (name, email, password) VALUES ('Tanya Jenkins', 'thompsonjessica@gmail.com', 'MUjmMAlFpoxnEeVXpa');
INSERT INTO PATIENT (name, phone_number, date_of_birth, email, medical_history, room_number, password) VALUES ('Tanya Jenkins', '8 105 260 7474', '2016-11-06', 'thompsonjessica@gmail.com', 'Poor suggest contain letter then laugh.', '538', 'MUjmMAlFpoxnEeVXpa');
INSERT INTO ACCOUNTANT (name, email, password) VALUES ('Matthew Flores', 'zthompson@yahoo.com', 'YcmFwvtdwOGydMcY');
INSERT INTO PATIENT (name, phone_number, date_of_birth, email, medical_history, room_number, password) VALUES ('Matthew Flores', '8 (492) 130-03-56', '1975-05-10', 'zthompson@yahoo.com', 'Treatment keep bill son. Eye year thus century.', '16', 'YcmFwvtdwOGydMcY');
INSERT INTO ACCOUNTANT (name, email, password) VALUES ('Alex Mcgee', 'mariacummings@yahoo.com', 'ZUbHiogxNSiPrSbo');
INSERT INTO PATIENT (name, phone_number, date_of_birth, email, medical_history, room_number, password) VALUES ('Alex Mcgee', '8 395 717 1351', '1914-11-11', 'mariacummings@yahoo.com', 'How fight rate month.', '908', 'ZUbHiogxNSiPrSbo');
INSERT INTO ACCOUNTANT (name, email, password) VALUES ('Jennifer Williamson', 'campbelltrevor@hotmail.com', 'ILboIXSmWQSzNxvkK');
INSERT INTO PATIENT (name, phone_number, date_of_birth, email, medical_history, room_number, password) VALUES ('Jennifer Williamson', '8 (497) 868-54-89', '1937-10-15', 'campbelltrevor@hotmail.com', 'Imagine ten by dinner customer rate them.', '451', 'ILboIXSmWQSzNxvkK');
INSERT INTO ACCOUNTANT (name, email, password) VALUES ('Shawn Collins', 'james59@yahoo.com', 'fhMkUatySjDgvLYlDH');
INSERT INTO PATIENT (name, phone_number, date_of_birth, email, medical_history, room_number, password) VALUES ('Shawn Collins', '+72457060369', '1960-11-06', 'james59@yahoo.com', 'Decision especially just ago rock avoid.', '807', 'fhMkUatySjDgvLYlDH');
INSERT INTO ACCOUNTANT (name, email, password) VALUES ('Glenda House', 'littlealison@gmail.com', 'nTZfREamAeZXb');
INSERT INTO PATIENT (name, phone_number, date_of_birth, email, medical_history, room_number, password) VALUES ('Glenda House', '+7 424 506 9136', '1924-08-31', 'littlealison@gmail.com', 'Top huge bill discussion time stand.', '607', 'nTZfREamAeZXb');
INSERT INTO ACCOUNTANT (name, email, password) VALUES ('Jillian Dennis', 'eedwards@hotmail.com', 'SEnaFGSWNHLWCVvkj');
INSERT INTO PATIENT (name, phone_number, date_of_birth, email, medical_history, room_number, password) VALUES ('Jillian Dennis', '8 842 435 2645', '1920-08-27', 'eedwards@hotmail.com', 'Budget game test particular size reveal picture.', '664', 'SEnaFGSWNHLWCVvkj');
INSERT INTO ACCOUNTANT (name, email, password) VALUES ('Megan Valenzuela', 'kevin46@hotmail.com', 'pygvdkYYbF');
INSERT INTO PATIENT (name, phone_number, date_of_birth, email, medical_history, room_number, password) VALUES ('Megan Valenzuela', '+7 934 630 95 05', '1969-04-10', 'kevin46@hotmail.com', 'Western for table expect.', '697', 'pygvdkYYbF');
INSERT INTO ACCOUNTANT (name, email, password) VALUES ('Kaitlyn Manning', 'jbenjamin@yahoo.com', 'ETogyZcvZPavyhXSRADH');
INSERT INTO PATIENT (name, phone_number, date_of_birth, email, medical_history, room_number, password) VALUES ('Kaitlyn Manning', '+7 233 012 0965', '2003-04-17', 'jbenjamin@yahoo.com', 'Would region science with small when area.', '519', 'ETogyZcvZPavyhXSRADH');
INSERT INTO ACCOUNTANT (name, email, password) VALUES ('Eddie Walker', 'volson@yahoo.com', 'KXjhMiyuiqgRXk');
INSERT INTO PATIENT (name, phone_number, date_of_birth, email, medical_history, room_number, password) VALUES ('Eddie Walker', '8 887 295 74 47', '1933-08-10', 'volson@yahoo.com', 'Customer little Congress car.', '218', 'KXjhMiyuiqgRXk');
INSERT INTO ACCOUNTANT (name, email, password) VALUES ('Lindsay Johnson', 'woodamanda@yahoo.com', 'iYObQaNMMKBWhsKvTj');
INSERT INTO PATIENT (name, phone_number, date_of_birth, email, medical_history, room_number, password) VALUES ('Lindsay Johnson', '+75993490207', '1910-01-14', 'woodamanda@yahoo.com', 'Morning none computer listen.', '458', 'iYObQaNMMKBWhsKvTj');
INSERT INTO ACCOUNTANT (name, email, password) VALUES ('Aaron Burton', 'xhampton@yahoo.com', 'dEBwAobDZcbmbQxbBtQ');
INSERT INTO PATIENT (name, phone_number, date_of_birth, email, medical_history, room_number, password) VALUES ('Aaron Burton', '+7 741 328 49 82', '2003-11-02', 'xhampton@yahoo.com', 'Body true your worry something admit more.', '873', 'dEBwAobDZcbmbQxbBtQ');
INSERT INTO ACCOUNTANT (name, email, password) VALUES ('Elizabeth Tran', 'jason81@gmail.com', 'dtPsoufUlzgUbMjAm');
INSERT INTO PATIENT (name, phone_number, date_of_birth, email, medical_history, room_number, password) VALUES ('Elizabeth Tran', '+7 018 149 2910', '1997-07-21', 'jason81@gmail.com', 'Candidate property lead performance station size.', '662', 'dtPsoufUlzgUbMjAm');
INSERT INTO ACCOUNTANT (name, email, password) VALUES ('Michael Alvarez', 'greenbrett@yahoo.com', 'pvEXtxanmoiqYM');
INSERT INTO PATIENT (name, phone_number, date_of_birth, email, medical_history, room_number, password) VALUES ('Michael Alvarez', '8 713 008 16 73', '1957-07-01', 'greenbrett@yahoo.com', 'Number behind cost agree lose.', '666', 'pvEXtxanmoiqYM');
INSERT INTO ACCOUNTANT (name, email, password) VALUES ('Samuel Hall', 'breed@gmail.com', 'mnlodTFDdrR');
INSERT INTO PATIENT (name, phone_number, date_of_birth, email, medical_history, room_number, password) VALUES ('Samuel Hall', '8 (938) 925-1855', '1944-06-14', 'breed@gmail.com', 'Fight field line oil camera movement success.', '863', 'mnlodTFDdrR');
INSERT INTO ACCOUNTANT (name, email, password) VALUES ('Matthew Wilson', 'johnbaker@yahoo.com', 'LFotUmacW');
INSERT INTO PATIENT (name, phone_number, date_of_birth, email, medical_history, room_number, password) VALUES ('Matthew Wilson', '+7 (468) 754-2584', '1997-01-13', 'johnbaker@yahoo.com', 'Buy agreement thank wide factor receive.', '865', 'LFotUmacW');
INSERT INTO ACCOUNTANT (name, email, password) VALUES ('Zachary Lawrence', 'christopher63@yahoo.com', 'cUBscVfJcDsZqqQOmv');
INSERT INTO PATIENT (name, phone_number, date_of_birth, email, medical_history, room_number, password) VALUES ('Zachary Lawrence', '8 394 759 7636', '1925-08-15', 'christopher63@yahoo.com', 'Talk beat word include want knowledge so.', '891', 'cUBscVfJcDsZqqQOmv');
INSERT INTO ACCOUNTANT (name, email, password) VALUES ('Michael Barker', 'katelyn76@yahoo.com', 'yVuzvboA');
INSERT INTO PATIENT (name, phone_number, date_of_birth, email, medical_history, room_number, password) VALUES ('Michael Barker', '+7 (285) 223-97-00', '1970-11-04', 'katelyn76@yahoo.com', 'Environment site safe power.', '630', 'yVuzvboA');
INSERT INTO ACCOUNTANT (name, email, password) VALUES ('Cameron Richardson', 'keith39@hotmail.com', 'LMuCgDIDDcnth');
INSERT INTO PATIENT (name, phone_number, date_of_birth, email, medical_history, room_number, password) VALUES ('Cameron Richardson', '+7 011 922 93 22', '1978-01-26', 'keith39@hotmail.com', 'Remain author clearly blood.', '980', 'LMuCgDIDDcnth');
INSERT INTO ACCOUNTANT (name, email, password) VALUES ('John Coleman', 'dkerr@hotmail.com', 'yZyaLwkNAYlkObbJ');
INSERT INTO PATIENT (name, phone_number, date_of_birth, email, medical_history, room_number, password) VALUES ('John Coleman', '8 362 868 35 49', '1912-05-25', 'dkerr@hotmail.com', 'Remain light item opportunity.', '53', 'yZyaLwkNAYlkObbJ');
INSERT INTO ACCOUNTANT (name, email, password) VALUES ('Emily Gomez', 'bmorris@yahoo.com', 'iinHZdUqErHRtDiO');
INSERT INTO PATIENT (name, phone_number, date_of_birth, email, medical_history, room_number, password) VALUES ('Emily Gomez', '+7 (218) 895-0874', '1933-03-27', 'bmorris@yahoo.com', 'Deep so support however quite direction similar.', '514', 'iinHZdUqErHRtDiO');
INSERT INTO ACCOUNTANT (name, email, password) VALUES ('Dennis Morales', 'joseph09@gmail.com', 'lpwNQJrdptHRsM');
INSERT INTO PATIENT (name, phone_number, date_of_birth, email, medical_history, room_number, password) VALUES ('Dennis Morales', '8 (468) 336-8031', '1924-08-10', 'joseph09@gmail.com', 'Reach state station body foreign.', '815', 'lpwNQJrdptHRsM');
INSERT INTO ACCOUNTANT (name, email, password) VALUES ('Lucas Cook', 'sharon36@yahoo.com', 'goHFGrstbeELKnoTF');
INSERT INTO PATIENT (name, phone_number, date_of_birth, email, medical_history, room_number, password) VALUES ('Lucas Cook', '8 838 712 3324', '1964-05-22', 'sharon36@yahoo.com', 'That consumer ball seem follow behavior sport.', '542', 'goHFGrstbeELKnoTF');
INSERT INTO ACCOUNTANT (name, email, password) VALUES ('Lisa Cannon', 'tpaul@yahoo.com', 'RcNQNHTQPvXhgMRVrKiA');
INSERT INTO PATIENT (name, phone_number, date_of_birth, email, medical_history, room_number, password) VALUES ('Lisa Cannon', '+7 (265) 370-9772', '1924-12-18', 'tpaul@yahoo.com', 'Bill prepare those. Leg best send walk age.', '226', 'RcNQNHTQPvXhgMRVrKiA');
INSERT INTO ACCOUNTANT (name, email, password) VALUES ('Benjamin Galvan DDS', 'janderson@hotmail.com', 'GeKkUIMfxNRChE');
INSERT INTO PATIENT (name, phone_number, date_of_birth, email, medical_history, room_number, password) VALUES ('Benjamin Galvan DDS', '+75297369967', '1946-07-07', 'janderson@hotmail.com', 'Scene deal quality there city surface.', '404', 'GeKkUIMfxNRChE');
INSERT INTO ACCOUNTANT (name, email, password) VALUES ('Colleen Carson', 'palexander@yahoo.com', 'ESgjPmOfxgQ');
INSERT INTO PATIENT (name, phone_number, date_of_birth, email, medical_history, room_number, password) VALUES ('Colleen Carson', '8 (547) 569-23-76', '1965-07-20', 'palexander@yahoo.com', 'Administration do cover inside sport.', '240', 'ESgjPmOfxgQ');
INSERT INTO ACCOUNTANT (name, email, password) VALUES ('Janet Zamora', 'tyler71@yahoo.com', 'WFWTiDKFJkXlOQ');
INSERT INTO PATIENT (name, phone_number, date_of_birth, email, medical_history, room_number, password) VALUES ('Janet Zamora', '+7 784 291 82 08', '1978-08-15', 'tyler71@yahoo.com', 'Type fact then big win.', '927', 'WFWTiDKFJkXlOQ');
INSERT INTO ACCOUNTANT (name, email, password) VALUES ('Christina Snyder', 'martinezerika@gmail.com', 'xnXRcTkmbuG');
INSERT INTO PATIENT (name, phone_number, date_of_birth, email, medical_history, room_number, password) VALUES ('Christina Snyder', '+7 (575) 273-0743', '1992-04-30', 'martinezerika@gmail.com', 'Ahead news plant plant.', '903', 'xnXRcTkmbuG');
INSERT INTO ACCOUNTANT (name, email, password) VALUES ('Karen Powers', 'alex79@hotmail.com', 'UyvdDPniamLlqRKf');
INSERT INTO PATIENT (name, phone_number, date_of_birth, email, medical_history, room_number, password) VALUES ('Karen Powers', '+7 207 533 06 91', '2019-08-05', 'alex79@hotmail.com', 'Where image sometimes law tree business remember.', '26', 'UyvdDPniamLlqRKf');
INSERT INTO ACCOUNTANT (name, email, password) VALUES ('Kevin Vincent', 'omarsh@gmail.com', 'kjAdtHfHSIeMRSx');
INSERT INTO PATIENT (name, phone_number, date_of_birth, email, medical_history, room_number, password) VALUES ('Kevin Vincent', '+7 (925) 146-16-35', '1993-04-09', 'omarsh@gmail.com', 'Trade season run why east.', '25', 'kjAdtHfHSIeMRSx');
INSERT INTO ACCOUNTANT (name, email, password) VALUES ('Craig Shaw', 'kimberly10@hotmail.com', 'ezxVjNpfnTXNqGOc');
INSERT INTO PATIENT (name, phone_number, date_of_birth, email, medical_history, room_number, password) VALUES ('Craig Shaw', '8 (196) 066-72-24', '1961-11-17', 'kimberly10@hotmail.com', 'Arm bit everybody west career care poor.', '72', 'ezxVjNpfnTXNqGOc');
INSERT INTO ACCOUNTANT (name, email, password) VALUES ('Brenda Fields', 'ellisjamie@yahoo.com', 'iFSZfhhjQ');
INSERT INTO PATIENT (name, phone_number, date_of_birth, email, medical_history, room_number, password) VALUES ('Brenda Fields', '+7 880 506 1658', '2018-01-20', 'ellisjamie@yahoo.com', 'Thing attention trouble own.', '201', 'iFSZfhhjQ');
INSERT INTO ACCOUNTANT (name, email, password) VALUES ('Susan Olson', 'gwendolynlopez@gmail.com', 'izbGejaeRXncujCzijow');
INSERT INTO PATIENT (name, phone_number, date_of_birth, email, medical_history, room_number, password) VALUES ('Susan Olson', '+72199780271', '1938-02-24', 'gwendolynlopez@gmail.com', 'See account speak war choice trip.', '915', 'izbGejaeRXncujCzijow');
INSERT INTO ACCOUNTANT (name, email, password) VALUES ('Taylor Palmer', 'jennifergray@gmail.com', 'sKNQlAPUlHAeFtLPeJXr');
INSERT INTO PATIENT (name, phone_number, date_of_birth, email, medical_history, room_number, password) VALUES ('Taylor Palmer', '82285548253', '1973-09-13', 'jennifergray@gmail.com', 'Nothing help price thousand listen teacher.', '815', 'sKNQlAPUlHAeFtLPeJXr');
INSERT INTO ACCOUNTANT (name, email, password) VALUES ('Megan Henry', 'cpadilla@yahoo.com', 'UOxRnxqyWN');
INSERT INTO PATIENT (name, phone_number, date_of_birth, email, medical_history, room_number, password) VALUES ('Megan Henry', '+7 (187) 049-0321', '1973-01-11', 'cpadilla@yahoo.com', 'Able international argue animal game usually.', '522', 'UOxRnxqyWN');
INSERT INTO ACCOUNTANT (name, email, password) VALUES ('Steven Soto', 'tammycarter@gmail.com', 'DwNnAmsTUX');
INSERT INTO PATIENT (name, phone_number, date_of_birth, email, medical_history, room_number, password) VALUES ('Steven Soto', '8 (241) 435-5402', '1947-02-07', 'tammycarter@gmail.com', 'Popular get administration feel daughter.', '519', 'DwNnAmsTUX');
INSERT INTO ACCOUNTANT (name, email, password) VALUES ('Breanna Valentine', 'carrillomatthew@gmail.com', 'BmMIZryI');
INSERT INTO PATIENT (name, phone_number, date_of_birth, email, medical_history, room_number, password) VALUES ('Breanna Valentine', '+74428135190', '1983-11-22', 'carrillomatthew@gmail.com', 'Gun collection official increase PM country.', '463', 'BmMIZryI');
INSERT INTO ACCOUNTANT (name, email, password) VALUES ('Jason Taylor', 'coxjames@gmail.com', 'FACGrnHkqVzbUnPRbhVU');
INSERT INTO PATIENT (name, phone_number, date_of_birth, email, medical_history, room_number, password) VALUES ('Jason Taylor', '+7 056 160 66 90', '1929-11-22', 'coxjames@gmail.com', 'Drug effect ago wall bring.', '103', 'FACGrnHkqVzbUnPRbhVU');
INSERT INTO ACCOUNTANT (name, email, password) VALUES ('Daniel Knight', 'jeffrey85@gmail.com', 'jarqKLthEgsiRDeAVRI');
INSERT INTO PATIENT (name, phone_number, date_of_birth, email, medical_history, room_number, password) VALUES ('Daniel Knight', '+71606564049', '1919-04-20', 'jeffrey85@gmail.com', 'Few fill thought another everybody hold present.', '760', 'jarqKLthEgsiRDeAVRI');
INSERT INTO ACCOUNTANT (name, email, password) VALUES ('John Smith', 'uparks@hotmail.com', 'asDHdLbHxuzzFCMzVB');
INSERT INTO PATIENT (name, phone_number, date_of_birth, email, medical_history, room_number, password) VALUES ('John Smith', '+7 925 863 7458', '1997-03-09', 'uparks@hotmail.com', 'Page write quite body ground.', '490', 'asDHdLbHxuzzFCMzVB');
INSERT INTO ACCOUNTANT (name, email, password) VALUES ('Stephen White', 'rothbrandon@gmail.com', 'eZTnpyczqhLQtPq');
INSERT INTO PATIENT (name, phone_number, date_of_birth, email, medical_history, room_number, password) VALUES ('Stephen White', '+7 022 638 6426', '1965-10-15', 'rothbrandon@gmail.com', 'Do director reflect up toward paper perform.', '40', 'eZTnpyczqhLQtPq');
INSERT INTO ACCOUNTANT (name, email, password) VALUES ('Anna Davis', 'feliciacoleman@hotmail.com', 'ORcGVIAuo');
INSERT INTO PATIENT (name, phone_number, date_of_birth, email, medical_history, room_number, password) VALUES ('Anna Davis', '+73727938760', '1967-04-11', 'feliciacoleman@hotmail.com', 'Cup writer her example bar day impact.', '374', 'ORcGVIAuo');
INSERT INTO ACCOUNTANT (name, email, password) VALUES ('Jeremy Harrington', 'butlerjonathan@gmail.com', 'sfuHEcHqST');
INSERT INTO PATIENT (name, phone_number, date_of_birth, email, medical_history, room_number, password) VALUES ('Jeremy Harrington', '8 (113) 131-80-65', '1976-10-28', 'butlerjonathan@gmail.com', 'Positive impact health choice kid.', '388', 'sfuHEcHqST');
INSERT INTO ACCOUNTANT (name, email, password) VALUES ('Alexander Watts', 'evanslauren@yahoo.com', 'byvAgqJMneGOEvOh');
INSERT INTO PATIENT (name, phone_number, date_of_birth, email, medical_history, room_number, password) VALUES ('Alexander Watts', '+73747443160', '1948-03-14', 'evanslauren@yahoo.com', 'Represent yard live door animal common that.', '204', 'byvAgqJMneGOEvOh');
INSERT INTO ACCOUNTANT (name, email, password) VALUES ('Tammy Lopez', 'wgarza@yahoo.com', 'cmutnlALeXOgIyBsEU');
INSERT INTO PATIENT (name, phone_number, date_of_birth, email, medical_history, room_number, password) VALUES ('Tammy Lopez', '+7 159 039 9249', '1907-12-31', 'wgarza@yahoo.com', 'Try themselves least fear a your second.', '83', 'cmutnlALeXOgIyBsEU');
INSERT INTO ACCOUNTANT (name, email, password) VALUES ('Anthony Johnson', 'antoniodavenport@hotmail.com', 'hgigsCXfnRe');
INSERT INTO PATIENT (name, phone_number, date_of_birth, email, medical_history, room_number, password) VALUES ('Anthony Johnson', '+7 (482) 381-4906', '2005-01-30', 'antoniodavenport@hotmail.com', 'Clearly hospital rest writer.', '338', 'hgigsCXfnRe');
INSERT INTO ACCOUNTANT (name, email, password) VALUES ('Kevin Bryant', 'xgallegos@gmail.com', 'nyByARQJdgpP');
INSERT INTO PATIENT (name, phone_number, date_of_birth, email, medical_history, room_number, password) VALUES ('Kevin Bryant', '8 074 410 13 45', '1905-03-21', 'xgallegos@gmail.com', 'Animal color various glass lay able.', '231', 'nyByARQJdgpP');
INSERT INTO ACCOUNTANT (name, email, password) VALUES ('Nathaniel Mcpherson', 'badams@gmail.com', 'dtkKnjdp');
INSERT INTO PATIENT (name, phone_number, date_of_birth, email, medical_history, room_number, password) VALUES ('Nathaniel Mcpherson', '+78498697342', '1931-02-28', 'badams@gmail.com', 'Site service note chair know economic.', '676', 'dtkKnjdp');
INSERT INTO ACCOUNTANT (name, email, password) VALUES ('Kyle Hill', 'marshallkaitlin@hotmail.com', 'wjoPLSHKkAcUDKaTtonR');
INSERT INTO PATIENT (name, phone_number, date_of_birth, email, medical_history, room_number, password) VALUES ('Kyle Hill', '+78197301741', '2010-06-27', 'marshallkaitlin@hotmail.com', 'Manage any family likely fire able teach.', '310', 'wjoPLSHKkAcUDKaTtonR');
INSERT INTO ACCOUNTANT (name, email, password) VALUES ('Matthew Gonzales', 'johndawson@gmail.com', 'RnAoMViZPclKM');
INSERT INTO PATIENT (name, phone_number, date_of_birth, email, medical_history, room_number, password) VALUES ('Matthew Gonzales', '8 535 041 43 52', '1969-05-09', 'johndawson@gmail.com', 'This forward admit area establish.', '877', 'RnAoMViZPclKM');
INSERT INTO ACCOUNTANT (name, email, password) VALUES ('Harold Russell', 'hatfieldmelissa@yahoo.com', 'HVyXEyqFcTlTx');
INSERT INTO PATIENT (name, phone_number, date_of_birth, email, medical_history, room_number, password) VALUES ('Harold Russell', '8 (507) 762-6735', '1918-09-20', 'hatfieldmelissa@yahoo.com', 'When network affect weight able rich conference.', '467', 'HVyXEyqFcTlTx');
INSERT INTO ACCOUNTANT (name, email, password) VALUES ('Christina Sanchez', 'hurstrandy@hotmail.com', 'QLfHkapYpgrPZYMnfvHp');
INSERT INTO PATIENT (name, phone_number, date_of_birth, email, medical_history, room_number, password) VALUES ('Christina Sanchez', '8 (749) 567-8800', '1934-07-06', 'hurstrandy@hotmail.com', 'Way on young in. Us smile in town.', '976', 'QLfHkapYpgrPZYMnfvHp');
INSERT INTO ACCOUNTANT (name, email, password) VALUES ('Rebecca Hughes', 'michele84@yahoo.com', 'NOAiRKjB');
INSERT INTO PATIENT (name, phone_number, date_of_birth, email, medical_history, room_number, password) VALUES ('Rebecca Hughes', '8 (739) 348-83-88', '2019-07-30', 'michele84@yahoo.com', 'Medical former himself step woman.', '579', 'NOAiRKjB');
INSERT INTO ACCOUNTANT (name, email, password) VALUES ('Kristi Stanley', 'scottashley@yahoo.com', 'INkQnzjerVXX');
INSERT INTO PATIENT (name, phone_number, date_of_birth, email, medical_history, room_number, password) VALUES ('Kristi Stanley', '+7 (428) 715-61-32', '1916-11-06', 'scottashley@yahoo.com', 'Difficult must director foot ok side per.', '947', 'INkQnzjerVXX');
INSERT INTO ACCOUNTANT (name, email, password) VALUES ('Jason Lopez', 'michaelsoto@hotmail.com', 'xlLtrrmZjQNLX');
INSERT INTO PATIENT (name, phone_number, date_of_birth, email, medical_history, room_number, password) VALUES ('Jason Lopez', '+7 (013) 196-5655', '1990-04-19', 'michaelsoto@hotmail.com', 'Line people agency plant free. Over state real.', '130', 'xlLtrrmZjQNLX');
INSERT INTO ACCOUNTANT (name, email, password) VALUES ('Gerald Rosales', 'kimberlykemp@yahoo.com', 'gkSUTFNI');
INSERT INTO PATIENT (name, phone_number, date_of_birth, email, medical_history, room_number, password) VALUES ('Gerald Rosales', '8 346 197 8071', '2011-06-24', 'kimberlykemp@yahoo.com', 'Election strong recently blood final.', '525', 'gkSUTFNI');
INSERT INTO ACCOUNTANT (name, email, password) VALUES ('Evelyn Hernandez', 'xlyons@gmail.com', 'XeMjPFSwayeVexxQ');
INSERT INTO PATIENT (name, phone_number, date_of_birth, email, medical_history, room_number, password) VALUES ('Evelyn Hernandez', '8 (819) 159-83-89', '2017-06-11', 'xlyons@gmail.com', 'Point public stop.', '772', 'XeMjPFSwayeVexxQ');
INSERT INTO ACCOUNTANT (name, email, password) VALUES ('James Shelton', 'tshort@hotmail.com', 'XtJqzMaFvUwmefybADkb');
INSERT INTO PATIENT (name, phone_number, date_of_birth, email, medical_history, room_number, password) VALUES ('James Shelton', '8 (954) 419-0367', '1932-04-08', 'tshort@hotmail.com', 'Visit itself same.', '672', 'XtJqzMaFvUwmefybADkb');
INSERT INTO ACCOUNTANT (name, email, password) VALUES ('Sherry Wood', 'csingh@gmail.com', 'NikfoiArP');
INSERT INTO PATIENT (name, phone_number, date_of_birth, email, medical_history, room_number, password) VALUES ('Sherry Wood', '+70963973892', '1968-12-15', 'csingh@gmail.com', 'Consumer bring reflect.', '949', 'NikfoiArP');
INSERT INTO ACCOUNTANT (name, email, password) VALUES ('Edward Shepard', 'sherylfuller@gmail.com', 'oipEMuRUih');
INSERT INTO PATIENT (name, phone_number, date_of_birth, email, medical_history, room_number, password) VALUES ('Edward Shepard', '82507476856', '2012-06-22', 'sherylfuller@gmail.com', 'Education total cup television big.', '986', 'oipEMuRUih');
INSERT INTO ACCOUNTANT (name, email, password) VALUES ('Lisa Stanley', 'jschwartz@yahoo.com', 'BSQRfQWGSTscErXrcaB');
INSERT INTO PATIENT (name, phone_number, date_of_birth, email, medical_history, room_number, password) VALUES ('Lisa Stanley', '8 316 271 89 09', '1972-02-25', 'jschwartz@yahoo.com', 'Serious management southern.', '250', 'BSQRfQWGSTscErXrcaB');
INSERT INTO ACCOUNTANT (name, email, password) VALUES ('Christopher Turner', 'juan51@gmail.com', 'jSDEdNnfYWZYWbshKe');
INSERT INTO PATIENT (name, phone_number, date_of_birth, email, medical_history, room_number, password) VALUES ('Christopher Turner', '+7 (945) 345-55-81', '2010-12-23', 'juan51@gmail.com', 'My sure community.', '133', 'jSDEdNnfYWZYWbshKe');
INSERT INTO ACCOUNTANT (name, email, password) VALUES ('Anthony Thomas', 'rrobinson@yahoo.com', 'bxdneyZeqzqiA');
INSERT INTO PATIENT (name, phone_number, date_of_birth, email, medical_history, room_number, password) VALUES ('Anthony Thomas', '+74796475994', '2018-12-14', 'rrobinson@yahoo.com', 'Rest new rule follow.', '58', 'bxdneyZeqzqiA');
INSERT INTO ACCOUNTANT (name, email, password) VALUES ('Kevin Williams', 'katherine05@hotmail.com', 'MMkEnGZb');
INSERT INTO PATIENT (name, phone_number, date_of_birth, email, medical_history, room_number, password) VALUES ('Kevin Williams', '8 (260) 396-3212', '1993-08-15', 'katherine05@hotmail.com', 'Nature into thank.', '261', 'MMkEnGZb');
INSERT INTO ACCOUNTANT (name, email, password) VALUES ('Elizabeth Price', 'christopherriley@gmail.com', 'tapMKtyFHOcAimesnu');
INSERT INTO PATIENT (name, phone_number, date_of_birth, email, medical_history, room_number, password) VALUES ('Elizabeth Price', '+74468944848', '1967-04-05', 'christopherriley@gmail.com', 'Allow mouth month often.', '389', 'tapMKtyFHOcAimesnu');
INSERT INTO ACCOUNTANT (name, email, password) VALUES ('Douglas Owens', 'emoore@hotmail.com', 'oUfdDPTeZSKd');
INSERT INTO PATIENT (name, phone_number, date_of_birth, email, medical_history, room_number, password) VALUES ('Douglas Owens', '+7 962 374 31 98', '1975-08-05', 'emoore@hotmail.com', 'Among wife determine medical.', '53', 'oUfdDPTeZSKd');
INSERT INTO ACCOUNTANT (name, email, password) VALUES ('Ryan Hamilton', 'kathleenbailey@yahoo.com', 'lYTqiVWfUJW');
INSERT INTO PATIENT (name, phone_number, date_of_birth, email, medical_history, room_number, password) VALUES ('Ryan Hamilton', '8 737 870 6296', '2012-11-21', 'kathleenbailey@yahoo.com', 'Let size can wait. Focus energy money inside.', '233', 'lYTqiVWfUJW');
INSERT INTO ACCOUNTANT (name, email, password) VALUES ('Mr. Justin Smith', 'volson@gmail.com', 'IBaJeoAn');
INSERT INTO PATIENT (name, phone_number, date_of_birth, email, medical_history, room_number, password) VALUES ('Mr. Justin Smith', '86999667019', '1989-11-22', 'volson@gmail.com', 'Policy administration lawyer determine.', '554', 'IBaJeoAn');
INSERT INTO ACCOUNTANT (name, email, password) VALUES ('Justin Dougherty', 'qbeck@gmail.com', 'EfvigYPTldHFrxAVTCnT');
INSERT INTO PATIENT (name, phone_number, date_of_birth, email, medical_history, room_number, password) VALUES ('Justin Dougherty', '+7 125 096 21 77', '1915-10-04', 'qbeck@gmail.com', 'Day put east compare field rich.', '733', 'EfvigYPTldHFrxAVTCnT');
INSERT INTO ACCOUNTANT (name, email, password) VALUES ('Theresa Murray', 'yphelps@gmail.com', 'pqthnelfQIZBzjqinVQ');
INSERT INTO PATIENT (name, phone_number, date_of_birth, email, medical_history, room_number, password) VALUES ('Theresa Murray', '+7 802 280 88 89', '2002-05-07', 'yphelps@gmail.com', 'Fine stage chance onto cell where clearly.', '750', 'pqthnelfQIZBzjqinVQ');
INSERT INTO ACCOUNTANT (name, email, password) VALUES ('Beverly Collins', 'dennisgordon@hotmail.com', 'JMtvaaPLEpulNBaj');
INSERT INTO PATIENT (name, phone_number, date_of_birth, email, medical_history, room_number, password) VALUES ('Beverly Collins', '8 217 649 49 80', '1982-02-18', 'dennisgordon@hotmail.com', 'Woman explain company many.', '985', 'JMtvaaPLEpulNBaj');
INSERT INTO ACCOUNTANT (name, email, password) VALUES ('Lauren Terry', 'travis27@yahoo.com', 'PFDfgAAjuFOHrb');
INSERT INTO PATIENT (name, phone_number, date_of_birth, email, medical_history, room_number, password) VALUES ('Lauren Terry', '+75804201632', '1965-01-16', 'travis27@yahoo.com', 'Area hard respond father as reflect.', '580', 'PFDfgAAjuFOHrb');
INSERT INTO ACCOUNTANT (name, email, password) VALUES ('Michael Hines', 'ecrawford@yahoo.com', 'zwEwXNsBCgFpaeTkKNr');
INSERT INTO PATIENT (name, phone_number, date_of_birth, email, medical_history, room_number, password) VALUES ('Michael Hines', '+7 477 427 3633', '1976-03-01', 'ecrawford@yahoo.com', 'Woman score step perform best.', '663', 'zwEwXNsBCgFpaeTkKNr');
INSERT INTO ACCOUNTANT (name, email, password) VALUES ('Sharon Oneill MD', 'frostjoseph@yahoo.com', 'bVbaXLQMHHBs');
INSERT INTO PATIENT (name, phone_number, date_of_birth, email, medical_history, room_number, password) VALUES ('Sharon Oneill MD', '8 (185) 495-0207', '1991-04-30', 'frostjoseph@yahoo.com', 'Firm listen yet system.', '637', 'bVbaXLQMHHBs');
INSERT INTO ACCOUNTANT (name, email, password) VALUES ('Andrew Reed', 'richard53@hotmail.com', 'iETpLdtWrxziE');
INSERT INTO PATIENT (name, phone_number, date_of_birth, email, medical_history, room_number, password) VALUES ('Andrew Reed', '86261032230', '1960-05-31', 'richard53@hotmail.com', 'Share option similar region room real.', '975', 'iETpLdtWrxziE');
INSERT INTO ACCOUNTANT (name, email, password) VALUES ('Shelly Torres', 'jason92@hotmail.com', 'kuKvskgfDXydI');
INSERT INTO PATIENT (name, phone_number, date_of_birth, email, medical_history, room_number, password) VALUES ('Shelly Torres', '+79552604941', '1993-11-24', 'jason92@hotmail.com', 'Analysis it piece make night when major.', '273', 'kuKvskgfDXydI');
INSERT INTO ACCOUNTANT (name, email, password) VALUES ('Nicole Gardner', 'jacobsimmons@gmail.com', 'emCZEJNJsEEbs');
INSERT INTO PATIENT (name, phone_number, date_of_birth, email, medical_history, room_number, password) VALUES ('Nicole Gardner', '88304298714', '1967-05-08', 'jacobsimmons@gmail.com', 'Majority agreement discussion left.', '377', 'emCZEJNJsEEbs');
INSERT INTO ACCOUNTANT (name, email, password) VALUES ('Kayla Davenport', 'holmesbradley@gmail.com', 'uVUPcpZLqiPPqu');
INSERT INTO PATIENT (name, phone_number, date_of_birth, email, medical_history, room_number, password) VALUES ('Kayla Davenport', '+77192523765', '2016-07-14', 'holmesbradley@gmail.com', 'Walk measure whole writer.', '125', 'uVUPcpZLqiPPqu');
INSERT INTO ACCOUNTANT (name, email, password) VALUES ('Kimberly Cruz', 'wileykelly@yahoo.com', 'LPrOFVVldePUxY');
INSERT INTO PATIENT (name, phone_number, date_of_birth, email, medical_history, room_number, password) VALUES ('Kimberly Cruz', '8 487 915 1406', '1946-12-19', 'wileykelly@yahoo.com', 'Relationship before film fish speak go beyond.', '670', 'LPrOFVVldePUxY');
INSERT INTO ACCOUNTANT (name, email, password) VALUES ('Nathan Howe', 'tamarachavez@yahoo.com', 'eNXOjQDTJiQ');
INSERT INTO PATIENT (name, phone_number, date_of_birth, email, medical_history, room_number, password) VALUES ('Nathan Howe', '+7 (348) 170-58-27', '1945-06-12', 'tamarachavez@yahoo.com', 'Modern more final avoid.', '131', 'eNXOjQDTJiQ');
INSERT INTO ACCOUNTANT (name, email, password) VALUES ('Julie Fowler', 'rothamber@gmail.com', 'PeQmvxDUOzznjRvpEq');
INSERT INTO PATIENT (name, phone_number, date_of_birth, email, medical_history, room_number, password) VALUES ('Julie Fowler', '80388512633', '2002-12-11', 'rothamber@gmail.com', 'Nearly across agree rule pick.', '224', 'PeQmvxDUOzznjRvpEq');
INSERT INTO ACCOUNTANT (name, email, password) VALUES ('David Mendoza', 'gerald73@yahoo.com', 'JPivnqPOQfrrwD');
INSERT INTO PATIENT (name, phone_number, date_of_birth, email, medical_history, room_number, password) VALUES ('David Mendoza', '+7 (100) 095-5614', '1973-07-24', 'gerald73@yahoo.com', 'Mission apply cost deal sport.', '792', 'JPivnqPOQfrrwD');
INSERT INTO ACCOUNTANT (name, email, password) VALUES ('Michelle Patrick', 'clarkcarlos@yahoo.com', 'YushsBXbilaxhcVpJRFD');
INSERT INTO PATIENT (name, phone_number, date_of_birth, email, medical_history, room_number, password) VALUES ('Michelle Patrick', '+7 957 118 36 79', '1958-10-19', 'clarkcarlos@yahoo.com', 'Program onto other minute do try local also.', '977', 'YushsBXbilaxhcVpJRFD');
INSERT INTO ACCOUNTANT (name, email, password) VALUES ('Jaime Jacobson', 'iphillips@yahoo.com', 'yTKImkHZkw');
INSERT INTO PATIENT (name, phone_number, date_of_birth, email, medical_history, room_number, password) VALUES ('Jaime Jacobson', '8 (885) 463-40-56', '2006-01-23', 'iphillips@yahoo.com', 'Fall process agent summer consumer board best.', '663', 'yTKImkHZkw');
INSERT INTO ACCOUNTANT (name, email, password) VALUES ('Amanda Henson', 'jennifer84@gmail.com', 'vHcqiiRiLKtthIi');
INSERT INTO PATIENT (name, phone_number, date_of_birth, email, medical_history, room_number, password) VALUES ('Amanda Henson', '+7 (122) 831-5294', '1906-06-18', 'jennifer84@gmail.com', 'Budget arm finish low could can degree.', '886', 'vHcqiiRiLKtthIi');
INSERT INTO ACCOUNTANT (name, email, password) VALUES ('Rachel Holmes', 'jose10@gmail.com', 'CQYDVtjmz');
INSERT INTO PATIENT (name, phone_number, date_of_birth, email, medical_history, room_number, password) VALUES ('Rachel Holmes', '+7 (855) 726-3670', '2015-01-28', 'jose10@gmail.com', 'Soon main he develop. Share vote risk son.', '703', 'CQYDVtjmz');
INSERT INTO ACCOUNTANT (name, email, password) VALUES ('Gordon Mccoy', 'wlong@gmail.com', 'vFlBWIpeFL');
INSERT INTO PATIENT (name, phone_number, date_of_birth, email, medical_history, room_number, password) VALUES ('Gordon Mccoy', '8 (874) 734-41-90', '1907-12-04', 'wlong@gmail.com', 'How against dark. Manage type method.', '465', 'vFlBWIpeFL');
INSERT INTO ACCOUNTANT (name, email, password) VALUES ('Nichole Thomas', 'steven88@hotmail.com', 'ndGiuYtmqVccN');
INSERT INTO PATIENT (name, phone_number, date_of_birth, email, medical_history, room_number, password) VALUES ('Nichole Thomas', '+7 (085) 473-89-31', '2005-06-22', 'steven88@hotmail.com', 'Design although me really write west.', '132', 'ndGiuYtmqVccN');
INSERT INTO ACCOUNTANT (name, email, password) VALUES ('Courtney Armstrong', 'townsendshannon@gmail.com', 'ebGfcbvLXKeKpyg');
INSERT INTO PATIENT (name, phone_number, date_of_birth, email, medical_history, room_number, password) VALUES ('Courtney Armstrong', '88458340204', '1980-01-05', 'townsendshannon@gmail.com', 'Tonight may thought sell realize.', '883', 'ebGfcbvLXKeKpyg');
INSERT INTO ACCOUNTANT (name, email, password) VALUES ('Lisa Briggs', 'fross@gmail.com', 'cYHFSTFivPlnk');
INSERT INTO PATIENT (name, phone_number, date_of_birth, email, medical_history, room_number, password) VALUES ('Lisa Briggs', '+7 374 763 38 54', '1922-07-18', 'fross@gmail.com', 'Part fall follow room. Wrong set his less.', '13', 'cYHFSTFivPlnk');
INSERT INTO ACCOUNTANT (name, email, password) VALUES ('Daisy Palmer', 'jimmy64@yahoo.com', 'MDSpYjUyVBvRzK');
INSERT INTO PATIENT (name, phone_number, date_of_birth, email, medical_history, room_number, password) VALUES ('Daisy Palmer', '8 (930) 909-82-36', '1926-01-26', 'jimmy64@yahoo.com', 'Floor religious approach thank claim.', '307', 'MDSpYjUyVBvRzK');
INSERT INTO ACCOUNTANT (name, email, password) VALUES ('Christian Williams', 'benjamin30@gmail.com', 'ijeIKVmKyI');
INSERT INTO PATIENT (name, phone_number, date_of_birth, email, medical_history, room_number, password) VALUES ('Christian Williams', '8 (592) 405-33-48', '1933-08-03', 'benjamin30@gmail.com', 'Control quite during later.', '867', 'ijeIKVmKyI');
INSERT INTO ACCOUNTANT (name, email, password) VALUES ('Nancy Henderson', 'jose33@gmail.com', 'EbAVspARd');
INSERT INTO PATIENT (name, phone_number, date_of_birth, email, medical_history, room_number, password) VALUES ('Nancy Henderson', '+7 371 012 1846', '2012-11-23', 'jose33@gmail.com', 'Ground marriage full big.', '43', 'EbAVspARd');
INSERT INTO ACCOUNTANT (name, email, password) VALUES ('Jean Luna', 'bhunt@hotmail.com', 'hESMLbTSdkZWxSZIpnG');
INSERT INTO PATIENT (name, phone_number, date_of_birth, email, medical_history, room_number, password) VALUES ('Jean Luna', '8 (229) 020-43-54', '1982-07-18', 'bhunt@hotmail.com', 'Maybe do administration spend identify take.', '327', 'hESMLbTSdkZWxSZIpnG');
INSERT INTO ACCOUNTANT (name, email, password) VALUES ('Alicia Jackson', 'brittany02@hotmail.com', 'NDUpDiKZ');
INSERT INTO PATIENT (name, phone_number, date_of_birth, email, medical_history, room_number, password) VALUES ('Alicia Jackson', '+7 526 477 26 50', '1941-12-20', 'brittany02@hotmail.com', 'Left make type process hair system boy.', '154', 'NDUpDiKZ');
INSERT INTO ACCOUNTANT (name, email, password) VALUES ('Monica Thomas', 'henryjones@hotmail.com', 'tBWVDrKCJvUPnhQjo');
INSERT INTO PATIENT (name, phone_number, date_of_birth, email, medical_history, room_number, password) VALUES ('Monica Thomas', '8 (218) 005-2290', '1968-12-25', 'henryjones@hotmail.com', 'Girl artist save east serve.', '273', 'tBWVDrKCJvUPnhQjo');
INSERT INTO ACCOUNTANT (name, email, password) VALUES ('Kimberly Lambert', 'pamela53@yahoo.com', 'ZfNCbKrvOtVsd');
INSERT INTO PATIENT (name, phone_number, date_of_birth, email, medical_history, room_number, password) VALUES ('Kimberly Lambert', '+7 698 250 8815', '1911-04-20', 'pamela53@yahoo.com', 'Responsibility game language whose security out.', '399', 'ZfNCbKrvOtVsd');
INSERT INTO ACCOUNTANT (name, email, password) VALUES ('James Hunt', 'dbarnett@yahoo.com', 'jAYyalknUOnp');
INSERT INTO PATIENT (name, phone_number, date_of_birth, email, medical_history, room_number, password) VALUES ('James Hunt', '+7 (165) 031-0291', '1931-05-30', 'dbarnett@yahoo.com', 'Be simply represent third leave mouth.', '93', 'jAYyalknUOnp');
INSERT INTO ACCOUNTANT (name, email, password) VALUES ('Justin Pierce', 'jill76@hotmail.com', 'MHMrIaSsGytHWyPMxihg');
INSERT INTO PATIENT (name, phone_number, date_of_birth, email, medical_history, room_number, password) VALUES ('Justin Pierce', '8 483 892 1640', '1994-03-18', 'jill76@hotmail.com', 'Describe bit follow woman exist claim painting.', '189', 'MHMrIaSsGytHWyPMxihg');
INSERT INTO ACCOUNTANT (name, email, password) VALUES ('Margaret Huber', 'whitewesley@yahoo.com', 'mZoZTACnRcjkH');
INSERT INTO PATIENT (name, phone_number, date_of_birth, email, medical_history, room_number, password) VALUES ('Margaret Huber', '+7 (366) 061-66-59', '1965-01-19', 'whitewesley@yahoo.com', 'Start surface light tend show.', '966', 'mZoZTACnRcjkH');
INSERT INTO ACCOUNTANT (name, email, password) VALUES ('Paul Boone', 'ycaldwell@yahoo.com', 'MrSDYbQIdRJwjz');
INSERT INTO PATIENT (name, phone_number, date_of_birth, email, medical_history, room_number, password) VALUES ('Paul Boone', '8 001 215 8098', '1944-07-17', 'ycaldwell@yahoo.com', 'Maybe threat international subject.', '200', 'MrSDYbQIdRJwjz');
INSERT INTO ACCOUNTANT (name, email, password) VALUES ('Andrea Johnson', 'melissa29@yahoo.com', 'RgQYBCZxzHwm');
INSERT INTO PATIENT (name, phone_number, date_of_birth, email, medical_history, room_number, password) VALUES ('Andrea Johnson', '+7 (119) 960-8741', '1999-08-22', 'melissa29@yahoo.com', 'Front soldier level say side.', '95', 'RgQYBCZxzHwm');
INSERT INTO ACCOUNTANT (name, email, password) VALUES ('Eric Shah', 'jessicamoore@gmail.com', 'TBASwKVVG');
INSERT INTO PATIENT (name, phone_number, date_of_birth, email, medical_history, room_number, password) VALUES ('Eric Shah', '8 (241) 521-57-62', '1977-02-15', 'jessicamoore@gmail.com', 'Test skin land contain.', '363', 'TBASwKVVG');
INSERT INTO ACCOUNTANT (name, email, password) VALUES ('Debra Ramsey', 'amanda45@yahoo.com', 'GnfnONrLtrj');
INSERT INTO PATIENT (name, phone_number, date_of_birth, email, medical_history, room_number, password) VALUES ('Debra Ramsey', '+7 (660) 986-8576', '1989-11-27', 'amanda45@yahoo.com', 'Person religious upon art more energy.', '361', 'GnfnONrLtrj');
INSERT INTO ACCOUNTANT (name, email, password) VALUES ('Jeffrey Molina', 'tateashley@gmail.com', 'LRyFyyjTKvJ');
INSERT INTO PATIENT (name, phone_number, date_of_birth, email, medical_history, room_number, password) VALUES ('Jeffrey Molina', '8 (391) 019-51-47', '1940-07-23', 'tateashley@gmail.com', 'Near ten who speak.', '630', 'LRyFyyjTKvJ');
INSERT INTO ACCOUNTANT (name, email, password) VALUES ('Amanda Chambers', 'stephenstone@yahoo.com', 'oeoiZdsjwCYR');
INSERT INTO PATIENT (name, phone_number, date_of_birth, email, medical_history, room_number, password) VALUES ('Amanda Chambers', '8 (821) 655-1055', '2010-10-08', 'stephenstone@yahoo.com', 'Training bad finally result his.', '204', 'oeoiZdsjwCYR');
INSERT INTO ACCOUNTANT (name, email, password) VALUES ('Brandon Acosta', 'jasonadams@yahoo.com', 'IruFUJlcvB');
INSERT INTO PATIENT (name, phone_number, date_of_birth, email, medical_history, room_number, password) VALUES ('Brandon Acosta', '+7 605 707 35 67', '2016-11-21', 'jasonadams@yahoo.com', 'Chance beautiful almost way.', '99', 'IruFUJlcvB');
INSERT INTO ACCOUNTANT (name, email, password) VALUES ('Jessica Campbell', 'ericcollins@gmail.com', 'FFhXBWgdEMpMK');
INSERT INTO PATIENT (name, phone_number, date_of_birth, email, medical_history, room_number, password) VALUES ('Jessica Campbell', '+71823253664', '1942-03-21', 'ericcollins@gmail.com', 'Forget modern respond my small three.', '116', 'FFhXBWgdEMpMK');
INSERT INTO ACCOUNTANT (name, email, password) VALUES ('Robert Medina', 'micheal46@hotmail.com', 'akwLVHWKIuf');
INSERT INTO PATIENT (name, phone_number, date_of_birth, email, medical_history, room_number, password) VALUES ('Robert Medina', '+71481405648', '1913-12-11', 'micheal46@hotmail.com', 'American model however know movement.', '808', 'akwLVHWKIuf');
INSERT INTO ACCOUNTANT (name, email, password) VALUES ('Amanda Davis', 'ryancarroll@hotmail.com', 'OrcBzkEHlmZSsyRjACc');
INSERT INTO PATIENT (name, phone_number, date_of_birth, email, medical_history, room_number, password) VALUES ('Amanda Davis', '+7 (130) 478-13-26', '1913-07-31', 'ryancarroll@hotmail.com', 'Affect with who. Know fact month simply.', '944', 'OrcBzkEHlmZSsyRjACc');
INSERT INTO ACCOUNTANT (name, email, password) VALUES ('Mark Woods', 'perezjill@yahoo.com', 'lqDieZGCoUmg');
INSERT INTO PATIENT (name, phone_number, date_of_birth, email, medical_history, room_number, password) VALUES ('Mark Woods', '+7 235 845 61 38', '1975-09-19', 'perezjill@yahoo.com', 'Should return how.', '476', 'lqDieZGCoUmg');
INSERT INTO ACCOUNTANT (name, email, password) VALUES ('Nicole Howard', 'suttonpamela@yahoo.com', 'VwaaFUpkAYV');
INSERT INTO PATIENT (name, phone_number, date_of_birth, email, medical_history, room_number, password) VALUES ('Nicole Howard', '8 229 497 3958', '1995-01-20', 'suttonpamela@yahoo.com', 'Operation PM scene.', '462', 'VwaaFUpkAYV');
INSERT INTO ACCOUNTANT (name, email, password) VALUES ('Nicole Knox', 'larry59@hotmail.com', 'miAAlBDVASDRgScwmuO');
INSERT INTO PATIENT (name, phone_number, date_of_birth, email, medical_history, room_number, password) VALUES ('Nicole Knox', '+77130796448', '2002-05-11', 'larry59@hotmail.com', 'Us run network man benefit how.', '850', 'miAAlBDVASDRgScwmuO');
INSERT INTO ACCOUNTANT (name, email, password) VALUES ('Stephen Carson', 'michelletorres@gmail.com', 'EppoCfGDl');
INSERT INTO PATIENT (name, phone_number, date_of_birth, email, medical_history, room_number, password) VALUES ('Stephen Carson', '8 (643) 585-2477', '1989-12-15', 'michelletorres@gmail.com', 'Write happy decide rule network his forget.', '263', 'EppoCfGDl');
INSERT INTO ACCOUNTANT (name, email, password) VALUES ('Nancy Ramos PhD', 'owilliams@hotmail.com', 'xMAEwbrQGYaKA');
INSERT INTO PATIENT (name, phone_number, date_of_birth, email, medical_history, room_number, password) VALUES ('Nancy Ramos PhD', '84281228352', '1958-09-07', 'owilliams@hotmail.com', 'Avoid those day it fire.', '295', 'xMAEwbrQGYaKA');
INSERT INTO ACCOUNTANT (name, email, password) VALUES ('Charles Howe', 'vtyler@gmail.com', 'HsQFxfFfIuU');
INSERT INTO PATIENT (name, phone_number, date_of_birth, email, medical_history, room_number, password) VALUES ('Charles Howe', '87487151209', '1924-06-17', 'vtyler@gmail.com', 'Goal trip brother meeting long.', '862', 'HsQFxfFfIuU');
INSERT INTO ACCOUNTANT (name, email, password) VALUES ('Allen Cowan', 'jorge89@yahoo.com', 'lHawCfKWoZswbV');
INSERT INTO PATIENT (name, phone_number, date_of_birth, email, medical_history, room_number, password) VALUES ('Allen Cowan', '8 (400) 458-92-78', '1992-08-21', 'jorge89@yahoo.com', 'Onto low work officer successful need political.', '538', 'lHawCfKWoZswbV');
INSERT INTO ACCOUNTANT (name, email, password) VALUES ('Elizabeth Davidson', 'yhawkins@yahoo.com', 'QwkynvNJOHrRD');
INSERT INTO PATIENT (name, phone_number, date_of_birth, email, medical_history, room_number, password) VALUES ('Elizabeth Davidson', '82157136837', '1909-04-18', 'yhawkins@yahoo.com', 'Election policy discover door beautiful.', '766', 'QwkynvNJOHrRD');
INSERT INTO ACCOUNTANT (name, email, password) VALUES ('Bob Lane', 'caldwellryan@yahoo.com', 'dHykMxEvaqdY');
INSERT INTO PATIENT (name, phone_number, date_of_birth, email, medical_history, room_number, password) VALUES ('Bob Lane', '8 993 597 17 73', '1949-09-22', 'caldwellryan@yahoo.com', 'Left interest woman father.', '832', 'dHykMxEvaqdY');
INSERT INTO ACCOUNTANT (name, email, password) VALUES ('Glenn Rodriguez', 'urichmond@hotmail.com', 'OwvRNiPjLrAYCJOt');
INSERT INTO PATIENT (name, phone_number, date_of_birth, email, medical_history, room_number, password) VALUES ('Glenn Rodriguez', '8 938 888 5246', '1956-03-15', 'urichmond@hotmail.com', 'Speak place line old outside throw north.', '820', 'OwvRNiPjLrAYCJOt');
INSERT INTO ACCOUNTANT (name, email, password) VALUES ('Lisa Lewis', 'angela84@yahoo.com', 'uhsPSijrMbfdayAgej');
INSERT INTO PATIENT (name, phone_number, date_of_birth, email, medical_history, room_number, password) VALUES ('Lisa Lewis', '+7 688 507 4966', '1933-08-15', 'angela84@yahoo.com', 'Approach TV citizen develop.', '339', 'uhsPSijrMbfdayAgej');
INSERT INTO ACCOUNTANT (name, email, password) VALUES ('Dr. Rebekah Fernandez MD', 'ssteele@hotmail.com', 'rkSYeGwW');
INSERT INTO PATIENT (name, phone_number, date_of_birth, email, medical_history, room_number, password) VALUES ('Dr. Rebekah Fernandez MD', '+7 173 763 9591', '1980-12-26', 'ssteele@hotmail.com', 'Keep despite know term child benefit court.', '744', 'rkSYeGwW');
INSERT INTO ACCOUNTANT (name, email, password) VALUES ('Emily Castillo', 'michaelbeasley@gmail.com', 'XvaPInBgTc');
INSERT INTO PATIENT (name, phone_number, date_of_birth, email, medical_history, room_number, password) VALUES ('Emily Castillo', '+7 783 746 95 29', '1916-08-26', 'michaelbeasley@gmail.com', 'Dog sort live check above eye.', '22', 'XvaPInBgTc');
INSERT INTO ACCOUNTANT (name, email, password) VALUES ('Breanna Hooper', 'denisepineda@gmail.com', 'UJPPonTgQNp');
INSERT INTO PATIENT (name, phone_number, date_of_birth, email, medical_history, room_number, password) VALUES ('Breanna Hooper', '+77117206812', '1959-08-06', 'denisepineda@gmail.com', 'Seven wonder lose western each various.', '169', 'UJPPonTgQNp');
INSERT INTO ACCOUNTANT (name, email, password) VALUES ('Laura Sherman', 'odawson@yahoo.com', 'qaGiGVhsDstELidjj');
INSERT INTO PATIENT (name, phone_number, date_of_birth, email, medical_history, room_number, password) VALUES ('Laura Sherman', '+7 429 259 70 66', '1977-05-23', 'odawson@yahoo.com', 'Ago factor family lead own affect.', '458', 'qaGiGVhsDstELidjj');
INSERT INTO ACCOUNTANT (name, email, password) VALUES ('Dawn Lowe', 'amanda92@gmail.com', 'AUspubvF');
INSERT INTO PATIENT (name, phone_number, date_of_birth, email, medical_history, room_number, password) VALUES ('Dawn Lowe', '+7 464 868 26 87', '1947-04-20', 'amanda92@gmail.com', 'Pick item beyond impact.', '827', 'AUspubvF');
INSERT INTO ACCOUNTANT (name, email, password) VALUES ('Gary Perez', 'frymegan@hotmail.com', 'zjKUpXlDKBYYiN');
INSERT INTO PATIENT (name, phone_number, date_of_birth, email, medical_history, room_number, password) VALUES ('Gary Perez', '+7 345 373 32 36', '2016-03-19', 'frymegan@hotmail.com', 'She special go research.', '803', 'zjKUpXlDKBYYiN');
INSERT INTO ACCOUNTANT (name, email, password) VALUES ('Laura Pruitt', 'andrea41@hotmail.com', 'JMlGadcdpqRE');
INSERT INTO PATIENT (name, phone_number, date_of_birth, email, medical_history, room_number, password) VALUES ('Laura Pruitt', '84629462784', '2018-11-21', 'andrea41@hotmail.com', 'According size performance green until per great.', '902', 'JMlGadcdpqRE');
INSERT INTO ACCOUNTANT (name, email, password) VALUES ('Mrs. Julie Miller', 'ukaufman@hotmail.com', 'CIadgtfEThhWu');
INSERT INTO PATIENT (name, phone_number, date_of_birth, email, medical_history, room_number, password) VALUES ('Mrs. Julie Miller', '+7 654 428 9261', '1909-12-28', 'ukaufman@hotmail.com', 'Return at do carry scene.', '92', 'CIadgtfEThhWu');
INSERT INTO ACCOUNTANT (name, email, password) VALUES ('Amber Wright', 'tracyparker@hotmail.com', 'NmQAsHhU');
INSERT INTO PATIENT (name, phone_number, date_of_birth, email, medical_history, room_number, password) VALUES ('Amber Wright', '8 446 507 13 56', '1934-04-16', 'tracyparker@hotmail.com', 'Father food machine anyone both pass knowledge.', '599', 'NmQAsHhU');
INSERT INTO ACCOUNTANT (name, email, password) VALUES ('Diana Moore', 'wzavala@hotmail.com', 'QssODrYDq');
INSERT INTO PATIENT (name, phone_number, date_of_birth, email, medical_history, room_number, password) VALUES ('Diana Moore', '+74947984864', '1909-07-23', 'wzavala@hotmail.com', 'Budget figure moment offer even so difference.', '906', 'QssODrYDq');
INSERT INTO ACCOUNTANT (name, email, password) VALUES ('Joanne Miller', 'wsimmons@yahoo.com', 'NsCUspLfiCwqeJ');
INSERT INTO PATIENT (name, phone_number, date_of_birth, email, medical_history, room_number, password) VALUES ('Joanne Miller', '+7 450 998 46 59', '1914-07-06', 'wsimmons@yahoo.com', 'Improve instead with believe American.', '904', 'NsCUspLfiCwqeJ');
INSERT INTO ACCOUNTANT (name, email, password) VALUES ('Jack Robinson', 'ymendez@hotmail.com', 'HEbVkFZcMQ');
INSERT INTO PATIENT (name, phone_number, date_of_birth, email, medical_history, room_number, password) VALUES ('Jack Robinson', '8 068 833 47 43', '2018-07-13', 'ymendez@hotmail.com', 'President natural foreign into least.', '444', 'HEbVkFZcMQ');
INSERT INTO ACCOUNTANT (name, email, password) VALUES ('Clayton Jarvis', 'johnsonbradley@gmail.com', 'UDrmGgXPsaKRxYTS');
INSERT INTO PATIENT (name, phone_number, date_of_birth, email, medical_history, room_number, password) VALUES ('Clayton Jarvis', '8 (448) 787-9928', '1992-02-16', 'johnsonbradley@gmail.com', 'Bank behavior go source even.', '469', 'UDrmGgXPsaKRxYTS');
INSERT INTO ACCOUNTANT (name, email, password) VALUES ('Jaime Day', 'scott21@gmail.com', 'SDIlnsZXsdr');
INSERT INTO PATIENT (name, phone_number, date_of_birth, email, medical_history, room_number, password) VALUES ('Jaime Day', '8 136 870 19 84', '1997-05-11', 'scott21@gmail.com', 'Fly go force.', '114', 'SDIlnsZXsdr');
INSERT INTO ACCOUNTANT (name, email, password) VALUES ('Susan Frazier', 'mary85@gmail.com', 'kkgjTUGvfllWJBsbMNM');
INSERT INTO PATIENT (name, phone_number, date_of_birth, email, medical_history, room_number, password) VALUES ('Susan Frazier', '+7 277 858 25 55', '1921-11-12', 'mary85@gmail.com', 'Into development case.', '539', 'kkgjTUGvfllWJBsbMNM');
INSERT INTO ACCOUNTANT (name, email, password) VALUES ('Tracy Kent', 'jillward@yahoo.com', 'LGEDdTZuqsxR');
INSERT INTO PATIENT (name, phone_number, date_of_birth, email, medical_history, room_number, password) VALUES ('Tracy Kent', '+78198317697', '1986-12-03', 'jillward@yahoo.com', 'Resource page interview hair home choice.', '371', 'LGEDdTZuqsxR');
INSERT INTO ACCOUNTANT (name, email, password) VALUES ('Thomas Morgan', 'cardenasmary@gmail.com', 'SKmwPTDDZiKMrO');
INSERT INTO PATIENT (name, phone_number, date_of_birth, email, medical_history, room_number, password) VALUES ('Thomas Morgan', '8 (127) 616-3470', '1972-06-09', 'cardenasmary@gmail.com', 'Between show too compare little cost pass very.', '987', 'SKmwPTDDZiKMrO');
INSERT INTO ACCOUNTANT (name, email, password) VALUES ('William Lynn', 'kdavis@yahoo.com', 'NwiePykDPthU');
INSERT INTO PATIENT (name, phone_number, date_of_birth, email, medical_history, room_number, password) VALUES ('William Lynn', '8 (758) 587-2927', '1904-09-26', 'kdavis@yahoo.com', 'Light think language skill movement.', '793', 'NwiePykDPthU');
INSERT INTO ACCOUNTANT (name, email, password) VALUES ('Marc Nash', 'fordjames@yahoo.com', 'gaHXXJLKCDcFTFRbiX');
INSERT INTO PATIENT (name, phone_number, date_of_birth, email, medical_history, room_number, password) VALUES ('Marc Nash', '+7 383 228 93 46', '1992-10-20', 'fordjames@yahoo.com', 'Role act go assume.', '6', 'gaHXXJLKCDcFTFRbiX');
INSERT INTO ACCOUNTANT (name, email, password) VALUES ('Christina Mullins', 'connieedwards@hotmail.com', 'zBAnHIIyvcxuxHLgKExz');
INSERT INTO PATIENT (name, phone_number, date_of_birth, email, medical_history, room_number, password) VALUES ('Christina Mullins', '+7 (971) 633-00-19', '1977-08-06', 'connieedwards@hotmail.com', 'Hour with evening you nor anyone production stay.', '455', 'zBAnHIIyvcxuxHLgKExz');
INSERT INTO ACCOUNTANT (name, email, password) VALUES ('Gabriel Day', 'dwaters@hotmail.com', 'NxMoYAUdj');
INSERT INTO PATIENT (name, phone_number, date_of_birth, email, medical_history, room_number, password) VALUES ('Gabriel Day', '+77212521042', '1948-09-06', 'dwaters@hotmail.com', 'Participant some doctor toward establish.', '688', 'NxMoYAUdj');
INSERT INTO ACCOUNTANT (name, email, password) VALUES ('Robert Jones', 'robleswilliam@hotmail.com', 'hHmfRAIRcEH');
INSERT INTO PATIENT (name, phone_number, date_of_birth, email, medical_history, room_number, password) VALUES ('Robert Jones', '+7 643 827 15 06', '1984-06-06', 'robleswilliam@hotmail.com', 'Pull manager minute example into.', '84', 'hHmfRAIRcEH');
INSERT INTO ACCOUNTANT (name, email, password) VALUES ('Michael Koch', 'tyler33@hotmail.com', 'AEfFuRlmIqfgANvQ');
INSERT INTO PATIENT (name, phone_number, date_of_birth, email, medical_history, room_number, password) VALUES ('Michael Koch', '8 (234) 825-92-48', '1926-03-21', 'tyler33@hotmail.com', 'Final billion name federal movie long.', '503', 'AEfFuRlmIqfgANvQ');
INSERT INTO ACCOUNTANT (name, email, password) VALUES ('Alicia Solomon', 'dillonjones@gmail.com', 'ubqysFHHCr');
INSERT INTO PATIENT (name, phone_number, date_of_birth, email, medical_history, room_number, password) VALUES ('Alicia Solomon', '+7 (801) 013-2444', '1980-11-29', 'dillonjones@gmail.com', 'Article year animal outside media recognize hit.', '78', 'ubqysFHHCr');
INSERT INTO ACCOUNTANT (name, email, password) VALUES ('Mia Abbott', 'iharvey@hotmail.com', 'aGxuyQrDzbaYlheNx');
INSERT INTO PATIENT (name, phone_number, date_of_birth, email, medical_history, room_number, password) VALUES ('Mia Abbott', '8 (878) 126-83-09', '1965-10-14', 'iharvey@hotmail.com', 'Face environmental defense process worry.', '695', 'aGxuyQrDzbaYlheNx');
INSERT INTO ACCOUNTANT (name, email, password) VALUES ('Jennifer Michael', 'mariochang@yahoo.com', 'NNPnFTJY');
INSERT INTO PATIENT (name, phone_number, date_of_birth, email, medical_history, room_number, password) VALUES ('Jennifer Michael', '+7 (521) 188-69-89', '1994-04-19', 'mariochang@yahoo.com', 'Hit doctor help. Across hotel get now use report.', '791', 'NNPnFTJY');
INSERT INTO ACCOUNTANT (name, email, password) VALUES ('Alan Greene', 'jacob32@gmail.com', 'eimNfQBPssggoc');
INSERT INTO PATIENT (name, phone_number, date_of_birth, email, medical_history, room_number, password) VALUES ('Alan Greene', '+7 (431) 417-56-78', '1996-11-10', 'jacob32@gmail.com', 'Under entire case floor scene value.', '29', 'eimNfQBPssggoc');
INSERT INTO ACCOUNTANT (name, email, password) VALUES ('Mark Howe', 'wwhite@yahoo.com', 'nRrDnpeUOjAtmJ');
INSERT INTO PATIENT (name, phone_number, date_of_birth, email, medical_history, room_number, password) VALUES ('Mark Howe', '+7 160 381 7295', '1971-12-27', 'wwhite@yahoo.com', 'Work project field Mr so president.', '467', 'nRrDnpeUOjAtmJ');
INSERT INTO ACCOUNTANT (name, email, password) VALUES ('Anne Smith', 'barbaraguerra@hotmail.com', 'pyfBclGzREGtD');
INSERT INTO PATIENT (name, phone_number, date_of_birth, email, medical_history, room_number, password) VALUES ('Anne Smith', '8 (790) 145-11-52', '1957-07-07', 'barbaraguerra@hotmail.com', 'Name than let open protect.', '900', 'pyfBclGzREGtD');
INSERT INTO ACCOUNTANT (name, email, password) VALUES ('Katherine Odom', 'saramendez@yahoo.com', 'zyWXNOUYoUyO');
INSERT INTO PATIENT (name, phone_number, date_of_birth, email, medical_history, room_number, password) VALUES ('Katherine Odom', '+7 (940) 704-8867', '1919-01-02', 'saramendez@yahoo.com', 'Behind contain throughout strong you cover.', '616', 'zyWXNOUYoUyO');
INSERT INTO ACCOUNTANT (name, email, password) VALUES ('Wendy Ho', 'shannonstokes@yahoo.com', 'BCHedEXcAEDtDSg');
INSERT INTO PATIENT (name, phone_number, date_of_birth, email, medical_history, room_number, password) VALUES ('Wendy Ho', '8 (521) 023-24-94', '1942-04-20', 'shannonstokes@yahoo.com', 'Would require all be relate feeling former.', '479', 'BCHedEXcAEDtDSg');
INSERT INTO ACCOUNTANT (name, email, password) VALUES ('Stacy Meyer', 'johnrodriguez@hotmail.com', 'ZoorspeUhVDUPMql');
INSERT INTO PATIENT (name, phone_number, date_of_birth, email, medical_history, room_number, password) VALUES ('Stacy Meyer', '82055531005', '1923-02-18', 'johnrodriguez@hotmail.com', 'Research whether any education.', '579', 'ZoorspeUhVDUPMql');
INSERT INTO ACCOUNTANT (name, email, password) VALUES ('Audrey Compton', 'bianca53@hotmail.com', 'DxIsHZFR');
INSERT INTO PATIENT (name, phone_number, date_of_birth, email, medical_history, room_number, password) VALUES ('Audrey Compton', '+77509871407', '1947-05-22', 'bianca53@hotmail.com', 'Tree get report these term source.', '488', 'DxIsHZFR');
INSERT INTO ACCOUNTANT (name, email, password) VALUES ('Christopher Williams', 'davidvega@yahoo.com', 'JaCZGcmgChMZapUdFl');
INSERT INTO PATIENT (name, phone_number, date_of_birth, email, medical_history, room_number, password) VALUES ('Christopher Williams', '8 495 588 9068', '1974-05-14', 'davidvega@yahoo.com', 'Cold tell someone yeah purpose of.', '808', 'JaCZGcmgChMZapUdFl');
INSERT INTO ACCOUNTANT (name, email, password) VALUES ('David Williams', 'underwoodrebekah@gmail.com', 'fVGiVMOepZmOJMgShFBE');
INSERT INTO PATIENT (name, phone_number, date_of_birth, email, medical_history, room_number, password) VALUES ('David Williams', '8 (224) 982-2729', '1962-01-30', 'underwoodrebekah@gmail.com', 'Moment cause the cost that successful.', '903', 'fVGiVMOepZmOJMgShFBE');
INSERT INTO ACCOUNTANT (name, email, password) VALUES ('Sarah Rojas', 'kaitlynwatts@hotmail.com', 'jblLjsgJKxDHqEfCaEUD');
INSERT INTO PATIENT (name, phone_number, date_of_birth, email, medical_history, room_number, password) VALUES ('Sarah Rojas', '8 582 019 30 19', '2004-06-05', 'kaitlynwatts@hotmail.com', 'Family save onto.', '103', 'jblLjsgJKxDHqEfCaEUD');
INSERT INTO ACCOUNTANT (name, email, password) VALUES ('Michael Ashley', 'yyoung@gmail.com', 'qzmUwhJkzXTLqZvn');
INSERT INTO PATIENT (name, phone_number, date_of_birth, email, medical_history, room_number, password) VALUES ('Michael Ashley', '+7 264 289 43 47', '1963-08-06', 'yyoung@gmail.com', 'Condition become beautiful debate outside focus.', '63', 'qzmUwhJkzXTLqZvn');
INSERT INTO ACCOUNTANT (name, email, password) VALUES ('Gloria Perez', 'hstout@gmail.com', 'blYhSofvzi');
INSERT INTO PATIENT (name, phone_number, date_of_birth, email, medical_history, room_number, password) VALUES ('Gloria Perez', '+7 895 308 3946', '1912-01-09', 'hstout@gmail.com', 'Out style college size eat since.', '969', 'blYhSofvzi');
INSERT INTO ACCOUNTANT (name, email, password) VALUES ('Deborah Williams', 'gross@gmail.com', 'pJlORrcDRfzLHKmDBwzy');
INSERT INTO PATIENT (name, phone_number, date_of_birth, email, medical_history, room_number, password) VALUES ('Deborah Williams', '8 (995) 730-4639', '1960-02-21', 'gross@gmail.com', 'Fall weight reduce rule fund arrive.', '907', 'pJlORrcDRfzLHKmDBwzy');
INSERT INTO ACCOUNTANT (name, email, password) VALUES ('Gilbert Wilkinson', 'rodriguezjulia@hotmail.com', 'qAWdBQjVcnoZvCYfsxbZ');
INSERT INTO PATIENT (name, phone_number, date_of_birth, email, medical_history, room_number, password) VALUES ('Gilbert Wilkinson', '8 281 115 80 46', '1938-02-19', 'rodriguezjulia@hotmail.com', 'Nice southern price hand short financial draw.', '988', 'qAWdBQjVcnoZvCYfsxbZ');
INSERT INTO ACCOUNTANT (name, email, password) VALUES ('Jessica Bennett', 'smithapril@yahoo.com', 'qVeaNRihUyCHyRBxnekr');
INSERT INTO PATIENT (name, phone_number, date_of_birth, email, medical_history, room_number, password) VALUES ('Jessica Bennett', '8 435 805 3082', '1941-07-09', 'smithapril@yahoo.com', 'Will anything consider write enough.', '312', 'qVeaNRihUyCHyRBxnekr');
INSERT INTO ACCOUNTANT (name, email, password) VALUES ('April Wilcox', 'brandiward@yahoo.com', 'RaYNMzCgVmYbiJGX');
INSERT INTO PATIENT (name, phone_number, date_of_birth, email, medical_history, room_number, password) VALUES ('April Wilcox', '+7 (905) 350-5063', '1983-07-14', 'brandiward@yahoo.com', 'Central fall as less almost wife.', '460', 'RaYNMzCgVmYbiJGX');
INSERT INTO ACCOUNTANT (name, email, password) VALUES ('Derek Price', 'jennifer95@gmail.com', 'pMcpcQdxF');
INSERT INTO PATIENT (name, phone_number, date_of_birth, email, medical_history, room_number, password) VALUES ('Derek Price', '8 (202) 074-7724', '1914-11-26', 'jennifer95@gmail.com', 'Accept detail not evening simply.', '876', 'pMcpcQdxF');
INSERT INTO ACCOUNTANT (name, email, password) VALUES ('Michael Fisher', 'byrdalexis@gmail.com', 'AenSeyevW');
INSERT INTO PATIENT (name, phone_number, date_of_birth, email, medical_history, room_number, password) VALUES ('Michael Fisher', '8 080 950 26 01', '1956-08-31', 'byrdalexis@gmail.com', 'Drive yet firm guess which choice.', '233', 'AenSeyevW');
INSERT INTO ACCOUNTANT (name, email, password) VALUES ('Karina Richards', 'handerson@gmail.com', 'DsfdQtqMFxYuiorgC');
INSERT INTO PATIENT (name, phone_number, date_of_birth, email, medical_history, room_number, password) VALUES ('Karina Richards', '+79246630108', '1914-09-05', 'handerson@gmail.com', 'Response type window chair young choice.', '639', 'DsfdQtqMFxYuiorgC');
INSERT INTO ACCOUNTANT (name, email, password) VALUES ('Michael Williams', 'mark22@yahoo.com', 'JkolkYqbBrqp');
INSERT INTO PATIENT (name, phone_number, date_of_birth, email, medical_history, room_number, password) VALUES ('Michael Williams', '+7 (861) 065-3025', '2003-10-07', 'mark22@yahoo.com', 'Shoulder dog some increase practice person.', '438', 'JkolkYqbBrqp');
INSERT INTO ACCOUNTANT (name, email, password) VALUES ('Katie Lane', 'merrittmatthew@gmail.com', 'FntFJxImUXpucwPRF');
INSERT INTO PATIENT (name, phone_number, date_of_birth, email, medical_history, room_number, password) VALUES ('Katie Lane', '+7 112 430 68 60', '1959-07-28', 'merrittmatthew@gmail.com', 'Financial body challenge heart.', '370', 'FntFJxImUXpucwPRF');
INSERT INTO ACCOUNTANT (name, email, password) VALUES ('Heather Peterson', 'laura42@gmail.com', 'ONslEXXkdxmwTLindnz');
INSERT INTO PATIENT (name, phone_number, date_of_birth, email, medical_history, room_number, password) VALUES ('Heather Peterson', '8 (867) 021-61-56', '1952-03-12', 'laura42@gmail.com', 'Edge daughter movement beautiful employee.', '770', 'ONslEXXkdxmwTLindnz');
INSERT INTO ACCOUNTANT (name, email, password) VALUES ('Lisa Roberts', 'susanadams@hotmail.com', 'xTuCmEORSYcitmPO');
INSERT INTO PATIENT (name, phone_number, date_of_birth, email, medical_history, room_number, password) VALUES ('Lisa Roberts', '+7 692 808 30 02', '2004-05-06', 'susanadams@hotmail.com', 'Leave visit present just several soldier.', '70', 'xTuCmEORSYcitmPO');
INSERT INTO ACCOUNTANT (name, email, password) VALUES ('Megan Allen', 'wareryan@hotmail.com', 'STLBgRGvqzTnhgw');
INSERT INTO PATIENT (name, phone_number, date_of_birth, email, medical_history, room_number, password) VALUES ('Megan Allen', '8 865 799 7564', '1914-06-10', 'wareryan@hotmail.com', 'History us notice down serve tax as.', '785', 'STLBgRGvqzTnhgw');
INSERT INTO ACCOUNTANT (name, email, password) VALUES ('Deanna Martinez', 'mullinsrachel@yahoo.com', 'jeHZGUglCmlFcFrYSUN');
INSERT INTO PATIENT (name, phone_number, date_of_birth, email, medical_history, room_number, password) VALUES ('Deanna Martinez', '8 (467) 016-3862', '1977-08-31', 'mullinsrachel@yahoo.com', 'Forget to agency tell stuff.', '993', 'jeHZGUglCmlFcFrYSUN');
INSERT INTO ACCOUNTANT (name, email, password) VALUES ('Christina Vasquez', 'shannonthompson@yahoo.com', 'HsPSVMngw');
INSERT INTO PATIENT (name, phone_number, date_of_birth, email, medical_history, room_number, password) VALUES ('Christina Vasquez', '+7 400 681 40 60', '1966-06-22', 'shannonthompson@yahoo.com', 'Local police present on. Same always your.', '847', 'HsPSVMngw');
INSERT INTO ACCOUNTANT (name, email, password) VALUES ('Margaret Olsen', 'jakewarren@hotmail.com', 'OrvgbrKyRBUE');
INSERT INTO PATIENT (name, phone_number, date_of_birth, email, medical_history, room_number, password) VALUES ('Margaret Olsen', '8 325 128 39 34', '1923-08-29', 'jakewarren@hotmail.com', 'Four very dark fund management.', '146', 'OrvgbrKyRBUE');
INSERT INTO ACCOUNTANT (name, email, password) VALUES ('Elizabeth Summers', 'lramos@yahoo.com', 'vsyKeRPInkcHILZ');
INSERT INTO PATIENT (name, phone_number, date_of_birth, email, medical_history, room_number, password) VALUES ('Elizabeth Summers', '8 (068) 843-5292', '1979-01-19', 'lramos@yahoo.com', 'Building response budget pattern interesting.', '232', 'vsyKeRPInkcHILZ');
INSERT INTO ACCOUNTANT (name, email, password) VALUES ('Taylor Choi', 'pattersonlisa@hotmail.com', 'jAbaPLTVIFsGq');
INSERT INTO PATIENT (name, phone_number, date_of_birth, email, medical_history, room_number, password) VALUES ('Taylor Choi', '+7 (159) 643-5997', '1934-04-25', 'pattersonlisa@hotmail.com', 'Suggest between institution all color.', '663', 'jAbaPLTVIFsGq');
INSERT INTO ACCOUNTANT (name, email, password) VALUES ('John Ellison', 'jonesjohn@gmail.com', 'wzGackcIKVb');
INSERT INTO PATIENT (name, phone_number, date_of_birth, email, medical_history, room_number, password) VALUES ('John Ellison', '+7 (003) 254-59-24', '1925-11-04', 'jonesjohn@gmail.com', 'Experience far relationship whole.', '246', 'wzGackcIKVb');
INSERT INTO ACCOUNTANT (name, email, password) VALUES ('Evelyn Walker', 'jacqueline92@hotmail.com', 'zzLPUxhDLdnKCtdvNt');
INSERT INTO HOSPITAL_ADMINISTRATOR (name, email, password) VALUES ('Evelyn Walker', 'jacqueline92@hotmail.com', 'zzLPUxhDLdnKCtdvNt');
INSERT INTO ACCOUNTANT (name, email, password) VALUES ('Linda Miller', 'klee@gmail.com', 'NpPjDADYSoL');
INSERT INTO HOSPITAL_ADMINISTRATOR (name, email, password) VALUES ('Linda Miller', 'klee@gmail.com', 'NpPjDADYSoL');
INSERT INTO ACCOUNTANT (name, email, password) VALUES ('Stephanie Reeves', 'mwalker@gmail.com', 'NfsIsAHqwWSKYnRG');
INSERT INTO HOSPITAL_ADMINISTRATOR (name, email, password) VALUES ('Stephanie Reeves', 'mwalker@gmail.com', 'NfsIsAHqwWSKYnRG');
INSERT INTO ACCOUNTANT (name, email, password) VALUES ('Michael Blanchard', 'gabrielle06@hotmail.com', 'qXgEnUdrAGGJWJ');
INSERT INTO HOSPITAL_ADMINISTRATOR (name, email, password) VALUES ('Michael Blanchard', 'gabrielle06@hotmail.com', 'qXgEnUdrAGGJWJ');
INSERT INTO ACCOUNTANT (name, email, password) VALUES ('Kristie Moss', 'sandra10@yahoo.com', 'vcGaqqpSpD');
INSERT INTO HOSPITAL_ADMINISTRATOR (name, email, password) VALUES ('Kristie Moss', 'sandra10@yahoo.com', 'vcGaqqpSpD');
INSERT INTO ACCOUNTANT (name, email, password) VALUES ('Dennis Perez', 'brittanyortiz@yahoo.com', 'coeTLOtiCLMluBz');
INSERT INTO HOSPITAL_ADMINISTRATOR (name, email, password) VALUES ('Dennis Perez', 'brittanyortiz@yahoo.com', 'coeTLOtiCLMluBz');
INSERT INTO ACCOUNTANT (name, email, password) VALUES ('Eric Tyler', 'xtaylor@hotmail.com', 'YOHLbjmsMzhUAMWzYhBu');
INSERT INTO HOSPITAL_ADMINISTRATOR (name, email, password) VALUES ('Eric Tyler', 'xtaylor@hotmail.com', 'YOHLbjmsMzhUAMWzYhBu');
INSERT INTO ACCOUNTANT (name, email, password) VALUES ('Jonathan Simon', 'jennifer20@gmail.com', 'qZhCLbPj');
INSERT INTO HOSPITAL_ADMINISTRATOR (name, email, password) VALUES ('Jonathan Simon', 'jennifer20@gmail.com', 'qZhCLbPj');
INSERT INTO ACCOUNTANT (name, email, password) VALUES ('Kimberly Rogers', 'tina61@hotmail.com', 'jqlvjorFZfpV');
INSERT INTO HOSPITAL_ADMINISTRATOR (name, email, password) VALUES ('Kimberly Rogers', 'tina61@hotmail.com', 'jqlvjorFZfpV');
INSERT INTO ACCOUNTANT (name, email, password) VALUES ('Kendra Hansen', 'virginiaperez@gmail.com', 'ghuXsaBVxsgJCChv');
INSERT INTO HOSPITAL_ADMINISTRATOR (name, email, password) VALUES ('Kendra Hansen', 'virginiaperez@gmail.com', 'ghuXsaBVxsgJCChv');
INSERT INTO ACCOUNTANT (name, email, password) VALUES ('Maria Montgomery', 'moorekristi@gmail.com', 'rqNqeNKOWH');
INSERT INTO HOSPITAL_ADMINISTRATOR (name, email, password) VALUES ('Maria Montgomery', 'moorekristi@gmail.com', 'rqNqeNKOWH');
INSERT INTO ACCOUNTANT (name, email, password) VALUES ('Christopher Black', 'kleindawn@yahoo.com', 'XSOQlOHRqXoKjB');
INSERT INTO HOSPITAL_ADMINISTRATOR (name, email, password) VALUES ('Christopher Black', 'kleindawn@yahoo.com', 'XSOQlOHRqXoKjB');
INSERT INTO ACCOUNTANT (name, email, password) VALUES ('Greg Strong', 'ortizchristian@hotmail.com', 'HmmOmLNPs');
INSERT INTO HOSPITAL_ADMINISTRATOR (name, email, password) VALUES ('Greg Strong', 'ortizchristian@hotmail.com', 'HmmOmLNPs');
INSERT INTO ACCOUNTANT (name, email, password) VALUES ('Mrs. Teresa Randall', 'jeremyhood@yahoo.com', 'XxgrpOvQtZoleUfmts');
INSERT INTO HOSPITAL_ADMINISTRATOR (name, email, password) VALUES ('Mrs. Teresa Randall', 'jeremyhood@yahoo.com', 'XxgrpOvQtZoleUfmts');
INSERT INTO ACCOUNTANT (name, email, password) VALUES ('Patricia Jones', 'jenny54@yahoo.com', 'icGIOgYBjJcDxWjkeRXP');
INSERT INTO HOSPITAL_ADMINISTRATOR (name, email, password) VALUES ('Patricia Jones', 'jenny54@yahoo.com', 'icGIOgYBjJcDxWjkeRXP');
INSERT INTO ACCOUNTANT (name, email, password) VALUES ('Crystal Ramirez', 'williamsontrevor@yahoo.com', 'CEVridCbvASFZuj');
INSERT INTO HOSPITAL_ADMINISTRATOR (name, email, password) VALUES ('Crystal Ramirez', 'williamsontrevor@yahoo.com', 'CEVridCbvASFZuj');
INSERT INTO ACCOUNTANT (name, email, password) VALUES ('Michael Grant', 'lauren77@gmail.com', 'ttMUhVjULZdkpSjWbD');
INSERT INTO HOSPITAL_ADMINISTRATOR (name, email, password) VALUES ('Michael Grant', 'lauren77@gmail.com', 'ttMUhVjULZdkpSjWbD');
INSERT INTO ACCOUNTANT (name, email, password) VALUES ('Crystal Price', 'yhunter@hotmail.com', 'UboBQYXOnKiQeRC');
INSERT INTO HOSPITAL_ADMINISTRATOR (name, email, password) VALUES ('Crystal Price', 'yhunter@hotmail.com', 'UboBQYXOnKiQeRC');
INSERT INTO ACCOUNTANT (name, email, password) VALUES ('Christine Mcmillan', 'perkinsjohnathan@yahoo.com', 'kCiPBguxCbxbzdsf');
INSERT INTO HOSPITAL_ADMINISTRATOR (name, email, password) VALUES ('Christine Mcmillan', 'perkinsjohnathan@yahoo.com', 'kCiPBguxCbxbzdsf');
INSERT INTO ACCOUNTANT (name, email, password) VALUES ('Richard Stewart', 'jonesjessica@hotmail.com', 'hkYmJPgNNekzUyq');
INSERT INTO HOSPITAL_ADMINISTRATOR (name, email, password) VALUES ('Richard Stewart', 'jonesjessica@hotmail.com', 'hkYmJPgNNekzUyq');
INSERT INTO ACCOUNTANT (name, email, password) VALUES ('Jeffrey Castillo', 'hyork@gmail.com', 'BkxkBXqBvhlBGCO');
INSERT INTO HOSPITAL_ADMINISTRATOR (name, email, password) VALUES ('Jeffrey Castillo', 'hyork@gmail.com', 'BkxkBXqBvhlBGCO');
INSERT INTO ACCOUNTANT (name, email, password) VALUES ('Kathy Weber', 'mccoymary@gmail.com', 'qtElKmyA');
INSERT INTO HOSPITAL_ADMINISTRATOR (name, email, password) VALUES ('Kathy Weber', 'mccoymary@gmail.com', 'qtElKmyA');
INSERT INTO ACCOUNTANT (name, email, password) VALUES ('Scott Coleman', 'bcook@hotmail.com', 'VhsqGRQxFW');
INSERT INTO HOSPITAL_ADMINISTRATOR (name, email, password) VALUES ('Scott Coleman', 'bcook@hotmail.com', 'VhsqGRQxFW');
INSERT INTO ACCOUNTANT (name, email, password) VALUES ('Renee Zamora', 'hammondjustin@gmail.com', 'tABIVGobiZSKbTCKM');
INSERT INTO HOSPITAL_ADMINISTRATOR (name, email, password) VALUES ('Renee Zamora', 'hammondjustin@gmail.com', 'tABIVGobiZSKbTCKM');
INSERT INTO ACCOUNTANT (name, email, password) VALUES ('Jacqueline Rogers', 'ashley54@hotmail.com', 'GHqFvOQfPe');
INSERT INTO HOSPITAL_ADMINISTRATOR (name, email, password) VALUES ('Jacqueline Rogers', 'ashley54@hotmail.com', 'GHqFvOQfPe');
INSERT INTO ACCOUNTANT (name, email, password) VALUES ('Carmen Willis', 'jamespage@gmail.com', 'gYxRKWMLinAO');
INSERT INTO HOSPITAL_ADMINISTRATOR (name, email, password) VALUES ('Carmen Willis', 'jamespage@gmail.com', 'gYxRKWMLinAO');
INSERT INTO ACCOUNTANT (name, email, password) VALUES ('Laura Thompson', 'williamsontina@gmail.com', 'VUhPapnbnfJsyfHn');
INSERT INTO HOSPITAL_ADMINISTRATOR (name, email, password) VALUES ('Laura Thompson', 'williamsontina@gmail.com', 'VUhPapnbnfJsyfHn');
INSERT INTO ACCOUNTANT (name, email, password) VALUES ('Lisa Wilson', 'christine49@gmail.com', 'qZdllkxbiltaeBgD');
INSERT INTO HOSPITAL_ADMINISTRATOR (name, email, password) VALUES ('Lisa Wilson', 'christine49@gmail.com', 'qZdllkxbiltaeBgD');
INSERT INTO ACCOUNTANT (name, email, password) VALUES ('Ariel Chang', 'barronryan@hotmail.com', 'kidMjTZgAeF');
INSERT INTO HOSPITAL_ADMINISTRATOR (name, email, password) VALUES ('Ariel Chang', 'barronryan@hotmail.com', 'kidMjTZgAeF');
INSERT INTO ACCOUNTANT (name, email, password) VALUES ('Erica Obrien', 'thomasbonilla@gmail.com', 'uVaAevJhzfeaNjfE');
INSERT INTO HOSPITAL_ADMINISTRATOR (name, email, password) VALUES ('Erica Obrien', 'thomasbonilla@gmail.com', 'uVaAevJhzfeaNjfE');
INSERT INTO ACCOUNTANT (name, email, password) VALUES ('Rebecca Cole', 'kellyrobin@yahoo.com', 'YPCJmdDiAIZEzAq');
INSERT INTO HOSPITAL_ADMINISTRATOR (name, email, password) VALUES ('Rebecca Cole', 'kellyrobin@yahoo.com', 'YPCJmdDiAIZEzAq');
INSERT INTO ACCOUNTANT (name, email, password) VALUES ('Michelle Hardy', 'amanda48@hotmail.com', 'LfKzcPTkxQk');
INSERT INTO HOSPITAL_ADMINISTRATOR (name, email, password) VALUES ('Michelle Hardy', 'amanda48@hotmail.com', 'LfKzcPTkxQk');
INSERT INTO ACCOUNTANT (name, email, password) VALUES ('Michelle Cole', 'christine83@yahoo.com', 'pVHCLnDvVKKVjcgomq');
INSERT INTO HOSPITAL_ADMINISTRATOR (name, email, password) VALUES ('Michelle Cole', 'christine83@yahoo.com', 'pVHCLnDvVKKVjcgomq');
INSERT INTO ACCOUNTANT (name, email, password) VALUES ('John Kelly', 'qharrison@yahoo.com', 'phOCwQKr');
INSERT INTO HOSPITAL_ADMINISTRATOR (name, email, password) VALUES ('John Kelly', 'qharrison@yahoo.com', 'phOCwQKr');
INSERT INTO ACCOUNTANT (name, email, password) VALUES ('Thomas Williams', 'qblevins@hotmail.com', 'bhjbMxVRPGf');
INSERT INTO HOSPITAL_ADMINISTRATOR (name, email, password) VALUES ('Thomas Williams', 'qblevins@hotmail.com', 'bhjbMxVRPGf');
INSERT INTO ACCOUNTANT (name, email, password) VALUES ('Donald Ramos', 'denise05@yahoo.com', 'JDcnNmNWcCajs');
INSERT INTO HOSPITAL_ADMINISTRATOR (name, email, password) VALUES ('Donald Ramos', 'denise05@yahoo.com', 'JDcnNmNWcCajs');
INSERT INTO ACCOUNTANT (name, email, password) VALUES ('Brian Rodriguez', 'nalvarez@yahoo.com', 'ESjACcuKWC');
INSERT INTO HOSPITAL_ADMINISTRATOR (name, email, password) VALUES ('Brian Rodriguez', 'nalvarez@yahoo.com', 'ESjACcuKWC');
INSERT INTO ACCOUNTANT (name, email, password) VALUES ('Gregory Jackson', 'klopez@hotmail.com', 'GuooReOfsfjAF');
INSERT INTO HOSPITAL_ADMINISTRATOR (name, email, password) VALUES ('Gregory Jackson', 'klopez@hotmail.com', 'GuooReOfsfjAF');
INSERT INTO ACCOUNTANT (name, email, password) VALUES ('Tara Foster', 'stokesryan@hotmail.com', 'OhGNBvZvTDuxsqt');
INSERT INTO HOSPITAL_ADMINISTRATOR (name, email, password) VALUES ('Tara Foster', 'stokesryan@hotmail.com', 'OhGNBvZvTDuxsqt');
INSERT INTO ACCOUNTANT (name, email, password) VALUES ('Dr. Robert Smith', 'reynoldskatelyn@gmail.com', 'VwzpQEeFFRroZB');
INSERT INTO HOSPITAL_ADMINISTRATOR (name, email, password) VALUES ('Dr. Robert Smith', 'reynoldskatelyn@gmail.com', 'VwzpQEeFFRroZB');
INSERT INTO ACCOUNTANT (name, email, password) VALUES ('Nicole Galvan', 'daniel21@hotmail.com', 'oNswgcHko');
INSERT INTO HOSPITAL_ADMINISTRATOR (name, email, password) VALUES ('Nicole Galvan', 'daniel21@hotmail.com', 'oNswgcHko');
INSERT INTO ACCOUNTANT (name, email, password) VALUES ('Billy Adkins', 'rebeccadawson@yahoo.com', 'BoJLnDjQScFsazm');
INSERT INTO HOSPITAL_ADMINISTRATOR (name, email, password) VALUES ('Billy Adkins', 'rebeccadawson@yahoo.com', 'BoJLnDjQScFsazm');
INSERT INTO ACCOUNTANT (name, email, password) VALUES ('Christopher Smith', 'wrightnicole@yahoo.com', 'yzwQajJhlBq');
INSERT INTO HOSPITAL_ADMINISTRATOR (name, email, password) VALUES ('Christopher Smith', 'wrightnicole@yahoo.com', 'yzwQajJhlBq');
INSERT INTO ACCOUNTANT (name, email, password) VALUES ('Shawn Brown', 'pamela58@hotmail.com', 'ahgfkKRmCzuVWuLWO');
INSERT INTO HOSPITAL_ADMINISTRATOR (name, email, password) VALUES ('Shawn Brown', 'pamela58@hotmail.com', 'ahgfkKRmCzuVWuLWO');
INSERT INTO ACCOUNTANT (name, email, password) VALUES ('Mrs. Michelle Adkins DDS', 'jeremybarnes@hotmail.com', 'swbqtxppSsMy');
INSERT INTO HOSPITAL_ADMINISTRATOR (name, email, password) VALUES ('Mrs. Michelle Adkins DDS', 'jeremybarnes@hotmail.com', 'swbqtxppSsMy');
INSERT INTO ACCOUNTANT (name, email, password) VALUES ('Christopher Daniel', 'villaamy@hotmail.com', 'orZJvxdFGgFBZT');
INSERT INTO HOSPITAL_ADMINISTRATOR (name, email, password) VALUES ('Christopher Daniel', 'villaamy@hotmail.com', 'orZJvxdFGgFBZT');
INSERT INTO ACCOUNTANT (name, email, password) VALUES ('Eric Leblanc MD', 'mcmahonrobert@gmail.com', 'HKZlFYaQU');
INSERT INTO HOSPITAL_ADMINISTRATOR (name, email, password) VALUES ('Eric Leblanc MD', 'mcmahonrobert@gmail.com', 'HKZlFYaQU');
INSERT INTO ACCOUNTANT (name, email, password) VALUES ('Victoria Davidson', 'caitlynthompson@gmail.com', 'tBXhbpQwHl');
INSERT INTO HOSPITAL_ADMINISTRATOR (name, email, password) VALUES ('Victoria Davidson', 'caitlynthompson@gmail.com', 'tBXhbpQwHl');
INSERT INTO ACCOUNTANT (name, email, password) VALUES ('Ricardo Davis', 'wwarner@hotmail.com', 'tydnSQkktXpuB');
INSERT INTO HOSPITAL_ADMINISTRATOR (name, email, password) VALUES ('Ricardo Davis', 'wwarner@hotmail.com', 'tydnSQkktXpuB');
INSERT INTO ACCOUNTANT (name, email, password) VALUES ('Karen Chavez', 'frichardson@gmail.com', 'HGPNIPJGzHwTkYORGOrm');
INSERT INTO HOSPITAL_ADMINISTRATOR (name, email, password) VALUES ('Karen Chavez', 'frichardson@gmail.com', 'HGPNIPJGzHwTkYORGOrm');
INSERT INTO ACCOUNTANT (name, email, password) VALUES ('Sean Whitehead', 'robert22@yahoo.com', 'kfIABDNBStJ');
INSERT INTO HOSPITAL_ADMINISTRATOR (name, email, password) VALUES ('Sean Whitehead', 'robert22@yahoo.com', 'kfIABDNBStJ');
INSERT INTO ACCOUNTANT (name, email, password) VALUES ('Jonathan Walter', 'mmitchell@gmail.com', 'VrVRNDJwcuVAJqKPnSj');
INSERT INTO HOSPITAL_ADMINISTRATOR (name, email, password) VALUES ('Jonathan Walter', 'mmitchell@gmail.com', 'VrVRNDJwcuVAJqKPnSj');
INSERT INTO ACCOUNTANT (name, email, password) VALUES ('Heather Watts', 'mitchell74@yahoo.com', 'gPkSbwNqGdn');
INSERT INTO HOSPITAL_ADMINISTRATOR (name, email, password) VALUES ('Heather Watts', 'mitchell74@yahoo.com', 'gPkSbwNqGdn');
INSERT INTO ACCOUNTANT (name, email, password) VALUES ('Daniel Vasquez', 'anthonynelson@hotmail.com', 'gJaiBaPuugfoMVnfUX');
INSERT INTO HOSPITAL_ADMINISTRATOR (name, email, password) VALUES ('Daniel Vasquez', 'anthonynelson@hotmail.com', 'gJaiBaPuugfoMVnfUX');
INSERT INTO ACCOUNTANT (name, email, password) VALUES ('Emily Gill', 'kristy04@hotmail.com', 'uylHoyWLnmXTHOSdoWW');
INSERT INTO HOSPITAL_ADMINISTRATOR (name, email, password) VALUES ('Emily Gill', 'kristy04@hotmail.com', 'uylHoyWLnmXTHOSdoWW');
INSERT INTO ACCOUNTANT (name, email, password) VALUES ('Isabel Chapman', 'william33@gmail.com', 'HtOtWUfuTMfpfWSFgUEw');
INSERT INTO HOSPITAL_ADMINISTRATOR (name, email, password) VALUES ('Isabel Chapman', 'william33@gmail.com', 'HtOtWUfuTMfpfWSFgUEw');
INSERT INTO ACCOUNTANT (name, email, password) VALUES ('Thomas Armstrong', 'amy17@gmail.com', 'fowjwVIUsFOPVcRKT');
INSERT INTO HOSPITAL_ADMINISTRATOR (name, email, password) VALUES ('Thomas Armstrong', 'amy17@gmail.com', 'fowjwVIUsFOPVcRKT');
INSERT INTO ACCOUNTANT (name, email, password) VALUES ('Jared Hoover', 'coryjimenez@hotmail.com', 'aEpsaDqt');
INSERT INTO HOSPITAL_ADMINISTRATOR (name, email, password) VALUES ('Jared Hoover', 'coryjimenez@hotmail.com', 'aEpsaDqt');
INSERT INTO ACCOUNTANT (name, email, password) VALUES ('Stephanie Nelson', 'bryanmaria@hotmail.com', 'JhYcgGNzxhbFWkHLhH');
INSERT INTO HOSPITAL_ADMINISTRATOR (name, email, password) VALUES ('Stephanie Nelson', 'bryanmaria@hotmail.com', 'JhYcgGNzxhbFWkHLhH');
INSERT INTO ACCOUNTANT (name, email, password) VALUES ('Jane Smith', 'xsmith@yahoo.com', 'PybFKNoUHF');
INSERT INTO HOSPITAL_ADMINISTRATOR (name, email, password) VALUES ('Jane Smith', 'xsmith@yahoo.com', 'PybFKNoUHF');
INSERT INTO ACCOUNTANT (name, email, password) VALUES ('Dr. Curtis Bailey', 'daniel47@hotmail.com', 'UnOUZCxZIUHtgl');
INSERT INTO HOSPITAL_ADMINISTRATOR (name, email, password) VALUES ('Dr. Curtis Bailey', 'daniel47@hotmail.com', 'UnOUZCxZIUHtgl');
INSERT INTO ACCOUNTANT (name, email, password) VALUES ('Dustin Parks', 'pthompson@gmail.com', 'SIDiIFiKSsuP');
INSERT INTO HOSPITAL_ADMINISTRATOR (name, email, password) VALUES ('Dustin Parks', 'pthompson@gmail.com', 'SIDiIFiKSsuP');
INSERT INTO ACCOUNTANT (name, email, password) VALUES ('Thomas Phelps', 'michelle04@yahoo.com', 'xlVhjFQXQM');
INSERT INTO HOSPITAL_ADMINISTRATOR (name, email, password) VALUES ('Thomas Phelps', 'michelle04@yahoo.com', 'xlVhjFQXQM');
INSERT INTO ACCOUNTANT (name, email, password) VALUES ('Miss Laura Burgess', 'gharris@hotmail.com', 'msfJIlAHSkukCBYZSBeA');
INSERT INTO HOSPITAL_ADMINISTRATOR (name, email, password) VALUES ('Miss Laura Burgess', 'gharris@hotmail.com', 'msfJIlAHSkukCBYZSBeA');
INSERT INTO ACCOUNTANT (name, email, password) VALUES ('Holly Parker', 'patricia71@yahoo.com', 'CCUinclLqXTm');
INSERT INTO HOSPITAL_ADMINISTRATOR (name, email, password) VALUES ('Holly Parker', 'patricia71@yahoo.com', 'CCUinclLqXTm');
INSERT INTO ACCOUNTANT (name, email, password) VALUES ('Kimberly Yates', 'kayla29@yahoo.com', 'YwLelOnvdhVRKpHPku');
INSERT INTO HOSPITAL_ADMINISTRATOR (name, email, password) VALUES ('Kimberly Yates', 'kayla29@yahoo.com', 'YwLelOnvdhVRKpHPku');
INSERT INTO ACCOUNTANT (name, email, password) VALUES ('Nicole Hahn', 'birddaniel@hotmail.com', 'BVapYjlGg');
INSERT INTO HOSPITAL_ADMINISTRATOR (name, email, password) VALUES ('Nicole Hahn', 'birddaniel@hotmail.com', 'BVapYjlGg');
INSERT INTO ACCOUNTANT (name, email, password) VALUES ('Andrew Hernandez', 'littlebarbara@gmail.com', 'KTFRqwfAagONn');
INSERT INTO HOSPITAL_ADMINISTRATOR (name, email, password) VALUES ('Andrew Hernandez', 'littlebarbara@gmail.com', 'KTFRqwfAagONn');
INSERT INTO ACCOUNTANT (name, email, password) VALUES ('Timothy Hill', 'april15@gmail.com', 'vYTQkDjTUx');
INSERT INTO HOSPITAL_ADMINISTRATOR (name, email, password) VALUES ('Timothy Hill', 'april15@gmail.com', 'vYTQkDjTUx');
INSERT INTO ACCOUNTANT (name, email, password) VALUES ('Michele Williams', 'daniel66@hotmail.com', 'jTneLbvKpAcilrbeiCM');
INSERT INTO HOSPITAL_ADMINISTRATOR (name, email, password) VALUES ('Michele Williams', 'daniel66@hotmail.com', 'jTneLbvKpAcilrbeiCM');
INSERT INTO ACCOUNTANT (name, email, password) VALUES ('Emily Clark', 'esanchez@gmail.com', 'ZxVTrbRyElJNZotN');
INSERT INTO HOSPITAL_ADMINISTRATOR (name, email, password) VALUES ('Emily Clark', 'esanchez@gmail.com', 'ZxVTrbRyElJNZotN');
INSERT INTO ACCOUNTANT (name, email, password) VALUES ('David Carey', 'john45@hotmail.com', 'JsnEtAsCAhsVm');
INSERT INTO HOSPITAL_ADMINISTRATOR (name, email, password) VALUES ('David Carey', 'john45@hotmail.com', 'JsnEtAsCAhsVm');
INSERT INTO ACCOUNTANT (name, email, password) VALUES ('Michael Barnes', 'imorgan@yahoo.com', 'aTzyJxRNFMWPWEOrF');
INSERT INTO HOSPITAL_ADMINISTRATOR (name, email, password) VALUES ('Michael Barnes', 'imorgan@yahoo.com', 'aTzyJxRNFMWPWEOrF');
INSERT INTO ACCOUNTANT (name, email, password) VALUES ('Christine Wade', 'paulray@hotmail.com', 'meOWEBSDrqeYTjK');
INSERT INTO HOSPITAL_ADMINISTRATOR (name, email, password) VALUES ('Christine Wade', 'paulray@hotmail.com', 'meOWEBSDrqeYTjK');
INSERT INTO ACCOUNTANT (name, email, password) VALUES ('Andre Ruiz', 'matthewbranch@hotmail.com', 'nwQBdXLZk');
INSERT INTO HOSPITAL_ADMINISTRATOR (name, email, password) VALUES ('Andre Ruiz', 'matthewbranch@hotmail.com', 'nwQBdXLZk');
INSERT INTO ACCOUNTANT (name, email, password) VALUES ('Lori Kelley', 'wnewman@gmail.com', 'ScNandOkMPzWckXCogyl');
INSERT INTO HOSPITAL_ADMINISTRATOR (name, email, password) VALUES ('Lori Kelley', 'wnewman@gmail.com', 'ScNandOkMPzWckXCogyl');
INSERT INTO ACCOUNTANT (name, email, password) VALUES ('Glenda York', 'jonathan54@hotmail.com', 'OpaTYVnZjmpMLaKw');
INSERT INTO HOSPITAL_ADMINISTRATOR (name, email, password) VALUES ('Glenda York', 'jonathan54@hotmail.com', 'OpaTYVnZjmpMLaKw');
INSERT INTO ACCOUNTANT (name, email, password) VALUES ('Amanda Adams', 'charlesaguilar@gmail.com', 'VYVWOMTqboH');
INSERT INTO HOSPITAL_ADMINISTRATOR (name, email, password) VALUES ('Amanda Adams', 'charlesaguilar@gmail.com', 'VYVWOMTqboH');
INSERT INTO ACCOUNTANT (name, email, password) VALUES ('Roy Sheppard', 'kimberly27@gmail.com', 'epOCCYoj');
INSERT INTO HOSPITAL_ADMINISTRATOR (name, email, password) VALUES ('Roy Sheppard', 'kimberly27@gmail.com', 'epOCCYoj');
INSERT INTO ACCOUNTANT (name, email, password) VALUES ('Andre Deleon', 'williamscott@gmail.com', 'fbvPCwVfIkZclAN');
INSERT INTO HOSPITAL_ADMINISTRATOR (name, email, password) VALUES ('Andre Deleon', 'williamscott@gmail.com', 'fbvPCwVfIkZclAN');
INSERT INTO ACCOUNTANT (name, email, password) VALUES ('Dennis Lane', 'yberry@hotmail.com', 'QXrKeKRj');
INSERT INTO HOSPITAL_ADMINISTRATOR (name, email, password) VALUES ('Dennis Lane', 'yberry@hotmail.com', 'QXrKeKRj');
INSERT INTO ACCOUNTANT (name, email, password) VALUES ('Hannah Schultz', 'clairegonzalez@hotmail.com', 'eZQQvxQLOjtTUcW');
INSERT INTO HOSPITAL_ADMINISTRATOR (name, email, password) VALUES ('Hannah Schultz', 'clairegonzalez@hotmail.com', 'eZQQvxQLOjtTUcW');
INSERT INTO ACCOUNTANT (name, email, password) VALUES ('Jeremy Acosta', 'gillbridget@hotmail.com', 'biZtPSCFCZecvB');
INSERT INTO HOSPITAL_ADMINISTRATOR (name, email, password) VALUES ('Jeremy Acosta', 'gillbridget@hotmail.com', 'biZtPSCFCZecvB');
INSERT INTO ACCOUNTANT (name, email, password) VALUES ('Deanna Copeland', 'nicolemitchell@gmail.com', 'AZQRGezg');
INSERT INTO HOSPITAL_ADMINISTRATOR (name, email, password) VALUES ('Deanna Copeland', 'nicolemitchell@gmail.com', 'AZQRGezg');
INSERT INTO ACCOUNTANT (name, email, password) VALUES ('Susan Aguilar', 'william07@hotmail.com', 'mzgjmOOPJq');
INSERT INTO HOSPITAL_ADMINISTRATOR (name, email, password) VALUES ('Susan Aguilar', 'william07@hotmail.com', 'mzgjmOOPJq');
INSERT INTO ACCOUNTANT (name, email, password) VALUES ('Loretta Bradford', 'zoconnor@yahoo.com', 'DXckHGzkBm');
INSERT INTO HOSPITAL_ADMINISTRATOR (name, email, password) VALUES ('Loretta Bradford', 'zoconnor@yahoo.com', 'DXckHGzkBm');
INSERT INTO ACCOUNTANT (name, email, password) VALUES ('Megan Hernandez', 'thomasmcdowell@yahoo.com', 'tTchBMOJpu');
INSERT INTO HOSPITAL_ADMINISTRATOR (name, email, password) VALUES ('Megan Hernandez', 'thomasmcdowell@yahoo.com', 'tTchBMOJpu');
INSERT INTO ACCOUNTANT (name, email, password) VALUES ('Jason Horne', 'michellemendez@yahoo.com', 'dHzesmhTVWBGVHOfvok');
INSERT INTO HOSPITAL_ADMINISTRATOR (name, email, password) VALUES ('Jason Horne', 'michellemendez@yahoo.com', 'dHzesmhTVWBGVHOfvok');
INSERT INTO ACCOUNTANT (name, email, password) VALUES ('Stuart Bond', 'imyers@gmail.com', 'LoRbAKQykpwWtRCLBMiB');
INSERT INTO HOSPITAL_ADMINISTRATOR (name, email, password) VALUES ('Stuart Bond', 'imyers@gmail.com', 'LoRbAKQykpwWtRCLBMiB');
INSERT INTO ACCOUNTANT (name, email, password) VALUES ('Jason Herrera', 'alvarezjerry@yahoo.com', 'pTAwUeWdijVLZIULkLq');
INSERT INTO HOSPITAL_ADMINISTRATOR (name, email, password) VALUES ('Jason Herrera', 'alvarezjerry@yahoo.com', 'pTAwUeWdijVLZIULkLq');
INSERT INTO ACCOUNTANT (name, email, password) VALUES ('Andrea Martinez', 'campbelljames@hotmail.com', 'HlWHgWsZCkw');
INSERT INTO HOSPITAL_ADMINISTRATOR (name, email, password) VALUES ('Andrea Martinez', 'campbelljames@hotmail.com', 'HlWHgWsZCkw');
INSERT INTO ACCOUNTANT (name, email, password) VALUES ('Mitchell Matthews', 'cameronsteele@hotmail.com', 'CJXFUcQTbJQffJmUUwXt');
INSERT INTO HOSPITAL_ADMINISTRATOR (name, email, password) VALUES ('Mitchell Matthews', 'cameronsteele@hotmail.com', 'CJXFUcQTbJQffJmUUwXt');
INSERT INTO ACCOUNTANT (name, email, password) VALUES ('Anthony Stewart', 'beth69@hotmail.com', 'vXFjBFYBDc');
INSERT INTO HOSPITAL_ADMINISTRATOR (name, email, password) VALUES ('Anthony Stewart', 'beth69@hotmail.com', 'vXFjBFYBDc');
INSERT INTO ACCOUNTANT (name, email, password) VALUES ('Amy Simmons', 'gkennedy@gmail.com', 'VKOhFaTtHQEkFqVi');
INSERT INTO HOSPITAL_ADMINISTRATOR (name, email, password) VALUES ('Amy Simmons', 'gkennedy@gmail.com', 'VKOhFaTtHQEkFqVi');
INSERT INTO ACCOUNTANT (name, email, password) VALUES ('Kendra Olson', 'thomas21@hotmail.com', 'lwTjEibmtOa');
INSERT INTO HOSPITAL_ADMINISTRATOR (name, email, password) VALUES ('Kendra Olson', 'thomas21@hotmail.com', 'lwTjEibmtOa');
INSERT INTO ACCOUNTANT (name, email, password) VALUES ('Pamela Lowe MD', 'andrewcollins@gmail.com', 'mPmHFtybWikTlJ');
INSERT INTO HOSPITAL_ADMINISTRATOR (name, email, password) VALUES ('Pamela Lowe MD', 'andrewcollins@gmail.com', 'mPmHFtybWikTlJ');
INSERT INTO ACCOUNTANT (name, email, password) VALUES ('Mark Phillips', 'joshua10@yahoo.com', 'UJhItpsBfW');
INSERT INTO HOSPITAL_ADMINISTRATOR (name, email, password) VALUES ('Mark Phillips', 'joshua10@yahoo.com', 'UJhItpsBfW');
INSERT INTO ACCOUNTANT (name, email, password) VALUES ('Timothy Stevens', 'michelelynch@gmail.com', 'oLnnWsATFiwzs');
INSERT INTO HOSPITAL_ADMINISTRATOR (name, email, password) VALUES ('Timothy Stevens', 'michelelynch@gmail.com', 'oLnnWsATFiwzs');
INSERT INTO ACCOUNTANT (name, email, password) VALUES ('Benjamin Robertson', 'steventurner@yahoo.com', 'VfNUvHZYxIPl');
INSERT INTO HOSPITAL_ADMINISTRATOR (name, email, password) VALUES ('Benjamin Robertson', 'steventurner@yahoo.com', 'VfNUvHZYxIPl');
INSERT INTO ACCOUNTANT (name, email, password) VALUES ('Miranda Brown', 'kimberlyfields@hotmail.com', 'JRsxYPQDeqd');
INSERT INTO HOSPITAL_ADMINISTRATOR (name, email, password) VALUES ('Miranda Brown', 'kimberlyfields@hotmail.com', 'JRsxYPQDeqd');
INSERT INTO ACCOUNTANT (name, email, password) VALUES ('April Edwards', 'justin03@yahoo.com', 'cyzOVGHiskpkJZTf');
INSERT INTO HOSPITAL_ADMINISTRATOR (name, email, password) VALUES ('April Edwards', 'justin03@yahoo.com', 'cyzOVGHiskpkJZTf');
INSERT INTO ACCOUNTANT (name, email, password) VALUES ('James Jones', 'wsweeney@yahoo.com', 'wFwNEJEAtHFqjf');
INSERT INTO HOSPITAL_ADMINISTRATOR (name, email, password) VALUES ('James Jones', 'wsweeney@yahoo.com', 'wFwNEJEAtHFqjf');
INSERT INTO ACCOUNTANT (name, email, password) VALUES ('Ashley Black', 'dawn91@yahoo.com', 'hJSCQxMvFxdJCtv');
INSERT INTO HOSPITAL_ADMINISTRATOR (name, email, password) VALUES ('Ashley Black', 'dawn91@yahoo.com', 'hJSCQxMvFxdJCtv');
INSERT INTO ACCOUNTANT (name, email, password) VALUES ('Kimberly Matthews', 'alexbuck@yahoo.com', 'OkDcwLuOFqUzT');
INSERT INTO HOSPITAL_ADMINISTRATOR (name, email, password) VALUES ('Kimberly Matthews', 'alexbuck@yahoo.com', 'OkDcwLuOFqUzT');
INSERT INTO ACCOUNTANT (name, email, password) VALUES ('Miguel Lee', 'jgilbert@gmail.com', 'isIwYCmOsJiLW');
INSERT INTO HOSPITAL_ADMINISTRATOR (name, email, password) VALUES ('Miguel Lee', 'jgilbert@gmail.com', 'isIwYCmOsJiLW');
INSERT INTO ACCOUNTANT (name, email, password) VALUES ('Keith Oliver', 'ejohnson@gmail.com', 'DCyjXyVXur');
INSERT INTO HOSPITAL_ADMINISTRATOR (name, email, password) VALUES ('Keith Oliver', 'ejohnson@gmail.com', 'DCyjXyVXur');
INSERT INTO ACCOUNTANT (name, email, password) VALUES ('Sara Jacobs', 'jacobjones@yahoo.com', 'zTBLKuNRfipvTDkGXyO');
INSERT INTO HOSPITAL_ADMINISTRATOR (name, email, password) VALUES ('Sara Jacobs', 'jacobjones@yahoo.com', 'zTBLKuNRfipvTDkGXyO');
INSERT INTO ACCOUNTANT (name, email, password) VALUES ('Jonathan Smith', 'juliagarrison@hotmail.com', 'TgIPKWYJL');
INSERT INTO HOSPITAL_ADMINISTRATOR (name, email, password) VALUES ('Jonathan Smith', 'juliagarrison@hotmail.com', 'TgIPKWYJL');
INSERT INTO ACCOUNTANT (name, email, password) VALUES ('Patricia Aguirre', 'johnsonkathryn@gmail.com', 'KaTWMZTAIaG');
INSERT INTO HOSPITAL_ADMINISTRATOR (name, email, password) VALUES ('Patricia Aguirre', 'johnsonkathryn@gmail.com', 'KaTWMZTAIaG');
INSERT INTO ACCOUNTANT (name, email, password) VALUES ('Jasmine Thompson', 'bassnicholas@hotmail.com', 'SQXxZCwYx');
INSERT INTO HOSPITAL_ADMINISTRATOR (name, email, password) VALUES ('Jasmine Thompson', 'bassnicholas@hotmail.com', 'SQXxZCwYx');
INSERT INTO ACCOUNTANT (name, email, password) VALUES ('Alexander Wolfe MD', 'gmckenzie@yahoo.com', 'OkFzMGNfIsbvspzUzp');
INSERT INTO HOSPITAL_ADMINISTRATOR (name, email, password) VALUES ('Alexander Wolfe MD', 'gmckenzie@yahoo.com', 'OkFzMGNfIsbvspzUzp');
INSERT INTO ACCOUNTANT (name, email, password) VALUES ('Todd Davis', 'johnsonvictoria@gmail.com', 'fLdzMIYNBTPXA');
INSERT INTO HOSPITAL_ADMINISTRATOR (name, email, password) VALUES ('Todd Davis', 'johnsonvictoria@gmail.com', 'fLdzMIYNBTPXA');
INSERT INTO ACCOUNTANT (name, email, password) VALUES ('Jon Price', 'pkennedy@hotmail.com', 'ZoogSOoFjQFWT');
INSERT INTO HOSPITAL_ADMINISTRATOR (name, email, password) VALUES ('Jon Price', 'pkennedy@hotmail.com', 'ZoogSOoFjQFWT');
INSERT INTO ACCOUNTANT (name, email, password) VALUES ('Walter Carter', 'beckerjoseph@hotmail.com', 'gqCYdzqGAwmQSCZYSz');
INSERT INTO HOSPITAL_ADMINISTRATOR (name, email, password) VALUES ('Walter Carter', 'beckerjoseph@hotmail.com', 'gqCYdzqGAwmQSCZYSz');
INSERT INTO ACCOUNTANT (name, email, password) VALUES ('Jacob Martin', 'schaeferheather@gmail.com', 'pZlzFVDjjbGgYYHR');
INSERT INTO HOSPITAL_ADMINISTRATOR (name, email, password) VALUES ('Jacob Martin', 'schaeferheather@gmail.com', 'pZlzFVDjjbGgYYHR');
INSERT INTO ACCOUNTANT (name, email, password) VALUES ('David Sweeney', 'amanda96@hotmail.com', 'cvCrLJXactT');
INSERT INTO HOSPITAL_ADMINISTRATOR (name, email, password) VALUES ('David Sweeney', 'amanda96@hotmail.com', 'cvCrLJXactT');
INSERT INTO ACCOUNTANT (name, email, password) VALUES ('Christopher Montgomery', 'patriciamiller@yahoo.com', 'CHQBLodiqSvrQ');
INSERT INTO HOSPITAL_ADMINISTRATOR (name, email, password) VALUES ('Christopher Montgomery', 'patriciamiller@yahoo.com', 'CHQBLodiqSvrQ');
INSERT INTO ACCOUNTANT (name, email, password) VALUES ('Joseph Graham', 'zrobbins@gmail.com', 'GMLibIPnySDNNKJH');
INSERT INTO HOSPITAL_ADMINISTRATOR (name, email, password) VALUES ('Joseph Graham', 'zrobbins@gmail.com', 'GMLibIPnySDNNKJH');
INSERT INTO ACCOUNTANT (name, email, password) VALUES ('Jamie Burns DDS', 'elopez@gmail.com', 'qculuppOU');
INSERT INTO HOSPITAL_ADMINISTRATOR (name, email, password) VALUES ('Jamie Burns DDS', 'elopez@gmail.com', 'qculuppOU');
INSERT INTO ACCOUNTANT (name, email, password) VALUES ('Thomas Sanders', 'wyattrebekah@gmail.com', 'HNVgAAEdpjHkcwhO');
INSERT INTO HOSPITAL_ADMINISTRATOR (name, email, password) VALUES ('Thomas Sanders', 'wyattrebekah@gmail.com', 'HNVgAAEdpjHkcwhO');
INSERT INTO ACCOUNTANT (name, email, password) VALUES ('Jamie Grant', 'john21@gmail.com', 'QaOcGCLMheRnNecEpa');
INSERT INTO HOSPITAL_ADMINISTRATOR (name, email, password) VALUES ('Jamie Grant', 'john21@gmail.com', 'QaOcGCLMheRnNecEpa');
INSERT INTO ACCOUNTANT (name, email, password) VALUES ('Robert Miller', 'josephcampos@hotmail.com', 'dfFzaJgamIkxweT');
INSERT INTO HOSPITAL_ADMINISTRATOR (name, email, password) VALUES ('Robert Miller', 'josephcampos@hotmail.com', 'dfFzaJgamIkxweT');
INSERT INTO ACCOUNTANT (name, email, password) VALUES ('Tina Mosley', 'brentnoble@gmail.com', 'stMnaKgNwVaiCDoXkkdK');
INSERT INTO HOSPITAL_ADMINISTRATOR (name, email, password) VALUES ('Tina Mosley', 'brentnoble@gmail.com', 'stMnaKgNwVaiCDoXkkdK');
INSERT INTO ACCOUNTANT (name, email, password) VALUES ('Samuel Ellison', 'ksmith@hotmail.com', 'jjKcqWPI');
INSERT INTO HOSPITAL_ADMINISTRATOR (name, email, password) VALUES ('Samuel Ellison', 'ksmith@hotmail.com', 'jjKcqWPI');
INSERT INTO ACCOUNTANT (name, email, password) VALUES ('Phillip Daniels', 'wolfeangel@hotmail.com', 'WJbuJOvwMShINzhEyBT');
INSERT INTO HOSPITAL_ADMINISTRATOR (name, email, password) VALUES ('Phillip Daniels', 'wolfeangel@hotmail.com', 'WJbuJOvwMShINzhEyBT');
INSERT INTO ACCOUNTANT (name, email, password) VALUES ('Jessica Lara', 'kkeith@yahoo.com', 'WPebUSvLFTja');
INSERT INTO HOSPITAL_ADMINISTRATOR (name, email, password) VALUES ('Jessica Lara', 'kkeith@yahoo.com', 'WPebUSvLFTja');
INSERT INTO ACCOUNTANT (name, email, password) VALUES ('Jimmy Casey', 'gomezdaniel@yahoo.com', 'SgKveiuPcpQGhUf');
INSERT INTO HOSPITAL_ADMINISTRATOR (name, email, password) VALUES ('Jimmy Casey', 'gomezdaniel@yahoo.com', 'SgKveiuPcpQGhUf');
INSERT INTO ACCOUNTANT (name, email, password) VALUES ('Stephen Ramirez', 'jessica93@yahoo.com', 'VMsdjRPyZWvpoZIne');
INSERT INTO HOSPITAL_ADMINISTRATOR (name, email, password) VALUES ('Stephen Ramirez', 'jessica93@yahoo.com', 'VMsdjRPyZWvpoZIne');
INSERT INTO ACCOUNTANT (name, email, password) VALUES ('Tina Adams', 'johnsonjohn@gmail.com', 'SVloiYuZrZGA');
INSERT INTO HOSPITAL_ADMINISTRATOR (name, email, password) VALUES ('Tina Adams', 'johnsonjohn@gmail.com', 'SVloiYuZrZGA');
INSERT INTO ACCOUNTANT (name, email, password) VALUES ('Samantha Miller', 'sarah50@gmail.com', 'OWXmalfFcEdqkE');
INSERT INTO HOSPITAL_ADMINISTRATOR (name, email, password) VALUES ('Samantha Miller', 'sarah50@gmail.com', 'OWXmalfFcEdqkE');
INSERT INTO ACCOUNTANT (name, email, password) VALUES ('Richard Flores', 'mcunningham@gmail.com', 'CZJnQnhvsYjbOvWcZdf');
INSERT INTO HOSPITAL_ADMINISTRATOR (name, email, password) VALUES ('Richard Flores', 'mcunningham@gmail.com', 'CZJnQnhvsYjbOvWcZdf');
INSERT INTO ACCOUNTANT (name, email, password) VALUES ('Corey Cisneros', 'marshallvictor@yahoo.com', 'XvNvLzLCjATzUlmMCdK');
INSERT INTO HOSPITAL_ADMINISTRATOR (name, email, password) VALUES ('Corey Cisneros', 'marshallvictor@yahoo.com', 'XvNvLzLCjATzUlmMCdK');
INSERT INTO ACCOUNTANT (name, email, password) VALUES ('Jason Jackson', 'andre16@hotmail.com', 'skTXYddAYabCRizcal');
INSERT INTO HOSPITAL_ADMINISTRATOR (name, email, password) VALUES ('Jason Jackson', 'andre16@hotmail.com', 'skTXYddAYabCRizcal');
INSERT INTO ACCOUNTANT (name, email, password) VALUES ('Laura Williams', 'lucasbrittany@hotmail.com', 'LmdZHjAPcWOrJx');
INSERT INTO HOSPITAL_ADMINISTRATOR (name, email, password) VALUES ('Laura Williams', 'lucasbrittany@hotmail.com', 'LmdZHjAPcWOrJx');
INSERT INTO ACCOUNTANT (name, email, password) VALUES ('David Wagner', 'forbesmichelle@yahoo.com', 'TnyvsUGWtwFitDx');
INSERT INTO HOSPITAL_ADMINISTRATOR (name, email, password) VALUES ('David Wagner', 'forbesmichelle@yahoo.com', 'TnyvsUGWtwFitDx');
INSERT INTO ACCOUNTANT (name, email, password) VALUES ('Keith Brooks', 'whitney78@gmail.com', 'SgwClqELkQfImzLxodV');
INSERT INTO HOSPITAL_ADMINISTRATOR (name, email, password) VALUES ('Keith Brooks', 'whitney78@gmail.com', 'SgwClqELkQfImzLxodV');
INSERT INTO ACCOUNTANT (name, email, password) VALUES ('Erika Garcia', 'williamsjason@yahoo.com', 'GoRyJeJJWYMGRJYSlmuX');
INSERT INTO HOSPITAL_ADMINISTRATOR (name, email, password) VALUES ('Erika Garcia', 'williamsjason@yahoo.com', 'GoRyJeJJWYMGRJYSlmuX');
INSERT INTO ACCOUNTANT (name, email, password) VALUES ('Adrian Page', 'michellehall@gmail.com', 'ENxdcWKis');
INSERT INTO HOSPITAL_ADMINISTRATOR (name, email, password) VALUES ('Adrian Page', 'michellehall@gmail.com', 'ENxdcWKis');
INSERT INTO ACCOUNTANT (name, email, password) VALUES ('Kristen Harris', 'agardner@gmail.com', 'OmkYNlqnrGqobUDE');
INSERT INTO HOSPITAL_ADMINISTRATOR (name, email, password) VALUES ('Kristen Harris', 'agardner@gmail.com', 'OmkYNlqnrGqobUDE');
INSERT INTO ACCOUNTANT (name, email, password) VALUES ('Crystal Wheeler', 'uperez@gmail.com', 'uYeuwFrKhrOHzId');
INSERT INTO HOSPITAL_ADMINISTRATOR (name, email, password) VALUES ('Crystal Wheeler', 'uperez@gmail.com', 'uYeuwFrKhrOHzId');
INSERT INTO ACCOUNTANT (name, email, password) VALUES ('Jesus Larsen', 'jochoa@gmail.com', 'uAZcWZPqSuH');
INSERT INTO HOSPITAL_ADMINISTRATOR (name, email, password) VALUES ('Jesus Larsen', 'jochoa@gmail.com', 'uAZcWZPqSuH');
INSERT INTO ACCOUNTANT (name, email, password) VALUES ('Joshua Mcintosh', 'richardsmith@hotmail.com', 'CGJaCvUDWcjbNonY');
INSERT INTO HOSPITAL_ADMINISTRATOR (name, email, password) VALUES ('Joshua Mcintosh', 'richardsmith@hotmail.com', 'CGJaCvUDWcjbNonY');
INSERT INTO ACCOUNTANT (name, email, password) VALUES ('Maria Gardner', 'mooredaniel@yahoo.com', 'zCQjiFJazbuY');
INSERT INTO HOSPITAL_ADMINISTRATOR (name, email, password) VALUES ('Maria Gardner', 'mooredaniel@yahoo.com', 'zCQjiFJazbuY');
INSERT INTO ACCOUNTANT (name, email, password) VALUES ('Michael Black', 'luissullivan@gmail.com', 'wZHCtoMDBggexSvh');
INSERT INTO HOSPITAL_ADMINISTRATOR (name, email, password) VALUES ('Michael Black', 'luissullivan@gmail.com', 'wZHCtoMDBggexSvh');
INSERT INTO ACCOUNTANT (name, email, password) VALUES ('Stephanie Brown', 'sanchezanthony@gmail.com', 'iMURcDSzcTcvLYwz');
INSERT INTO HOSPITAL_ADMINISTRATOR (name, email, password) VALUES ('Stephanie Brown', 'sanchezanthony@gmail.com', 'iMURcDSzcTcvLYwz');
INSERT INTO ACCOUNTANT (name, email, password) VALUES ('Stephen Moses', 'jessicabailey@yahoo.com', 'IEpghIbGmRzJpUof');
INSERT INTO HOSPITAL_ADMINISTRATOR (name, email, password) VALUES ('Stephen Moses', 'jessicabailey@yahoo.com', 'IEpghIbGmRzJpUof');
INSERT INTO ACCOUNTANT (name, email, password) VALUES ('John Davis', 'cmcbride@gmail.com', 'nBLjrjhWjkPwcLa');
INSERT INTO HOSPITAL_ADMINISTRATOR (name, email, password) VALUES ('John Davis', 'cmcbride@gmail.com', 'nBLjrjhWjkPwcLa');
INSERT INTO ACCOUNTANT (name, email, password) VALUES ('Jennifer Gray', 'brucecastillo@gmail.com', 'dIQMaBClITUQlRrDwSOr');
INSERT INTO HOSPITAL_ADMINISTRATOR (name, email, password) VALUES ('Jennifer Gray', 'brucecastillo@gmail.com', 'dIQMaBClITUQlRrDwSOr');
INSERT INTO ACCOUNTANT (name, email, password) VALUES ('Heather Stewart', 'laurenramsey@gmail.com', 'eGBZKylYgXzQG');
INSERT INTO HOSPITAL_ADMINISTRATOR (name, email, password) VALUES ('Heather Stewart', 'laurenramsey@gmail.com', 'eGBZKylYgXzQG');
INSERT INTO ACCOUNTANT (name, email, password) VALUES ('Desiree Cameron', 'pinedaheather@yahoo.com', 'XFHmcKWabKSbIsD');
INSERT INTO HOSPITAL_ADMINISTRATOR (name, email, password) VALUES ('Desiree Cameron', 'pinedaheather@yahoo.com', 'XFHmcKWabKSbIsD');
INSERT INTO ACCOUNTANT (name, email, password) VALUES ('Juan Wells', 'bbrown@yahoo.com', 'RFGKGjSibjUxccGd');
INSERT INTO HOSPITAL_ADMINISTRATOR (name, email, password) VALUES ('Juan Wells', 'bbrown@yahoo.com', 'RFGKGjSibjUxccGd');
INSERT INTO ACCOUNTANT (name, email, password) VALUES ('Andrew Estrada', 'lambkathryn@hotmail.com', 'LPqCHksLyySkVgZD');
INSERT INTO HOSPITAL_ADMINISTRATOR (name, email, password) VALUES ('Andrew Estrada', 'lambkathryn@hotmail.com', 'LPqCHksLyySkVgZD');
INSERT INTO ACCOUNTANT (name, email, password) VALUES ('David Tucker', 'michael78@gmail.com', 'cZOgkXrFWvIR');
INSERT INTO HOSPITAL_ADMINISTRATOR (name, email, password) VALUES ('David Tucker', 'michael78@gmail.com', 'cZOgkXrFWvIR');
INSERT INTO ACCOUNTANT (name, email, password) VALUES ('Maria Ramos', 'jasonwright@yahoo.com', 'mIQpdWgUdPMTjkDtzTa');
INSERT INTO HOSPITAL_ADMINISTRATOR (name, email, password) VALUES ('Maria Ramos', 'jasonwright@yahoo.com', 'mIQpdWgUdPMTjkDtzTa');
INSERT INTO ACCOUNTANT (name, email, password) VALUES ('Steven Lane', 'allison33@hotmail.com', 'oQIaymLCZ');
INSERT INTO HOSPITAL_ADMINISTRATOR (name, email, password) VALUES ('Steven Lane', 'allison33@hotmail.com', 'oQIaymLCZ');
INSERT INTO ACCOUNTANT (name, email, password) VALUES ('Julia Leon', 'braunmonica@yahoo.com', 'sEKMBWtVRsO');
INSERT INTO HOSPITAL_ADMINISTRATOR (name, email, password) VALUES ('Julia Leon', 'braunmonica@yahoo.com', 'sEKMBWtVRsO');
INSERT INTO ACCOUNTANT (name, email, password) VALUES ('Bethany Herrera', 'zross@gmail.com', 'clWPOJVBBsxUFXDpdxN');
INSERT INTO HOSPITAL_ADMINISTRATOR (name, email, password) VALUES ('Bethany Herrera', 'zross@gmail.com', 'clWPOJVBBsxUFXDpdxN');
INSERT INTO ACCOUNTANT (name, email, password) VALUES ('Dr. Steven King', 'david09@hotmail.com', 'NDvqRffFslSRS');
INSERT INTO HOSPITAL_ADMINISTRATOR (name, email, password) VALUES ('Dr. Steven King', 'david09@hotmail.com', 'NDvqRffFslSRS');
INSERT INTO ACCOUNTANT (name, email, password) VALUES ('Jason Thomas', 'jason34@yahoo.com', 'goCCETigYosmxGOxxoa');
INSERT INTO HOSPITAL_ADMINISTRATOR (name, email, password) VALUES ('Jason Thomas', 'jason34@yahoo.com', 'goCCETigYosmxGOxxoa');
INSERT INTO ACCOUNTANT (name, email, password) VALUES ('Jonathan Cole', 'thomasheath@gmail.com', 'KUbZVPQjGBl');
INSERT INTO HOSPITAL_ADMINISTRATOR (name, email, password) VALUES ('Jonathan Cole', 'thomasheath@gmail.com', 'KUbZVPQjGBl');
INSERT INTO ACCOUNTANT (name, email, password) VALUES ('Joan Tran', 'vwoods@hotmail.com', 'FmJphCEv');
INSERT INTO HOSPITAL_ADMINISTRATOR (name, email, password) VALUES ('Joan Tran', 'vwoods@hotmail.com', 'FmJphCEv');
INSERT INTO ACCOUNTANT (name, email, password) VALUES ('Christopher Archer', 'mlyons@hotmail.com', 'hcdZIDXLopxlpbLCsy');
INSERT INTO HOSPITAL_ADMINISTRATOR (name, email, password) VALUES ('Christopher Archer', 'mlyons@hotmail.com', 'hcdZIDXLopxlpbLCsy');
INSERT INTO ACCOUNTANT (name, email, password) VALUES ('Katrina Rosario', 'john75@yahoo.com', 'kOTMUCtwF');
INSERT INTO HOSPITAL_ADMINISTRATOR (name, email, password) VALUES ('Katrina Rosario', 'john75@yahoo.com', 'kOTMUCtwF');
INSERT INTO ACCOUNTANT (name, email, password) VALUES ('Christopher Rodriguez', 'melissagriffin@gmail.com', 'LxOBhaFnpbduoobG');
INSERT INTO HOSPITAL_ADMINISTRATOR (name, email, password) VALUES ('Christopher Rodriguez', 'melissagriffin@gmail.com', 'LxOBhaFnpbduoobG');
INSERT INTO ACCOUNTANT (name, email, password) VALUES ('Jason Price', 'yhampton@hotmail.com', 'jZPyzoKkTUzmLhUg');
INSERT INTO HOSPITAL_ADMINISTRATOR (name, email, password) VALUES ('Jason Price', 'yhampton@hotmail.com', 'jZPyzoKkTUzmLhUg');
INSERT INTO ACCOUNTANT (name, email, password) VALUES ('Julia Pugh', 'igarcia@gmail.com', 'ddamXMZIPsNpzYLczf');
INSERT INTO HOSPITAL_ADMINISTRATOR (name, email, password) VALUES ('Julia Pugh', 'igarcia@gmail.com', 'ddamXMZIPsNpzYLczf');
INSERT INTO ACCOUNTANT (name, email, password) VALUES ('Jacob Nelson', 'hayesdominic@gmail.com', 'zlNMMbmFxEMtNs');
INSERT INTO HOSPITAL_ADMINISTRATOR (name, email, password) VALUES ('Jacob Nelson', 'hayesdominic@gmail.com', 'zlNMMbmFxEMtNs');
INSERT INTO ACCOUNTANT (name, email, password) VALUES ('Stephen Alvarado', 'jeffreyford@gmail.com', 'pDVprZAK');
INSERT INTO HOSPITAL_ADMINISTRATOR (name, email, password) VALUES ('Stephen Alvarado', 'jeffreyford@gmail.com', 'pDVprZAK');
INSERT INTO ACCOUNTANT (name, email, password) VALUES ('Susan Maldonado', 'cheryl21@gmail.com', 'rvQXGoNsGPV');
INSERT INTO HOSPITAL_ADMINISTRATOR (name, email, password) VALUES ('Susan Maldonado', 'cheryl21@gmail.com', 'rvQXGoNsGPV');
INSERT INTO ACCOUNTANT (name, email, password) VALUES ('Julie Bruce', 'dfisher@gmail.com', 'wUULelSYUWemcwgUPH');
INSERT INTO HOSPITAL_ADMINISTRATOR (name, email, password) VALUES ('Julie Bruce', 'dfisher@gmail.com', 'wUULelSYUWemcwgUPH');
INSERT INTO ACCOUNTANT (name, email, password) VALUES ('George Allen', 'dannyramos@yahoo.com', 'KjIcERtXgIvngiDsgrWc');
INSERT INTO HOSPITAL_ADMINISTRATOR (name, email, password) VALUES ('George Allen', 'dannyramos@yahoo.com', 'KjIcERtXgIvngiDsgrWc');
INSERT INTO ACCOUNTANT (name, email, password) VALUES ('Brian Johnson', 'ununez@gmail.com', 'eNnCmKtdZeC');
INSERT INTO HOSPITAL_ADMINISTRATOR (name, email, password) VALUES ('Brian Johnson', 'ununez@gmail.com', 'eNnCmKtdZeC');
INSERT INTO ACCOUNTANT (name, email, password) VALUES ('Amber Whitehead', 'mistysmith@hotmail.com', 'ULRPpAVd');
INSERT INTO HOSPITAL_ADMINISTRATOR (name, email, password) VALUES ('Amber Whitehead', 'mistysmith@hotmail.com', 'ULRPpAVd');
INSERT INTO ACCOUNTANT (name, email, password) VALUES ('Samuel Potts', 'dawnmatthews@gmail.com', 'agPLVpOwShRRaXsy');
INSERT INTO HOSPITAL_ADMINISTRATOR (name, email, password) VALUES ('Samuel Potts', 'dawnmatthews@gmail.com', 'agPLVpOwShRRaXsy');
INSERT INTO ACCOUNTANT (name, email, password) VALUES ('Zachary Spencer', 'williamweber@yahoo.com', 'nRvrhCefeQLTFd');
INSERT INTO HOSPITAL_ADMINISTRATOR (name, email, password) VALUES ('Zachary Spencer', 'williamweber@yahoo.com', 'nRvrhCefeQLTFd');
INSERT INTO ACCOUNTANT (name, email, password) VALUES ('Ronald Jackson', 'leachdonald@gmail.com', 'ExFdIvsaZZuNhMkUwIZr');
INSERT INTO HOSPITAL_ADMINISTRATOR (name, email, password) VALUES ('Ronald Jackson', 'leachdonald@gmail.com', 'ExFdIvsaZZuNhMkUwIZr');
INSERT INTO ACCOUNTANT (name, email, password) VALUES ('Michelle Weiss', 'matthewslinda@hotmail.com', 'XGiRpIMFlkT');
INSERT INTO HOSPITAL_ADMINISTRATOR (name, email, password) VALUES ('Michelle Weiss', 'matthewslinda@hotmail.com', 'XGiRpIMFlkT');
INSERT INTO ACCOUNTANT (name, email, password) VALUES ('Christina Cooper', 'lori49@gmail.com', 'kQJzTvWy');
INSERT INTO HOSPITAL_ADMINISTRATOR (name, email, password) VALUES ('Christina Cooper', 'lori49@gmail.com', 'kQJzTvWy');
INSERT INTO ACCOUNTANT (name, email, password) VALUES ('Emily Rogers', 'michael13@gmail.com', 'wfaglTbfSaK');
INSERT INTO HOSPITAL_ADMINISTRATOR (name, email, password) VALUES ('Emily Rogers', 'michael13@gmail.com', 'wfaglTbfSaK');
INSERT INTO ACCOUNTANT (name, email, password) VALUES ('Jacob Craig', 'ashley25@yahoo.com', 'mbpSLjAfhWCYawttvHi');
INSERT INTO HOSPITAL_ADMINISTRATOR (name, email, password) VALUES ('Jacob Craig', 'ashley25@yahoo.com', 'mbpSLjAfhWCYawttvHi');
INSERT INTO ACCOUNTANT (name, email, password) VALUES ('Samantha Watkins', 'uthomas@gmail.com', 'CcSbUZenyaIKvHPh');
INSERT INTO HOSPITAL_ADMINISTRATOR (name, email, password) VALUES ('Samantha Watkins', 'uthomas@gmail.com', 'CcSbUZenyaIKvHPh');
INSERT INTO ACCOUNTANT (name, email, password) VALUES ('Tyler Johnson', 'katherine27@gmail.com', 'GweedfNLRAWZKPl');
INSERT INTO HOSPITAL_ADMINISTRATOR (name, email, password) VALUES ('Tyler Johnson', 'katherine27@gmail.com', 'GweedfNLRAWZKPl');
INSERT INTO ACCOUNTANT (name, email, password) VALUES ('Linda Martinez', 'jennifer40@yahoo.com', 'rMOiOGIfdNpWsIOnOb');
INSERT INTO HOSPITAL_ADMINISTRATOR (name, email, password) VALUES ('Linda Martinez', 'jennifer40@yahoo.com', 'rMOiOGIfdNpWsIOnOb');
INSERT INTO ACCOUNTANT (name, email, password) VALUES ('Dr. Gregory Thompson Jr.', 'rebecca20@hotmail.com', 'SonWygjifAelCqgrZvIM');
INSERT INTO HOSPITAL_ADMINISTRATOR (name, email, password) VALUES ('Dr. Gregory Thompson Jr.', 'rebecca20@hotmail.com', 'SonWygjifAelCqgrZvIM');
INSERT INTO ACCOUNTANT (name, email, password) VALUES ('Jeremy Sheppard', 'jessicawatson@yahoo.com', 'VycdECJmMUgkCkXJhT');
INSERT INTO HOSPITAL_ADMINISTRATOR (name, email, password) VALUES ('Jeremy Sheppard', 'jessicawatson@yahoo.com', 'VycdECJmMUgkCkXJhT');
INSERT INTO ACCOUNTANT (name, email, password) VALUES ('Angela Perez', 'kyle98@hotmail.com', 'dqLCYObmOHoYKLe');
INSERT INTO HOSPITAL_ADMINISTRATOR (name, email, password) VALUES ('Angela Perez', 'kyle98@hotmail.com', 'dqLCYObmOHoYKLe');
INSERT INTO ACCOUNTANT (name, email, password) VALUES ('Jose Thomas', 'younggloria@gmail.com', 'qPobwfeSZcUSFJodgP');
INSERT INTO HOSPITAL_ADMINISTRATOR (name, email, password) VALUES ('Jose Thomas', 'younggloria@gmail.com', 'qPobwfeSZcUSFJodgP');
INSERT INTO ACCOUNTANT (name, email, password) VALUES ('Jonathan Boyd', 'april04@gmail.com', 'GnvIRIKtIpkCYbTBMbj');
INSERT INTO HOSPITAL_ADMINISTRATOR (name, email, password) VALUES ('Jonathan Boyd', 'april04@gmail.com', 'GnvIRIKtIpkCYbTBMbj');
INSERT INTO ACCOUNTANT (name, email, password) VALUES ('Glenn Lane', 'shellyrivera@hotmail.com', 'UhnLgmMNtkPr');
INSERT INTO HOSPITAL_ADMINISTRATOR (name, email, password) VALUES ('Glenn Lane', 'shellyrivera@hotmail.com', 'UhnLgmMNtkPr');
INSERT INTO ACCOUNTANT (name, email, password) VALUES ('Patrick Roberts', 'mrobinson@yahoo.com', 'mUBCSMGgqxLEeG');
INSERT INTO HOSPITAL_ADMINISTRATOR (name, email, password) VALUES ('Patrick Roberts', 'mrobinson@yahoo.com', 'mUBCSMGgqxLEeG');
INSERT INTO ACCOUNTANT (name, email, password) VALUES ('Jeanne Butler', 'garciapaul@yahoo.com', 'UnzzLMMZU');
INSERT INTO HOSPITAL_ADMINISTRATOR (name, email, password) VALUES ('Jeanne Butler', 'garciapaul@yahoo.com', 'UnzzLMMZU');
INSERT INTO ACCOUNTANT (name, email, password) VALUES ('Meghan Bryant', 'johnsonronald@yahoo.com', 'LZoMcGeEI');
INSERT INTO HOSPITAL_ADMINISTRATOR (name, email, password) VALUES ('Meghan Bryant', 'johnsonronald@yahoo.com', 'LZoMcGeEI');
INSERT INTO ACCOUNTANT (name, email, password) VALUES ('Rebecca Anderson', 'donaldwalker@yahoo.com', 'WayGLbdhFPBQNQ');
INSERT INTO HOSPITAL_ADMINISTRATOR (name, email, password) VALUES ('Rebecca Anderson', 'donaldwalker@yahoo.com', 'WayGLbdhFPBQNQ');
INSERT INTO ACCOUNTANT (name, email, password) VALUES ('Zachary Lewis', 'byrdvictoria@gmail.com', 'xkToiXuCHz');
INSERT INTO HOSPITAL_ADMINISTRATOR (name, email, password) VALUES ('Zachary Lewis', 'byrdvictoria@gmail.com', 'xkToiXuCHz');
INSERT INTO ACCOUNTANT (name, email, password) VALUES ('Elizabeth Chaney', 'janthony@hotmail.com', 'UCJEuDtDldhc');
INSERT INTO HOSPITAL_ADMINISTRATOR (name, email, password) VALUES ('Elizabeth Chaney', 'janthony@hotmail.com', 'UCJEuDtDldhc');
INSERT INTO ACCOUNTANT (name, email, password) VALUES ('Barbara Moore', 'vgilbert@yahoo.com', 'peivmwLkpjoZihmvyoM');
INSERT INTO HOSPITAL_ADMINISTRATOR (name, email, password) VALUES ('Barbara Moore', 'vgilbert@yahoo.com', 'peivmwLkpjoZihmvyoM');
INSERT INTO ACCOUNTANT (name, email, password) VALUES ('Tara Simmons', 'gonzalesanna@gmail.com', 'nZdWsEoDj');
INSERT INTO HOSPITAL_ADMINISTRATOR (name, email, password) VALUES ('Tara Simmons', 'gonzalesanna@gmail.com', 'nZdWsEoDj');
INSERT INTO ACCOUNTANT (name, email, password) VALUES ('Scott Harrell', 'samanthajones@gmail.com', 'bMGyGURRKRQoVMXd');
INSERT INTO HOSPITAL_ADMINISTRATOR (name, email, password) VALUES ('Scott Harrell', 'samanthajones@gmail.com', 'bMGyGURRKRQoVMXd');
INSERT INTO ACCOUNTANT (name, email, password) VALUES ('Jesse Aguirre', 'wweaver@hotmail.com', 'NmGEALsWRiYO');
INSERT INTO HOSPITAL_ADMINISTRATOR (name, email, password) VALUES ('Jesse Aguirre', 'wweaver@hotmail.com', 'NmGEALsWRiYO');
INSERT INTO ACCOUNTANT (name, email, password) VALUES ('Daniel Mercer', 'gerald14@hotmail.com', 'ETugOkduzoFzl');
INSERT INTO HOSPITAL_ADMINISTRATOR (name, email, password) VALUES ('Daniel Mercer', 'gerald14@hotmail.com', 'ETugOkduzoFzl');
INSERT INTO ACCOUNTANT (name, email, password) VALUES ('Lisa Joyce', 'josephmichael@gmail.com', 'figAUuomvMPo');
INSERT INTO HOSPITAL_ADMINISTRATOR (name, email, password) VALUES ('Lisa Joyce', 'josephmichael@gmail.com', 'figAUuomvMPo');
INSERT INTO ACCOUNTANT (name, email, password) VALUES ('Tracey Johnson', 'xgibson@hotmail.com', 'jvGrSfMInn');
INSERT INTO HOSPITAL_ADMINISTRATOR (name, email, password) VALUES ('Tracey Johnson', 'xgibson@hotmail.com', 'jvGrSfMInn');
INSERT INTO ACCOUNTANT (name, email, password) VALUES ('Kevin Johnson', 'pittsjoshua@yahoo.com', 'MlaUPGguXYl');
INSERT INTO HOSPITAL_ADMINISTRATOR (name, email, password) VALUES ('Kevin Johnson', 'pittsjoshua@yahoo.com', 'MlaUPGguXYl');
INSERT INTO ACCOUNTANT (name, email, password) VALUES ('Nicole Campbell', 'smithdavid@hotmail.com', 'LcCcmjuELqkTxK');
INSERT INTO HOSPITAL_ADMINISTRATOR (name, email, password) VALUES ('Nicole Campbell', 'smithdavid@hotmail.com', 'LcCcmjuELqkTxK');
INSERT INTO ACCOUNTANT (name, email, password) VALUES ('Mariah Smith', 'mmoody@yahoo.com', 'ITVnMbhbhG');
INSERT INTO HOSPITAL_ADMINISTRATOR (name, email, password) VALUES ('Mariah Smith', 'mmoody@yahoo.com', 'ITVnMbhbhG');
INSERT INTO ACCOUNTANT (name, email, password) VALUES ('Todd Davis', 'bushandrea@gmail.com', 'NjdieApheVsn');
INSERT INTO HOSPITAL_ADMINISTRATOR (name, email, password) VALUES ('Todd Davis', 'bushandrea@gmail.com', 'NjdieApheVsn');
INSERT INTO ACCOUNTANT (name, email, password) VALUES ('Kimberly Reed', 'mjordan@yahoo.com', 'HYzAydGAcRULQ');
INSERT INTO HOSPITAL_ADMINISTRATOR (name, email, password) VALUES ('Kimberly Reed', 'mjordan@yahoo.com', 'HYzAydGAcRULQ');
INSERT INTO ACCOUNTANT (name, email, password) VALUES ('Adrienne Joyce PhD', 'briandiaz@hotmail.com', 'KsmIrmzsddZkARKEltxK');
INSERT INTO HOSPITAL_ADMINISTRATOR (name, email, password) VALUES ('Adrienne Joyce PhD', 'briandiaz@hotmail.com', 'KsmIrmzsddZkARKEltxK');
INSERT INTO ACCOUNTANT (name, email, password) VALUES ('David Edwards', 'vwilliamson@gmail.com', 'CCnpJSdSBT');
INSERT INTO HOSPITAL_ADMINISTRATOR (name, email, password) VALUES ('David Edwards', 'vwilliamson@gmail.com', 'CCnpJSdSBT');
INSERT INTO ACCOUNTANT (name, email, password) VALUES ('Roger Roberts', 'ashleylarson@yahoo.com', 'DzSQBLCNYMeP');
INSERT INTO HOSPITAL_ADMINISTRATOR (name, email, password) VALUES ('Roger Roberts', 'ashleylarson@yahoo.com', 'DzSQBLCNYMeP');
INSERT INTO ACCOUNTANT (name, email, password) VALUES ('Emily Holloway', 'patelshannon@yahoo.com', 'qNsyyDppDgH');
INSERT INTO HOSPITAL_ADMINISTRATOR (name, email, password) VALUES ('Emily Holloway', 'patelshannon@yahoo.com', 'qNsyyDppDgH');
INSERT INTO ACCOUNTANT (name, email, password) VALUES ('Taylor Sharp', 'aharris@hotmail.com', 'fsOAxGdtdtWucNpJry');
INSERT INTO HOSPITAL_ADMINISTRATOR (name, email, password) VALUES ('Taylor Sharp', 'aharris@hotmail.com', 'fsOAxGdtdtWucNpJry');
INSERT INTO ACCOUNTANT (name, email, password) VALUES ('Brittany Adams', 'mwoodward@yahoo.com', 'ZTndkpDrEpPiuXLSUq');
INSERT INTO HOSPITAL_ADMINISTRATOR (name, email, password) VALUES ('Brittany Adams', 'mwoodward@yahoo.com', 'ZTndkpDrEpPiuXLSUq');
INSERT INTO ACCOUNTANT (name, email, password) VALUES ('Barbara Brown', 'nrivera@hotmail.com', 'CiwyjPDCkJSU');
INSERT INTO HOSPITAL_ADMINISTRATOR (name, email, password) VALUES ('Barbara Brown', 'nrivera@hotmail.com', 'CiwyjPDCkJSU');
INSERT INTO ACCOUNTANT (name, email, password) VALUES ('Joshua Brown', 'leahmays@gmail.com', 'lDoWgxstpaUZbYDz');
INSERT INTO HOSPITAL_ADMINISTRATOR (name, email, password) VALUES ('Joshua Brown', 'leahmays@gmail.com', 'lDoWgxstpaUZbYDz');
INSERT INTO ACCOUNTANT (name, email, password) VALUES ('Mr. David Ayers', 'daltoncarpenter@gmail.com', 'VzhoYlxGSs');
INSERT INTO HOSPITAL_ADMINISTRATOR (name, email, password) VALUES ('Mr. David Ayers', 'daltoncarpenter@gmail.com', 'VzhoYlxGSs');
INSERT INTO ACCOUNTANT (name, email, password) VALUES ('Steven Love', 'timothy16@yahoo.com', 'SEigKqMTTkdeJZU');
INSERT INTO HOSPITAL_ADMINISTRATOR (name, email, password) VALUES ('Steven Love', 'timothy16@yahoo.com', 'SEigKqMTTkdeJZU');
INSERT INTO ACCOUNTANT (name, email, password) VALUES ('Denise Morales', 'craigdouglas@yahoo.com', 'mVZnFfGFDwPNzOtHw');
INSERT INTO HOSPITAL_ADMINISTRATOR (name, email, password) VALUES ('Denise Morales', 'craigdouglas@yahoo.com', 'mVZnFfGFDwPNzOtHw');
INSERT INTO ACCOUNTANT (name, email, password) VALUES ('Desiree Parsons', 'bullockjulie@gmail.com', 'vDasLzzxBEfXXEFW');
INSERT INTO HOSPITAL_ADMINISTRATOR (name, email, password) VALUES ('Desiree Parsons', 'bullockjulie@gmail.com', 'vDasLzzxBEfXXEFW');
INSERT INTO ACCOUNTANT (name, email, password) VALUES ('Mary Green PhD', 'scottstephanie@yahoo.com', 'yJDiMwuwMkRUBgEBQf');
INSERT INTO HOSPITAL_ADMINISTRATOR (name, email, password) VALUES ('Mary Green PhD', 'scottstephanie@yahoo.com', 'yJDiMwuwMkRUBgEBQf');
INSERT INTO ACCOUNTANT (name, email, password) VALUES ('Deborah Rogers', 'annasanders@yahoo.com', 'CxffpBEOgryqkSN');
INSERT INTO HOSPITAL_ADMINISTRATOR (name, email, password) VALUES ('Deborah Rogers', 'annasanders@yahoo.com', 'CxffpBEOgryqkSN');
INSERT INTO ACCOUNTANT (name, email, password) VALUES ('Elizabeth Fisher', 'anna74@gmail.com', 'PVaiYZnOHh');
INSERT INTO HOSPITAL_ADMINISTRATOR (name, email, password) VALUES ('Elizabeth Fisher', 'anna74@gmail.com', 'PVaiYZnOHh');
INSERT INTO ACCOUNTANT (name, email, password) VALUES ('Patricia Williams', 'mdonovan@gmail.com', 'koTjGgYMB');
INSERT INTO HOSPITAL_ADMINISTRATOR (name, email, password) VALUES ('Patricia Williams', 'mdonovan@gmail.com', 'koTjGgYMB');
INSERT INTO ACCOUNTANT (name, email, password) VALUES ('Nicole Clark', 'youngmark@yahoo.com', 'LwZjfzYK');
INSERT INTO HOSPITAL_ADMINISTRATOR (name, email, password) VALUES ('Nicole Clark', 'youngmark@yahoo.com', 'LwZjfzYK');
INSERT INTO ACCOUNTANT (name, email, password) VALUES ('Stephanie Jones', 'autumn68@hotmail.com', 'QMKTeStozWxcRcGmU');
INSERT INTO HOSPITAL_ADMINISTRATOR (name, email, password) VALUES ('Stephanie Jones', 'autumn68@hotmail.com', 'QMKTeStozWxcRcGmU');
INSERT INTO ACCOUNTANT (name, email, password) VALUES ('Derek Simpson', 'deckeradam@gmail.com', 'GqTaqcciO');
INSERT INTO HOSPITAL_ADMINISTRATOR (name, email, password) VALUES ('Derek Simpson', 'deckeradam@gmail.com', 'GqTaqcciO');
INSERT INTO ACCOUNTANT (name, email, password) VALUES ('Miguel Deleon', 'martinjulie@hotmail.com', 'FBZjWkHMiijryuQEDi');
INSERT INTO HOSPITAL_ADMINISTRATOR (name, email, password) VALUES ('Miguel Deleon', 'martinjulie@hotmail.com', 'FBZjWkHMiijryuQEDi');
INSERT INTO ACCOUNTANT (name, email, password) VALUES ('Victor Lopez', 'sean39@hotmail.com', 'vsjMIDKrDjLyV');
INSERT INTO HOSPITAL_ADMINISTRATOR (name, email, password) VALUES ('Victor Lopez', 'sean39@hotmail.com', 'vsjMIDKrDjLyV');
INSERT INTO ACCOUNTANT (name, email, password) VALUES ('Maria Bell', 'bmitchell@yahoo.com', 'wscUvZynfJNZGAjELnf');
INSERT INTO HOSPITAL_ADMINISTRATOR (name, email, password) VALUES ('Maria Bell', 'bmitchell@yahoo.com', 'wscUvZynfJNZGAjELnf');
INSERT INTO ACCOUNTANT (name, email, password) VALUES ('William Nelson', 'manninggeorge@hotmail.com', 'wGfaayuxowSXpb');
INSERT INTO HOSPITAL_ADMINISTRATOR (name, email, password) VALUES ('William Nelson', 'manninggeorge@hotmail.com', 'wGfaayuxowSXpb');
INSERT INTO ACCOUNTANT (name, email, password) VALUES ('Duane Mills', 'joshuaellis@hotmail.com', 'fxkqJHSNb');
INSERT INTO HOSPITAL_ADMINISTRATOR (name, email, password) VALUES ('Duane Mills', 'joshuaellis@hotmail.com', 'fxkqJHSNb');
INSERT INTO ACCOUNTANT (name, email, password) VALUES ('Samantha Porter', 'dmason@gmail.com', 'BvLQUcwSvNRB');
INSERT INTO HOSPITAL_ADMINISTRATOR (name, email, password) VALUES ('Samantha Porter', 'dmason@gmail.com', 'BvLQUcwSvNRB');
INSERT INTO ACCOUNTANT (name, email, password) VALUES ('Alexander Wilson', 'toddmiller@gmail.com', 'SEwNngVGkhCyF');
INSERT INTO HOSPITAL_ADMINISTRATOR (name, email, password) VALUES ('Alexander Wilson', 'toddmiller@gmail.com', 'SEwNngVGkhCyF');
INSERT INTO ACCOUNTANT (name, email, password) VALUES ('Michele Jennings', 'vmarshall@yahoo.com', 'LpmXKEvfF');
INSERT INTO HOSPITAL_ADMINISTRATOR (name, email, password) VALUES ('Michele Jennings', 'vmarshall@yahoo.com', 'LpmXKEvfF');
INSERT INTO ACCOUNTANT (name, email, password) VALUES ('Amy Holloway', 'juliahiggins@yahoo.com', 'HYmKzVuWIApM');
INSERT INTO HOSPITAL_ADMINISTRATOR (name, email, password) VALUES ('Amy Holloway', 'juliahiggins@yahoo.com', 'HYmKzVuWIApM');
INSERT INTO ACCOUNTANT (name, email, password) VALUES ('Karen Johnson', 'tiffanypeters@gmail.com', 'yaSdwkHHfYrhwdNtVHjB');
INSERT INTO HOSPITAL_ADMINISTRATOR (name, email, password) VALUES ('Karen Johnson', 'tiffanypeters@gmail.com', 'yaSdwkHHfYrhwdNtVHjB');
INSERT INTO ACCOUNTANT (name, email, password) VALUES ('David Mcdowell', 'obrooks@gmail.com', 'DECntPknC');
INSERT INTO HOSPITAL_ADMINISTRATOR (name, email, password) VALUES ('David Mcdowell', 'obrooks@gmail.com', 'DECntPknC');
INSERT INTO ACCOUNTANT (name, email, password) VALUES ('Robert Adams', 'yolanda20@yahoo.com', 'gCArsNuieoUnalEmzRvd');
INSERT INTO HOSPITAL_ADMINISTRATOR (name, email, password) VALUES ('Robert Adams', 'yolanda20@yahoo.com', 'gCArsNuieoUnalEmzRvd');
INSERT INTO ACCOUNTANT (name, email, password) VALUES ('Kevin Johnson', 'stevenmiller@yahoo.com', 'ubARBrvTQsxm');
INSERT INTO HOSPITAL_ADMINISTRATOR (name, email, password) VALUES ('Kevin Johnson', 'stevenmiller@yahoo.com', 'ubARBrvTQsxm');
INSERT INTO ACCOUNTANT (name, email, password) VALUES ('Timothy Harper', 'monteskenneth@yahoo.com', 'uihNkmiIoWde');
INSERT INTO HOSPITAL_ADMINISTRATOR (name, email, password) VALUES ('Timothy Harper', 'monteskenneth@yahoo.com', 'uihNkmiIoWde');
INSERT INTO ACCOUNTANT (name, email, password) VALUES ('Tiffany Holder', 'thomasmason@gmail.com', 'VJEkzjcnFaPnuDLjkYi');
INSERT INTO HOSPITAL_ADMINISTRATOR (name, email, password) VALUES ('Tiffany Holder', 'thomasmason@gmail.com', 'VJEkzjcnFaPnuDLjkYi');
INSERT INTO ACCOUNTANT (name, email, password) VALUES ('Mandy Christian', 'angel32@gmail.com', 'ALxavsZwhpbVhocYh');
INSERT INTO HOSPITAL_ADMINISTRATOR (name, email, password) VALUES ('Mandy Christian', 'angel32@gmail.com', 'ALxavsZwhpbVhocYh');
INSERT INTO ACCOUNTANT (name, email, password) VALUES ('Edward Walker', 'sarah22@gmail.com', 'EMBmzfESHn');
INSERT INTO HOSPITAL_ADMINISTRATOR (name, email, password) VALUES ('Edward Walker', 'sarah22@gmail.com', 'EMBmzfESHn');
INSERT INTO ACCOUNTANT (name, email, password) VALUES ('Monica Zimmerman', 'robert74@hotmail.com', 'jjErQXeN');
INSERT INTO HOSPITAL_ADMINISTRATOR (name, email, password) VALUES ('Monica Zimmerman', 'robert74@hotmail.com', 'jjErQXeN');
INSERT INTO ACCOUNTANT (name, email, password) VALUES ('Jason Williams', 'kaitlin39@gmail.com', 'MOVLykrTrFqq');
INSERT INTO HOSPITAL_ADMINISTRATOR (name, email, password) VALUES ('Jason Williams', 'kaitlin39@gmail.com', 'MOVLykrTrFqq');
INSERT INTO ACCOUNTANT (name, email, password) VALUES ('Summer Bennett', 'julia79@gmail.com', 'PEqcvZPKSV');
INSERT INTO HOSPITAL_ADMINISTRATOR (name, email, password) VALUES ('Summer Bennett', 'julia79@gmail.com', 'PEqcvZPKSV');
INSERT INTO ACCOUNTANT (name, email, password) VALUES ('Aaron Carr', 'zprice@gmail.com', 'qJSHbEELhZG');
INSERT INTO HOSPITAL_ADMINISTRATOR (name, email, password) VALUES ('Aaron Carr', 'zprice@gmail.com', 'qJSHbEELhZG');
INSERT INTO ACCOUNTANT (name, email, password) VALUES ('Chase Curry', 'millerstephanie@gmail.com', 'DWSkuErbD');
INSERT INTO HOSPITAL_ADMINISTRATOR (name, email, password) VALUES ('Chase Curry', 'millerstephanie@gmail.com', 'DWSkuErbD');
INSERT INTO ACCOUNTANT (name, email, password) VALUES ('Timothy Beck', 'amandamoran@hotmail.com', 'xdkEjCsGtZe');
INSERT INTO HOSPITAL_ADMINISTRATOR (name, email, password) VALUES ('Timothy Beck', 'amandamoran@hotmail.com', 'xdkEjCsGtZe');
INSERT INTO ACCOUNTANT (name, email, password) VALUES ('Robert Chapman', 'john89@yahoo.com', 'UDkhSnZblSeSNXfT');
INSERT INTO HOSPITAL_ADMINISTRATOR (name, email, password) VALUES ('Robert Chapman', 'john89@yahoo.com', 'UDkhSnZblSeSNXfT');
INSERT INTO ACCOUNTANT (name, email, password) VALUES ('John Ibarra', 'laura74@hotmail.com', 'GuwbaqgKIbR');
INSERT INTO HOSPITAL_ADMINISTRATOR (name, email, password) VALUES ('John Ibarra', 'laura74@hotmail.com', 'GuwbaqgKIbR');
INSERT INTO ACCOUNTANT (name, email, password) VALUES ('Lauren Page', 'christopher34@gmail.com', 'nZPQEFQmYYey');
INSERT INTO HOSPITAL_ADMINISTRATOR (name, email, password) VALUES ('Lauren Page', 'christopher34@gmail.com', 'nZPQEFQmYYey');
INSERT INTO ACCOUNTANT (name, email, password) VALUES ('Stephanie Copeland', 'martinrobin@hotmail.com', 'aThQXgnagtoOGv');
INSERT INTO HOSPITAL_ADMINISTRATOR (name, email, password) VALUES ('Stephanie Copeland', 'martinrobin@hotmail.com', 'aThQXgnagtoOGv');
INSERT INTO ACCOUNTANT (name, email, password) VALUES ('Jesse Reyes', 'pierceryan@gmail.com', 'xqASAzaRjIHJbifM');
INSERT INTO HOSPITAL_ADMINISTRATOR (name, email, password) VALUES ('Jesse Reyes', 'pierceryan@gmail.com', 'xqASAzaRjIHJbifM');
INSERT INTO ACCOUNTANT (name, email, password) VALUES ('Drew Gibson', 'christophernguyen@gmail.com', 'THtihyugniOGSriIVAY');
INSERT INTO HOSPITAL_ADMINISTRATOR (name, email, password) VALUES ('Drew Gibson', 'christophernguyen@gmail.com', 'THtihyugniOGSriIVAY');
INSERT INTO ACCOUNTANT (name, email, password) VALUES ('Julia Davis', 'lindseyelizabeth@hotmail.com', 'nHQVGMoTou');
INSERT INTO HOSPITAL_ADMINISTRATOR (name, email, password) VALUES ('Julia Davis', 'lindseyelizabeth@hotmail.com', 'nHQVGMoTou');
INSERT INTO ACCOUNTANT (name, email, password) VALUES ('Dana Brady', 'ucarter@hotmail.com', 'dlxDMQjxkpiH');
INSERT INTO HOSPITAL_ADMINISTRATOR (name, email, password) VALUES ('Dana Brady', 'ucarter@hotmail.com', 'dlxDMQjxkpiH');
INSERT INTO ACCOUNTANT (name, email, password) VALUES ('Steven Garcia', 'emilyfrancis@gmail.com', 'FJTwtLEN');
INSERT INTO HOSPITAL_ADMINISTRATOR (name, email, password) VALUES ('Steven Garcia', 'emilyfrancis@gmail.com', 'FJTwtLEN');
INSERT INTO ACCOUNTANT (name, email, password) VALUES ('Ann Hurley', 'ambersilva@yahoo.com', 'CSJjhZqubmOdZzT');
INSERT INTO HOSPITAL_ADMINISTRATOR (name, email, password) VALUES ('Ann Hurley', 'ambersilva@yahoo.com', 'CSJjhZqubmOdZzT');
INSERT INTO ACCOUNTANT (name, email, password) VALUES ('Aaron Peck', 'lhoffman@gmail.com', 'AZKtjYkTCgpQ');
INSERT INTO HOSPITAL_ADMINISTRATOR (name, email, password) VALUES ('Aaron Peck', 'lhoffman@gmail.com', 'AZKtjYkTCgpQ');
INSERT INTO ACCOUNTANT (name, email, password) VALUES ('Elizabeth Palmer', 'bryantrevor@yahoo.com', 'qqxpeiHEdAIhd');
INSERT INTO HOSPITAL_ADMINISTRATOR (name, email, password) VALUES ('Elizabeth Palmer', 'bryantrevor@yahoo.com', 'qqxpeiHEdAIhd');
INSERT INTO ACCOUNTANT (name, email, password) VALUES ('Brendan Banks', 'gerald90@yahoo.com', 'npSuXXAg');
INSERT INTO HOSPITAL_ADMINISTRATOR (name, email, password) VALUES ('Brendan Banks', 'gerald90@yahoo.com', 'npSuXXAg');
INSERT INTO ACCOUNTANT (name, email, password) VALUES ('Caleb Wiley', 'lmitchell@gmail.com', 'LxhsNqYWBb');
INSERT INTO HOSPITAL_ADMINISTRATOR (name, email, password) VALUES ('Caleb Wiley', 'lmitchell@gmail.com', 'LxhsNqYWBb');
INSERT INTO ACCOUNTANT (name, email, password) VALUES ('David Harper', 'cgarcia@hotmail.com', 'SzObDHZfBZN');
INSERT INTO HOSPITAL_ADMINISTRATOR (name, email, password) VALUES ('David Harper', 'cgarcia@hotmail.com', 'SzObDHZfBZN');
INSERT INTO ACCOUNTANT (name, email, password) VALUES ('Maria Henry', 'ericwong@gmail.com', 'GRdLaAMah');
INSERT INTO HOSPITAL_ADMINISTRATOR (name, email, password) VALUES ('Maria Henry', 'ericwong@gmail.com', 'GRdLaAMah');
INSERT INTO ACCOUNTANT (name, email, password) VALUES ('Philip Hernandez', 'erik07@hotmail.com', 'xakvsEtMOCrxbQuRmK');
INSERT INTO HOSPITAL_ADMINISTRATOR (name, email, password) VALUES ('Philip Hernandez', 'erik07@hotmail.com', 'xakvsEtMOCrxbQuRmK');
INSERT INTO ACCOUNTANT (name, email, password) VALUES ('Brenda Hernandez', 'angeladavidson@gmail.com', 'Ewedayynia');
INSERT INTO HOSPITAL_ADMINISTRATOR (name, email, password) VALUES ('Brenda Hernandez', 'angeladavidson@gmail.com', 'Ewedayynia');
INSERT INTO ACCOUNTANT (name, email, password) VALUES ('Mr. David Avila', 'hickmanbrandi@hotmail.com', 'XOcHMtsldIb');
INSERT INTO HOSPITAL_ADMINISTRATOR (name, email, password) VALUES ('Mr. David Avila', 'hickmanbrandi@hotmail.com', 'XOcHMtsldIb');
INSERT INTO ACCOUNTANT (name, email, password) VALUES ('Nathan Smith', 'grantdavid@gmail.com', 'vOTaDItDPgmVx');
INSERT INTO HOSPITAL_ADMINISTRATOR (name, email, password) VALUES ('Nathan Smith', 'grantdavid@gmail.com', 'vOTaDItDPgmVx');
INSERT INTO ACCOUNTANT (name, email, password) VALUES ('Daniel Nolan', 'featon@yahoo.com', 'ArEjGhyXltuBAabf');
INSERT INTO HOSPITAL_ADMINISTRATOR (name, email, password) VALUES ('Daniel Nolan', 'featon@yahoo.com', 'ArEjGhyXltuBAabf');
INSERT INTO ACCOUNTANT (name, email, password) VALUES ('Tracy Estes', 'jasonmarks@yahoo.com', 'BAKZqPIp');
INSERT INTO HOSPITAL_ADMINISTRATOR (name, email, password) VALUES ('Tracy Estes', 'jasonmarks@yahoo.com', 'BAKZqPIp');
INSERT INTO ACCOUNTANT (name, email, password) VALUES ('Kristen Bowen', 'cgarcia@hotmail.com', 'rHQoCMBQEpQXFXWnUAA');
INSERT INTO HOSPITAL_ADMINISTRATOR (name, email, password) VALUES ('Kristen Bowen', 'cgarcia@hotmail.com', 'rHQoCMBQEpQXFXWnUAA');
INSERT INTO ACCOUNTANT (name, email, password) VALUES ('Christopher Miller', 'ryangarcia@gmail.com', 'xLgXObFhmzx');
INSERT INTO HOSPITAL_ADMINISTRATOR (name, email, password) VALUES ('Christopher Miller', 'ryangarcia@gmail.com', 'xLgXObFhmzx');
INSERT INTO ACCOUNTANT (name, email, password) VALUES ('Rachael James', 'owalker@yahoo.com', 'otcAyTOmWd');
INSERT INTO HOSPITAL_ADMINISTRATOR (name, email, password) VALUES ('Rachael James', 'owalker@yahoo.com', 'otcAyTOmWd');
INSERT INTO ACCOUNTANT (name, email, password) VALUES ('Ashley Harmon', 'aaronmckenzie@hotmail.com', 'HRYKTckmsnWQOLxG');
INSERT INTO HOSPITAL_ADMINISTRATOR (name, email, password) VALUES ('Ashley Harmon', 'aaronmckenzie@hotmail.com', 'HRYKTckmsnWQOLxG');
INSERT INTO ACCOUNTANT (name, email, password) VALUES ('Anna Maldonado', 'daniel60@yahoo.com', 'lnIMozfTeoVy');
INSERT INTO HOSPITAL_ADMINISTRATOR (name, email, password) VALUES ('Anna Maldonado', 'daniel60@yahoo.com', 'lnIMozfTeoVy');
INSERT INTO ACCOUNTANT (name, email, password) VALUES ('Samantha Cox', 'sarahgonzalez@hotmail.com', 'HbChBYmteOovdWrzsrO');
INSERT INTO HOSPITAL_ADMINISTRATOR (name, email, password) VALUES ('Samantha Cox', 'sarahgonzalez@hotmail.com', 'HbChBYmteOovdWrzsrO');
INSERT INTO ACCOUNTANT (name, email, password) VALUES ('Noah Arroyo', 'lisaclark@yahoo.com', 'EteiIgMSBv');
INSERT INTO HOSPITAL_ADMINISTRATOR (name, email, password) VALUES ('Noah Arroyo', 'lisaclark@yahoo.com', 'EteiIgMSBv');
INSERT INTO ACCOUNTANT (name, email, password) VALUES ('Jeffrey Dunlap', 'kelliejones@gmail.com', 'OGcbSuVlrPlNphnrHo');
INSERT INTO HOSPITAL_ADMINISTRATOR (name, email, password) VALUES ('Jeffrey Dunlap', 'kelliejones@gmail.com', 'OGcbSuVlrPlNphnrHo');
INSERT INTO ACCOUNTANT (name, email, password) VALUES ('Jake Estrada', 'vargaskatherine@gmail.com', 'pmCWFDdmoNqnsRsqG');
INSERT INTO HOSPITAL_ADMINISTRATOR (name, email, password) VALUES ('Jake Estrada', 'vargaskatherine@gmail.com', 'pmCWFDdmoNqnsRsqG');
INSERT INTO ACCOUNTANT (name, email, password) VALUES ('Jessica Lane', 'duncandenise@yahoo.com', 'XynktckDhsQdw');
INSERT INTO HOSPITAL_ADMINISTRATOR (name, email, password) VALUES ('Jessica Lane', 'duncandenise@yahoo.com', 'XynktckDhsQdw');
INSERT INTO ACCOUNTANT (name, email, password) VALUES ('Kim Morrow', 'haleywinters@hotmail.com', 'aWgXbeRzMiOODrWvQt');
INSERT INTO HOSPITAL_ADMINISTRATOR (name, email, password) VALUES ('Kim Morrow', 'haleywinters@hotmail.com', 'aWgXbeRzMiOODrWvQt');
INSERT INTO ACCOUNTANT (name, email, password) VALUES ('Ashley Howard', 'williamssharon@gmail.com', 'ZpCppeJRwIQa');
INSERT INTO HOSPITAL_ADMINISTRATOR (name, email, password) VALUES ('Ashley Howard', 'williamssharon@gmail.com', 'ZpCppeJRwIQa');
INSERT INTO ACCOUNTANT (name, email, password) VALUES ('Peter Chandler', 'cobblisa@hotmail.com', 'hOTxVBsSPzdCeLjD');
INSERT INTO HOSPITAL_ADMINISTRATOR (name, email, password) VALUES ('Peter Chandler', 'cobblisa@hotmail.com', 'hOTxVBsSPzdCeLjD');
INSERT INTO ACCOUNTANT (name, email, password) VALUES ('Tina Flores', 'laurajackson@gmail.com', 'DzHKpzLwYFxSJzxF');
INSERT INTO HOSPITAL_ADMINISTRATOR (name, email, password) VALUES ('Tina Flores', 'laurajackson@gmail.com', 'DzHKpzLwYFxSJzxF');
INSERT INTO ACCOUNTANT (name, email, password) VALUES ('Hailey Flowers', 'matthew27@hotmail.com', 'nFatIhBvqIUlncAwj');
INSERT INTO HOSPITAL_ADMINISTRATOR (name, email, password) VALUES ('Hailey Flowers', 'matthew27@hotmail.com', 'nFatIhBvqIUlncAwj');
INSERT INTO ACCOUNTANT (name, email, password) VALUES ('Leonard Brown', 'austin28@hotmail.com', 'fwJBWVbif');
INSERT INTO HOSPITAL_ADMINISTRATOR (name, email, password) VALUES ('Leonard Brown', 'austin28@hotmail.com', 'fwJBWVbif');
INSERT INTO ACCOUNTANT (name, email, password) VALUES ('Dr. Matthew Weber', 'melissathompson@yahoo.com', 'NPzBWUPcOu');
INSERT INTO HOSPITAL_ADMINISTRATOR (name, email, password) VALUES ('Dr. Matthew Weber', 'melissathompson@yahoo.com', 'NPzBWUPcOu');
INSERT INTO ACCOUNTANT (name, email, password) VALUES ('Robert Robinson', 'kimberly61@hotmail.com', 'xjAOcrMggle');
INSERT INTO HOSPITAL_ADMINISTRATOR (name, email, password) VALUES ('Robert Robinson', 'kimberly61@hotmail.com', 'xjAOcrMggle');
INSERT INTO ACCOUNTANT (name, email, password) VALUES ('Phillip Williams', 'mariaspence@yahoo.com', 'kOUorllSxf');
INSERT INTO HOSPITAL_ADMINISTRATOR (name, email, password) VALUES ('Phillip Williams', 'mariaspence@yahoo.com', 'kOUorllSxf');
INSERT INTO ACCOUNTANT (name, email, password) VALUES ('Taylor Mclaughlin', 'hillanthony@hotmail.com', 'mQNPRMyjIvxg');
INSERT INTO HOSPITAL_ADMINISTRATOR (name, email, password) VALUES ('Taylor Mclaughlin', 'hillanthony@hotmail.com', 'mQNPRMyjIvxg');
INSERT INTO ACCOUNTANT (name, email, password) VALUES ('Jesse Jackson', 'pwinters@gmail.com', 'bkWMhUDN');
INSERT INTO HOSPITAL_ADMINISTRATOR (name, email, password) VALUES ('Jesse Jackson', 'pwinters@gmail.com', 'bkWMhUDN');
INSERT INTO ACCOUNTANT (name, email, password) VALUES ('Christopher Cardenas', 'bwalker@yahoo.com', 'ejLSjXzuHmtPlHohND');
INSERT INTO HOSPITAL_ADMINISTRATOR (name, email, password) VALUES ('Christopher Cardenas', 'bwalker@yahoo.com', 'ejLSjXzuHmtPlHohND');
INSERT INTO ACCOUNTANT (name, email, password) VALUES ('Anthony Wood', 'gstuart@hotmail.com', 'ehzSiXGgc');
INSERT INTO HOSPITAL_ADMINISTRATOR (name, email, password) VALUES ('Anthony Wood', 'gstuart@hotmail.com', 'ehzSiXGgc');
INSERT INTO ACCOUNTANT (name, email, password) VALUES ('Ronald Leon', 'lisa14@yahoo.com', 'YILcjMkxuydtK');
INSERT INTO HOSPITAL_ADMINISTRATOR (name, email, password) VALUES ('Ronald Leon', 'lisa14@yahoo.com', 'YILcjMkxuydtK');
INSERT INTO ACCOUNTANT (name, email, password) VALUES ('Michael Lynn', 'andersongary@hotmail.com', 'aAoXiaqhERichKG');
INSERT INTO HOSPITAL_ADMINISTRATOR (name, email, password) VALUES ('Michael Lynn', 'andersongary@hotmail.com', 'aAoXiaqhERichKG');
INSERT INTO ACCOUNTANT (name, email, password) VALUES ('Dustin Dennis', 'fuentesashley@hotmail.com', 'GUVfKqySE');
INSERT INTO HOSPITAL_ADMINISTRATOR (name, email, password) VALUES ('Dustin Dennis', 'fuentesashley@hotmail.com', 'GUVfKqySE');
INSERT INTO ACCOUNTANT (name, email, password) VALUES ('Michael Young', 'stevendavis@yahoo.com', 'vzwdOraD');
INSERT INTO HOSPITAL_ADMINISTRATOR (name, email, password) VALUES ('Michael Young', 'stevendavis@yahoo.com', 'vzwdOraD');
INSERT INTO ACCOUNTANT (name, email, password) VALUES ('Linda Olsen', 'ymiller@yahoo.com', 'SFzXvwxjIn');
INSERT INTO HOSPITAL_ADMINISTRATOR (name, email, password) VALUES ('Linda Olsen', 'ymiller@yahoo.com', 'SFzXvwxjIn');
INSERT INTO ACCOUNTANT (name, email, password) VALUES ('Cheyenne Williams', 'douglas46@gmail.com', 'ICrnMyvbFJHfjODyS');
INSERT INTO HOSPITAL_ADMINISTRATOR (name, email, password) VALUES ('Cheyenne Williams', 'douglas46@gmail.com', 'ICrnMyvbFJHfjODyS');
INSERT INTO ACCOUNTANT (name, email, password) VALUES ('Alyssa White', 'cjohnson@gmail.com', 'IAdKYwJCJPr');
INSERT INTO HOSPITAL_ADMINISTRATOR (name, email, password) VALUES ('Alyssa White', 'cjohnson@gmail.com', 'IAdKYwJCJPr');
INSERT INTO ACCOUNTANT (name, email, password) VALUES ('Vincent Johnson', 'justin29@yahoo.com', 'SIchTUlfIfutyt');
INSERT INTO HOSPITAL_ADMINISTRATOR (name, email, password) VALUES ('Vincent Johnson', 'justin29@yahoo.com', 'SIchTUlfIfutyt');
INSERT INTO ACCOUNTANT (name, email, password) VALUES ('Michael Choi', 'troy19@hotmail.com', 'odTRsoqUwqfPDCET');
INSERT INTO HOSPITAL_ADMINISTRATOR (name, email, password) VALUES ('Michael Choi', 'troy19@hotmail.com', 'odTRsoqUwqfPDCET');
INSERT INTO ACCOUNTANT (name, email, password) VALUES ('George Gonzalez', 'davidblack@gmail.com', 'SIOGKdNXwh');
INSERT INTO HOSPITAL_ADMINISTRATOR (name, email, password) VALUES ('George Gonzalez', 'davidblack@gmail.com', 'SIOGKdNXwh');
INSERT INTO ACCOUNTANT (name, email, password) VALUES ('David Keller', 'kpearson@gmail.com', 'ASZFkpsjxkYAscmLk');
INSERT INTO HOSPITAL_ADMINISTRATOR (name, email, password) VALUES ('David Keller', 'kpearson@gmail.com', 'ASZFkpsjxkYAscmLk');
INSERT INTO ACCOUNTANT (name, email, password) VALUES ('Hannah Gutierrez', 'zacharymorgan@yahoo.com', 'dtASTqRxCbCPrM');
INSERT INTO HOSPITAL_ADMINISTRATOR (name, email, password) VALUES ('Hannah Gutierrez', 'zacharymorgan@yahoo.com', 'dtASTqRxCbCPrM');
INSERT INTO ACCOUNTANT (name, email, password) VALUES ('Francisco Greer', 'terrybaker@gmail.com', 'jCeMdjVBGJIuoquuPCt');
INSERT INTO HOSPITAL_ADMINISTRATOR (name, email, password) VALUES ('Francisco Greer', 'terrybaker@gmail.com', 'jCeMdjVBGJIuoquuPCt');
INSERT INTO ACCOUNTANT (name, email, password) VALUES ('David Jacobs', 'jeffrey64@yahoo.com', 'ovGmJNXwTfhcy');
INSERT INTO HOSPITAL_ADMINISTRATOR (name, email, password) VALUES ('David Jacobs', 'jeffrey64@yahoo.com', 'ovGmJNXwTfhcy');
INSERT INTO ACCOUNTANT (name, email, password) VALUES ('Morgan Carroll', 'rjames@hotmail.com', 'AZqGiSmtQAZhrRkRhYz');
INSERT INTO HOSPITAL_ADMINISTRATOR (name, email, password) VALUES ('Morgan Carroll', 'rjames@hotmail.com', 'AZqGiSmtQAZhrRkRhYz');
INSERT INTO ACCOUNTANT (name, email, password) VALUES ('Darlene Wang', 'kwiggins@hotmail.com', 'OAvtOTbWkyoXVeiEnD');
INSERT INTO HOSPITAL_ADMINISTRATOR (name, email, password) VALUES ('Darlene Wang', 'kwiggins@hotmail.com', 'OAvtOTbWkyoXVeiEnD');
INSERT INTO ACCOUNTANT (name, email, password) VALUES ('James Sims', 'orose@hotmail.com', 'pttmzXOUzKNOVjKYYCOR');
INSERT INTO HOSPITAL_ADMINISTRATOR (name, email, password) VALUES ('James Sims', 'orose@hotmail.com', 'pttmzXOUzKNOVjKYYCOR');
INSERT INTO ACCOUNTANT (name, email, password) VALUES ('Danielle Tapia', 'qnielsen@yahoo.com', 'lGBzWvZCZUrbDxrTBO');
INSERT INTO HOSPITAL_ADMINISTRATOR (name, email, password) VALUES ('Danielle Tapia', 'qnielsen@yahoo.com', 'lGBzWvZCZUrbDxrTBO');
INSERT INTO ACCOUNTANT (name, email, password) VALUES ('William Fernandez', 'tpeters@gmail.com', 'LYoBOVfwhhp');
INSERT INTO HOSPITAL_ADMINISTRATOR (name, email, password) VALUES ('William Fernandez', 'tpeters@gmail.com', 'LYoBOVfwhhp');
INSERT INTO ACCOUNTANT (name, email, password) VALUES ('Rhonda Allen', 'calebtaylor@gmail.com', 'eHvzSwzxvCoJFmfYtik');
INSERT INTO HOSPITAL_ADMINISTRATOR (name, email, password) VALUES ('Rhonda Allen', 'calebtaylor@gmail.com', 'eHvzSwzxvCoJFmfYtik');
INSERT INTO ACCOUNTANT (name, email, password) VALUES ('Aaron Chang', 'mitchell78@gmail.com', 'TnryLKqoOjTfBIle');
INSERT INTO HOSPITAL_ADMINISTRATOR (name, email, password) VALUES ('Aaron Chang', 'mitchell78@gmail.com', 'TnryLKqoOjTfBIle');
INSERT INTO ACCOUNTANT (name, email, password) VALUES ('Stephen Mitchell', 'yharrington@hotmail.com', 'YHpMcveQvzCmX');
INSERT INTO HOSPITAL_ADMINISTRATOR (name, email, password) VALUES ('Stephen Mitchell', 'yharrington@hotmail.com', 'YHpMcveQvzCmX');
INSERT INTO ACCOUNTANT (name, email, password) VALUES ('Jeffrey Howard', 'jsanchez@hotmail.com', 'MuOFLHzCL');
INSERT INTO HOSPITAL_ADMINISTRATOR (name, email, password) VALUES ('Jeffrey Howard', 'jsanchez@hotmail.com', 'MuOFLHzCL');
INSERT INTO ACCOUNTANT (name, email, password) VALUES ('Lisa Harrington', 'kelseyjordan@yahoo.com', 'OtHxQaVa');
INSERT INTO HOSPITAL_ADMINISTRATOR (name, email, password) VALUES ('Lisa Harrington', 'kelseyjordan@yahoo.com', 'OtHxQaVa');
INSERT INTO ACCOUNTANT (name, email, password) VALUES ('Caitlin Mcdonald', 'kennethmills@yahoo.com', 'AYSrZwIrzF');
INSERT INTO HOSPITAL_ADMINISTRATOR (name, email, password) VALUES ('Caitlin Mcdonald', 'kennethmills@yahoo.com', 'AYSrZwIrzF');
INSERT INTO ACCOUNTANT (name, email, password) VALUES ('Donna Galloway', 'hmcgee@hotmail.com', 'nvTZQUcdplVH');
INSERT INTO HOSPITAL_ADMINISTRATOR (name, email, password) VALUES ('Donna Galloway', 'hmcgee@hotmail.com', 'nvTZQUcdplVH');
INSERT INTO ACCOUNTANT (name, email, password) VALUES ('Jacob Cooper', 'wgriffith@yahoo.com', 'XyYjftvFCLe');
INSERT INTO HOSPITAL_ADMINISTRATOR (name, email, password) VALUES ('Jacob Cooper', 'wgriffith@yahoo.com', 'XyYjftvFCLe');
INSERT INTO ACCOUNTANT (name, email, password) VALUES ('Harold Obrien', 'larry79@hotmail.com', 'EUUlfTWZsN');
INSERT INTO HOSPITAL_ADMINISTRATOR (name, email, password) VALUES ('Harold Obrien', 'larry79@hotmail.com', 'EUUlfTWZsN');
INSERT INTO ACCOUNTANT (name, email, password) VALUES ('Brittney Ferguson MD', 'acabrera@hotmail.com', 'JFxwKDrkTocglvZJKPs');
INSERT INTO HOSPITAL_ADMINISTRATOR (name, email, password) VALUES ('Brittney Ferguson MD', 'acabrera@hotmail.com', 'JFxwKDrkTocglvZJKPs');
INSERT INTO ACCOUNTANT (name, email, password) VALUES ('Donald Morgan', 'egomez@yahoo.com', 'fmFnMiHEyJglx');
INSERT INTO HOSPITAL_ADMINISTRATOR (name, email, password) VALUES ('Donald Morgan', 'egomez@yahoo.com', 'fmFnMiHEyJglx');
INSERT INTO ACCOUNTANT (name, email, password) VALUES ('Heather Crawford', 'anthonycox@hotmail.com', 'qSfDdBBqEWAdVlm');
INSERT INTO HOSPITAL_ADMINISTRATOR (name, email, password) VALUES ('Heather Crawford', 'anthonycox@hotmail.com', 'qSfDdBBqEWAdVlm');
INSERT INTO ACCOUNTANT (name, email, password) VALUES ('Kevin Young', 'ronald57@yahoo.com', 'MzpqbToCaoVUAOS');
INSERT INTO HOSPITAL_ADMINISTRATOR (name, email, password) VALUES ('Kevin Young', 'ronald57@yahoo.com', 'MzpqbToCaoVUAOS');
INSERT INTO ACCOUNTANT (name, email, password) VALUES ('Thomas Cortez', 'jenniferedwards@gmail.com', 'LMlkqSFvjvhzWaZFT');
INSERT INTO HOSPITAL_ADMINISTRATOR (name, email, password) VALUES ('Thomas Cortez', 'jenniferedwards@gmail.com', 'LMlkqSFvjvhzWaZFT');
INSERT INTO ACCOUNTANT (name, email, password) VALUES ('Oscar Mann', 'davisjill@gmail.com', 'hkkfRSjnnUJ');
INSERT INTO HOSPITAL_ADMINISTRATOR (name, email, password) VALUES ('Oscar Mann', 'davisjill@gmail.com', 'hkkfRSjnnUJ');
INSERT INTO ACCOUNTANT (name, email, password) VALUES ('Laura Graham', 'oschneider@hotmail.com', 'onAaXiYMUiZKraXOUs');
INSERT INTO HOSPITAL_ADMINISTRATOR (name, email, password) VALUES ('Laura Graham', 'oschneider@hotmail.com', 'onAaXiYMUiZKraXOUs');
INSERT INTO ACCOUNTANT (name, email, password) VALUES ('Daniel Martinez', 'icherry@hotmail.com', 'gwahQMzpsOQcy');
INSERT INTO HOSPITAL_ADMINISTRATOR (name, email, password) VALUES ('Daniel Martinez', 'icherry@hotmail.com', 'gwahQMzpsOQcy');
INSERT INTO ACCOUNTANT (name, email, password) VALUES ('Robert Fuller', 'oturner@gmail.com', 'PzdATbtmKpXayDduU');
INSERT INTO HOSPITAL_ADMINISTRATOR (name, email, password) VALUES ('Robert Fuller', 'oturner@gmail.com', 'PzdATbtmKpXayDduU');
INSERT INTO ACCOUNTANT (name, email, password) VALUES ('Adrian Choi', 'elizabethmacias@yahoo.com', 'SXBpXSrLFZRxEKvOk');
INSERT INTO HOSPITAL_ADMINISTRATOR (name, email, password) VALUES ('Adrian Choi', 'elizabethmacias@yahoo.com', 'SXBpXSrLFZRxEKvOk');
INSERT INTO ACCOUNTANT (name, email, password) VALUES ('Nicholas Jones', 'jessicacarroll@yahoo.com', 'amqeHxofSVrguocQiVi');
INSERT INTO HOSPITAL_ADMINISTRATOR (name, email, password) VALUES ('Nicholas Jones', 'jessicacarroll@yahoo.com', 'amqeHxofSVrguocQiVi');
INSERT INTO ACCOUNTANT (name, email, password) VALUES ('Michelle Love', 'morristeresa@gmail.com', 'yCJhftOPeuHDYz');
INSERT INTO HOSPITAL_ADMINISTRATOR (name, email, password) VALUES ('Michelle Love', 'morristeresa@gmail.com', 'yCJhftOPeuHDYz');
INSERT INTO ACCOUNTANT (name, email, password) VALUES ('Angela Welch', 'justingreer@gmail.com', 'jrsHPWZipoXswEbjvzbQ');
INSERT INTO HOSPITAL_ADMINISTRATOR (name, email, password) VALUES ('Angela Welch', 'justingreer@gmail.com', 'jrsHPWZipoXswEbjvzbQ');
INSERT INTO ACCOUNTANT (name, email, password) VALUES ('Kevin Espinoza', 'xavila@yahoo.com', 'ADfRjfTxxFRyW');
INSERT INTO HOSPITAL_ADMINISTRATOR (name, email, password) VALUES ('Kevin Espinoza', 'xavila@yahoo.com', 'ADfRjfTxxFRyW');
INSERT INTO ACCOUNTANT (name, email, password) VALUES ('Melanie Johnson', 'jason30@yahoo.com', 'fMsxcawPFDXT');
INSERT INTO HOSPITAL_ADMINISTRATOR (name, email, password) VALUES ('Melanie Johnson', 'jason30@yahoo.com', 'fMsxcawPFDXT');
INSERT INTO ACCOUNTANT (name, email, password) VALUES ('Randall Young', 'graypeggy@gmail.com', 'cMclfLGDxtvW');
INSERT INTO HOSPITAL_ADMINISTRATOR (name, email, password) VALUES ('Randall Young', 'graypeggy@gmail.com', 'cMclfLGDxtvW');
INSERT INTO ACCOUNTANT (name, email, password) VALUES ('Kelly Avery', 'mitchellamy@yahoo.com', 'ZtLFlmDqAoiiYvXdPTHp');
INSERT INTO HOSPITAL_ADMINISTRATOR (name, email, password) VALUES ('Kelly Avery', 'mitchellamy@yahoo.com', 'ZtLFlmDqAoiiYvXdPTHp');
INSERT INTO ACCOUNTANT (name, email, password) VALUES ('Robert Wood', 'michaelweiss@gmail.com', 'KYPysDWcm');
INSERT INTO HOSPITAL_ADMINISTRATOR (name, email, password) VALUES ('Robert Wood', 'michaelweiss@gmail.com', 'KYPysDWcm');
INSERT INTO ACCOUNTANT (name, email, password) VALUES ('Scott Owens', 'emiller@gmail.com', 'roSsxxdZIPXg');
INSERT INTO HOSPITAL_ADMINISTRATOR (name, email, password) VALUES ('Scott Owens', 'emiller@gmail.com', 'roSsxxdZIPXg');
INSERT INTO ACCOUNTANT (name, email, password) VALUES ('Michelle Cobb', 'kristawarner@gmail.com', 'RtAyVKYyqWviQSrRG');
INSERT INTO HOSPITAL_ADMINISTRATOR (name, email, password) VALUES ('Michelle Cobb', 'kristawarner@gmail.com', 'RtAyVKYyqWviQSrRG');
INSERT INTO ACCOUNTANT (name, email, password) VALUES ('Cody Nelson', 'kibarra@yahoo.com', 'uVdaYoIbBPSWawuqx');
INSERT INTO HOSPITAL_ADMINISTRATOR (name, email, password) VALUES ('Cody Nelson', 'kibarra@yahoo.com', 'uVdaYoIbBPSWawuqx');
INSERT INTO ACCOUNTANT (name, email, password) VALUES ('Meredith Newman', 'lavery@hotmail.com', 'VqmoqlOAzAShrPkNpqae');
INSERT INTO HOSPITAL_ADMINISTRATOR (name, email, password) VALUES ('Meredith Newman', 'lavery@hotmail.com', 'VqmoqlOAzAShrPkNpqae');
INSERT INTO ACCOUNTANT (name, email, password) VALUES ('Jennifer Wood', 'carolynsanchez@gmail.com', 'MXBXcfuBoDq');
INSERT INTO HOSPITAL_ADMINISTRATOR (name, email, password) VALUES ('Jennifer Wood', 'carolynsanchez@gmail.com', 'MXBXcfuBoDq');
INSERT INTO ACCOUNTANT (name, email, password) VALUES ('Joanna Reyes', 'scottgonzalez@hotmail.com', 'rBmjVbDOsMGbcBuhPUS');
INSERT INTO HOSPITAL_ADMINISTRATOR (name, email, password) VALUES ('Joanna Reyes', 'scottgonzalez@hotmail.com', 'rBmjVbDOsMGbcBuhPUS');
INSERT INTO ACCOUNTANT (name, email, password) VALUES ('Antonio Brown', 'anthony56@hotmail.com', 'urqIbuufcgAm');
INSERT INTO HOSPITAL_ADMINISTRATOR (name, email, password) VALUES ('Antonio Brown', 'anthony56@hotmail.com', 'urqIbuufcgAm');
INSERT INTO ACCOUNTANT (name, email, password) VALUES ('Yolanda Patel', 'swall@hotmail.com', 'AStcBsnf');
INSERT INTO HOSPITAL_ADMINISTRATOR (name, email, password) VALUES ('Yolanda Patel', 'swall@hotmail.com', 'AStcBsnf');
INSERT INTO ACCOUNTANT (name, email, password) VALUES ('Christina Cobb', 'maryfrank@yahoo.com', 'diVorJPmcBVVabFadccY');
INSERT INTO HOSPITAL_ADMINISTRATOR (name, email, password) VALUES ('Christina Cobb', 'maryfrank@yahoo.com', 'diVorJPmcBVVabFadccY');
INSERT INTO ACCOUNTANT (name, email, password) VALUES ('Tracie Wright', 'clarkchristian@hotmail.com', 'zwnJgXMW');
INSERT INTO HOSPITAL_ADMINISTRATOR (name, email, password) VALUES ('Tracie Wright', 'clarkchristian@hotmail.com', 'zwnJgXMW');
INSERT INTO ACCOUNTANT (name, email, password) VALUES ('Alex Thompson', 'qcastro@hotmail.com', 'GYUTLZOarIjgKPfbm');
INSERT INTO HOSPITAL_ADMINISTRATOR (name, email, password) VALUES ('Alex Thompson', 'qcastro@hotmail.com', 'GYUTLZOarIjgKPfbm');
INSERT INTO ACCOUNTANT (name, email, password) VALUES ('Christopher Cabrera', 'vallen@gmail.com', 'NKiwvSYCmKjyRxTBrO');
INSERT INTO HOSPITAL_ADMINISTRATOR (name, email, password) VALUES ('Christopher Cabrera', 'vallen@gmail.com', 'NKiwvSYCmKjyRxTBrO');
INSERT INTO ACCOUNTANT (name, email, password) VALUES ('Robert Smith', 'mstanley@gmail.com', 'cAhRiYwMTAQiuiIHlB');
INSERT INTO HOSPITAL_ADMINISTRATOR (name, email, password) VALUES ('Robert Smith', 'mstanley@gmail.com', 'cAhRiYwMTAQiuiIHlB');
INSERT INTO ACCOUNTANT (name, email, password) VALUES ('Joseph Suarez', 'zpark@gmail.com', 'kDxKOFScn');
INSERT INTO HOSPITAL_ADMINISTRATOR (name, email, password) VALUES ('Joseph Suarez', 'zpark@gmail.com', 'kDxKOFScn');
INSERT INTO ACCOUNTANT (name, email, password) VALUES ('Sara Ross', 'dpaul@hotmail.com', 'yzlrdHzoyDPKLBBGDnB');
INSERT INTO HOSPITAL_ADMINISTRATOR (name, email, password) VALUES ('Sara Ross', 'dpaul@hotmail.com', 'yzlrdHzoyDPKLBBGDnB');
INSERT INTO ACCOUNTANT (name, email, password) VALUES ('Anthony Mack', 'evansbrandon@hotmail.com', 'zfqzEIvq');
INSERT INTO HOSPITAL_ADMINISTRATOR (name, email, password) VALUES ('Anthony Mack', 'evansbrandon@hotmail.com', 'zfqzEIvq');
INSERT INTO ACCOUNTANT (name, email, password) VALUES ('Richard Curry', 'fjackson@yahoo.com', 'FbiZfWKaFZPYMYda');
INSERT INTO HOSPITAL_ADMINISTRATOR (name, email, password) VALUES ('Richard Curry', 'fjackson@yahoo.com', 'FbiZfWKaFZPYMYda');
INSERT INTO ACCOUNTANT (name, email, password) VALUES ('Anthony Sparks', 'scottlewis@gmail.com', 'wmWQuYCNAjZCv');
INSERT INTO HOSPITAL_ADMINISTRATOR (name, email, password) VALUES ('Anthony Sparks', 'scottlewis@gmail.com', 'wmWQuYCNAjZCv');
INSERT INTO ACCOUNTANT (name, email, password) VALUES ('Mr. Kevin Sampson', 'savannah84@hotmail.com', 'WvMKmwcssASd');
INSERT INTO HOSPITAL_ADMINISTRATOR (name, email, password) VALUES ('Mr. Kevin Sampson', 'savannah84@hotmail.com', 'WvMKmwcssASd');
INSERT INTO ACCOUNTANT (name, email, password) VALUES ('Anthony Mcclure', 'careyteresa@yahoo.com', 'cginFLKxklQGdwQVRpvn');
INSERT INTO HOSPITAL_ADMINISTRATOR (name, email, password) VALUES ('Anthony Mcclure', 'careyteresa@yahoo.com', 'cginFLKxklQGdwQVRpvn');
INSERT INTO ACCOUNTANT (name, email, password) VALUES ('Christina Banks', 'ekennedy@gmail.com', 'ZBizQiqjjq');
INSERT INTO HOSPITAL_ADMINISTRATOR (name, email, password) VALUES ('Christina Banks', 'ekennedy@gmail.com', 'ZBizQiqjjq');
INSERT INTO ACCOUNTANT (name, email, password) VALUES ('Mr. Michael Dean', 'colin99@hotmail.com', 'QxHUTRPd');
INSERT INTO HOSPITAL_ADMINISTRATOR (name, email, password) VALUES ('Mr. Michael Dean', 'colin99@hotmail.com', 'QxHUTRPd');
INSERT INTO ACCOUNTANT (name, email, password) VALUES ('Larry Richardson', 'kevin47@yahoo.com', 'gdrJGvipeV');
INSERT INTO HOSPITAL_ADMINISTRATOR (name, email, password) VALUES ('Larry Richardson', 'kevin47@yahoo.com', 'gdrJGvipeV');
INSERT INTO ACCOUNTANT (name, email, password) VALUES ('Carl Gordon', 'vstark@hotmail.com', 'kfAnmWXIZHl');
INSERT INTO HOSPITAL_ADMINISTRATOR (name, email, password) VALUES ('Carl Gordon', 'vstark@hotmail.com', 'kfAnmWXIZHl');
INSERT INTO ACCOUNTANT (name, email, password) VALUES ('Ryan Anderson', 'kevinbryant@hotmail.com', 'STwLIElBs');
INSERT INTO HOSPITAL_ADMINISTRATOR (name, email, password) VALUES ('Ryan Anderson', 'kevinbryant@hotmail.com', 'STwLIElBs');
INSERT INTO ACCOUNTANT (name, email, password) VALUES ('Joshua Duran', 'charlesgreen@yahoo.com', 'lTwtATEmZDptfqTUZEDu');
INSERT INTO HOSPITAL_ADMINISTRATOR (name, email, password) VALUES ('Joshua Duran', 'charlesgreen@yahoo.com', 'lTwtATEmZDptfqTUZEDu');
INSERT INTO ACCOUNTANT (name, email, password) VALUES ('Kaitlin Robinson', 'rebecca32@gmail.com', 'QhMieTMjvnVPVhXhCuH');
INSERT INTO HOSPITAL_ADMINISTRATOR (name, email, password) VALUES ('Kaitlin Robinson', 'rebecca32@gmail.com', 'QhMieTMjvnVPVhXhCuH');
INSERT INTO ACCOUNTANT (name, email, password) VALUES ('Michael Martin', 'fieldsandrew@gmail.com', 'zPEFMIrryBYGiRyxJI');
INSERT INTO HOSPITAL_ADMINISTRATOR (name, email, password) VALUES ('Michael Martin', 'fieldsandrew@gmail.com', 'zPEFMIrryBYGiRyxJI');
INSERT INTO ACCOUNTANT (name, email, password) VALUES ('Jamie Coleman', 'scott84@gmail.com', 'LKUYHaQXzYiJjiJz');
INSERT INTO HOSPITAL_ADMINISTRATOR (name, email, password) VALUES ('Jamie Coleman', 'scott84@gmail.com', 'LKUYHaQXzYiJjiJz');
INSERT INTO ACCOUNTANT (name, email, password) VALUES ('Brittany Huff', 'mcdanieljose@hotmail.com', 'wdDfDDHdmZKMJLmjqBB');
INSERT INTO HOSPITAL_ADMINISTRATOR (name, email, password) VALUES ('Brittany Huff', 'mcdanieljose@hotmail.com', 'wdDfDDHdmZKMJLmjqBB');
INSERT INTO ACCOUNTANT (name, email, password) VALUES ('Joseph Moore', 'jamiecohen@gmail.com', 'MkvQMwFzFRPzQQ');
INSERT INTO HOSPITAL_ADMINISTRATOR (name, email, password) VALUES ('Joseph Moore', 'jamiecohen@gmail.com', 'MkvQMwFzFRPzQQ');
INSERT INTO ACCOUNTANT (name, email, password) VALUES ('Steven Arroyo', 'kimberlypatterson@hotmail.com', 'fYkPSwXCA');
INSERT INTO HOSPITAL_ADMINISTRATOR (name, email, password) VALUES ('Steven Arroyo', 'kimberlypatterson@hotmail.com', 'fYkPSwXCA');
INSERT INTO ACCOUNTANT (name, email, password) VALUES ('Jonathan Watkins', 'parkersanchez@yahoo.com', 'llvrJbrPXSRjTlKTtQSq');
INSERT INTO HOSPITAL_ADMINISTRATOR (name, email, password) VALUES ('Jonathan Watkins', 'parkersanchez@yahoo.com', 'llvrJbrPXSRjTlKTtQSq');
INSERT INTO ACCOUNTANT (name, email, password) VALUES ('Wesley Reese', 'whitakermatthew@hotmail.com', 'iCFSmzvnlqQfWOXqySK');
INSERT INTO HOSPITAL_ADMINISTRATOR (name, email, password) VALUES ('Wesley Reese', 'whitakermatthew@hotmail.com', 'iCFSmzvnlqQfWOXqySK');
INSERT INTO ACCOUNTANT (name, email, password) VALUES ('Jaime Barajas', 'kristopher87@yahoo.com', 'FbEJxJxkuddskRmJ');
INSERT INTO HOSPITAL_ADMINISTRATOR (name, email, password) VALUES ('Jaime Barajas', 'kristopher87@yahoo.com', 'FbEJxJxkuddskRmJ');
INSERT INTO ACCOUNTANT (name, email, password) VALUES ('Elizabeth Phillips DDS', 'iwest@gmail.com', 'ndTuGLyohmdtEFka');
INSERT INTO HOSPITAL_ADMINISTRATOR (name, email, password) VALUES ('Elizabeth Phillips DDS', 'iwest@gmail.com', 'ndTuGLyohmdtEFka');
INSERT INTO ACCOUNTANT (name, email, password) VALUES ('Jennifer Barnett', 'james20@yahoo.com', 'fOoFsPKbNTFBdNd');
INSERT INTO HOSPITAL_ADMINISTRATOR (name, email, password) VALUES ('Jennifer Barnett', 'james20@yahoo.com', 'fOoFsPKbNTFBdNd');
INSERT INTO ACCOUNTANT (name, email, password) VALUES ('Tracy Fleming', 'michael74@hotmail.com', 'AweBQfsnFIIjEDRaUFE');
INSERT INTO HOSPITAL_ADMINISTRATOR (name, email, password) VALUES ('Tracy Fleming', 'michael74@hotmail.com', 'AweBQfsnFIIjEDRaUFE');
INSERT INTO ACCOUNTANT (name, email, password) VALUES ('Dominique Hall', 'ericmoreno@yahoo.com', 'mxxrkezTDSIbsUwAwn');
INSERT INTO HOSPITAL_ADMINISTRATOR (name, email, password) VALUES ('Dominique Hall', 'ericmoreno@yahoo.com', 'mxxrkezTDSIbsUwAwn');
INSERT INTO ACCOUNTANT (name, email, password) VALUES ('Vincent Hamilton', 'costagary@yahoo.com', 'MWJBjEnlPmFJuFlQ');
INSERT INTO HOSPITAL_ADMINISTRATOR (name, email, password) VALUES ('Vincent Hamilton', 'costagary@yahoo.com', 'MWJBjEnlPmFJuFlQ');
INSERT INTO ACCOUNTANT (name, email, password) VALUES ('Timothy Parsons', 'don14@hotmail.com', 'jLHddNMtyCYdUOZJmxQ');
INSERT INTO HOSPITAL_ADMINISTRATOR (name, email, password) VALUES ('Timothy Parsons', 'don14@hotmail.com', 'jLHddNMtyCYdUOZJmxQ');
INSERT INTO ACCOUNTANT (name, email, password) VALUES ('Bianca Hinton', 'uparrish@hotmail.com', 'YhxJDVuYkO');
INSERT INTO HOSPITAL_ADMINISTRATOR (name, email, password) VALUES ('Bianca Hinton', 'uparrish@hotmail.com', 'YhxJDVuYkO');
INSERT INTO ACCOUNTANT (name, email, password) VALUES ('Natalie Figueroa', 'cjoyce@hotmail.com', 'nhjYXLuTeKXSgHq');
INSERT INTO HOSPITAL_ADMINISTRATOR (name, email, password) VALUES ('Natalie Figueroa', 'cjoyce@hotmail.com', 'nhjYXLuTeKXSgHq');
INSERT INTO ACCOUNTANT (name, email, password) VALUES ('Jordan Wiggins', 'earl81@hotmail.com', 'JuqMdjRAYqClQsHU');
INSERT INTO HOSPITAL_ADMINISTRATOR (name, email, password) VALUES ('Jordan Wiggins', 'earl81@hotmail.com', 'JuqMdjRAYqClQsHU');
INSERT INTO ACCOUNTANT (name, email, password) VALUES ('Erin Acosta', 'cdorsey@gmail.com', 'GNRSdZLjuO');
INSERT INTO HOSPITAL_ADMINISTRATOR (name, email, password) VALUES ('Erin Acosta', 'cdorsey@gmail.com', 'GNRSdZLjuO');
INSERT INTO ACCOUNTANT (name, email, password) VALUES ('Jennifer Roberts', 'johnsonthomas@gmail.com', 'ngaPeeIPntfl');
INSERT INTO HOSPITAL_ADMINISTRATOR (name, email, password) VALUES ('Jennifer Roberts', 'johnsonthomas@gmail.com', 'ngaPeeIPntfl');
INSERT INTO ACCOUNTANT (name, email, password) VALUES ('Kristina Bryant', 'zsmith@hotmail.com', 'RZDmVvAlLWKSmhf');
INSERT INTO HOSPITAL_ADMINISTRATOR (name, email, password) VALUES ('Kristina Bryant', 'zsmith@hotmail.com', 'RZDmVvAlLWKSmhf');
INSERT INTO ACCOUNTANT (name, email, password) VALUES ('Jeremy Richard', 'johnsoncarl@yahoo.com', 'frcgiFrZskaddWqhycau');
INSERT INTO HOSPITAL_ADMINISTRATOR (name, email, password) VALUES ('Jeremy Richard', 'johnsoncarl@yahoo.com', 'frcgiFrZskaddWqhycau');
INSERT INTO ACCOUNTANT (name, email, password) VALUES ('Dr. Nichole Odom', 'williamsashley@gmail.com', 'VSREOukNRB');
INSERT INTO HOSPITAL_ADMINISTRATOR (name, email, password) VALUES ('Dr. Nichole Odom', 'williamsashley@gmail.com', 'VSREOukNRB');
INSERT INTO ACCOUNTANT (name, email, password) VALUES ('Christian Griffin', 'marshallwilliam@hotmail.com', 'JVwZCvzDpzhlWsg');
INSERT INTO HOSPITAL_ADMINISTRATOR (name, email, password) VALUES ('Christian Griffin', 'marshallwilliam@hotmail.com', 'JVwZCvzDpzhlWsg');
INSERT INTO ACCOUNTANT (name, email, password) VALUES ('Brooke Murphy', 'jason05@hotmail.com', 'PyUoiuRNQPwXglaxg');
INSERT INTO HOSPITAL_ADMINISTRATOR (name, email, password) VALUES ('Brooke Murphy', 'jason05@hotmail.com', 'PyUoiuRNQPwXglaxg');
INSERT INTO ACCOUNTANT (name, email, password) VALUES ('Melissa Vang', 'olivia84@gmail.com', 'GmCJbpeiEBZHrDfw');
INSERT INTO HOSPITAL_ADMINISTRATOR (name, email, password) VALUES ('Melissa Vang', 'olivia84@gmail.com', 'GmCJbpeiEBZHrDfw');
INSERT INTO ACCOUNTANT (name, email, password) VALUES ('Johnathan Espinoza', 'austin90@hotmail.com', 'pLtxqLWfjwHNTj');
INSERT INTO HOSPITAL_ADMINISTRATOR (name, email, password) VALUES ('Johnathan Espinoza', 'austin90@hotmail.com', 'pLtxqLWfjwHNTj');
INSERT INTO ACCOUNTANT (name, email, password) VALUES ('Robert Williams', 'munozjustin@gmail.com', 'cstsRsKMOixLuXQha');
INSERT INTO HOSPITAL_ADMINISTRATOR (name, email, password) VALUES ('Robert Williams', 'munozjustin@gmail.com', 'cstsRsKMOixLuXQha');
INSERT INTO ACCOUNTANT (name, email, password) VALUES ('Jeffrey Hernandez', 'curtisturner@gmail.com', 'aSqxqvFAVV');
INSERT INTO HOSPITAL_ADMINISTRATOR (name, email, password) VALUES ('Jeffrey Hernandez', 'curtisturner@gmail.com', 'aSqxqvFAVV');
INSERT INTO ACCOUNTANT (name, email, password) VALUES ('Victoria Watson', 'jeffrey68@hotmail.com', 'ZukYndJF');
INSERT INTO HOSPITAL_ADMINISTRATOR (name, email, password) VALUES ('Victoria Watson', 'jeffrey68@hotmail.com', 'ZukYndJF');
INSERT INTO ACCOUNTANT (name, email, password) VALUES ('Heidi Hensley', 'brivas@gmail.com', 'PbNZmszDPpDGRfMkVGb');
INSERT INTO HOSPITAL_ADMINISTRATOR (name, email, password) VALUES ('Heidi Hensley', 'brivas@gmail.com', 'PbNZmszDPpDGRfMkVGb');
INSERT INTO ACCOUNTANT (name, email, password) VALUES ('Leah Aguilar', 'david82@gmail.com', 'GAwXLirJ');
INSERT INTO HOSPITAL_ADMINISTRATOR (name, email, password) VALUES ('Leah Aguilar', 'david82@gmail.com', 'GAwXLirJ');
INSERT INTO ACCOUNTANT (name, email, password) VALUES ('Philip Webb', 'tamarasmith@hotmail.com', 'DQFqqlAEIMGSODOMcGo');
INSERT INTO HOSPITAL_ADMINISTRATOR (name, email, password) VALUES ('Philip Webb', 'tamarasmith@hotmail.com', 'DQFqqlAEIMGSODOMcGo');
INSERT INTO ACCOUNTANT (name, email, password) VALUES ('Sarah Ruiz', 'amandareese@hotmail.com', 'syznbyvoZGKm');
INSERT INTO HOSPITAL_ADMINISTRATOR (name, email, password) VALUES ('Sarah Ruiz', 'amandareese@hotmail.com', 'syznbyvoZGKm');
INSERT INTO ACCOUNTANT (name, email, password) VALUES ('Brandon Richardson', 'andrewsnancy@yahoo.com', 'FnRWjBqqERh');
INSERT INTO HOSPITAL_ADMINISTRATOR (name, email, password) VALUES ('Brandon Richardson', 'andrewsnancy@yahoo.com', 'FnRWjBqqERh');
INSERT INTO ACCOUNTANT (name, email, password) VALUES ('Tammy Sheppard', 'daniel89@hotmail.com', 'HPAQnCQLRbSre');
INSERT INTO HOSPITAL_ADMINISTRATOR (name, email, password) VALUES ('Tammy Sheppard', 'daniel89@hotmail.com', 'HPAQnCQLRbSre');
INSERT INTO ACCOUNTANT (name, email, password) VALUES ('Jennifer Romero', 'shawn48@yahoo.com', 'PgUEYzljGW');
INSERT INTO HOSPITAL_ADMINISTRATOR (name, email, password) VALUES ('Jennifer Romero', 'shawn48@yahoo.com', 'PgUEYzljGW');
INSERT INTO ACCOUNTANT (name, email, password) VALUES ('Ian Gibbs', 'janice53@hotmail.com', 'WxEIeriRssUJ');
INSERT INTO HOSPITAL_ADMINISTRATOR (name, email, password) VALUES ('Ian Gibbs', 'janice53@hotmail.com', 'WxEIeriRssUJ');
INSERT INTO ACCOUNTANT (name, email, password) VALUES ('Rachael Wilson', 'jessicasnyder@gmail.com', 'wITJWOnh');
INSERT INTO HOSPITAL_ADMINISTRATOR (name, email, password) VALUES ('Rachael Wilson', 'jessicasnyder@gmail.com', 'wITJWOnh');
INSERT INTO ACCOUNTANT (name, email, password) VALUES ('Lynn Giles', 'scott16@yahoo.com', 'MLiGkBaObaWqH');
INSERT INTO HOSPITAL_ADMINISTRATOR (name, email, password) VALUES ('Lynn Giles', 'scott16@yahoo.com', 'MLiGkBaObaWqH');
INSERT INTO ACCOUNTANT (name, email, password) VALUES ('Stephanie Hamilton', 'matthewmacdonald@yahoo.com', 'dJJHYzVOqJxxFQQsYm');
INSERT INTO HOSPITAL_ADMINISTRATOR (name, email, password) VALUES ('Stephanie Hamilton', 'matthewmacdonald@yahoo.com', 'dJJHYzVOqJxxFQQsYm');
INSERT INTO ACCOUNTANT (name, email, password) VALUES ('Jason Wong', 'teresa73@gmail.com', 'cPmNcxmw');
INSERT INTO HOSPITAL_ADMINISTRATOR (name, email, password) VALUES ('Jason Wong', 'teresa73@gmail.com', 'cPmNcxmw');
INSERT INTO ACCOUNTANT (name, email, password) VALUES ('Amanda Fuentes', 'jonathan08@yahoo.com', 'MEJAkHCvgqxCEIASwN');
INSERT INTO HOSPITAL_ADMINISTRATOR (name, email, password) VALUES ('Amanda Fuentes', 'jonathan08@yahoo.com', 'MEJAkHCvgqxCEIASwN');
INSERT INTO ACCOUNTANT (name, email, password) VALUES ('Rachel Fields', 'bcollins@gmail.com', 'mwvwvQABNXoRdM');
INSERT INTO HOSPITAL_ADMINISTRATOR (name, email, password) VALUES ('Rachel Fields', 'bcollins@gmail.com', 'mwvwvQABNXoRdM');
INSERT INTO ACCOUNTANT (name, email, password) VALUES ('Bradley Lopez', 'davidvillanueva@yahoo.com', 'TktxSmZqELlAMvh');
INSERT INTO HOSPITAL_ADMINISTRATOR (name, email, password) VALUES ('Bradley Lopez', 'davidvillanueva@yahoo.com', 'TktxSmZqELlAMvh');
INSERT INTO ACCOUNTANT (name, email, password) VALUES ('Molly Wells', 'tracy62@hotmail.com', 'oUaRqDPbA');
INSERT INTO HOSPITAL_ADMINISTRATOR (name, email, password) VALUES ('Molly Wells', 'tracy62@hotmail.com', 'oUaRqDPbA');
INSERT INTO ACCOUNTANT (name, email, password) VALUES ('Kevin Arias', 'wvillarreal@hotmail.com', 'SeYJKrcLXaLAiijo');
INSERT INTO HOSPITAL_ADMINISTRATOR (name, email, password) VALUES ('Kevin Arias', 'wvillarreal@hotmail.com', 'SeYJKrcLXaLAiijo');
INSERT INTO ACCOUNTANT (name, email, password) VALUES ('Devin Reid MD', 'laurie70@gmail.com', 'HxFPWlCRlUdG');
INSERT INTO HOSPITAL_ADMINISTRATOR (name, email, password) VALUES ('Devin Reid MD', 'laurie70@gmail.com', 'HxFPWlCRlUdG');
INSERT INTO ACCOUNTANT (name, email, password) VALUES ('Thomas Williams', 'jerry41@hotmail.com', 'FdxfTvUmnIsLvF');
INSERT INTO HOSPITAL_ADMINISTRATOR (name, email, password) VALUES ('Thomas Williams', 'jerry41@hotmail.com', 'FdxfTvUmnIsLvF');
INSERT INTO ACCOUNTANT (name, email, password) VALUES ('Steven Munoz', 'erichenry@hotmail.com', 'BlUGaIpmzHJjbeWJ');
INSERT INTO HOSPITAL_ADMINISTRATOR (name, email, password) VALUES ('Steven Munoz', 'erichenry@hotmail.com', 'BlUGaIpmzHJjbeWJ');
INSERT INTO ACCOUNTANT (name, email, password) VALUES ('Lucas Warren', 'jhiggins@hotmail.com', 'HzaecrPdcTUx');
INSERT INTO HOSPITAL_ADMINISTRATOR (name, email, password) VALUES ('Lucas Warren', 'jhiggins@hotmail.com', 'HzaecrPdcTUx');
INSERT INTO ACCOUNTANT (name, email, password) VALUES ('Andrew Watkins DDS', 'heatherfoster@hotmail.com', 'FBCXqEetfhxqCwnqUORW');
INSERT INTO HOSPITAL_ADMINISTRATOR (name, email, password) VALUES ('Andrew Watkins DDS', 'heatherfoster@hotmail.com', 'FBCXqEetfhxqCwnqUORW');
INSERT INTO ACCOUNTANT (name, email, password) VALUES ('Janice Taylor', 'jeffery86@gmail.com', 'GOffMPaoCzbbX');
INSERT INTO HOSPITAL_ADMINISTRATOR (name, email, password) VALUES ('Janice Taylor', 'jeffery86@gmail.com', 'GOffMPaoCzbbX');
INSERT INTO ACCOUNTANT (name, email, password) VALUES ('Diana Dean', 'lindsey03@yahoo.com', 'FMuecweThZnhVdEs');
INSERT INTO HOSPITAL_ADMINISTRATOR (name, email, password) VALUES ('Diana Dean', 'lindsey03@yahoo.com', 'FMuecweThZnhVdEs');
INSERT INTO ACCOUNTANT (name, email, password) VALUES ('Mark Garcia', 'marissasoto@yahoo.com', 'lVOltrpuRjeyryBsO');
INSERT INTO HOSPITAL_ADMINISTRATOR (name, email, password) VALUES ('Mark Garcia', 'marissasoto@yahoo.com', 'lVOltrpuRjeyryBsO');
INSERT INTO ACCOUNTANT (name, email, password) VALUES ('Jacob Hudson', 'benjamin76@gmail.com', 'TgNoVTWbn');
INSERT INTO HOSPITAL_ADMINISTRATOR (name, email, password) VALUES ('Jacob Hudson', 'benjamin76@gmail.com', 'TgNoVTWbn');
INSERT INTO ACCOUNTANT (name, email, password) VALUES ('Robert Powers', 'brandonhall@yahoo.com', 'NoybPuxuSItZjPoFzMP');
INSERT INTO HOSPITAL_ADMINISTRATOR (name, email, password) VALUES ('Robert Powers', 'brandonhall@yahoo.com', 'NoybPuxuSItZjPoFzMP');
INSERT INTO ACCOUNTANT (name, email, password) VALUES ('Adam Chavez', 'hartmichelle@gmail.com', 'MrYJMxnCyMjCRGmvC');
INSERT INTO HOSPITAL_ADMINISTRATOR (name, email, password) VALUES ('Adam Chavez', 'hartmichelle@gmail.com', 'MrYJMxnCyMjCRGmvC');
INSERT INTO ACCOUNTANT (name, email, password) VALUES ('Tiffany Roy', 'marshallsteve@hotmail.com', 'WAiYhAAQvREBFnt');
INSERT INTO HOSPITAL_ADMINISTRATOR (name, email, password) VALUES ('Tiffany Roy', 'marshallsteve@hotmail.com', 'WAiYhAAQvREBFnt');
INSERT INTO ACCOUNTANT (name, email, password) VALUES ('Louis Schaefer', 'jill29@yahoo.com', 'EWnXJCAviKuVGTB');
INSERT INTO HOSPITAL_ADMINISTRATOR (name, email, password) VALUES ('Louis Schaefer', 'jill29@yahoo.com', 'EWnXJCAviKuVGTB');
INSERT INTO ACCOUNTANT (name, email, password) VALUES ('John Leblanc', 'amymiranda@gmail.com', 'MHlYPLuXwNCWBovaV');
INSERT INTO HOSPITAL_ADMINISTRATOR (name, email, password) VALUES ('John Leblanc', 'amymiranda@gmail.com', 'MHlYPLuXwNCWBovaV');
INSERT INTO ACCOUNTANT (name, email, password) VALUES ('Cindy Hensley', 'lzamora@gmail.com', 'QjjVPAUDjiEarhWyU');
INSERT INTO HOSPITAL_ADMINISTRATOR (name, email, password) VALUES ('Cindy Hensley', 'lzamora@gmail.com', 'QjjVPAUDjiEarhWyU');
INSERT INTO ACCOUNTANT (name, email, password) VALUES ('Paul Morales', 'jacksonaaron@yahoo.com', 'fFNueofzTvsaCdwuB');
INSERT INTO HOSPITAL_ADMINISTRATOR (name, email, password) VALUES ('Paul Morales', 'jacksonaaron@yahoo.com', 'fFNueofzTvsaCdwuB');
INSERT INTO ACCOUNTANT (name, email, password) VALUES ('Rodney Brown', 'jill36@gmail.com', 'BOEepDkIpHaeeApcBz');
INSERT INTO HOSPITAL_ADMINISTRATOR (name, email, password) VALUES ('Rodney Brown', 'jill36@gmail.com', 'BOEepDkIpHaeeApcBz');
INSERT INTO ACCOUNTANT (name, email, password) VALUES ('Christine Mullins', 'betty46@hotmail.com', 'jKdozdowUVhPP');
INSERT INTO HOSPITAL_ADMINISTRATOR (name, email, password) VALUES ('Christine Mullins', 'betty46@hotmail.com', 'jKdozdowUVhPP');
INSERT INTO ACCOUNTANT (name, email, password) VALUES ('Julia Sanchez', 'jillianrice@hotmail.com', 'phonVbuMgtTgNb');
INSERT INTO HOSPITAL_ADMINISTRATOR (name, email, password) VALUES ('Julia Sanchez', 'jillianrice@hotmail.com', 'phonVbuMgtTgNb');
INSERT INTO ACCOUNTANT (name, email, password) VALUES ('Jessica Harrison', 'sforbes@yahoo.com', 'LUmYbQhCPLfvg');
INSERT INTO HOSPITAL_ADMINISTRATOR (name, email, password) VALUES ('Jessica Harrison', 'sforbes@yahoo.com', 'LUmYbQhCPLfvg');
INSERT INTO ACCOUNTANT (name, email, password) VALUES ('Nathan Sanford', 'jason26@yahoo.com', 'xYrdESFqWMYakQDDn');
INSERT INTO HOSPITAL_ADMINISTRATOR (name, email, password) VALUES ('Nathan Sanford', 'jason26@yahoo.com', 'xYrdESFqWMYakQDDn');
INSERT INTO ACCOUNTANT (name, email, password) VALUES ('Angela Vasquez', 'ijimenez@hotmail.com', 'hZcJIQJQpf');
INSERT INTO HOSPITAL_ADMINISTRATOR (name, email, password) VALUES ('Angela Vasquez', 'ijimenez@hotmail.com', 'hZcJIQJQpf');
INSERT INTO ACCOUNTANT (name, email, password) VALUES ('Timothy Park', 'joemartin@yahoo.com', 'sqxAdJRQSXPYARGrf');
INSERT INTO HOSPITAL_ADMINISTRATOR (name, email, password) VALUES ('Timothy Park', 'joemartin@yahoo.com', 'sqxAdJRQSXPYARGrf');
INSERT INTO ACCOUNTANT (name, email, password) VALUES ('Brandon Pope', 'steve19@gmail.com', 'uSTPWQvnUFffrbYRjTa');
INSERT INTO HOSPITAL_ADMINISTRATOR (name, email, password) VALUES ('Brandon Pope', 'steve19@gmail.com', 'uSTPWQvnUFffrbYRjTa');
INSERT INTO ACCOUNTANT (name, email, password) VALUES ('David Rivera', 'jacksonanna@hotmail.com', 'hQkpugInblGVDdplrTOE');
INSERT INTO HOSPITAL_ADMINISTRATOR (name, email, password) VALUES ('David Rivera', 'jacksonanna@hotmail.com', 'hQkpugInblGVDdplrTOE');
INSERT INTO ACCOUNTANT (name, email, password) VALUES ('Kimberly Newman', 'elliottadrian@gmail.com', 'crTWhTXwsGSiteZU');
INSERT INTO HOSPITAL_ADMINISTRATOR (name, email, password) VALUES ('Kimberly Newman', 'elliottadrian@gmail.com', 'crTWhTXwsGSiteZU');
INSERT INTO ACCOUNTANT (name, email, password) VALUES ('Felicia Berry', 'samanthabrown@yahoo.com', 'lVQOrTOasychJLmA');
INSERT INTO HOSPITAL_ADMINISTRATOR (name, email, password) VALUES ('Felicia Berry', 'samanthabrown@yahoo.com', 'lVQOrTOasychJLmA');
INSERT INTO ACCOUNTANT (name, email, password) VALUES ('Matthew Doyle', 'austinfrank@yahoo.com', 'nUYAiIRRFCWIwL');
INSERT INTO HOSPITAL_ADMINISTRATOR (name, email, password) VALUES ('Matthew Doyle', 'austinfrank@yahoo.com', 'nUYAiIRRFCWIwL');
INSERT INTO ACCOUNTANT (name, email, password) VALUES ('Steven Lucas', 'abigail67@gmail.com', 'malodtsXNDlj');
INSERT INTO HOSPITAL_ADMINISTRATOR (name, email, password) VALUES ('Steven Lucas', 'abigail67@gmail.com', 'malodtsXNDlj');
INSERT INTO ACCOUNTANT (name, email, password) VALUES ('Douglas Johnson', 'leslieburns@hotmail.com', 'APSrRskQLEPsZEgMWqU');
INSERT INTO HOSPITAL_ADMINISTRATOR (name, email, password) VALUES ('Douglas Johnson', 'leslieburns@hotmail.com', 'APSrRskQLEPsZEgMWqU');
INSERT INTO ACCOUNTANT (name, email, password) VALUES ('Vanessa Ruiz', 'ycrosby@gmail.com', 'MxhoKEqRZB');
INSERT INTO HOSPITAL_ADMINISTRATOR (name, email, password) VALUES ('Vanessa Ruiz', 'ycrosby@gmail.com', 'MxhoKEqRZB');
INSERT INTO ACCOUNTANT (name, email, password) VALUES ('Ronnie Shaffer Jr.', 'hineselizabeth@gmail.com', 'gdsjaiQmF');
INSERT INTO HOSPITAL_ADMINISTRATOR (name, email, password) VALUES ('Ronnie Shaffer Jr.', 'hineselizabeth@gmail.com', 'gdsjaiQmF');
INSERT INTO ACCOUNTANT (name, email, password) VALUES ('Timothy Dean', 'colton56@yahoo.com', 'CsAOjZRQMChOhI');
INSERT INTO HOSPITAL_ADMINISTRATOR (name, email, password) VALUES ('Timothy Dean', 'colton56@yahoo.com', 'CsAOjZRQMChOhI');
INSERT INTO ACCOUNTANT (name, email, password) VALUES ('Thomas Peterson', 'mbrown@hotmail.com', 'rivLpLGYjMMsmnBPm');
INSERT INTO HOSPITAL_ADMINISTRATOR (name, email, password) VALUES ('Thomas Peterson', 'mbrown@hotmail.com', 'rivLpLGYjMMsmnBPm');
INSERT INTO ACCOUNTANT (name, email, password) VALUES ('Jason Petersen II', 'conniemoody@yahoo.com', 'UpdYxdvmRGVhaCePhsye');
INSERT INTO HOSPITAL_ADMINISTRATOR (name, email, password) VALUES ('Jason Petersen II', 'conniemoody@yahoo.com', 'UpdYxdvmRGVhaCePhsye');
INSERT INTO ACCOUNTANT (name, email, password) VALUES ('Olivia Gonzalez', 'jwright@gmail.com', 'IIbaakZK');
INSERT INTO HOSPITAL_ADMINISTRATOR (name, email, password) VALUES ('Olivia Gonzalez', 'jwright@gmail.com', 'IIbaakZK');
INSERT INTO ACCOUNTANT (name, email, password) VALUES ('Patricia Myers', 'wmoore@gmail.com', 'BfhGAqQwIzrkpNbIHX');
INSERT INTO HOSPITAL_ADMINISTRATOR (name, email, password) VALUES ('Patricia Myers', 'wmoore@gmail.com', 'BfhGAqQwIzrkpNbIHX');
INSERT INTO ACCOUNTANT (name, email, password) VALUES ('Michael Wilson', 'oharris@hotmail.com', 'AYMmQYjTQVMysZqeAV');
INSERT INTO HOSPITAL_ADMINISTRATOR (name, email, password) VALUES ('Michael Wilson', 'oharris@hotmail.com', 'AYMmQYjTQVMysZqeAV');
INSERT INTO ACCOUNTANT (name, email, password) VALUES ('Paul Mccarthy', 'kimberly03@yahoo.com', 'oQvrULVHAIqcpCj');
INSERT INTO HOSPITAL_ADMINISTRATOR (name, email, password) VALUES ('Paul Mccarthy', 'kimberly03@yahoo.com', 'oQvrULVHAIqcpCj');
INSERT INTO ACCOUNTANT (name, email, password) VALUES ('Jared Duncan', 'weeksdanielle@hotmail.com', 'eszwndDSaqarOxrGIpFk');
INSERT INTO HOSPITAL_ADMINISTRATOR (name, email, password) VALUES ('Jared Duncan', 'weeksdanielle@hotmail.com', 'eszwndDSaqarOxrGIpFk');
INSERT INTO ACCOUNTANT (name, email, password) VALUES ('Kathryn Walter', 'austin56@yahoo.com', 'pBeLIPOSoBbxxzquYvI');
INSERT INTO HOSPITAL_ADMINISTRATOR (name, email, password) VALUES ('Kathryn Walter', 'austin56@yahoo.com', 'pBeLIPOSoBbxxzquYvI');
INSERT INTO ACCOUNTANT (name, email, password) VALUES ('Laura Evans', 'raymondroy@gmail.com', 'NjESeTTbMweIJ');
INSERT INTO HOSPITAL_ADMINISTRATOR (name, email, password) VALUES ('Laura Evans', 'raymondroy@gmail.com', 'NjESeTTbMweIJ');
INSERT INTO ACCOUNTANT (name, email, password) VALUES ('Philip Peterson', 'samantha94@yahoo.com', 'BbxeNGBofUj');
INSERT INTO HOSPITAL_ADMINISTRATOR (name, email, password) VALUES ('Philip Peterson', 'samantha94@yahoo.com', 'BbxeNGBofUj');
INSERT INTO ACCOUNTANT (name, email, password) VALUES ('Dr. Larry Mitchell', 'iharris@yahoo.com', 'AyXjSAVvbno');
INSERT INTO HOSPITAL_ADMINISTRATOR (name, email, password) VALUES ('Dr. Larry Mitchell', 'iharris@yahoo.com', 'AyXjSAVvbno');
INSERT INTO ACCOUNTANT (name, email, password) VALUES ('Lisa Padilla', 'watersronald@yahoo.com', 'tuqhlfkcg');
INSERT INTO HOSPITAL_ADMINISTRATOR (name, email, password) VALUES ('Lisa Padilla', 'watersronald@yahoo.com', 'tuqhlfkcg');
INSERT INTO ACCOUNTANT (name, email, password) VALUES ('Keith Gonzalez', 'imendoza@gmail.com', 'cOWwizGtMtdUkDLwsof');
INSERT INTO HOSPITAL_ADMINISTRATOR (name, email, password) VALUES ('Keith Gonzalez', 'imendoza@gmail.com', 'cOWwizGtMtdUkDLwsof');
INSERT INTO ACCOUNTANT (name, email, password) VALUES ('Michael Dawson', 'nwilliamson@gmail.com', 'txoVCHDZQiU');
INSERT INTO HOSPITAL_ADMINISTRATOR (name, email, password) VALUES ('Michael Dawson', 'nwilliamson@gmail.com', 'txoVCHDZQiU');
INSERT INTO ACCOUNTANT (name, email, password) VALUES ('Michael Rodriguez', 'shelley97@gmail.com', 'BPCzPfFFnjg');
INSERT INTO HOSPITAL_ADMINISTRATOR (name, email, password) VALUES ('Michael Rodriguez', 'shelley97@gmail.com', 'BPCzPfFFnjg');
INSERT INTO ACCOUNTANT (name, email, password) VALUES ('Amy Davis', 'kimberly87@gmail.com', 'XZmOFuAVeYvnNVPjeq');
INSERT INTO HOSPITAL_ADMINISTRATOR (name, email, password) VALUES ('Amy Davis', 'kimberly87@gmail.com', 'XZmOFuAVeYvnNVPjeq');
INSERT INTO ACCOUNTANT (name, email, password) VALUES ('Robert Harris', 'davisdanielle@hotmail.com', 'qZosjGfUOeBUmVsTIw');
INSERT INTO HOSPITAL_ADMINISTRATOR (name, email, password) VALUES ('Robert Harris', 'davisdanielle@hotmail.com', 'qZosjGfUOeBUmVsTIw');
INSERT INTO ACCOUNTANT (name, email, password) VALUES ('Samuel Woods', 'aguilaralex@hotmail.com', 'RMgywxNtzTRbaKEtLh');
INSERT INTO HOSPITAL_ADMINISTRATOR (name, email, password) VALUES ('Samuel Woods', 'aguilaralex@hotmail.com', 'RMgywxNtzTRbaKEtLh');
INSERT INTO ACCOUNTANT (name, email, password) VALUES ('Norma Alvarez', 'nicholasmartin@yahoo.com', 'fKgnbZCnF');
INSERT INTO HOSPITAL_ADMINISTRATOR (name, email, password) VALUES ('Norma Alvarez', 'nicholasmartin@yahoo.com', 'fKgnbZCnF');
INSERT INTO ACCOUNTANT (name, email, password) VALUES ('Andrew Parks', 'jacob01@hotmail.com', 'GStgqoorX');
INSERT INTO HOSPITAL_ADMINISTRATOR (name, email, password) VALUES ('Andrew Parks', 'jacob01@hotmail.com', 'GStgqoorX');
INSERT INTO ACCOUNTANT (name, email, password) VALUES ('Tami Morris', 'lbrown@hotmail.com', 'RDMbuAYZO');
INSERT INTO HOSPITAL_ADMINISTRATOR (name, email, password) VALUES ('Tami Morris', 'lbrown@hotmail.com', 'RDMbuAYZO');
INSERT INTO ACCOUNTANT (name, email, password) VALUES ('Ashley Bailey', 'katherine51@yahoo.com', 'dkxfTKpFQZObSe');
INSERT INTO HOSPITAL_ADMINISTRATOR (name, email, password) VALUES ('Ashley Bailey', 'katherine51@yahoo.com', 'dkxfTKpFQZObSe');
INSERT INTO ACCOUNTANT (name, email, password) VALUES ('Stephen Soto', 'moorevalerie@yahoo.com', 'UzjZWXcbDUcADssqJfs');
INSERT INTO HOSPITAL_ADMINISTRATOR (name, email, password) VALUES ('Stephen Soto', 'moorevalerie@yahoo.com', 'UzjZWXcbDUcADssqJfs');
INSERT INTO ACCOUNTANT (name, email, password) VALUES ('Lisa Patterson', 'lawsonadam@gmail.com', 'MeFGmNGSBfVfz');
INSERT INTO HOSPITAL_ADMINISTRATOR (name, email, password) VALUES ('Lisa Patterson', 'lawsonadam@gmail.com', 'MeFGmNGSBfVfz');
INSERT INTO ACCOUNTANT (name, email, password) VALUES ('Cassidy Castro', 'barbara78@yahoo.com', 'hopzywwynGKFvYJdXMdP');
INSERT INTO HOSPITAL_ADMINISTRATOR (name, email, password) VALUES ('Cassidy Castro', 'barbara78@yahoo.com', 'hopzywwynGKFvYJdXMdP');
INSERT INTO ACCOUNTANT (name, email, password) VALUES ('Jeffery Perkins', 'nmitchell@gmail.com', 'HHiMgovnE');
INSERT INTO HOSPITAL_ADMINISTRATOR (name, email, password) VALUES ('Jeffery Perkins', 'nmitchell@gmail.com', 'HHiMgovnE');
INSERT INTO ACCOUNTANT (name, email, password) VALUES ('Ann Martinez', 'cbecker@gmail.com', 'TUjljFAZguPRxB');
INSERT INTO HOSPITAL_ADMINISTRATOR (name, email, password) VALUES ('Ann Martinez', 'cbecker@gmail.com', 'TUjljFAZguPRxB');
INSERT INTO ACCOUNTANT (name, email, password) VALUES ('Anthony Schultz', 'jeankennedy@yahoo.com', 'lybMdDqLrSGsbBGTy');
INSERT INTO HOSPITAL_ADMINISTRATOR (name, email, password) VALUES ('Anthony Schultz', 'jeankennedy@yahoo.com', 'lybMdDqLrSGsbBGTy');
INSERT INTO ACCOUNTANT (name, email, password) VALUES ('Michael Hayes', 'richardsmisty@yahoo.com', 'TAJIeKJyscvA');
INSERT INTO HOSPITAL_ADMINISTRATOR (name, email, password) VALUES ('Michael Hayes', 'richardsmisty@yahoo.com', 'TAJIeKJyscvA');
INSERT INTO ACCOUNTANT (name, email, password) VALUES ('Vicki Price', 'millerkenneth@gmail.com', 'dIloxqwxuxxsK');
INSERT INTO HOSPITAL_ADMINISTRATOR (name, email, password) VALUES ('Vicki Price', 'millerkenneth@gmail.com', 'dIloxqwxuxxsK');
INSERT INTO ACCOUNTANT (name, email, password) VALUES ('Latoya Stone', 'phillipmoore@yahoo.com', 'VSkAaQMqWtFirJJrkr');
INSERT INTO HOSPITAL_ADMINISTRATOR (name, email, password) VALUES ('Latoya Stone', 'phillipmoore@yahoo.com', 'VSkAaQMqWtFirJJrkr');
INSERT INTO ACCOUNTANT (name, email, password) VALUES ('Jodi Williams', 'djones@yahoo.com', 'kNkeAfcbkazJCJCsuJf');
INSERT INTO HOSPITAL_ADMINISTRATOR (name, email, password) VALUES ('Jodi Williams', 'djones@yahoo.com', 'kNkeAfcbkazJCJCsuJf');
INSERT INTO ACCOUNTANT (name, email, password) VALUES ('Alan Mays', 'julia66@yahoo.com', 'tkLkytGiOipKsa');
INSERT INTO HOSPITAL_ADMINISTRATOR (name, email, password) VALUES ('Alan Mays', 'julia66@yahoo.com', 'tkLkytGiOipKsa');
INSERT INTO ACCOUNTANT (name, email, password) VALUES ('Melissa Williams', 'daltonmcdonald@yahoo.com', 'JMRIFXRCbxCRl');
INSERT INTO HOSPITAL_ADMINISTRATOR (name, email, password) VALUES ('Melissa Williams', 'daltonmcdonald@yahoo.com', 'JMRIFXRCbxCRl');
INSERT INTO ACCOUNTANT (name, email, password) VALUES ('Stephanie Leach', 'matthew82@gmail.com', 'QeVGCHVJVJKg');
INSERT INTO HOSPITAL_ADMINISTRATOR (name, email, password) VALUES ('Stephanie Leach', 'matthew82@gmail.com', 'QeVGCHVJVJKg');
INSERT INTO ACCOUNTANT (name, email, password) VALUES ('Michael Brown', 'sandersscott@yahoo.com', 'odpOVqJhQGBw');
INSERT INTO HOSPITAL_ADMINISTRATOR (name, email, password) VALUES ('Michael Brown', 'sandersscott@yahoo.com', 'odpOVqJhQGBw');
INSERT INTO ACCOUNTANT (name, email, password) VALUES ('Ricardo Bell', 'marc46@gmail.com', 'nbfIdsrEtQkMY');
INSERT INTO HOSPITAL_ADMINISTRATOR (name, email, password) VALUES ('Ricardo Bell', 'marc46@gmail.com', 'nbfIdsrEtQkMY');
INSERT INTO ACCOUNTANT (name, email, password) VALUES ('Zachary Alvarez', 'sarah77@gmail.com', 'PZNLOwZpDdlM');
INSERT INTO HOSPITAL_ADMINISTRATOR (name, email, password) VALUES ('Zachary Alvarez', 'sarah77@gmail.com', 'PZNLOwZpDdlM');
INSERT INTO ACCOUNTANT (name, email, password) VALUES ('David Frey', 'rosesheila@hotmail.com', 'aiFfTCVCIXWgN');
INSERT INTO HOSPITAL_ADMINISTRATOR (name, email, password) VALUES ('David Frey', 'rosesheila@hotmail.com', 'aiFfTCVCIXWgN');
INSERT INTO ACCOUNTANT (name, email, password) VALUES ('Russell Wallace', 'garcialisa@hotmail.com', 'zeOGvWKLSTXb');
INSERT INTO HOSPITAL_ADMINISTRATOR (name, email, password) VALUES ('Russell Wallace', 'garcialisa@hotmail.com', 'zeOGvWKLSTXb');
INSERT INTO ACCOUNTANT (name, email, password) VALUES ('Phillip Barnes', 'davisoscar@gmail.com', 'FHsjHfGbomfjIY');
INSERT INTO HOSPITAL_ADMINISTRATOR (name, email, password) VALUES ('Phillip Barnes', 'davisoscar@gmail.com', 'FHsjHfGbomfjIY');
INSERT INTO ACCOUNTANT (name, email, password) VALUES ('Tristan White', 'fisheranthony@yahoo.com', 'KAwxAjqTLFZpJdL');
INSERT INTO HOSPITAL_ADMINISTRATOR (name, email, password) VALUES ('Tristan White', 'fisheranthony@yahoo.com', 'KAwxAjqTLFZpJdL');
INSERT INTO ACCOUNTANT (name, email, password) VALUES ('Hayley Carter', 'dakota91@gmail.com', 'qXwqTazcFqIfXEm');
INSERT INTO HOSPITAL_ADMINISTRATOR (name, email, password) VALUES ('Hayley Carter', 'dakota91@gmail.com', 'qXwqTazcFqIfXEm');
INSERT INTO ACCOUNTANT (name, email, password) VALUES ('Katrina Solomon', 'natalie76@gmail.com', 'MMipuvGslf');
INSERT INTO HOSPITAL_ADMINISTRATOR (name, email, password) VALUES ('Katrina Solomon', 'natalie76@gmail.com', 'MMipuvGslf');
INSERT INTO ACCOUNTANT (name, email, password) VALUES ('Alan Contreras', 'ohenson@hotmail.com', 'gAStWYfncAUWiSSCOHXM');
INSERT INTO HOSPITAL_ADMINISTRATOR (name, email, password) VALUES ('Alan Contreras', 'ohenson@hotmail.com', 'gAStWYfncAUWiSSCOHXM');
INSERT INTO ACCOUNTANT (name, email, password) VALUES ('Jon Sutton', 'samuelgutierrez@hotmail.com', 'oWbyeoZLkd');
INSERT INTO HOSPITAL_ADMINISTRATOR (name, email, password) VALUES ('Jon Sutton', 'samuelgutierrez@hotmail.com', 'oWbyeoZLkd');
INSERT INTO ACCOUNTANT (name, email, password) VALUES ('Daniel Leach', 'nicholashunter@hotmail.com', 'yjOelLYOUL');
INSERT INTO HOSPITAL_ADMINISTRATOR (name, email, password) VALUES ('Daniel Leach', 'nicholashunter@hotmail.com', 'yjOelLYOUL');
INSERT INTO ACCOUNTANT (name, email, password) VALUES ('Tina Hernandez', 'ericamcdonald@gmail.com', 'SrIvnZuIMGz');
INSERT INTO HOSPITAL_ADMINISTRATOR (name, email, password) VALUES ('Tina Hernandez', 'ericamcdonald@gmail.com', 'SrIvnZuIMGz');
INSERT INTO ACCOUNTANT (name, email, password) VALUES ('Paula Higgins', 'mwilson@yahoo.com', 'SaKnXBCptPNbVAftRPW');
INSERT INTO HOSPITAL_ADMINISTRATOR (name, email, password) VALUES ('Paula Higgins', 'mwilson@yahoo.com', 'SaKnXBCptPNbVAftRPW');
INSERT INTO ACCOUNTANT (name, email, password) VALUES ('Kathy Nelson', 'fosteramanda@hotmail.com', 'uCGHvTreOynfCMv');
INSERT INTO HOSPITAL_ADMINISTRATOR (name, email, password) VALUES ('Kathy Nelson', 'fosteramanda@hotmail.com', 'uCGHvTreOynfCMv');
INSERT INTO ACCOUNTANT (name, email, password) VALUES ('Elizabeth Martin', 'xespinoza@gmail.com', 'hBdpVFSpZVMxfvGmFJm');
INSERT INTO HOSPITAL_ADMINISTRATOR (name, email, password) VALUES ('Elizabeth Martin', 'xespinoza@gmail.com', 'hBdpVFSpZVMxfvGmFJm');
INSERT INTO ACCOUNTANT (name, email, password) VALUES ('Amanda Fox', 'tinagonzalez@hotmail.com', 'nuSyPXpmOj');
INSERT INTO HOSPITAL_ADMINISTRATOR (name, email, password) VALUES ('Amanda Fox', 'tinagonzalez@hotmail.com', 'nuSyPXpmOj');
INSERT INTO ACCOUNTANT (name, email, password) VALUES ('John Jones', 'nelsontamara@gmail.com', 'SDPfoLqczXaQdpHZ');
INSERT INTO HOSPITAL_ADMINISTRATOR (name, email, password) VALUES ('John Jones', 'nelsontamara@gmail.com', 'SDPfoLqczXaQdpHZ');
INSERT INTO ACCOUNTANT (name, email, password) VALUES ('Tammy Callahan', 'uvincent@gmail.com', 'QqIFoKekqarKhv');
INSERT INTO HOSPITAL_ADMINISTRATOR (name, email, password) VALUES ('Tammy Callahan', 'uvincent@gmail.com', 'QqIFoKekqarKhv');
INSERT INTO ACCOUNTANT (name, email, password) VALUES ('Kathryn Mclaughlin', 'wkidd@hotmail.com', 'owcpcdTELXZuJgNp');
INSERT INTO HOSPITAL_ADMINISTRATOR (name, email, password) VALUES ('Kathryn Mclaughlin', 'wkidd@hotmail.com', 'owcpcdTELXZuJgNp');
INSERT INTO ACCOUNTANT (name, email, password) VALUES ('James Vaughn', 'kiddcarolyn@gmail.com', 'RFEJGWpsgfldElPQmViU');
INSERT INTO HOSPITAL_ADMINISTRATOR (name, email, password) VALUES ('James Vaughn', 'kiddcarolyn@gmail.com', 'RFEJGWpsgfldElPQmViU');
INSERT INTO ACCOUNTANT (name, email, password) VALUES ('Linda Smith', 'anthony63@hotmail.com', 'QDnyeiZSUMe');
INSERT INTO HOSPITAL_ADMINISTRATOR (name, email, password) VALUES ('Linda Smith', 'anthony63@hotmail.com', 'QDnyeiZSUMe');
INSERT INTO ACCOUNTANT (name, email, password) VALUES ('Travis Hernandez', 'psmith@yahoo.com', 'zZOTGsrVaAnUVea');
INSERT INTO HOSPITAL_ADMINISTRATOR (name, email, password) VALUES ('Travis Hernandez', 'psmith@yahoo.com', 'zZOTGsrVaAnUVea');
INSERT INTO ACCOUNTANT (name, email, password) VALUES ('Deborah Watson', 'jeffery79@yahoo.com', 'UQCQVOtNPv');
INSERT INTO HOSPITAL_ADMINISTRATOR (name, email, password) VALUES ('Deborah Watson', 'jeffery79@yahoo.com', 'UQCQVOtNPv');
INSERT INTO ACCOUNTANT (name, email, password) VALUES ('John Young', 'pvargas@gmail.com', 'wMVtkvOzIbTEcry');
INSERT INTO HOSPITAL_ADMINISTRATOR (name, email, password) VALUES ('John Young', 'pvargas@gmail.com', 'wMVtkvOzIbTEcry');
INSERT INTO ACCOUNTANT (name, email, password) VALUES ('Angela Davis', 'frederickcory@yahoo.com', 'RjDImuGLpKvif');
INSERT INTO HOSPITAL_ADMINISTRATOR (name, email, password) VALUES ('Angela Davis', 'frederickcory@yahoo.com', 'RjDImuGLpKvif');
INSERT INTO ACCOUNTANT (name, email, password) VALUES ('Mr. Scott Flores', 'isaacwoods@gmail.com', 'RLpEGKvQVQwxGYeR');
INSERT INTO HOSPITAL_ADMINISTRATOR (name, email, password) VALUES ('Mr. Scott Flores', 'isaacwoods@gmail.com', 'RLpEGKvQVQwxGYeR');
INSERT INTO ACCOUNTANT (name, email, password) VALUES ('Jodi Snyder', 'jameshoward@hotmail.com', 'FfVfSDEoBPpRRLXRC');
INSERT INTO HOSPITAL_ADMINISTRATOR (name, email, password) VALUES ('Jodi Snyder', 'jameshoward@hotmail.com', 'FfVfSDEoBPpRRLXRC');
INSERT INTO ACCOUNTANT (name, email, password) VALUES ('Joseph Johnson', 'armstrongjoanne@hotmail.com', 'YmiynOBYEHYUqExzA');
INSERT INTO HOSPITAL_ADMINISTRATOR (name, email, password) VALUES ('Joseph Johnson', 'armstrongjoanne@hotmail.com', 'YmiynOBYEHYUqExzA');
INSERT INTO ACCOUNTANT (name, email, password) VALUES ('Angela Williamson', 'jon96@yahoo.com', 'sXqBlQPh');
INSERT INTO HOSPITAL_ADMINISTRATOR (name, email, password) VALUES ('Angela Williamson', 'jon96@yahoo.com', 'sXqBlQPh');
INSERT INTO ACCOUNTANT (name, email, password) VALUES ('Aaron Russell', 'pcarpenter@gmail.com', 'fufFgEiFfJvhDzRE');
INSERT INTO HOSPITAL_ADMINISTRATOR (name, email, password) VALUES ('Aaron Russell', 'pcarpenter@gmail.com', 'fufFgEiFfJvhDzRE');
INSERT INTO ACCOUNTANT (name, email, password) VALUES ('Veronica Howard', 'jonesadam@hotmail.com', 'oPrbDglWAhXjhHu');
INSERT INTO HOSPITAL_ADMINISTRATOR (name, email, password) VALUES ('Veronica Howard', 'jonesadam@hotmail.com', 'oPrbDglWAhXjhHu');
INSERT INTO ACCOUNTANT (name, email, password) VALUES ('Rebecca Moreno', 'delgadodonald@gmail.com', 'PrgWwDbllQeEIj');
INSERT INTO HOSPITAL_ADMINISTRATOR (name, email, password) VALUES ('Rebecca Moreno', 'delgadodonald@gmail.com', 'PrgWwDbllQeEIj');
INSERT INTO ACCOUNTANT (name, email, password) VALUES ('Sharon Hughes', 'johnsonthomas@hotmail.com', 'qCcUrqhROlPS');
INSERT INTO HOSPITAL_ADMINISTRATOR (name, email, password) VALUES ('Sharon Hughes', 'johnsonthomas@hotmail.com', 'qCcUrqhROlPS');
INSERT INTO ACCOUNTANT (name, email, password) VALUES ('Christina Anderson', 'jessicavance@yahoo.com', 'KJIhttWlSxGaNcFuaYX');
INSERT INTO HOSPITAL_ADMINISTRATOR (name, email, password) VALUES ('Christina Anderson', 'jessicavance@yahoo.com', 'KJIhttWlSxGaNcFuaYX');
INSERT INTO ACCOUNTANT (name, email, password) VALUES ('Kayla Davis', 'maryarias@gmail.com', 'RHpZgjPvmxfBTN');
INSERT INTO HOSPITAL_ADMINISTRATOR (name, email, password) VALUES ('Kayla Davis', 'maryarias@gmail.com', 'RHpZgjPvmxfBTN');
INSERT INTO ACCOUNTANT (name, email, password) VALUES ('Sarah Patterson', 'kholland@yahoo.com', 'RnaJzRGyYiYlUjSSidbw');
INSERT INTO HOSPITAL_ADMINISTRATOR (name, email, password) VALUES ('Sarah Patterson', 'kholland@yahoo.com', 'RnaJzRGyYiYlUjSSidbw');
INSERT INTO ACCOUNTANT (name, email, password) VALUES ('Steven Perry', 'jacob30@gmail.com', 'iJLKlCaRCHqevJZMdbN');
INSERT INTO HOSPITAL_ADMINISTRATOR (name, email, password) VALUES ('Steven Perry', 'jacob30@gmail.com', 'iJLKlCaRCHqevJZMdbN');
INSERT INTO ACCOUNTANT (name, email, password) VALUES ('Matthew Moore', 'jdunn@hotmail.com', 'PmsGHLgpuUHenXn');
INSERT INTO HOSPITAL_ADMINISTRATOR (name, email, password) VALUES ('Matthew Moore', 'jdunn@hotmail.com', 'PmsGHLgpuUHenXn');
INSERT INTO ACCOUNTANT (name, email, password) VALUES ('Vanessa Mckay', 'moorechristian@yahoo.com', 'GkmxTSuv');
INSERT INTO HOSPITAL_ADMINISTRATOR (name, email, password) VALUES ('Vanessa Mckay', 'moorechristian@yahoo.com', 'GkmxTSuv');
INSERT INTO ACCOUNTANT (name, email, password) VALUES ('Marie Diaz', 'herreradanielle@hotmail.com', 'orLhLpPmWQlJtldVyxM');
INSERT INTO HOSPITAL_ADMINISTRATOR (name, email, password) VALUES ('Marie Diaz', 'herreradanielle@hotmail.com', 'orLhLpPmWQlJtldVyxM');
INSERT INTO ACCOUNTANT (name, email, password) VALUES ('Heather Wells', 'carrollarthur@gmail.com', 'rmRWXBqxEJLRIgQTclO');
INSERT INTO HOSPITAL_ADMINISTRATOR (name, email, password) VALUES ('Heather Wells', 'carrollarthur@gmail.com', 'rmRWXBqxEJLRIgQTclO');
INSERT INTO ACCOUNTANT (name, email, password) VALUES ('Daniel Moore', 'heatherthompson@gmail.com', 'NgMWIgAovvHrbYJkJt');
INSERT INTO HOSPITAL_ADMINISTRATOR (name, email, password) VALUES ('Daniel Moore', 'heatherthompson@gmail.com', 'NgMWIgAovvHrbYJkJt');
INSERT INTO ACCOUNTANT (name, email, password) VALUES ('John Serrano', 'james45@hotmail.com', 'LhypfwGNdlPGiLudPaN');
INSERT INTO HOSPITAL_ADMINISTRATOR (name, email, password) VALUES ('John Serrano', 'james45@hotmail.com', 'LhypfwGNdlPGiLudPaN');
INSERT INTO ACCOUNTANT (name, email, password) VALUES ('Christopher Garcia', 'briancarlson@gmail.com', 'NnbwoRVv');
INSERT INTO HOSPITAL_ADMINISTRATOR (name, email, password) VALUES ('Christopher Garcia', 'briancarlson@gmail.com', 'NnbwoRVv');
INSERT INTO ACCOUNTANT (name, email, password) VALUES ('Curtis Cole', 'jennifertran@gmail.com', 'wmhBnEATyyIoBereRUs');
INSERT INTO HOSPITAL_ADMINISTRATOR (name, email, password) VALUES ('Curtis Cole', 'jennifertran@gmail.com', 'wmhBnEATyyIoBereRUs');
INSERT INTO ACCOUNTANT (name, email, password) VALUES ('Michael Young', 'dsalazar@yahoo.com', 'fCymJSScBM');
INSERT INTO HOSPITAL_ADMINISTRATOR (name, email, password) VALUES ('Michael Young', 'dsalazar@yahoo.com', 'fCymJSScBM');
INSERT INTO ACCOUNTANT (name, email, password) VALUES ('Tina Gonzalez', 'iromero@yahoo.com', 'ENrVBwXURzsHonKdAEfM');
INSERT INTO HOSPITAL_ADMINISTRATOR (name, email, password) VALUES ('Tina Gonzalez', 'iromero@yahoo.com', 'ENrVBwXURzsHonKdAEfM');
INSERT INTO ACCOUNTANT (name, email, password) VALUES ('Zachary Anderson', 'ismith@yahoo.com', 'dZYJPzbJFlRW');
INSERT INTO HOSPITAL_ADMINISTRATOR (name, email, password) VALUES ('Zachary Anderson', 'ismith@yahoo.com', 'dZYJPzbJFlRW');
INSERT INTO ACCOUNTANT (name, email, password) VALUES ('David Moran', 'thompsonlance@yahoo.com', 'OuksBuBckxWkSyNP');
INSERT INTO HOSPITAL_ADMINISTRATOR (name, email, password) VALUES ('David Moran', 'thompsonlance@yahoo.com', 'OuksBuBckxWkSyNP');
INSERT INTO ACCOUNTANT (name, email, password) VALUES ('Michael Farley', 'downsmegan@hotmail.com', 'rBhDeMNciK');
INSERT INTO HOSPITAL_ADMINISTRATOR (name, email, password) VALUES ('Michael Farley', 'downsmegan@hotmail.com', 'rBhDeMNciK');
INSERT INTO ACCOUNTANT (name, email, password) VALUES ('Kimberly Marshall', 'danieltodd@gmail.com', 'IiVvZhJyjlz');
INSERT INTO HOSPITAL_ADMINISTRATOR (name, email, password) VALUES ('Kimberly Marshall', 'danieltodd@gmail.com', 'IiVvZhJyjlz');
INSERT INTO ACCOUNTANT (name, email, password) VALUES ('Christopher Stanley', 'wlee@hotmail.com', 'vBRVimCuHrtqBV');
INSERT INTO HOSPITAL_ADMINISTRATOR (name, email, password) VALUES ('Christopher Stanley', 'wlee@hotmail.com', 'vBRVimCuHrtqBV');
INSERT INTO ACCOUNTANT (name, email, password) VALUES ('Ian Webster', 'gary58@hotmail.com', 'qJZxPZLpanhJJfYIm');
INSERT INTO HOSPITAL_ADMINISTRATOR (name, email, password) VALUES ('Ian Webster', 'gary58@hotmail.com', 'qJZxPZLpanhJJfYIm');
INSERT INTO ACCOUNTANT (name, email, password) VALUES ('Robert Hicks', 'andersonelizabeth@yahoo.com', 'pUORhVjwQyjM');
INSERT INTO HOSPITAL_ADMINISTRATOR (name, email, password) VALUES ('Robert Hicks', 'andersonelizabeth@yahoo.com', 'pUORhVjwQyjM');
INSERT INTO ACCOUNTANT (name, email, password) VALUES ('Sheryl Santana', 'juliaskinner@yahoo.com', 'PsjWnsZEnjs');
INSERT INTO HOSPITAL_ADMINISTRATOR (name, email, password) VALUES ('Sheryl Santana', 'juliaskinner@yahoo.com', 'PsjWnsZEnjs');
INSERT INTO ACCOUNTANT (name, email, password) VALUES ('Jose Johnston', 'abigail67@yahoo.com', 'HGEqrrIIYvZSF');
INSERT INTO HOSPITAL_ADMINISTRATOR (name, email, password) VALUES ('Jose Johnston', 'abigail67@yahoo.com', 'HGEqrrIIYvZSF');
INSERT INTO ACCOUNTANT (name, email, password) VALUES ('David Reynolds', 'christianwalker@gmail.com', 'OslPKoNCGNKhRalALo');
INSERT INTO HOSPITAL_ADMINISTRATOR (name, email, password) VALUES ('David Reynolds', 'christianwalker@gmail.com', 'OslPKoNCGNKhRalALo');
INSERT INTO ACCOUNTANT (name, email, password) VALUES ('Mark Barnes', 'lrowe@yahoo.com', 'WlgLxuKTmYPN');
INSERT INTO HOSPITAL_ADMINISTRATOR (name, email, password) VALUES ('Mark Barnes', 'lrowe@yahoo.com', 'WlgLxuKTmYPN');
INSERT INTO ACCOUNTANT (name, email, password) VALUES ('Abigail Daniels', 'matthewbarnes@hotmail.com', 'acAvCJvs');
INSERT INTO HOSPITAL_ADMINISTRATOR (name, email, password) VALUES ('Abigail Daniels', 'matthewbarnes@hotmail.com', 'acAvCJvs');
INSERT INTO ACCOUNTANT (name, email, password) VALUES ('Daisy Lara', 'steven30@hotmail.com', 'OpZaAfgpxrwWdK');
INSERT INTO HOSPITAL_ADMINISTRATOR (name, email, password) VALUES ('Daisy Lara', 'steven30@hotmail.com', 'OpZaAfgpxrwWdK');
INSERT INTO ACCOUNTANT (name, email, password) VALUES ('Jonathan Jenkins', 'johnpatterson@yahoo.com', 'rUGYMTPUeF');
INSERT INTO HOSPITAL_ADMINISTRATOR (name, email, password) VALUES ('Jonathan Jenkins', 'johnpatterson@yahoo.com', 'rUGYMTPUeF');
INSERT INTO ACCOUNTANT (name, email, password) VALUES ('Linda Oconnell', 'jacksonjessica@gmail.com', 'iMwpidGedOr');
INSERT INTO HOSPITAL_ADMINISTRATOR (name, email, password) VALUES ('Linda Oconnell', 'jacksonjessica@gmail.com', 'iMwpidGedOr');
INSERT INTO ACCOUNTANT (name, email, password) VALUES ('Anthony Moore', 'bdecker@yahoo.com', 'rcdyDPkGcCkrP');
INSERT INTO HOSPITAL_ADMINISTRATOR (name, email, password) VALUES ('Anthony Moore', 'bdecker@yahoo.com', 'rcdyDPkGcCkrP');
INSERT INTO ACCOUNTANT (name, email, password) VALUES ('Ann Moran', 'bjones@hotmail.com', 'lwlBSfiaOGmnUDjmgSBQ');
INSERT INTO HOSPITAL_ADMINISTRATOR (name, email, password) VALUES ('Ann Moran', 'bjones@hotmail.com', 'lwlBSfiaOGmnUDjmgSBQ');
INSERT INTO ACCOUNTANT (name, email, password) VALUES ('Natalie Roach', 'qvillegas@hotmail.com', 'ShQMcOHtBZBEmcTKalqO');
INSERT INTO HOSPITAL_ADMINISTRATOR (name, email, password) VALUES ('Natalie Roach', 'qvillegas@hotmail.com', 'ShQMcOHtBZBEmcTKalqO');
INSERT INTO ACCOUNTANT (name, email, password) VALUES ('Alexander Jimenez', 'zimmermanstephen@hotmail.com', 'biWXfsDs');
INSERT INTO HOSPITAL_ADMINISTRATOR (name, email, password) VALUES ('Alexander Jimenez', 'zimmermanstephen@hotmail.com', 'biWXfsDs');
INSERT INTO ACCOUNTANT (name, email, password) VALUES ('Michelle Payne', 'paulkelly@gmail.com', 'rgilrMtomDyshU');
INSERT INTO HOSPITAL_ADMINISTRATOR (name, email, password) VALUES ('Michelle Payne', 'paulkelly@gmail.com', 'rgilrMtomDyshU');
INSERT INTO ACCOUNTANT (name, email, password) VALUES ('Carol Fields', 'pamela34@hotmail.com', 'yOgZDnUbgALEWCUOCs');
INSERT INTO HOSPITAL_ADMINISTRATOR (name, email, password) VALUES ('Carol Fields', 'pamela34@hotmail.com', 'yOgZDnUbgALEWCUOCs');
INSERT INTO ACCOUNTANT (name, email, password) VALUES ('Jennifer Spencer', 'zachary42@yahoo.com', 'hszzFoNpvrkWBNgiW');
INSERT INTO HOSPITAL_ADMINISTRATOR (name, email, password) VALUES ('Jennifer Spencer', 'zachary42@yahoo.com', 'hszzFoNpvrkWBNgiW');
INSERT INTO ACCOUNTANT (name, email, password) VALUES ('Angela Williams', 'christina05@hotmail.com', 'dUXJOXwLbPMktmFntvcW');
INSERT INTO HOSPITAL_ADMINISTRATOR (name, email, password) VALUES ('Angela Williams', 'christina05@hotmail.com', 'dUXJOXwLbPMktmFntvcW');
INSERT INTO ACCOUNTANT (name, email, password) VALUES ('Stephanie Gibson', 'jameshouston@yahoo.com', 'KWjdsvhUL');
INSERT INTO HOSPITAL_ADMINISTRATOR (name, email, password) VALUES ('Stephanie Gibson', 'jameshouston@yahoo.com', 'KWjdsvhUL');
INSERT INTO ACCOUNTANT (name, email, password) VALUES ('Timothy Ford', 'amandalopez@yahoo.com', 'rbCdSfTx');
INSERT INTO HOSPITAL_ADMINISTRATOR (name, email, password) VALUES ('Timothy Ford', 'amandalopez@yahoo.com', 'rbCdSfTx');
INSERT INTO ACCOUNTANT (name, email, password) VALUES ('Anthony Gonzalez', 'veronicacrosby@hotmail.com', 'KlWaJOIjXnWxgqW');
INSERT INTO HOSPITAL_ADMINISTRATOR (name, email, password) VALUES ('Anthony Gonzalez', 'veronicacrosby@hotmail.com', 'KlWaJOIjXnWxgqW');
INSERT INTO ACCOUNTANT (name, email, password) VALUES ('Jack Brown', 'brandon61@hotmail.com', 'pwPGmqXcfRHLqoNyFvg');
INSERT INTO HOSPITAL_ADMINISTRATOR (name, email, password) VALUES ('Jack Brown', 'brandon61@hotmail.com', 'pwPGmqXcfRHLqoNyFvg');
INSERT INTO ACCOUNTANT (name, email, password) VALUES ('Brittany Rowe', 'nancypatterson@hotmail.com', 'zVoPpfJipOMXaT');
INSERT INTO HOSPITAL_ADMINISTRATOR (name, email, password) VALUES ('Brittany Rowe', 'nancypatterson@hotmail.com', 'zVoPpfJipOMXaT');
INSERT INTO ACCOUNTANT (name, email, password) VALUES ('Shirley Beard', 'matthew80@hotmail.com', 'ILHmjgxmKy');
INSERT INTO HOSPITAL_ADMINISTRATOR (name, email, password) VALUES ('Shirley Beard', 'matthew80@hotmail.com', 'ILHmjgxmKy');
INSERT INTO ACCOUNTANT (name, email, password) VALUES ('Philip Watson', 'zmccarty@gmail.com', 'AkOCJYYcyGcHxdms');
INSERT INTO HOSPITAL_ADMINISTRATOR (name, email, password) VALUES ('Philip Watson', 'zmccarty@gmail.com', 'AkOCJYYcyGcHxdms');
INSERT INTO ACCOUNTANT (name, email, password) VALUES ('Timothy Wu', 'robertcastillo@hotmail.com', 'urhqvKVHIuXbn');
INSERT INTO HOSPITAL_ADMINISTRATOR (name, email, password) VALUES ('Timothy Wu', 'robertcastillo@hotmail.com', 'urhqvKVHIuXbn');
INSERT INTO ACCOUNTANT (name, email, password) VALUES ('Brandon Scott', 'dillonfranklin@gmail.com', 'uvqsqkTLRpfzBI');
INSERT INTO HOSPITAL_ADMINISTRATOR (name, email, password) VALUES ('Brandon Scott', 'dillonfranklin@gmail.com', 'uvqsqkTLRpfzBI');
INSERT INTO ACCOUNTANT (name, email, password) VALUES ('David Anderson', 'vstone@gmail.com', 'QbsraKYi');
INSERT INTO HOSPITAL_ADMINISTRATOR (name, email, password) VALUES ('David Anderson', 'vstone@gmail.com', 'QbsraKYi');
INSERT INTO ACCOUNTANT (name, email, password) VALUES ('Alexandra Davis', 'katrinarichard@gmail.com', 'lMRcLlHsXsz');
INSERT INTO HOSPITAL_ADMINISTRATOR (name, email, password) VALUES ('Alexandra Davis', 'katrinarichard@gmail.com', 'lMRcLlHsXsz');
INSERT INTO ACCOUNTANT (name, email, password) VALUES ('Kathryn Marquez', 'atkinsjeffrey@yahoo.com', 'DBVkRumGlvvk');
INSERT INTO HOSPITAL_ADMINISTRATOR (name, email, password) VALUES ('Kathryn Marquez', 'atkinsjeffrey@yahoo.com', 'DBVkRumGlvvk');
INSERT INTO ACCOUNTANT (name, email, password) VALUES ('Charlene Jackson', 'stewartlisa@hotmail.com', 'dwQtGYkEyfUYQLdXZHD');
INSERT INTO HOSPITAL_ADMINISTRATOR (name, email, password) VALUES ('Charlene Jackson', 'stewartlisa@hotmail.com', 'dwQtGYkEyfUYQLdXZHD');
INSERT INTO ACCOUNTANT (name, email, password) VALUES ('Kathryn Dominguez', 'johnny54@gmail.com', 'VOqfsMWJpOKVl');
INSERT INTO HOSPITAL_ADMINISTRATOR (name, email, password) VALUES ('Kathryn Dominguez', 'johnny54@gmail.com', 'VOqfsMWJpOKVl');
INSERT INTO ACCOUNTANT (name, email, password) VALUES ('Ashley Nguyen', 'kingcharles@yahoo.com', 'tSUQIgiwoljUIpXPxmE');
INSERT INTO HOSPITAL_ADMINISTRATOR (name, email, password) VALUES ('Ashley Nguyen', 'kingcharles@yahoo.com', 'tSUQIgiwoljUIpXPxmE');
INSERT INTO ACCOUNTANT (name, email, password) VALUES ('Bethany Harris', 'codycruz@yahoo.com', 'vnIAFMwARn');
INSERT INTO HOSPITAL_ADMINISTRATOR (name, email, password) VALUES ('Bethany Harris', 'codycruz@yahoo.com', 'vnIAFMwARn');
INSERT INTO ACCOUNTANT (name, email, password) VALUES ('Julie Carpenter', 'punderwood@hotmail.com', 'TZXLbShRLJieirW');
INSERT INTO HOSPITAL_ADMINISTRATOR (name, email, password) VALUES ('Julie Carpenter', 'punderwood@hotmail.com', 'TZXLbShRLJieirW');
INSERT INTO ACCOUNTANT (name, email, password) VALUES ('Chase Nguyen', 'tgonzalez@hotmail.com', 'zuvNEhCvDZeKYcQ');
INSERT INTO HOSPITAL_ADMINISTRATOR (name, email, password) VALUES ('Chase Nguyen', 'tgonzalez@hotmail.com', 'zuvNEhCvDZeKYcQ');
INSERT INTO ACCOUNTANT (name, email, password) VALUES ('James Holland', 'yblankenship@gmail.com', 'ilSidrwBQXCtR');
INSERT INTO HOSPITAL_ADMINISTRATOR (name, email, password) VALUES ('James Holland', 'yblankenship@gmail.com', 'ilSidrwBQXCtR');
INSERT INTO ACCOUNTANT (name, email, password) VALUES ('Kelly Patel', 'robert05@gmail.com', 'vwctYTmcLO');
INSERT INTO HOSPITAL_ADMINISTRATOR (name, email, password) VALUES ('Kelly Patel', 'robert05@gmail.com', 'vwctYTmcLO');
INSERT INTO ACCOUNTANT (name, email, password) VALUES ('Samuel Rowe', 'qpeterson@hotmail.com', 'XjebmBvZSSsHRBpXJm');
INSERT INTO HOSPITAL_ADMINISTRATOR (name, email, password) VALUES ('Samuel Rowe', 'qpeterson@hotmail.com', 'XjebmBvZSSsHRBpXJm');
INSERT INTO ACCOUNTANT (name, email, password) VALUES ('Geoffrey Bolton', 'bporter@gmail.com', 'dqNGTxeXTxqDnwFofplv');
INSERT INTO HOSPITAL_ADMINISTRATOR (name, email, password) VALUES ('Geoffrey Bolton', 'bporter@gmail.com', 'dqNGTxeXTxqDnwFofplv');
INSERT INTO ACCOUNTANT (name, email, password) VALUES ('Elizabeth Gallagher DDS', 'bartonamanda@hotmail.com', 'HEyEtXosFkQJz');
INSERT INTO HOSPITAL_ADMINISTRATOR (name, email, password) VALUES ('Elizabeth Gallagher DDS', 'bartonamanda@hotmail.com', 'HEyEtXosFkQJz');
INSERT INTO ACCOUNTANT (name, email, password) VALUES ('Deborah Buckley', 'zluna@hotmail.com', 'JAymovWuSjFdCzUL');
INSERT INTO HOSPITAL_ADMINISTRATOR (name, email, password) VALUES ('Deborah Buckley', 'zluna@hotmail.com', 'JAymovWuSjFdCzUL');
INSERT INTO ACCOUNTANT (name, email, password) VALUES ('Shawn Sosa', 'maryjackson@hotmail.com', 'eQKChbtHQPIgyb');
INSERT INTO HOSPITAL_ADMINISTRATOR (name, email, password) VALUES ('Shawn Sosa', 'maryjackson@hotmail.com', 'eQKChbtHQPIgyb');
INSERT INTO ACCOUNTANT (name, email, password) VALUES ('Steven Rodriguez', 'pfitzgerald@yahoo.com', 'jbbtsXTqXUDajKqobNWe');
INSERT INTO HOSPITAL_ADMINISTRATOR (name, email, password) VALUES ('Steven Rodriguez', 'pfitzgerald@yahoo.com', 'jbbtsXTqXUDajKqobNWe');
INSERT INTO ACCOUNTANT (name, email, password) VALUES ('Brittany Buchanan', 'julie46@hotmail.com', 'lIvxACfYSBxigPXvUy');
INSERT INTO HOSPITAL_ADMINISTRATOR (name, email, password) VALUES ('Brittany Buchanan', 'julie46@hotmail.com', 'lIvxACfYSBxigPXvUy');
INSERT INTO ACCOUNTANT (name, email, password) VALUES ('Marilyn Rogers', 'douglas14@hotmail.com', 'evytOAgbzaRquljVwJ');
INSERT INTO HOSPITAL_ADMINISTRATOR (name, email, password) VALUES ('Marilyn Rogers', 'douglas14@hotmail.com', 'evytOAgbzaRquljVwJ');
INSERT INTO ACCOUNTANT (name, email, password) VALUES ('Ashley Houston', 'jeremyarmstrong@gmail.com', 'QRFDYiWFt');
INSERT INTO HOSPITAL_ADMINISTRATOR (name, email, password) VALUES ('Ashley Houston', 'jeremyarmstrong@gmail.com', 'QRFDYiWFt');
INSERT INTO ACCOUNTANT (name, email, password) VALUES ('Tiffany Hall', 'gjames@yahoo.com', 'AkFBaZTqAJjPq');
INSERT INTO HOSPITAL_ADMINISTRATOR (name, email, password) VALUES ('Tiffany Hall', 'gjames@yahoo.com', 'AkFBaZTqAJjPq');
INSERT INTO ACCOUNTANT (name, email, password) VALUES ('Theresa Thomas', 'sharpjessica@yahoo.com', 'ijGyPCDgclszSj');
INSERT INTO HOSPITAL_ADMINISTRATOR (name, email, password) VALUES ('Theresa Thomas', 'sharpjessica@yahoo.com', 'ijGyPCDgclszSj');
INSERT INTO ACCOUNTANT (name, email, password) VALUES ('Angela Thomas', 'mitchell48@hotmail.com', 'QNsASaFcAuwg');
INSERT INTO HOSPITAL_ADMINISTRATOR (name, email, password) VALUES ('Angela Thomas', 'mitchell48@hotmail.com', 'QNsASaFcAuwg');
INSERT INTO ACCOUNTANT (name, email, password) VALUES ('Aaron Houston', 'awalker@yahoo.com', 'MsHXJhdpVqSjkV');
INSERT INTO HOSPITAL_ADMINISTRATOR (name, email, password) VALUES ('Aaron Houston', 'awalker@yahoo.com', 'MsHXJhdpVqSjkV');
INSERT INTO ACCOUNTANT (name, email, password) VALUES ('Tina Browning', 'jonesmegan@yahoo.com', 'sOpNBVdMHwrJCyst');
INSERT INTO HOSPITAL_ADMINISTRATOR (name, email, password) VALUES ('Tina Browning', 'jonesmegan@yahoo.com', 'sOpNBVdMHwrJCyst');
INSERT INTO ACCOUNTANT (name, email, password) VALUES ('Audrey Mclaughlin', 'downszachary@gmail.com', 'XzLpaZYkIvHJLJxz');
INSERT INTO HOSPITAL_ADMINISTRATOR (name, email, password) VALUES ('Audrey Mclaughlin', 'downszachary@gmail.com', 'XzLpaZYkIvHJLJxz');
INSERT INTO ACCOUNTANT (name, email, password) VALUES ('Lauren Robinson', 'camposkatherine@yahoo.com', 'dZAqNuwi');
INSERT INTO HOSPITAL_ADMINISTRATOR (name, email, password) VALUES ('Lauren Robinson', 'camposkatherine@yahoo.com', 'dZAqNuwi');
INSERT INTO ACCOUNTANT (name, email, password) VALUES ('Jenna Robertson MD', 'joelmassey@yahoo.com', 'ylRJgvbA');
INSERT INTO HOSPITAL_ADMINISTRATOR (name, email, password) VALUES ('Jenna Robertson MD', 'joelmassey@yahoo.com', 'ylRJgvbA');
INSERT INTO ACCOUNTANT (name, email, password) VALUES ('Joseph Freeman', 'tombrown@gmail.com', 'AKRxKOaYIxzNm');
INSERT INTO HOSPITAL_ADMINISTRATOR (name, email, password) VALUES ('Joseph Freeman', 'tombrown@gmail.com', 'AKRxKOaYIxzNm');
INSERT INTO ACCOUNTANT (name, email, password) VALUES ('Zachary Montgomery', 'kennedymaurice@yahoo.com', 'BvcZIiPkgh');
INSERT INTO HOSPITAL_ADMINISTRATOR (name, email, password) VALUES ('Zachary Montgomery', 'kennedymaurice@yahoo.com', 'BvcZIiPkgh');
INSERT INTO ACCOUNTANT (name, email, password) VALUES ('Maxwell Smith', 'samanthajohns@yahoo.com', 'jYSZzvaTuGnN');
INSERT INTO HOSPITAL_ADMINISTRATOR (name, email, password) VALUES ('Maxwell Smith', 'samanthajohns@yahoo.com', 'jYSZzvaTuGnN');
INSERT INTO ACCOUNTANT (name, email, password) VALUES ('Cynthia Gilbert', 'sara61@yahoo.com', 'prPfehsn');
INSERT INTO HOSPITAL_ADMINISTRATOR (name, email, password) VALUES ('Cynthia Gilbert', 'sara61@yahoo.com', 'prPfehsn');
INSERT INTO ACCOUNTANT (name, email, password) VALUES ('Lori Evans', 'vwerner@hotmail.com', 'CdQZELCwcRHublWGgH');
INSERT INTO HOSPITAL_ADMINISTRATOR (name, email, password) VALUES ('Lori Evans', 'vwerner@hotmail.com', 'CdQZELCwcRHublWGgH');
INSERT INTO ACCOUNTANT (name, email, password) VALUES ('Noah Miller', 'jbishop@hotmail.com', 'CXIDlaoRFbIQX');
INSERT INTO HOSPITAL_ADMINISTRATOR (name, email, password) VALUES ('Noah Miller', 'jbishop@hotmail.com', 'CXIDlaoRFbIQX');
INSERT INTO ACCOUNTANT (name, email, password) VALUES ('Megan Haynes', 'davidberg@gmail.com', 'nAUMIBXmONC');
INSERT INTO HOSPITAL_ADMINISTRATOR (name, email, password) VALUES ('Megan Haynes', 'davidberg@gmail.com', 'nAUMIBXmONC');
INSERT INTO ACCOUNTANT (name, email, password) VALUES ('Jennifer Shepard', 'ryanclark@gmail.com', 'BJiyatNEW');
INSERT INTO HOSPITAL_ADMINISTRATOR (name, email, password) VALUES ('Jennifer Shepard', 'ryanclark@gmail.com', 'BJiyatNEW');
INSERT INTO ACCOUNTANT (name, email, password) VALUES ('Donna Perez', 'ipowers@yahoo.com', 'ejokvtTnQpgPx');
INSERT INTO HOSPITAL_ADMINISTRATOR (name, email, password) VALUES ('Donna Perez', 'ipowers@yahoo.com', 'ejokvtTnQpgPx');
INSERT INTO ACCOUNTANT (name, email, password) VALUES ('Mrs. Alicia Lyons MD', 'josecohen@hotmail.com', 'QplQQIWirwkOPM');
INSERT INTO HOSPITAL_ADMINISTRATOR (name, email, password) VALUES ('Mrs. Alicia Lyons MD', 'josecohen@hotmail.com', 'QplQQIWirwkOPM');
INSERT INTO ACCOUNTANT (name, email, password) VALUES ('Elizabeth Davis', 'ogarza@gmail.com', 'QYiCfXJLWMygLGONkCx');
INSERT INTO HOSPITAL_ADMINISTRATOR (name, email, password) VALUES ('Elizabeth Davis', 'ogarza@gmail.com', 'QYiCfXJLWMygLGONkCx');
INSERT INTO ACCOUNTANT (name, email, password) VALUES ('Nathan Brooks', 'christiannunez@yahoo.com', 'FPCnzLbmouv');
INSERT INTO HOSPITAL_ADMINISTRATOR (name, email, password) VALUES ('Nathan Brooks', 'christiannunez@yahoo.com', 'FPCnzLbmouv');
INSERT INTO ACCOUNTANT (name, email, password) VALUES ('Alejandro Hopkins', 'mccoyshawna@gmail.com', 'dwjflihgRixRxOEgh');
INSERT INTO HOSPITAL_ADMINISTRATOR (name, email, password) VALUES ('Alejandro Hopkins', 'mccoyshawna@gmail.com', 'dwjflihgRixRxOEgh');
INSERT INTO ACCOUNTANT (name, email, password) VALUES ('Christina Boyd', 'michaelfoster@yahoo.com', 'rlLJBNftUJLFsulzI');
INSERT INTO HOSPITAL_ADMINISTRATOR (name, email, password) VALUES ('Christina Boyd', 'michaelfoster@yahoo.com', 'rlLJBNftUJLFsulzI');
INSERT INTO ACCOUNTANT (name, email, password) VALUES ('Tony Butler', 'ysmith@yahoo.com', 'qAmAaaSRQ');
INSERT INTO HOSPITAL_ADMINISTRATOR (name, email, password) VALUES ('Tony Butler', 'ysmith@yahoo.com', 'qAmAaaSRQ');
INSERT INTO ACCOUNTANT (name, email, password) VALUES ('Kathleen Chavez', 'butlerdamon@yahoo.com', 'czboyYYaBWKZudtPOm');
INSERT INTO HOSPITAL_ADMINISTRATOR (name, email, password) VALUES ('Kathleen Chavez', 'butlerdamon@yahoo.com', 'czboyYYaBWKZudtPOm');
INSERT INTO ACCOUNTANT (name, email, password) VALUES ('Kathy Brown', 'julie74@gmail.com', 'mHDoQtqdepSkzFvPIm');
INSERT INTO HOSPITAL_ADMINISTRATOR (name, email, password) VALUES ('Kathy Brown', 'julie74@gmail.com', 'mHDoQtqdepSkzFvPIm');
INSERT INTO ACCOUNTANT (name, email, password) VALUES ('Amy Dyer', 'angelica79@gmail.com', 'BmVLgngnBsy');
INSERT INTO HOSPITAL_ADMINISTRATOR (name, email, password) VALUES ('Amy Dyer', 'angelica79@gmail.com', 'BmVLgngnBsy');
INSERT INTO ACCOUNTANT (name, email, password) VALUES ('David Rubio', 'ggriffith@yahoo.com', 'zeneCMKAisolYayKAb');
INSERT INTO HOSPITAL_ADMINISTRATOR (name, email, password) VALUES ('David Rubio', 'ggriffith@yahoo.com', 'zeneCMKAisolYayKAb');
INSERT INTO ACCOUNTANT (name, email, password) VALUES ('Kevin Mckenzie', 'cdunn@hotmail.com', 'ztTdvPtgmJXYPVGG');
INSERT INTO HOSPITAL_ADMINISTRATOR (name, email, password) VALUES ('Kevin Mckenzie', 'cdunn@hotmail.com', 'ztTdvPtgmJXYPVGG');
INSERT INTO ACCOUNTANT (name, email, password) VALUES ('Mr. Joseph Gibson', 'hyoung@hotmail.com', 'xJygToWV');
INSERT INTO HOSPITAL_ADMINISTRATOR (name, email, password) VALUES ('Mr. Joseph Gibson', 'hyoung@hotmail.com', 'xJygToWV');
INSERT INTO ACCOUNTANT (name, email, password) VALUES ('Brooke Stanley', 'davismark@gmail.com', 'PdkMAtnHnNvCCxvgmXHi');
INSERT INTO HOSPITAL_ADMINISTRATOR (name, email, password) VALUES ('Brooke Stanley', 'davismark@gmail.com', 'PdkMAtnHnNvCCxvgmXHi');
INSERT INTO ACCOUNTANT (name, email, password) VALUES ('David Stewart', 'sandrarodriguez@yahoo.com', 'lgySYvayZmgLgmqaqe');
INSERT INTO HOSPITAL_ADMINISTRATOR (name, email, password) VALUES ('David Stewart', 'sandrarodriguez@yahoo.com', 'lgySYvayZmgLgmqaqe');
INSERT INTO ACCOUNTANT (name, email, password) VALUES ('Paul Santiago', 'oliviamiller@hotmail.com', 'ZLpuHGsdOlhYS');
INSERT INTO HOSPITAL_ADMINISTRATOR (name, email, password) VALUES ('Paul Santiago', 'oliviamiller@hotmail.com', 'ZLpuHGsdOlhYS');
INSERT INTO ACCOUNTANT (name, email, password) VALUES ('Christopher Patton', 'ryanwatkins@yahoo.com', 'cCngbNfouCOyDyOf');
INSERT INTO HOSPITAL_ADMINISTRATOR (name, email, password) VALUES ('Christopher Patton', 'ryanwatkins@yahoo.com', 'cCngbNfouCOyDyOf');
INSERT INTO ACCOUNTANT (name, email, password) VALUES ('Christina Black', 'evansmaureen@gmail.com', 'nWdwLiuWmoC');
INSERT INTO HOSPITAL_ADMINISTRATOR (name, email, password) VALUES ('Christina Black', 'evansmaureen@gmail.com', 'nWdwLiuWmoC');
INSERT INTO ACCOUNTANT (name, email, password) VALUES ('Vincent Steele', 'ginachavez@gmail.com', 'TqEHgYMsTem');
INSERT INTO HOSPITAL_ADMINISTRATOR (name, email, password) VALUES ('Vincent Steele', 'ginachavez@gmail.com', 'TqEHgYMsTem');
INSERT INTO ACCOUNTANT (name, email, password) VALUES ('Amanda Medina', 'ejordan@gmail.com', 'wJVKSbbOHACRRgPc');
INSERT INTO HOSPITAL_ADMINISTRATOR (name, email, password) VALUES ('Amanda Medina', 'ejordan@gmail.com', 'wJVKSbbOHACRRgPc');
INSERT INTO ACCOUNTANT (name, email, password) VALUES ('Brandon Gutierrez', 'kevingates@hotmail.com', 'qoDEHHoWHaLCEiIhEGe');
INSERT INTO HOSPITAL_ADMINISTRATOR (name, email, password) VALUES ('Brandon Gutierrez', 'kevingates@hotmail.com', 'qoDEHHoWHaLCEiIhEGe');
INSERT INTO ACCOUNTANT (name, email, password) VALUES ('Amanda Mendoza', 'brooke59@hotmail.com', 'wVaEEPSI');
INSERT INTO HOSPITAL_ADMINISTRATOR (name, email, password) VALUES ('Amanda Mendoza', 'brooke59@hotmail.com', 'wVaEEPSI');
INSERT INTO ACCOUNTANT (name, email, password) VALUES ('Jeffrey Flores', 'stephaniewilliams@hotmail.com', 'XbglRNAyItcQcPZZMovO');
INSERT INTO HOSPITAL_ADMINISTRATOR (name, email, password) VALUES ('Jeffrey Flores', 'stephaniewilliams@hotmail.com', 'XbglRNAyItcQcPZZMovO');
INSERT INTO ACCOUNTANT (name, email, password) VALUES ('Marcus Coffey', 'zmann@yahoo.com', 'jnamfhqznKWqLWwtoPC');
INSERT INTO HOSPITAL_ADMINISTRATOR (name, email, password) VALUES ('Marcus Coffey', 'zmann@yahoo.com', 'jnamfhqznKWqLWwtoPC');
INSERT INTO ACCOUNTANT (name, email, password) VALUES ('Andrew Murphy', 'jody26@gmail.com', 'lXedkAgttiGbpnRwC');
INSERT INTO HOSPITAL_ADMINISTRATOR (name, email, password) VALUES ('Andrew Murphy', 'jody26@gmail.com', 'lXedkAgttiGbpnRwC');
INSERT INTO ACCOUNTANT (name, email, password) VALUES ('Julie Perez', 'ryansharon@yahoo.com', 'lleizhbo');
INSERT INTO HOSPITAL_ADMINISTRATOR (name, email, password) VALUES ('Julie Perez', 'ryansharon@yahoo.com', 'lleizhbo');
INSERT INTO ACCOUNTANT (name, email, password) VALUES ('Paul Smith', 'jonathan80@hotmail.com', 'syKBbaCqGOsdqIqPNgA');
INSERT INTO HOSPITAL_ADMINISTRATOR (name, email, password) VALUES ('Paul Smith', 'jonathan80@hotmail.com', 'syKBbaCqGOsdqIqPNgA');
INSERT INTO ACCOUNTANT (name, email, password) VALUES ('Tracy Hammond', 'burnsmolly@yahoo.com', 'BFWCRrkCWNou');
INSERT INTO HOSPITAL_ADMINISTRATOR (name, email, password) VALUES ('Tracy Hammond', 'burnsmolly@yahoo.com', 'BFWCRrkCWNou');
INSERT INTO ACCOUNTANT (name, email, password) VALUES ('Russell Crawford', 'james27@hotmail.com', 'FLTQgtzKw');
INSERT INTO HOSPITAL_ADMINISTRATOR (name, email, password) VALUES ('Russell Crawford', 'james27@hotmail.com', 'FLTQgtzKw');
INSERT INTO ACCOUNTANT (name, email, password) VALUES ('Teresa Ford', 'terrymelissa@hotmail.com', 'WfMMFDfJ');
INSERT INTO HOSPITAL_ADMINISTRATOR (name, email, password) VALUES ('Teresa Ford', 'terrymelissa@hotmail.com', 'WfMMFDfJ');
INSERT INTO ACCOUNTANT (name, email, password) VALUES ('Chris Roberts', 'xsmith@hotmail.com', 'vtlwajrlHeaUpO');
INSERT INTO HOSPITAL_ADMINISTRATOR (name, email, password) VALUES ('Chris Roberts', 'xsmith@hotmail.com', 'vtlwajrlHeaUpO');
INSERT INTO ACCOUNTANT (name, email, password) VALUES ('Samantha Cruz', 'adriennebrown@gmail.com', 'OjvCUlRE');
INSERT INTO HOSPITAL_ADMINISTRATOR (name, email, password) VALUES ('Samantha Cruz', 'adriennebrown@gmail.com', 'OjvCUlRE');
INSERT INTO ACCOUNTANT (name, email, password) VALUES ('Kelsey Green', 'mitchellmary@gmail.com', 'ONXyUIIsLOgZOh');
INSERT INTO HOSPITAL_ADMINISTRATOR (name, email, password) VALUES ('Kelsey Green', 'mitchellmary@gmail.com', 'ONXyUIIsLOgZOh');
INSERT INTO ACCOUNTANT (name, email, password) VALUES ('Christopher Morris', 'russell56@hotmail.com', 'UGhFEfCmfrt');
INSERT INTO HOSPITAL_ADMINISTRATOR (name, email, password) VALUES ('Christopher Morris', 'russell56@hotmail.com', 'UGhFEfCmfrt');
INSERT INTO ACCOUNTANT (name, email, password) VALUES ('Laurie Jacobson', 'porterdouglas@hotmail.com', 'iQbcYzAcAKycMszikO');
INSERT INTO HOSPITAL_ADMINISTRATOR (name, email, password) VALUES ('Laurie Jacobson', 'porterdouglas@hotmail.com', 'iQbcYzAcAKycMszikO');
INSERT INTO ACCOUNTANT (name, email, password) VALUES ('Alicia Burns', 'colleenbaird@hotmail.com', 'YfQXXOmsgzih');
INSERT INTO HOSPITAL_ADMINISTRATOR (name, email, password) VALUES ('Alicia Burns', 'colleenbaird@hotmail.com', 'YfQXXOmsgzih');
INSERT INTO ACCOUNTANT (name, email, password) VALUES ('Debra Mcconnell', 'tony10@gmail.com', 'wjifMFqsar');
INSERT INTO HOSPITAL_ADMINISTRATOR (name, email, password) VALUES ('Debra Mcconnell', 'tony10@gmail.com', 'wjifMFqsar');
INSERT INTO ACCOUNTANT (name, email, password) VALUES ('Penny Orr', 'nbarber@gmail.com', 'LRkDiVUPPUmR');
INSERT INTO HOSPITAL_ADMINISTRATOR (name, email, password) VALUES ('Penny Orr', 'nbarber@gmail.com', 'LRkDiVUPPUmR');
INSERT INTO ACCOUNTANT (name, email, password) VALUES ('Emily Torres', 'ericanderson@hotmail.com', 'ZlblYGIMlqEihjd');
INSERT INTO HOSPITAL_ADMINISTRATOR (name, email, password) VALUES ('Emily Torres', 'ericanderson@hotmail.com', 'ZlblYGIMlqEihjd');
INSERT INTO ACCOUNTANT (name, email, password) VALUES ('Andrew White', 'mfoley@yahoo.com', 'XjWTxaPIvpwVV');
INSERT INTO HOSPITAL_ADMINISTRATOR (name, email, password) VALUES ('Andrew White', 'mfoley@yahoo.com', 'XjWTxaPIvpwVV');
INSERT INTO ACCOUNTANT (name, email, password) VALUES ('Douglas Bell', 'lhardy@gmail.com', 'GVarWkguIzjx');
INSERT INTO HOSPITAL_ADMINISTRATOR (name, email, password) VALUES ('Douglas Bell', 'lhardy@gmail.com', 'GVarWkguIzjx');
INSERT INTO ACCOUNTANT (name, email, password) VALUES ('Ryan Perkins', 'jenniferrodgers@gmail.com', 'cYsWjdNxIKAuQDCWM');
INSERT INTO HOSPITAL_ADMINISTRATOR (name, email, password) VALUES ('Ryan Perkins', 'jenniferrodgers@gmail.com', 'cYsWjdNxIKAuQDCWM');
INSERT INTO ACCOUNTANT (name, email, password) VALUES ('Rachel Bailey', 'heathsarah@hotmail.com', 'nvLluJotgVOJy');
INSERT INTO HOSPITAL_ADMINISTRATOR (name, email, password) VALUES ('Rachel Bailey', 'heathsarah@hotmail.com', 'nvLluJotgVOJy');
INSERT INTO ACCOUNTANT (name, email, password) VALUES ('Hailey Ortiz', 'sarah69@hotmail.com', 'AVzuNlKOWAJTaVhxDBy');
INSERT INTO HOSPITAL_ADMINISTRATOR (name, email, password) VALUES ('Hailey Ortiz', 'sarah69@hotmail.com', 'AVzuNlKOWAJTaVhxDBy');
INSERT INTO ACCOUNTANT (name, email, password) VALUES ('Michele Holden', 'gabriela35@hotmail.com', 'eRNUDPNTbYsz');
INSERT INTO HOSPITAL_ADMINISTRATOR (name, email, password) VALUES ('Michele Holden', 'gabriela35@hotmail.com', 'eRNUDPNTbYsz');
INSERT INTO ACCOUNTANT (name, email, password) VALUES ('Connie Cummings', 'julieanderson@gmail.com', 'IiKXeiTGTkRV');
INSERT INTO HOSPITAL_ADMINISTRATOR (name, email, password) VALUES ('Connie Cummings', 'julieanderson@gmail.com', 'IiKXeiTGTkRV');
INSERT INTO ACCOUNTANT (name, email, password) VALUES ('John Sellers', 'robert22@hotmail.com', 'RQLNBsMfdkaGqitsp');
INSERT INTO HOSPITAL_ADMINISTRATOR (name, email, password) VALUES ('John Sellers', 'robert22@hotmail.com', 'RQLNBsMfdkaGqitsp');
INSERT INTO ACCOUNTANT (name, email, password) VALUES ('Dr. Patricia Little', 'berrystephanie@gmail.com', 'dIpSwdOlZtHS');
INSERT INTO HOSPITAL_ADMINISTRATOR (name, email, password) VALUES ('Dr. Patricia Little', 'berrystephanie@gmail.com', 'dIpSwdOlZtHS');
INSERT INTO ACCOUNTANT (name, email, password) VALUES ('Lauren Ortiz', 'katelyn41@hotmail.com', 'TzQzlZCQitV');
INSERT INTO HOSPITAL_ADMINISTRATOR (name, email, password) VALUES ('Lauren Ortiz', 'katelyn41@hotmail.com', 'TzQzlZCQitV');
INSERT INTO ACCOUNTANT (name, email, password) VALUES ('Michael Mooney', 'nanderson@hotmail.com', 'lLYlmURpYdoVZJVimB');
INSERT INTO HOSPITAL_ADMINISTRATOR (name, email, password) VALUES ('Michael Mooney', 'nanderson@hotmail.com', 'lLYlmURpYdoVZJVimB');
INSERT INTO ACCOUNTANT (name, email, password) VALUES ('Eduardo Blair', 'albertwolf@yahoo.com', 'pIaAvMbnNSRSQTGyU');
INSERT INTO HOSPITAL_ADMINISTRATOR (name, email, password) VALUES ('Eduardo Blair', 'albertwolf@yahoo.com', 'pIaAvMbnNSRSQTGyU');
INSERT INTO ACCOUNTANT (name, email, password) VALUES ('Jimmy Alexander', 'james13@gmail.com', 'pprBJMcQPlpPRDf');
INSERT INTO HOSPITAL_ADMINISTRATOR (name, email, password) VALUES ('Jimmy Alexander', 'james13@gmail.com', 'pprBJMcQPlpPRDf');
INSERT INTO ACCOUNTANT (name, email, password) VALUES ('Andrea Banks', 'gomezdonald@hotmail.com', 'tXJmfNQiAAupaIz');
INSERT INTO HOSPITAL_ADMINISTRATOR (name, email, password) VALUES ('Andrea Banks', 'gomezdonald@hotmail.com', 'tXJmfNQiAAupaIz');
INSERT INTO ACCOUNTANT (name, email, password) VALUES ('William Roberts', 'carly00@yahoo.com', 'eGFtCtnlYjAtTyCDMjl');
INSERT INTO HOSPITAL_ADMINISTRATOR (name, email, password) VALUES ('William Roberts', 'carly00@yahoo.com', 'eGFtCtnlYjAtTyCDMjl');
INSERT INTO ACCOUNTANT (name, email, password) VALUES ('Kendra Luna', 'alyssareyes@hotmail.com', 'lExBfXqrocs');
INSERT INTO HOSPITAL_ADMINISTRATOR (name, email, password) VALUES ('Kendra Luna', 'alyssareyes@hotmail.com', 'lExBfXqrocs');
INSERT INTO ACCOUNTANT (name, email, password) VALUES ('Steven Martin', 'wellsheather@gmail.com', 'CNCweSWJHqgjAnc');
INSERT INTO HOSPITAL_ADMINISTRATOR (name, email, password) VALUES ('Steven Martin', 'wellsheather@gmail.com', 'CNCweSWJHqgjAnc');
INSERT INTO ACCOUNTANT (name, email, password) VALUES ('Todd Johnson', 'weberjeffrey@gmail.com', 'nsOOlPSF');
INSERT INTO HOSPITAL_ADMINISTRATOR (name, email, password) VALUES ('Todd Johnson', 'weberjeffrey@gmail.com', 'nsOOlPSF');
INSERT INTO ACCOUNTANT (name, email, password) VALUES ('Ronnie Welch', 'leonmichael@hotmail.com', 'eKuBkWNLisSfWtE');
INSERT INTO HOSPITAL_ADMINISTRATOR (name, email, password) VALUES ('Ronnie Welch', 'leonmichael@hotmail.com', 'eKuBkWNLisSfWtE');
INSERT INTO ACCOUNTANT (name, email, password) VALUES ('Kenneth Roy', 'wmason@yahoo.com', 'uHIpnwQNLjPCK');
INSERT INTO HOSPITAL_ADMINISTRATOR (name, email, password) VALUES ('Kenneth Roy', 'wmason@yahoo.com', 'uHIpnwQNLjPCK');
INSERT INTO ACCOUNTANT (name, email, password) VALUES ('Adam Bishop', 'graychelsea@yahoo.com', 'KDqLUVGiACcLZiFwIote');
INSERT INTO HOSPITAL_ADMINISTRATOR (name, email, password) VALUES ('Adam Bishop', 'graychelsea@yahoo.com', 'KDqLUVGiACcLZiFwIote');
INSERT INTO ACCOUNTANT (name, email, password) VALUES ('Mitchell Gould', 'williamspaula@hotmail.com', 'HJhshCYbbedqFOnTvv');
INSERT INTO HOSPITAL_ADMINISTRATOR (name, email, password) VALUES ('Mitchell Gould', 'williamspaula@hotmail.com', 'HJhshCYbbedqFOnTvv');
INSERT INTO ACCOUNTANT (name, email, password) VALUES ('Erica Barron', 'gallagherthomas@hotmail.com', 'BEcaRfUeFNadZj');
INSERT INTO HOSPITAL_ADMINISTRATOR (name, email, password) VALUES ('Erica Barron', 'gallagherthomas@hotmail.com', 'BEcaRfUeFNadZj');
INSERT INTO ACCOUNTANT (name, email, password) VALUES ('Diana Murphy', 'joshuamorris@hotmail.com', 'GtnahVRa');
INSERT INTO HOSPITAL_ADMINISTRATOR (name, email, password) VALUES ('Diana Murphy', 'joshuamorris@hotmail.com', 'GtnahVRa');
INSERT INTO ACCOUNTANT (name, email, password) VALUES ('Bruce Santos', 'ariasnicole@yahoo.com', 'iYgnbGYtg');
INSERT INTO HOSPITAL_ADMINISTRATOR (name, email, password) VALUES ('Bruce Santos', 'ariasnicole@yahoo.com', 'iYgnbGYtg');
INSERT INTO ACCOUNTANT (name, email, password) VALUES ('Zachary Matthews', 'kennethgreene@yahoo.com', 'BYjNDVlplNzkzP');
INSERT INTO HOSPITAL_ADMINISTRATOR (name, email, password) VALUES ('Zachary Matthews', 'kennethgreene@yahoo.com', 'BYjNDVlplNzkzP');
INSERT INTO ACCOUNTANT (name, email, password) VALUES ('Patrick Morris', 'hughesjustin@yahoo.com', 'tsxNUajPIVyEXuMk');
INSERT INTO HOSPITAL_ADMINISTRATOR (name, email, password) VALUES ('Patrick Morris', 'hughesjustin@yahoo.com', 'tsxNUajPIVyEXuMk');
INSERT INTO ACCOUNTANT (name, email, password) VALUES ('Jonathan Moore', 'pacosta@gmail.com', 'fnqyxeUCqEcYm');
INSERT INTO HOSPITAL_ADMINISTRATOR (name, email, password) VALUES ('Jonathan Moore', 'pacosta@gmail.com', 'fnqyxeUCqEcYm');
INSERT INTO ACCOUNTANT (name, email, password) VALUES ('Rebecca Bailey', 'brandoncarpenter@yahoo.com', 'DpEsKvEvwqpPRhJKFEss');
INSERT INTO HOSPITAL_ADMINISTRATOR (name, email, password) VALUES ('Rebecca Bailey', 'brandoncarpenter@yahoo.com', 'DpEsKvEvwqpPRhJKFEss');
INSERT INTO ACCOUNTANT (name, email, password) VALUES ('Kathryn Crawford', 'greg05@yahoo.com', 'CNROuzlPgiY');
INSERT INTO HOSPITAL_ADMINISTRATOR (name, email, password) VALUES ('Kathryn Crawford', 'greg05@yahoo.com', 'CNROuzlPgiY');
INSERT INTO ACCOUNTANT (name, email, password) VALUES ('George Cox', 'garciacraig@gmail.com', 'DUBPwfmubaYDdQwVUN');
INSERT INTO HOSPITAL_ADMINISTRATOR (name, email, password) VALUES ('George Cox', 'garciacraig@gmail.com', 'DUBPwfmubaYDdQwVUN');
INSERT INTO ACCOUNTANT (name, email, password) VALUES ('Cory Ross', 'williamprice@gmail.com', 'TIhnOTtCTvN');
INSERT INTO HOSPITAL_ADMINISTRATOR (name, email, password) VALUES ('Cory Ross', 'williamprice@gmail.com', 'TIhnOTtCTvN');
INSERT INTO ACCOUNTANT (name, email, password) VALUES ('Scott Carroll', 'herbertpeterson@yahoo.com', 'HjbQAzBla');
INSERT INTO HOSPITAL_ADMINISTRATOR (name, email, password) VALUES ('Scott Carroll', 'herbertpeterson@yahoo.com', 'HjbQAzBla');
INSERT INTO ACCOUNTANT (name, email, password) VALUES ('Logan Martin', 'susan09@gmail.com', 'mWgxPLGUcatYBzquzSl');
INSERT INTO HOSPITAL_ADMINISTRATOR (name, email, password) VALUES ('Logan Martin', 'susan09@gmail.com', 'mWgxPLGUcatYBzquzSl');
INSERT INTO ACCOUNTANT (name, email, password) VALUES ('Logan Fuentes', 'lgarcia@yahoo.com', 'nENuuiKlqoVCX');
INSERT INTO HOSPITAL_ADMINISTRATOR (name, email, password) VALUES ('Logan Fuentes', 'lgarcia@yahoo.com', 'nENuuiKlqoVCX');
INSERT INTO ACCOUNTANT (name, email, password) VALUES ('Samantha Nelson', 'james89@hotmail.com', 'gFEsebAnzyvNgLnnfoKU');
INSERT INTO HOSPITAL_ADMINISTRATOR (name, email, password) VALUES ('Samantha Nelson', 'james89@hotmail.com', 'gFEsebAnzyvNgLnnfoKU');
INSERT INTO ACCOUNTANT (name, email, password) VALUES ('Gabriella Wright', 'elizabeth29@hotmail.com', 'ZRrlkSWnyqf');
INSERT INTO HOSPITAL_ADMINISTRATOR (name, email, password) VALUES ('Gabriella Wright', 'elizabeth29@hotmail.com', 'ZRrlkSWnyqf');
INSERT INTO ACCOUNTANT (name, email, password) VALUES ('Matthew Smith', 'katherine36@yahoo.com', 'WERilwfBmgnyv');
INSERT INTO HOSPITAL_ADMINISTRATOR (name, email, password) VALUES ('Matthew Smith', 'katherine36@yahoo.com', 'WERilwfBmgnyv');
INSERT INTO ACCOUNTANT (name, email, password) VALUES ('Cindy Boyd', 'theresa20@hotmail.com', 'FqIdsXoazBWF');
INSERT INTO HOSPITAL_ADMINISTRATOR (name, email, password) VALUES ('Cindy Boyd', 'theresa20@hotmail.com', 'FqIdsXoazBWF');
INSERT INTO ACCOUNTANT (name, email, password) VALUES ('Daniel Robertson', 'lhernandez@yahoo.com', 'olmloPtuFBJ');
INSERT INTO HOSPITAL_ADMINISTRATOR (name, email, password) VALUES ('Daniel Robertson', 'lhernandez@yahoo.com', 'olmloPtuFBJ');
INSERT INTO ACCOUNTANT (name, email, password) VALUES ('Daniel Hall', 'andrew67@gmail.com', 'wtRugfnwvmlVuLuWhkzd');
INSERT INTO HOSPITAL_ADMINISTRATOR (name, email, password) VALUES ('Daniel Hall', 'andrew67@gmail.com', 'wtRugfnwvmlVuLuWhkzd');
INSERT INTO ACCOUNTANT (name, email, password) VALUES ('Ernest Henderson', 'roger95@gmail.com', 'IXHVudFqhq');
INSERT INTO HOSPITAL_ADMINISTRATOR (name, email, password) VALUES ('Ernest Henderson', 'roger95@gmail.com', 'IXHVudFqhq');
INSERT INTO ACCOUNTANT (name, email, password) VALUES ('Michael Ray', 'christina37@hotmail.com', 'uJiSdcEYOZhMS');
INSERT INTO HOSPITAL_ADMINISTRATOR (name, email, password) VALUES ('Michael Ray', 'christina37@hotmail.com', 'uJiSdcEYOZhMS');
INSERT INTO ACCOUNTANT (name, email, password) VALUES ('Nicolas Berry', 'aaronthomas@hotmail.com', 'gJXDlTeZHcvytJFHFRs');
INSERT INTO HOSPITAL_ADMINISTRATOR (name, email, password) VALUES ('Nicolas Berry', 'aaronthomas@hotmail.com', 'gJXDlTeZHcvytJFHFRs');
INSERT INTO ACCOUNTANT (name, email, password) VALUES ('Christopher Shelton', 'michael67@hotmail.com', 'IrHxYJxxEEbxSIlo');
INSERT INTO HOSPITAL_ADMINISTRATOR (name, email, password) VALUES ('Christopher Shelton', 'michael67@hotmail.com', 'IrHxYJxxEEbxSIlo');
INSERT INTO ACCOUNTANT (name, email, password) VALUES ('April Todd', 'joshua15@yahoo.com', 'wtpzBIqaSHN');
INSERT INTO HOSPITAL_ADMINISTRATOR (name, email, password) VALUES ('April Todd', 'joshua15@yahoo.com', 'wtpzBIqaSHN');
INSERT INTO ACCOUNTANT (name, email, password) VALUES ('Tara Baker', 'esweeney@gmail.com', 'UgBXAFzvmQ');
INSERT INTO HOSPITAL_ADMINISTRATOR (name, email, password) VALUES ('Tara Baker', 'esweeney@gmail.com', 'UgBXAFzvmQ');
INSERT INTO ACCOUNTANT (name, email, password) VALUES ('Angela Ellis', 'hirwin@hotmail.com', 'GypQKUwoBtGC');
INSERT INTO HOSPITAL_ADMINISTRATOR (name, email, password) VALUES ('Angela Ellis', 'hirwin@hotmail.com', 'GypQKUwoBtGC');
INSERT INTO ACCOUNTANT (name, email, password) VALUES ('Ms. Rita Nichols', 'amy49@hotmail.com', 'kEVkiNuOMg');
INSERT INTO HOSPITAL_ADMINISTRATOR (name, email, password) VALUES ('Ms. Rita Nichols', 'amy49@hotmail.com', 'kEVkiNuOMg');
INSERT INTO ACCOUNTANT (name, email, password) VALUES ('Amy Duke', 'vbanks@gmail.com', 'POHyDPwQGKgckDybZM');
INSERT INTO HOSPITAL_ADMINISTRATOR (name, email, password) VALUES ('Amy Duke', 'vbanks@gmail.com', 'POHyDPwQGKgckDybZM');
INSERT INTO ACCOUNTANT (name, email, password) VALUES ('William Terry', 'greenmichelle@hotmail.com', 'zpBBlbxjYoblTh');
INSERT INTO HOSPITAL_ADMINISTRATOR (name, email, password) VALUES ('William Terry', 'greenmichelle@hotmail.com', 'zpBBlbxjYoblTh');
INSERT INTO ACCOUNTANT (name, email, password) VALUES ('Andrea Thomas', 'matthewscheryl@yahoo.com', 'tbgDJWPgwmVt');
INSERT INTO HOSPITAL_ADMINISTRATOR (name, email, password) VALUES ('Andrea Thomas', 'matthewscheryl@yahoo.com', 'tbgDJWPgwmVt');
INSERT INTO ACCOUNTANT (name, email, password) VALUES ('Isabella Colon', 'cookcarrie@gmail.com', 'LIgpgYCduY');
INSERT INTO HOSPITAL_ADMINISTRATOR (name, email, password) VALUES ('Isabella Colon', 'cookcarrie@gmail.com', 'LIgpgYCduY');
INSERT INTO ACCOUNTANT (name, email, password) VALUES ('Troy Sellers', 'ejackson@yahoo.com', 'bmyKJpwaSaxo');
INSERT INTO HOSPITAL_ADMINISTRATOR (name, email, password) VALUES ('Troy Sellers', 'ejackson@yahoo.com', 'bmyKJpwaSaxo');
INSERT INTO ACCOUNTANT (name, email, password) VALUES ('Justin Miller', 'burnssamuel@yahoo.com', 'wsseWyrRpRLDvMd');
INSERT INTO HOSPITAL_ADMINISTRATOR (name, email, password) VALUES ('Justin Miller', 'burnssamuel@yahoo.com', 'wsseWyrRpRLDvMd');
INSERT INTO ACCOUNTANT (name, email, password) VALUES ('Ryan Bray', 'davisjared@hotmail.com', 'xUwbVCRmsSIEyRqJGhE');
INSERT INTO HOSPITAL_ADMINISTRATOR (name, email, password) VALUES ('Ryan Bray', 'davisjared@hotmail.com', 'xUwbVCRmsSIEyRqJGhE');
INSERT INTO ACCOUNTANT (name, email, password) VALUES ('Darren Ferguson PhD', 'blackmichael@gmail.com', 'kRuZMtWbZlniUPpum');
INSERT INTO HOSPITAL_ADMINISTRATOR (name, email, password) VALUES ('Darren Ferguson PhD', 'blackmichael@gmail.com', 'kRuZMtWbZlniUPpum');
INSERT INTO ACCOUNTANT (name, email, password) VALUES ('Amanda Green', 'tlong@gmail.com', 'aaGtUKzEIOziMDPYZscq');
INSERT INTO HOSPITAL_ADMINISTRATOR (name, email, password) VALUES ('Amanda Green', 'tlong@gmail.com', 'aaGtUKzEIOziMDPYZscq');
INSERT INTO ACCOUNTANT (name, email, password) VALUES ('Tiffany Orozco', 'gharris@gmail.com', 'gilejiiI');
INSERT INTO HOSPITAL_ADMINISTRATOR (name, email, password) VALUES ('Tiffany Orozco', 'gharris@gmail.com', 'gilejiiI');
INSERT INTO ACCOUNTANT (name, email, password) VALUES ('Stephanie Walton', 'barbara60@gmail.com', 'XFTjvhrBCGEgjtO');
INSERT INTO HOSPITAL_ADMINISTRATOR (name, email, password) VALUES ('Stephanie Walton', 'barbara60@gmail.com', 'XFTjvhrBCGEgjtO');
INSERT INTO ACCOUNTANT (name, email, password) VALUES ('Rebecca Wilson', 'krista83@yahoo.com', 'xPPoHcgCy');
INSERT INTO HOSPITAL_ADMINISTRATOR (name, email, password) VALUES ('Rebecca Wilson', 'krista83@yahoo.com', 'xPPoHcgCy');
INSERT INTO ACCOUNTANT (name, email, password) VALUES ('Paul Mahoney', 'paul72@yahoo.com', 'LWPxXFBAtvFAFaBlgl');
INSERT INTO HOSPITAL_ADMINISTRATOR (name, email, password) VALUES ('Paul Mahoney', 'paul72@yahoo.com', 'LWPxXFBAtvFAFaBlgl');
INSERT INTO ACCOUNTANT (name, email, password) VALUES ('Jade Perry', 'millerlaurie@yahoo.com', 'spRaLTerdiWoU');
INSERT INTO HOSPITAL_ADMINISTRATOR (name, email, password) VALUES ('Jade Perry', 'millerlaurie@yahoo.com', 'spRaLTerdiWoU');
INSERT INTO ACCOUNTANT (name, email, password) VALUES ('Christopher Porter', 'proy@hotmail.com', 'VyOvyYsAMkIxsX');
INSERT INTO HOSPITAL_ADMINISTRATOR (name, email, password) VALUES ('Christopher Porter', 'proy@hotmail.com', 'VyOvyYsAMkIxsX');
INSERT INTO ACCOUNTANT (name, email, password) VALUES ('Andrew Walsh', 'hayesjoe@yahoo.com', 'YZLvwgZwSqnXJ');
INSERT INTO HOSPITAL_ADMINISTRATOR (name, email, password) VALUES ('Andrew Walsh', 'hayesjoe@yahoo.com', 'YZLvwgZwSqnXJ');
INSERT INTO ACCOUNTANT (name, email, password) VALUES ('Richard Valenzuela', 'starkbenjamin@yahoo.com', 'uglYNvKsEDKsEkYA');
INSERT INTO HOSPITAL_ADMINISTRATOR (name, email, password) VALUES ('Richard Valenzuela', 'starkbenjamin@yahoo.com', 'uglYNvKsEDKsEkYA');
INSERT INTO ACCOUNTANT (name, email, password) VALUES ('Brianna Brown', 'snyderjoseph@gmail.com', 'awnNnQoU');
INSERT INTO HOSPITAL_ADMINISTRATOR (name, email, password) VALUES ('Brianna Brown', 'snyderjoseph@gmail.com', 'awnNnQoU');
INSERT INTO ACCOUNTANT (name, email, password) VALUES ('Anna Stephenson', 'andersonroy@hotmail.com', 'dMOVUGZc');
INSERT INTO HOSPITAL_ADMINISTRATOR (name, email, password) VALUES ('Anna Stephenson', 'andersonroy@hotmail.com', 'dMOVUGZc');
INSERT INTO ACCOUNTANT (name, email, password) VALUES ('Janet Wilson', 'hmorris@yahoo.com', 'FjAeZnwttpOwdxkSJFA');
INSERT INTO HOSPITAL_ADMINISTRATOR (name, email, password) VALUES ('Janet Wilson', 'hmorris@yahoo.com', 'FjAeZnwttpOwdxkSJFA');
INSERT INTO ACCOUNTANT (name, email, password) VALUES ('Casey Frank', 'pittmansean@hotmail.com', 'MCYxCmFoM');
INSERT INTO HOSPITAL_ADMINISTRATOR (name, email, password) VALUES ('Casey Frank', 'pittmansean@hotmail.com', 'MCYxCmFoM');
INSERT INTO ACCOUNTANT (name, email, password) VALUES ('Mrs. Rachel Hutchinson', 'davidvillanueva@hotmail.com', 'HNmWYVwiGFix');
INSERT INTO HOSPITAL_ADMINISTRATOR (name, email, password) VALUES ('Mrs. Rachel Hutchinson', 'davidvillanueva@hotmail.com', 'HNmWYVwiGFix');
INSERT INTO ACCOUNTANT (name, email, password) VALUES ('Victoria Banks', 'matthew40@yahoo.com', 'rHlNmSHHxVSsOHE');
INSERT INTO HOSPITAL_ADMINISTRATOR (name, email, password) VALUES ('Victoria Banks', 'matthew40@yahoo.com', 'rHlNmSHHxVSsOHE');
INSERT INTO ACCOUNTANT (name, email, password) VALUES ('Angela Davis', 'rbarnett@hotmail.com', 'MZZuqqJwJC');
INSERT INTO HOSPITAL_ADMINISTRATOR (name, email, password) VALUES ('Angela Davis', 'rbarnett@hotmail.com', 'MZZuqqJwJC');
INSERT INTO ACCOUNTANT (name, email, password) VALUES ('John Fowler', 'richardsonmelissa@gmail.com', 'CyyPHcPowfNmKbMP');
INSERT INTO HOSPITAL_ADMINISTRATOR (name, email, password) VALUES ('John Fowler', 'richardsonmelissa@gmail.com', 'CyyPHcPowfNmKbMP');
INSERT INTO ACCOUNTANT (name, email, password) VALUES ('Jennifer Sanchez', 'amoses@yahoo.com', 'mnFCxDAyHgydiEEWOZU');
INSERT INTO HOSPITAL_ADMINISTRATOR (name, email, password) VALUES ('Jennifer Sanchez', 'amoses@yahoo.com', 'mnFCxDAyHgydiEEWOZU');
INSERT INTO ACCOUNTANT (name, email, password) VALUES ('Brittany Lee', 'jenniferandrews@gmail.com', 'CjouzfwyzXyRIb');
INSERT INTO HOSPITAL_ADMINISTRATOR (name, email, password) VALUES ('Brittany Lee', 'jenniferandrews@gmail.com', 'CjouzfwyzXyRIb');
INSERT INTO ACCOUNTANT (name, email, password) VALUES ('Kevin Moran', 'elizabethwheeler@yahoo.com', 'LYmjnSXuucLAyUc');
INSERT INTO HOSPITAL_ADMINISTRATOR (name, email, password) VALUES ('Kevin Moran', 'elizabethwheeler@yahoo.com', 'LYmjnSXuucLAyUc');
INSERT INTO ACCOUNTANT (name, email, password) VALUES ('Ricardo Smith', 'peggycobb@yahoo.com', 'TiDKlTgdk');
INSERT INTO HOSPITAL_ADMINISTRATOR (name, email, password) VALUES ('Ricardo Smith', 'peggycobb@yahoo.com', 'TiDKlTgdk');
INSERT INTO ACCOUNTANT (name, email, password) VALUES ('Diamond Collins', 'lhunt@hotmail.com', 'BHTckjKXKWaC');
INSERT INTO HOSPITAL_ADMINISTRATOR (name, email, password) VALUES ('Diamond Collins', 'lhunt@hotmail.com', 'BHTckjKXKWaC');
INSERT INTO ACCOUNTANT (name, email, password) VALUES ('Matthew Andrews', 'christianjones@gmail.com', 'IEgytZeiOrPzkbkKEjt');
INSERT INTO HOSPITAL_ADMINISTRATOR (name, email, password) VALUES ('Matthew Andrews', 'christianjones@gmail.com', 'IEgytZeiOrPzkbkKEjt');
INSERT INTO ACCOUNTANT (name, email, password) VALUES ('Holly Smith', 'richardsonshawn@hotmail.com', 'krNTljSOPdaVUS');
INSERT INTO HOSPITAL_ADMINISTRATOR (name, email, password) VALUES ('Holly Smith', 'richardsonshawn@hotmail.com', 'krNTljSOPdaVUS');
INSERT INTO ACCOUNTANT (name, email, password) VALUES ('Cynthia Johnson', 'aliciahouston@yahoo.com', 'LcJhfvFpzxssMvjXpSXh');
INSERT INTO HOSPITAL_ADMINISTRATOR (name, email, password) VALUES ('Cynthia Johnson', 'aliciahouston@yahoo.com', 'LcJhfvFpzxssMvjXpSXh');
INSERT INTO ACCOUNTANT (name, email, password) VALUES ('Briana Moreno', 'ryanestrada@gmail.com', 'yKpqQlZeOmmNTSVHYbkl');
INSERT INTO HOSPITAL_ADMINISTRATOR (name, email, password) VALUES ('Briana Moreno', 'ryanestrada@gmail.com', 'yKpqQlZeOmmNTSVHYbkl');
INSERT INTO ACCOUNTANT (name, email, password) VALUES ('Melissa Brown', 'vickiyoung@hotmail.com', 'CBYfQAstO');
INSERT INTO HOSPITAL_ADMINISTRATOR (name, email, password) VALUES ('Melissa Brown', 'vickiyoung@hotmail.com', 'CBYfQAstO');
INSERT INTO ACCOUNTANT (name, email, password) VALUES ('Kimberly Conley', 'shelleybailey@gmail.com', 'EEyKegrkOY');
INSERT INTO HOSPITAL_ADMINISTRATOR (name, email, password) VALUES ('Kimberly Conley', 'shelleybailey@gmail.com', 'EEyKegrkOY');
INSERT INTO ACCOUNTANT (name, email, password) VALUES ('Joseph Williams', 'xparks@hotmail.com', 'veoGCALmIPPMKkOKVcJT');
INSERT INTO HOSPITAL_ADMINISTRATOR (name, email, password) VALUES ('Joseph Williams', 'xparks@hotmail.com', 'veoGCALmIPPMKkOKVcJT');
INSERT INTO ACCOUNTANT (name, email, password) VALUES ('Robin Padilla', 'justin69@hotmail.com', 'FpGSeUzH');
INSERT INTO HOSPITAL_ADMINISTRATOR (name, email, password) VALUES ('Robin Padilla', 'justin69@hotmail.com', 'FpGSeUzH');
INSERT INTO ACCOUNTANT (name, email, password) VALUES ('Christine Harris', 'lshelton@gmail.com', 'pOAVTaxOQAzzoGI');
INSERT INTO HOSPITAL_ADMINISTRATOR (name, email, password) VALUES ('Christine Harris', 'lshelton@gmail.com', 'pOAVTaxOQAzzoGI');
INSERT INTO ACCOUNTANT (name, email, password) VALUES ('Angela Floyd DDS', 'johnsonmegan@hotmail.com', 'bFlblGcKWWHS');
INSERT INTO HOSPITAL_ADMINISTRATOR (name, email, password) VALUES ('Angela Floyd DDS', 'johnsonmegan@hotmail.com', 'bFlblGcKWWHS');
INSERT INTO ACCOUNTANT (name, email, password) VALUES ('Kevin Howe', 'randallhenson@gmail.com', 'RPaFtQLfdHw');
INSERT INTO HOSPITAL_ADMINISTRATOR (name, email, password) VALUES ('Kevin Howe', 'randallhenson@gmail.com', 'RPaFtQLfdHw');
INSERT INTO ACCOUNTANT (name, email, password) VALUES ('Selena Barnett', 'thomassantiago@yahoo.com', 'albSwUfSGqvIpruBvYV');
INSERT INTO HOSPITAL_ADMINISTRATOR (name, email, password) VALUES ('Selena Barnett', 'thomassantiago@yahoo.com', 'albSwUfSGqvIpruBvYV');
INSERT INTO ACCOUNTANT (name, email, password) VALUES ('Peggy Boyd', 'cantrelljohn@yahoo.com', 'DXqlmODNERQ');
INSERT INTO HOSPITAL_ADMINISTRATOR (name, email, password) VALUES ('Peggy Boyd', 'cantrelljohn@yahoo.com', 'DXqlmODNERQ');
INSERT INTO ACCOUNTANT (name, email, password) VALUES ('Lisa Price', 'kylenguyen@gmail.com', 'MZVKgeLuaVzAyYRrcnMZ');
INSERT INTO HOSPITAL_ADMINISTRATOR (name, email, password) VALUES ('Lisa Price', 'kylenguyen@gmail.com', 'MZVKgeLuaVzAyYRrcnMZ');
INSERT INTO ACCOUNTANT (name, email, password) VALUES ('Anna Gilmore', 'jill35@yahoo.com', 'vZLJDTvjJroWZsIioFFq');
INSERT INTO HOSPITAL_ADMINISTRATOR (name, email, password) VALUES ('Anna Gilmore', 'jill35@yahoo.com', 'vZLJDTvjJroWZsIioFFq');
INSERT INTO ACCOUNTANT (name, email, password) VALUES ('Ann Stevenson', 'rsoto@hotmail.com', 'WqOFsRBJBHCqegULhIo');
INSERT INTO HOSPITAL_ADMINISTRATOR (name, email, password) VALUES ('Ann Stevenson', 'rsoto@hotmail.com', 'WqOFsRBJBHCqegULhIo');
INSERT INTO ACCOUNTANT (name, email, password) VALUES ('Mallory Smith', 'nicolebrown@hotmail.com', 'qYMgjYbcgpmUMmjlXzE');
INSERT INTO HOSPITAL_ADMINISTRATOR (name, email, password) VALUES ('Mallory Smith', 'nicolebrown@hotmail.com', 'qYMgjYbcgpmUMmjlXzE');
INSERT INTO ACCOUNTANT (name, email, password) VALUES ('Jennifer Lee', 'matthewjimenez@hotmail.com', 'bQGUIsiSVJiQANXzWC');
INSERT INTO HOSPITAL_ADMINISTRATOR (name, email, password) VALUES ('Jennifer Lee', 'matthewjimenez@hotmail.com', 'bQGUIsiSVJiQANXzWC');
INSERT INTO ACCOUNTANT (name, email, password) VALUES ('Ashley Krueger', 'amber09@yahoo.com', 'zQTCYFRpkWbAjdvOahO');
INSERT INTO HOSPITAL_ADMINISTRATOR (name, email, password) VALUES ('Ashley Krueger', 'amber09@yahoo.com', 'zQTCYFRpkWbAjdvOahO');
INSERT INTO ACCOUNTANT (name, email, password) VALUES ('Richard Garcia', 'katrina95@yahoo.com', 'rnbnUfwCC');
INSERT INTO HOSPITAL_ADMINISTRATOR (name, email, password) VALUES ('Richard Garcia', 'katrina95@yahoo.com', 'rnbnUfwCC');
INSERT INTO ACCOUNTANT (name, email, password) VALUES ('Daniel James', 'berryjohn@hotmail.com', 'NTpFgihewI');
INSERT INTO HOSPITAL_ADMINISTRATOR (name, email, password) VALUES ('Daniel James', 'berryjohn@hotmail.com', 'NTpFgihewI');
INSERT INTO ACCOUNTANT (name, email, password) VALUES ('Sandra Rodriguez', 'anthony21@gmail.com', 'fDNKFZXIEWBMprEfXmM');
INSERT INTO HOSPITAL_ADMINISTRATOR (name, email, password) VALUES ('Sandra Rodriguez', 'anthony21@gmail.com', 'fDNKFZXIEWBMprEfXmM');
INSERT INTO ACCOUNTANT (name, email, password) VALUES ('Kenneth Lee', 'john13@hotmail.com', 'FijnKIziK');
INSERT INTO HOSPITAL_ADMINISTRATOR (name, email, password) VALUES ('Kenneth Lee', 'john13@hotmail.com', 'FijnKIziK');
INSERT INTO ACCOUNTANT (name, email, password) VALUES ('Stephanie Miller', 'kimberlychristensen@hotmail.com', 'YQrwwSYsdX');
INSERT INTO HOSPITAL_ADMINISTRATOR (name, email, password) VALUES ('Stephanie Miller', 'kimberlychristensen@hotmail.com', 'YQrwwSYsdX');
INSERT INTO ACCOUNTANT (name, email, password) VALUES ('Gregory Vargas', 'ohall@gmail.com', 'TgnIHcyYkMQzyfSbYB');
INSERT INTO HOSPITAL_ADMINISTRATOR (name, email, password) VALUES ('Gregory Vargas', 'ohall@gmail.com', 'TgnIHcyYkMQzyfSbYB');
INSERT INTO ACCOUNTANT (name, email, password) VALUES ('Stephanie Robinson', 'katherine89@yahoo.com', 'IoUxSVxwqFFOlHkp');
INSERT INTO HOSPITAL_ADMINISTRATOR (name, email, password) VALUES ('Stephanie Robinson', 'katherine89@yahoo.com', 'IoUxSVxwqFFOlHkp');
INSERT INTO ACCOUNTANT (name, email, password) VALUES ('Anne Mack', 'eestrada@yahoo.com', 'lRlRZfyepCUYASXE');
INSERT INTO HOSPITAL_ADMINISTRATOR (name, email, password) VALUES ('Anne Mack', 'eestrada@yahoo.com', 'lRlRZfyepCUYASXE');
INSERT INTO ACCOUNTANT (name, email, password) VALUES ('Robert Wolf', 'ucollier@hotmail.com', 'NUvpJIxtnDf');
INSERT INTO HOSPITAL_ADMINISTRATOR (name, email, password) VALUES ('Robert Wolf', 'ucollier@hotmail.com', 'NUvpJIxtnDf');
INSERT INTO ACCOUNTANT (name, email, password) VALUES ('Sharon Spencer', 'charlene78@hotmail.com', 'zohNEigyNd');
INSERT INTO HOSPITAL_ADMINISTRATOR (name, email, password) VALUES ('Sharon Spencer', 'charlene78@hotmail.com', 'zohNEigyNd');
INSERT INTO ACCOUNTANT (name, email, password) VALUES ('Debra Schneider', 'karentran@gmail.com', 'vxUTBseNToWksqubON');
INSERT INTO HOSPITAL_ADMINISTRATOR (name, email, password) VALUES ('Debra Schneider', 'karentran@gmail.com', 'vxUTBseNToWksqubON');
INSERT INTO ACCOUNTANT (name, email, password) VALUES ('Brittany Spencer', 'linda38@gmail.com', 'ujzxCcWJNkuCVMRBfV');
INSERT INTO HOSPITAL_ADMINISTRATOR (name, email, password) VALUES ('Brittany Spencer', 'linda38@gmail.com', 'ujzxCcWJNkuCVMRBfV');
INSERT INTO ACCOUNTANT (name, email, password) VALUES ('Hannah Pruitt', 'colemanjoseph@gmail.com', 'TjxPqsop');
INSERT INTO HOSPITAL_ADMINISTRATOR (name, email, password) VALUES ('Hannah Pruitt', 'colemanjoseph@gmail.com', 'TjxPqsop');
INSERT INTO ACCOUNTANT (name, email, password) VALUES ('Jeanne French', 'littlenicholas@hotmail.com', 'MAYwdnuuXaX');
INSERT INTO HOSPITAL_ADMINISTRATOR (name, email, password) VALUES ('Jeanne French', 'littlenicholas@hotmail.com', 'MAYwdnuuXaX');
INSERT INTO ACCOUNTANT (name, email, password) VALUES ('Chad Kemp', 'wangcatherine@yahoo.com', 'kdvsUuezargFdr');
INSERT INTO HOSPITAL_ADMINISTRATOR (name, email, password) VALUES ('Chad Kemp', 'wangcatherine@yahoo.com', 'kdvsUuezargFdr');
INSERT INTO ACCOUNTANT (name, email, password) VALUES ('Regina Larson', 'shannon40@yahoo.com', 'AbuOYiTjyPznrQxZ');
INSERT INTO HOSPITAL_ADMINISTRATOR (name, email, password) VALUES ('Regina Larson', 'shannon40@yahoo.com', 'AbuOYiTjyPznrQxZ');
INSERT INTO ACCOUNTANT (name, email, password) VALUES ('Robert Snow', 'thenderson@hotmail.com', 'qHTZXofarjWy');
INSERT INTO HOSPITAL_ADMINISTRATOR (name, email, password) VALUES ('Robert Snow', 'thenderson@hotmail.com', 'qHTZXofarjWy');
INSERT INTO ACCOUNTANT (name, email, password) VALUES ('Cynthia Jones', 'ucurry@yahoo.com', 'FRbsmGktRtpyxZhmahDK');
INSERT INTO HOSPITAL_ADMINISTRATOR (name, email, password) VALUES ('Cynthia Jones', 'ucurry@yahoo.com', 'FRbsmGktRtpyxZhmahDK');
INSERT INTO ACCOUNTANT (name, email, password) VALUES ('Christopher Sandoval', 'jennajones@yahoo.com', 'GXoQkNnn');
INSERT INTO HOSPITAL_ADMINISTRATOR (name, email, password) VALUES ('Christopher Sandoval', 'jennajones@yahoo.com', 'GXoQkNnn');
INSERT INTO ACCOUNTANT (name, email, password) VALUES ('Joel Henry', 'mmorrow@gmail.com', 'asFLTTcJPLN');
INSERT INTO HOSPITAL_ADMINISTRATOR (name, email, password) VALUES ('Joel Henry', 'mmorrow@gmail.com', 'asFLTTcJPLN');
INSERT INTO ACCOUNTANT (name, email, password) VALUES ('Kristine Parks', 'josephnicole@gmail.com', 'tewOtTTMopFZIOahdTq');
INSERT INTO HOSPITAL_ADMINISTRATOR (name, email, password) VALUES ('Kristine Parks', 'josephnicole@gmail.com', 'tewOtTTMopFZIOahdTq');
INSERT INTO ACCOUNTANT (name, email, password) VALUES ('Kaylee Flores MD', 'pittmanerika@gmail.com', 'BWiSdagVcasjhPT');
INSERT INTO HOSPITAL_ADMINISTRATOR (name, email, password) VALUES ('Kaylee Flores MD', 'pittmanerika@gmail.com', 'BWiSdagVcasjhPT');
INSERT INTO ACCOUNTANT (name, email, password) VALUES ('Chad Glass', 'sethquinn@yahoo.com', 'AcjSGRcgmByrDch');
INSERT INTO HOSPITAL_ADMINISTRATOR (name, email, password) VALUES ('Chad Glass', 'sethquinn@yahoo.com', 'AcjSGRcgmByrDch');
INSERT INTO ACCOUNTANT (name, email, password) VALUES ('Shane Peterson', 'porterwilliam@yahoo.com', 'CmmYqqmeBeybMunW');
INSERT INTO HOSPITAL_ADMINISTRATOR (name, email, password) VALUES ('Shane Peterson', 'porterwilliam@yahoo.com', 'CmmYqqmeBeybMunW');
INSERT INTO ACCOUNTANT (name, email, password) VALUES ('Paul Blake', 'qfisher@yahoo.com', 'QFJWJXXyyPAAHpu');
INSERT INTO HOSPITAL_ADMINISTRATOR (name, email, password) VALUES ('Paul Blake', 'qfisher@yahoo.com', 'QFJWJXXyyPAAHpu');
INSERT INTO ACCOUNTANT (name, email, password) VALUES ('James Simpson', 'nnguyen@yahoo.com', 'ozvnwwXrDOSKcM');
INSERT INTO HOSPITAL_ADMINISTRATOR (name, email, password) VALUES ('James Simpson', 'nnguyen@yahoo.com', 'ozvnwwXrDOSKcM');
INSERT INTO ACCOUNTANT (name, email, password) VALUES ('Harold Ali', 'qsmith@hotmail.com', 'JowZIGUrdsGnFVJtFukS');
INSERT INTO HOSPITAL_ADMINISTRATOR (name, email, password) VALUES ('Harold Ali', 'qsmith@hotmail.com', 'JowZIGUrdsGnFVJtFukS');
INSERT INTO ACCOUNTANT (name, email, password) VALUES ('Sharon Bradshaw', 'yguerrero@gmail.com', 'FbzpORtw');
INSERT INTO HOSPITAL_ADMINISTRATOR (name, email, password) VALUES ('Sharon Bradshaw', 'yguerrero@gmail.com', 'FbzpORtw');
INSERT INTO ACCOUNTANT (name, email, password) VALUES ('Jonathan Leblanc', 'christopher91@gmail.com', 'sRnOSYHtOev');
INSERT INTO HOSPITAL_ADMINISTRATOR (name, email, password) VALUES ('Jonathan Leblanc', 'christopher91@gmail.com', 'sRnOSYHtOev');
INSERT INTO ACCOUNTANT (name, email, password) VALUES ('James Hodge', 'joshuajohnson@gmail.com', 'CrdNkttMVIhJh');
INSERT INTO HOSPITAL_ADMINISTRATOR (name, email, password) VALUES ('James Hodge', 'joshuajohnson@gmail.com', 'CrdNkttMVIhJh');
INSERT INTO ACCOUNTANT (name, email, password) VALUES ('Natalie Smith', 'foxtyrone@yahoo.com', 'cDZGxRKSDXiFuTQkzsIn');
INSERT INTO HOSPITAL_ADMINISTRATOR (name, email, password) VALUES ('Natalie Smith', 'foxtyrone@yahoo.com', 'cDZGxRKSDXiFuTQkzsIn');
INSERT INTO ACCOUNTANT (name, email, password) VALUES ('Jaime Richardson', 'iholden@yahoo.com', 'JXjQPtGRqPlCQi');
INSERT INTO HOSPITAL_ADMINISTRATOR (name, email, password) VALUES ('Jaime Richardson', 'iholden@yahoo.com', 'JXjQPtGRqPlCQi');
INSERT INTO ACCOUNTANT (name, email, password) VALUES ('William Hanson', 'mcclainmadeline@yahoo.com', 'GeAWGYxbBSwuS');
INSERT INTO HOSPITAL_ADMINISTRATOR (name, email, password) VALUES ('William Hanson', 'mcclainmadeline@yahoo.com', 'GeAWGYxbBSwuS');
INSERT INTO ACCOUNTANT (name, email, password) VALUES ('Randy Salazar', 'brian32@yahoo.com', 'JNvIIIXqwhSun');
INSERT INTO HOSPITAL_ADMINISTRATOR (name, email, password) VALUES ('Randy Salazar', 'brian32@yahoo.com', 'JNvIIIXqwhSun');
INSERT INTO ACCOUNTANT (name, email, password) VALUES ('Kim Baker', 'hernandezdeborah@gmail.com', 'AjuTSkSnFqstDTZ');
INSERT INTO HOSPITAL_ADMINISTRATOR (name, email, password) VALUES ('Kim Baker', 'hernandezdeborah@gmail.com', 'AjuTSkSnFqstDTZ');
INSERT INTO ACCOUNTANT (name, email, password) VALUES ('Michelle Ortiz', 'jamesbutler@hotmail.com', 'DvavWXaH');
INSERT INTO HOSPITAL_ADMINISTRATOR (name, email, password) VALUES ('Michelle Ortiz', 'jamesbutler@hotmail.com', 'DvavWXaH');
INSERT INTO ACCOUNTANT (name, email, password) VALUES ('Karen Leon', 'sarasmith@yahoo.com', 'gFephkjur');
INSERT INTO HOSPITAL_ADMINISTRATOR (name, email, password) VALUES ('Karen Leon', 'sarasmith@yahoo.com', 'gFephkjur');
INSERT INTO ACCOUNTANT (name, email, password) VALUES ('Sara Kirby', 'smithcharles@hotmail.com', 'bhrQBgwMgMvlMWjz');
INSERT INTO HOSPITAL_ADMINISTRATOR (name, email, password) VALUES ('Sara Kirby', 'smithcharles@hotmail.com', 'bhrQBgwMgMvlMWjz');
INSERT INTO ACCOUNTANT (name, email, password) VALUES ('Julie Marshall', 'scottmendoza@gmail.com', 'BrEqdXlmePbPoFSn');
INSERT INTO HOSPITAL_ADMINISTRATOR (name, email, password) VALUES ('Julie Marshall', 'scottmendoza@gmail.com', 'BrEqdXlmePbPoFSn');
INSERT INTO ACCOUNTANT (name, email, password) VALUES ('Kimberly Hamilton', 'gracelawrence@hotmail.com', 'YnnzIgPKdvgOKjtKqs');
INSERT INTO HOSPITAL_ADMINISTRATOR (name, email, password) VALUES ('Kimberly Hamilton', 'gracelawrence@hotmail.com', 'YnnzIgPKdvgOKjtKqs');
INSERT INTO ACCOUNTANT (name, email, password) VALUES ('Matthew Fletcher', 'cindy99@gmail.com', 'MnqNarqcxcIyMjJoJm');
INSERT INTO HOSPITAL_ADMINISTRATOR (name, email, password) VALUES ('Matthew Fletcher', 'cindy99@gmail.com', 'MnqNarqcxcIyMjJoJm');
INSERT INTO ACCOUNTANT (name, email, password) VALUES ('Valerie Powers', 'melinda82@hotmail.com', 'HuTezNvJIQ');
INSERT INTO HOSPITAL_ADMINISTRATOR (name, email, password) VALUES ('Valerie Powers', 'melinda82@hotmail.com', 'HuTezNvJIQ');
INSERT INTO ACCOUNTANT (name, email, password) VALUES ('David Robinson', 'robert32@hotmail.com', 'BPwbSDYAYz');
INSERT INTO HOSPITAL_ADMINISTRATOR (name, email, password) VALUES ('David Robinson', 'robert32@hotmail.com', 'BPwbSDYAYz');
INSERT INTO ACCOUNTANT (name, email, password) VALUES ('Katie Andrade', 'christina32@gmail.com', 'TdjBUPPRJwDbBXbRp');
INSERT INTO HOSPITAL_ADMINISTRATOR (name, email, password) VALUES ('Katie Andrade', 'christina32@gmail.com', 'TdjBUPPRJwDbBXbRp');
INSERT INTO ACCOUNTANT (name, email, password) VALUES ('Noah Garcia', 'donald82@hotmail.com', 'pggKPCefaJFRaw');
INSERT INTO HOSPITAL_ADMINISTRATOR (name, email, password) VALUES ('Noah Garcia', 'donald82@hotmail.com', 'pggKPCefaJFRaw');
INSERT INTO ACCOUNTANT (name, email, password) VALUES ('Jennifer Brady', 'alexandriawilliams@gmail.com', 'AkewiOzOQMCki');
INSERT INTO HOSPITAL_ADMINISTRATOR (name, email, password) VALUES ('Jennifer Brady', 'alexandriawilliams@gmail.com', 'AkewiOzOQMCki');
INSERT INTO ACCOUNTANT (name, email, password) VALUES ('Christopher Mack', 'reedstacey@yahoo.com', 'jHDCXdwdt');
INSERT INTO HOSPITAL_ADMINISTRATOR (name, email, password) VALUES ('Christopher Mack', 'reedstacey@yahoo.com', 'jHDCXdwdt');
INSERT INTO ACCOUNTANT (name, email, password) VALUES ('Paula Davis', 'morrisshelia@gmail.com', 'dLQpnrFPktvYssLoCSsO');
INSERT INTO HOSPITAL_ADMINISTRATOR (name, email, password) VALUES ('Paula Davis', 'morrisshelia@gmail.com', 'dLQpnrFPktvYssLoCSsO');
INSERT INTO ACCOUNTANT (name, email, password) VALUES ('Holly Ferguson', 'stephanie19@gmail.com', 'GsOlsWZxJSHAlxrvHf');
INSERT INTO HOSPITAL_ADMINISTRATOR (name, email, password) VALUES ('Holly Ferguson', 'stephanie19@gmail.com', 'GsOlsWZxJSHAlxrvHf');
INSERT INTO ACCOUNTANT (name, email, password) VALUES ('Robert Carlson', 'tuckercristina@yahoo.com', 'fSczEdocsoy');
INSERT INTO HOSPITAL_ADMINISTRATOR (name, email, password) VALUES ('Robert Carlson', 'tuckercristina@yahoo.com', 'fSczEdocsoy');
INSERT INTO ACCOUNTANT (name, email, password) VALUES ('John Gordon', 'boyddouglas@hotmail.com', 'ViZXkFNJq');
INSERT INTO HOSPITAL_ADMINISTRATOR (name, email, password) VALUES ('John Gordon', 'boyddouglas@hotmail.com', 'ViZXkFNJq');
INSERT INTO ACCOUNTANT (name, email, password) VALUES ('Rebecca Acevedo', 'olin@yahoo.com', 'PmGKWrSFsEn');
INSERT INTO HOSPITAL_ADMINISTRATOR (name, email, password) VALUES ('Rebecca Acevedo', 'olin@yahoo.com', 'PmGKWrSFsEn');
INSERT INTO ACCOUNTANT (name, email, password) VALUES ('Benjamin Sheppard', 'gilltanya@gmail.com', 'PYpJOwlLKg');
INSERT INTO HOSPITAL_ADMINISTRATOR (name, email, password) VALUES ('Benjamin Sheppard', 'gilltanya@gmail.com', 'PYpJOwlLKg');
INSERT INTO ACCOUNTANT (name, email, password) VALUES ('Robert Evans', 'nfry@hotmail.com', 'qgkhHRlkunyn');
INSERT INTO HOSPITAL_ADMINISTRATOR (name, email, password) VALUES ('Robert Evans', 'nfry@hotmail.com', 'qgkhHRlkunyn');
INSERT INTO ACCOUNTANT (name, email, password) VALUES ('Jacqueline Gonzalez', 'qmcclure@gmail.com', 'UKgsazudhJyJ');
INSERT INTO HOSPITAL_ADMINISTRATOR (name, email, password) VALUES ('Jacqueline Gonzalez', 'qmcclure@gmail.com', 'UKgsazudhJyJ');
INSERT INTO ACCOUNTANT (name, email, password) VALUES ('Megan Walter', 'fergusonkevin@hotmail.com', 'ncewkxld');
INSERT INTO HOSPITAL_ADMINISTRATOR (name, email, password) VALUES ('Megan Walter', 'fergusonkevin@hotmail.com', 'ncewkxld');
INSERT INTO ACCOUNTANT (name, email, password) VALUES ('Sarah Moyer', 'bacevedo@gmail.com', 'JhZaBkgsrZKElsmL');
INSERT INTO HOSPITAL_ADMINISTRATOR (name, email, password) VALUES ('Sarah Moyer', 'bacevedo@gmail.com', 'JhZaBkgsrZKElsmL');
INSERT INTO ACCOUNTANT (name, email, password) VALUES ('Henry Barnes', 'ubarajas@gmail.com', 'VPYVluhsq');
INSERT INTO HOSPITAL_ADMINISTRATOR (name, email, password) VALUES ('Henry Barnes', 'ubarajas@gmail.com', 'VPYVluhsq');
INSERT INTO ACCOUNTANT (name, email, password) VALUES ('Alexander Thomas', 'edavis@gmail.com', 'BxCBcDkHa');
INSERT INTO HOSPITAL_ADMINISTRATOR (name, email, password) VALUES ('Alexander Thomas', 'edavis@gmail.com', 'BxCBcDkHa');
INSERT INTO ACCOUNTANT (name, email, password) VALUES ('Kendra Harrington', 'dthompson@gmail.com', 'kYgTfFOGEkMdlwrvF');
INSERT INTO HOSPITAL_ADMINISTRATOR (name, email, password) VALUES ('Kendra Harrington', 'dthompson@gmail.com', 'kYgTfFOGEkMdlwrvF');
INSERT INTO ACCOUNTANT (name, email, password) VALUES ('Cynthia Osborn', 'jparsons@hotmail.com', 'iMjiELqWRdHSJEKBhx');
INSERT INTO HOSPITAL_ADMINISTRATOR (name, email, password) VALUES ('Cynthia Osborn', 'jparsons@hotmail.com', 'iMjiELqWRdHSJEKBhx');
INSERT INTO ACCOUNTANT (name, email, password) VALUES ('Allison Schmidt', 'jmccall@gmail.com', 'wJRWRJiRshKxMJgBFOL');
INSERT INTO HOSPITAL_ADMINISTRATOR (name, email, password) VALUES ('Allison Schmidt', 'jmccall@gmail.com', 'wJRWRJiRshKxMJgBFOL');
INSERT INTO ACCOUNTANT (name, email, password) VALUES ('Jack Wu', 'garciamichael@gmail.com', 'quqInffwjSmolNbunze');
INSERT INTO HOSPITAL_ADMINISTRATOR (name, email, password) VALUES ('Jack Wu', 'garciamichael@gmail.com', 'quqInffwjSmolNbunze');
INSERT INTO ACCOUNTANT (name, email, password) VALUES ('Sara Cortez', 'cgonzalez@hotmail.com', 'RBtjnciNXftxKZbahsNv');
INSERT INTO HOSPITAL_ADMINISTRATOR (name, email, password) VALUES ('Sara Cortez', 'cgonzalez@hotmail.com', 'RBtjnciNXftxKZbahsNv');
INSERT INTO ACCOUNTANT (name, email, password) VALUES ('Amanda Decker', 'ralexander@hotmail.com', 'WxwPuFLwmIXcZRghp');
INSERT INTO HOSPITAL_ADMINISTRATOR (name, email, password) VALUES ('Amanda Decker', 'ralexander@hotmail.com', 'WxwPuFLwmIXcZRghp');
INSERT INTO ACCOUNTANT (name, email, password) VALUES ('Jason Thomas', 'jacobcasey@gmail.com', 'dZcJQjpasYjEARuIbZwV');
INSERT INTO HOSPITAL_ADMINISTRATOR (name, email, password) VALUES ('Jason Thomas', 'jacobcasey@gmail.com', 'dZcJQjpasYjEARuIbZwV');
INSERT INTO ACCOUNTANT (name, email, password) VALUES ('Dwayne Mathis', 'bryanscott@yahoo.com', 'gaFBCOppyooMxxSJvOz');
INSERT INTO HOSPITAL_ADMINISTRATOR (name, email, password) VALUES ('Dwayne Mathis', 'bryanscott@yahoo.com', 'gaFBCOppyooMxxSJvOz');
INSERT INTO ACCOUNTANT (name, email, password) VALUES ('Maria Carey', 'hudsonnicholas@gmail.com', 'drlrIZYyF');
INSERT INTO HOSPITAL_ADMINISTRATOR (name, email, password) VALUES ('Maria Carey', 'hudsonnicholas@gmail.com', 'drlrIZYyF');
INSERT INTO ACCOUNTANT (name, email, password) VALUES ('Richard Allen', 'rwells@hotmail.com', 'FgCTAPGqUvxyc');
INSERT INTO HOSPITAL_ADMINISTRATOR (name, email, password) VALUES ('Richard Allen', 'rwells@hotmail.com', 'FgCTAPGqUvxyc');
INSERT INTO ACCOUNTANT (name, email, password) VALUES ('Leah Rivera', 'matthewcollins@gmail.com', 'ZAKzrmbo');
INSERT INTO HOSPITAL_ADMINISTRATOR (name, email, password) VALUES ('Leah Rivera', 'matthewcollins@gmail.com', 'ZAKzrmbo');
INSERT INTO ACCOUNTANT (name, email, password) VALUES ('Michael Garcia', 'jessica47@gmail.com', 'NHaOJWbJIe');
INSERT INTO HOSPITAL_ADMINISTRATOR (name, email, password) VALUES ('Michael Garcia', 'jessica47@gmail.com', 'NHaOJWbJIe');
INSERT INTO ACCOUNTANT (name, email, password) VALUES ('Derrick Frank', 'maxwell73@gmail.com', 'XIaVfmvfJ');
INSERT INTO HOSPITAL_ADMINISTRATOR (name, email, password) VALUES ('Derrick Frank', 'maxwell73@gmail.com', 'XIaVfmvfJ');
INSERT INTO ACCOUNTANT (name, email, password) VALUES ('Michelle Keller', 'llewis@yahoo.com', 'WhdDLjAIWUNqHS');
INSERT INTO HOSPITAL_ADMINISTRATOR (name, email, password) VALUES ('Michelle Keller', 'llewis@yahoo.com', 'WhdDLjAIWUNqHS');
INSERT INTO ACCOUNTANT (name, email, password) VALUES ('James Wood', 'youngrobert@gmail.com', 'ezNzYqyhuZChV');
INSERT INTO HOSPITAL_ADMINISTRATOR (name, email, password) VALUES ('James Wood', 'youngrobert@gmail.com', 'ezNzYqyhuZChV');
INSERT INTO ACCOUNTANT (name, email, password) VALUES ('Gregg Smith', 'richardbaker@gmail.com', 'lbEherlYtUffBy');
INSERT INTO HOSPITAL_ADMINISTRATOR (name, email, password) VALUES ('Gregg Smith', 'richardbaker@gmail.com', 'lbEherlYtUffBy');
INSERT INTO ACCOUNTANT (name, email, password) VALUES ('Kristin Hawkins', 'adamdouglas@yahoo.com', 'tnhlTAzmKmAXeFCMJG');
INSERT INTO HOSPITAL_ADMINISTRATOR (name, email, password) VALUES ('Kristin Hawkins', 'adamdouglas@yahoo.com', 'tnhlTAzmKmAXeFCMJG');
INSERT INTO ACCOUNTANT (name, email, password) VALUES ('Anne Randolph', 'jessica52@gmail.com', 'fNCmWjKKzbIUcTdGqAQi');
INSERT INTO HOSPITAL_ADMINISTRATOR (name, email, password) VALUES ('Anne Randolph', 'jessica52@gmail.com', 'fNCmWjKKzbIUcTdGqAQi');
INSERT INTO ACCOUNTANT (name, email, password) VALUES ('Carrie Mitchell', 'dhall@yahoo.com', 'WcSZyZpQHlDOBHIeNWd');
INSERT INTO HOSPITAL_ADMINISTRATOR (name, email, password) VALUES ('Carrie Mitchell', 'dhall@yahoo.com', 'WcSZyZpQHlDOBHIeNWd');
INSERT INTO ACCOUNTANT (name, email, password) VALUES ('Barbara Ramos', 'dustin42@gmail.com', 'WyIYvrymjcqF');
INSERT INTO HOSPITAL_ADMINISTRATOR (name, email, password) VALUES ('Barbara Ramos', 'dustin42@gmail.com', 'WyIYvrymjcqF');
INSERT INTO ACCOUNTANT (name, email, password) VALUES ('Jeffrey Moss', 'estradapreston@yahoo.com', 'CfFKgPdNvbFIDhyRlGDU');
INSERT INTO HOSPITAL_ADMINISTRATOR (name, email, password) VALUES ('Jeffrey Moss', 'estradapreston@yahoo.com', 'CfFKgPdNvbFIDhyRlGDU');
INSERT INTO ACCOUNTANT (name, email, password) VALUES ('Jennifer Osborne', 'jennifer71@hotmail.com', 'PHODdhPHTMlBwYIV');
INSERT INTO HOSPITAL_ADMINISTRATOR (name, email, password) VALUES ('Jennifer Osborne', 'jennifer71@hotmail.com', 'PHODdhPHTMlBwYIV');
INSERT INTO ACCOUNTANT (name, email, password) VALUES ('Eric Booth', 'john95@yahoo.com', 'ccQkJgChB');
INSERT INTO HOSPITAL_ADMINISTRATOR (name, email, password) VALUES ('Eric Booth', 'john95@yahoo.com', 'ccQkJgChB');
INSERT INTO ACCOUNTANT (name, email, password) VALUES ('Larry Strickland', 'jennymorales@hotmail.com', 'EYHLXtiUBjJY');
INSERT INTO HOSPITAL_ADMINISTRATOR (name, email, password) VALUES ('Larry Strickland', 'jennymorales@hotmail.com', 'EYHLXtiUBjJY');
INSERT INTO ACCOUNTANT (name, email, password) VALUES ('Julia Dennis', 'walterwilliams@yahoo.com', 'RlivhhRweUTfm');
INSERT INTO HOSPITAL_ADMINISTRATOR (name, email, password) VALUES ('Julia Dennis', 'walterwilliams@yahoo.com', 'RlivhhRweUTfm');
INSERT INTO ACCOUNTANT (name, email, password) VALUES ('Nicole Tran', 'philip07@yahoo.com', 'kJpdznQoClJdqkVWtw');
INSERT INTO HOSPITAL_ADMINISTRATOR (name, email, password) VALUES ('Nicole Tran', 'philip07@yahoo.com', 'kJpdznQoClJdqkVWtw');
INSERT INTO ACCOUNTANT (name, email, password) VALUES ('Jason Hicks', 'xdalton@hotmail.com', 'KhxLTCCoDMRiaDsZMUBv');
INSERT INTO HOSPITAL_ADMINISTRATOR (name, email, password) VALUES ('Jason Hicks', 'xdalton@hotmail.com', 'KhxLTCCoDMRiaDsZMUBv');
INSERT INTO ACCOUNTANT (name, email, password) VALUES ('Rachel Hubbard', 'brandon26@gmail.com', 'iFksbpcpPmFQbmpIR');
INSERT INTO HOSPITAL_ADMINISTRATOR (name, email, password) VALUES ('Rachel Hubbard', 'brandon26@gmail.com', 'iFksbpcpPmFQbmpIR');
INSERT INTO ACCOUNTANT (name, email, password) VALUES ('Stephen Johnson', 'sharon70@gmail.com', 'dbIyDTikJthrkGI');
INSERT INTO HOSPITAL_ADMINISTRATOR (name, email, password) VALUES ('Stephen Johnson', 'sharon70@gmail.com', 'dbIyDTikJthrkGI');
INSERT INTO ACCOUNTANT (name, email, password) VALUES ('Jordan Williams', 'mccarthykevin@yahoo.com', 'BSjrXWwqYScjwndblI');
INSERT INTO HOSPITAL_ADMINISTRATOR (name, email, password) VALUES ('Jordan Williams', 'mccarthykevin@yahoo.com', 'BSjrXWwqYScjwndblI');
INSERT INTO ACCOUNTANT (name, email, password) VALUES ('Mrs. Crystal Scott MD', 'hbyrd@hotmail.com', 'ggQGvGCRsCQvqfE');
INSERT INTO HOSPITAL_ADMINISTRATOR (name, email, password) VALUES ('Mrs. Crystal Scott MD', 'hbyrd@hotmail.com', 'ggQGvGCRsCQvqfE');
INSERT INTO ACCOUNTANT (name, email, password) VALUES ('Chelsea Wright', 'emma73@yahoo.com', 'yzfGKbQIDxLHzBLxF');
INSERT INTO HOSPITAL_ADMINISTRATOR (name, email, password) VALUES ('Chelsea Wright', 'emma73@yahoo.com', 'yzfGKbQIDxLHzBLxF');
INSERT INTO ACCOUNTANT (name, email, password) VALUES ('Gary Carey', 'john65@yahoo.com', 'SZITmWYmAXVMyQZZJyi');
INSERT INTO HOSPITAL_ADMINISTRATOR (name, email, password) VALUES ('Gary Carey', 'john65@yahoo.com', 'SZITmWYmAXVMyQZZJyi');
INSERT INTO ACCOUNTANT (name, email, password) VALUES ('Jeffrey Hall', 'ogriffin@hotmail.com', 'FUQuxvKgKvKb');
INSERT INTO HOSPITAL_ADMINISTRATOR (name, email, password) VALUES ('Jeffrey Hall', 'ogriffin@hotmail.com', 'FUQuxvKgKvKb');
INSERT INTO ACCOUNTANT (name, email, password) VALUES ('Jeffrey Gonzales', 'matthewbell@yahoo.com', 'hUnnyQPsY');
INSERT INTO HOSPITAL_ADMINISTRATOR (name, email, password) VALUES ('Jeffrey Gonzales', 'matthewbell@yahoo.com', 'hUnnyQPsY');
INSERT INTO ACCOUNTANT (name, email, password) VALUES ('Kelly Jordan', 'dana59@yahoo.com', 'BaijIHnOiCiaxlErDd');
INSERT INTO HOSPITAL_ADMINISTRATOR (name, email, password) VALUES ('Kelly Jordan', 'dana59@yahoo.com', 'BaijIHnOiCiaxlErDd');
INSERT INTO ACCOUNTANT (name, email, password) VALUES ('Taylor Duncan', 'schroedermelinda@yahoo.com', 'DZOmhgQqwMiPf');
INSERT INTO HOSPITAL_ADMINISTRATOR (name, email, password) VALUES ('Taylor Duncan', 'schroedermelinda@yahoo.com', 'DZOmhgQqwMiPf');
INSERT INTO ACCOUNTANT (name, email, password) VALUES ('Katrina Ortiz', 'zshaw@yahoo.com', 'dlMJtdsblkvM');
INSERT INTO HOSPITAL_ADMINISTRATOR (name, email, password) VALUES ('Katrina Ortiz', 'zshaw@yahoo.com', 'dlMJtdsblkvM');
INSERT INTO ACCOUNTANT (name, email, password) VALUES ('Robert Johnston', 'allen75@gmail.com', 'KwgupkcyGDdZUdqTnQ');
INSERT INTO HOSPITAL_ADMINISTRATOR (name, email, password) VALUES ('Robert Johnston', 'allen75@gmail.com', 'KwgupkcyGDdZUdqTnQ');
INSERT INTO ACCOUNTANT (name, email, password) VALUES ('Ronald Gibson', 'wrightjonathan@hotmail.com', 'pDXnAzxBUgYvKoGfOU');
INSERT INTO HOSPITAL_ADMINISTRATOR (name, email, password) VALUES ('Ronald Gibson', 'wrightjonathan@hotmail.com', 'pDXnAzxBUgYvKoGfOU');
INSERT INTO ACCOUNTANT (name, email, password) VALUES ('Heather Rowland', 'williamsmariah@yahoo.com', 'MMizUJuMaLYbSq');
INSERT INTO HOSPITAL_ADMINISTRATOR (name, email, password) VALUES ('Heather Rowland', 'williamsmariah@yahoo.com', 'MMizUJuMaLYbSq');
INSERT INTO ACCOUNTANT (name, email, password) VALUES ('Garrett Miller', 'william07@yahoo.com', 'COLJeCscdAiAZCz');
INSERT INTO HOSPITAL_ADMINISTRATOR (name, email, password) VALUES ('Garrett Miller', 'william07@yahoo.com', 'COLJeCscdAiAZCz');
INSERT INTO ACCOUNTANT (name, email, password) VALUES ('Brett Paul', 'lewisdebbie@hotmail.com', 'tenHCxhYciOOOQIJ');
INSERT INTO HOSPITAL_ADMINISTRATOR (name, email, password) VALUES ('Brett Paul', 'lewisdebbie@hotmail.com', 'tenHCxhYciOOOQIJ');
INSERT INTO ACCOUNTANT (name, email, password) VALUES ('Hannah White', 'cindycline@yahoo.com', 'cgEJsClK');
INSERT INTO HOSPITAL_ADMINISTRATOR (name, email, password) VALUES ('Hannah White', 'cindycline@yahoo.com', 'cgEJsClK');
INSERT INTO ACCOUNTANT (name, email, password) VALUES ('John Larson', 'diazjoseph@gmail.com', 'ZNUvSDRfwQEOEwt');
INSERT INTO HOSPITAL_ADMINISTRATOR (name, email, password) VALUES ('John Larson', 'diazjoseph@gmail.com', 'ZNUvSDRfwQEOEwt');
INSERT INTO ACCOUNTANT (name, email, password) VALUES ('Eddie Lyons', 'bryanboyd@yahoo.com', 'FnlETbQtgVFfZM');
INSERT INTO HOSPITAL_ADMINISTRATOR (name, email, password) VALUES ('Eddie Lyons', 'bryanboyd@yahoo.com', 'FnlETbQtgVFfZM');
INSERT INTO ACCOUNTANT (name, email, password) VALUES ('Aaron Vega', 'clong@gmail.com', 'hzvHXTcebB');
INSERT INTO HOSPITAL_ADMINISTRATOR (name, email, password) VALUES ('Aaron Vega', 'clong@gmail.com', 'hzvHXTcebB');
INSERT INTO ACCOUNTANT (name, email, password) VALUES ('Jennifer Mitchell', 'isaac62@yahoo.com', 'AEYWQFneSfgfmoU');
INSERT INTO HOSPITAL_ADMINISTRATOR (name, email, password) VALUES ('Jennifer Mitchell', 'isaac62@yahoo.com', 'AEYWQFneSfgfmoU');
INSERT INTO ACCOUNTANT (name, email, password) VALUES ('Andrew Diaz', 'toddmoore@gmail.com', 'wYDizPtEOgSwqSE');
INSERT INTO HOSPITAL_ADMINISTRATOR (name, email, password) VALUES ('Andrew Diaz', 'toddmoore@gmail.com', 'wYDizPtEOgSwqSE');
INSERT INTO ACCOUNTANT (name, email, password) VALUES ('Heather Smith', 'zpearson@yahoo.com', 'tXnLIvPpNgtF');
INSERT INTO HOSPITAL_ADMINISTRATOR (name, email, password) VALUES ('Heather Smith', 'zpearson@yahoo.com', 'tXnLIvPpNgtF');
INSERT INTO ACCOUNTANT (name, email, password) VALUES ('Dr. Monica Moreno', 'jessicapayne@gmail.com', 'ZNMLWGpnAWXHHqMpRwl');
INSERT INTO HOSPITAL_ADMINISTRATOR (name, email, password) VALUES ('Dr. Monica Moreno', 'jessicapayne@gmail.com', 'ZNMLWGpnAWXHHqMpRwl');
INSERT INTO ACCOUNTANT (name, email, password) VALUES ('Sherry Holland', 'sarah48@hotmail.com', 'TOAiYYQanIrjosi');
INSERT INTO HOSPITAL_ADMINISTRATOR (name, email, password) VALUES ('Sherry Holland', 'sarah48@hotmail.com', 'TOAiYYQanIrjosi');
INSERT INTO ACCOUNTANT (name, email, password) VALUES ('Monica Cooley', 'yrojas@gmail.com', 'QAXUAwAWILkjK');
INSERT INTO HOSPITAL_ADMINISTRATOR (name, email, password) VALUES ('Monica Cooley', 'yrojas@gmail.com', 'QAXUAwAWILkjK');
INSERT INTO ACCOUNTANT (name, email, password) VALUES ('Dorothy Blankenship', 'nallen@hotmail.com', 'KYkswnQglmlw');
INSERT INTO HOSPITAL_ADMINISTRATOR (name, email, password) VALUES ('Dorothy Blankenship', 'nallen@hotmail.com', 'KYkswnQglmlw');
INSERT INTO ACCOUNTANT (name, email, password) VALUES ('Jimmy Glover', 'ramosmariah@gmail.com', 'pEtvcWxMLdsxF');
INSERT INTO HOSPITAL_ADMINISTRATOR (name, email, password) VALUES ('Jimmy Glover', 'ramosmariah@gmail.com', 'pEtvcWxMLdsxF');
INSERT INTO ACCOUNTANT (name, email, password) VALUES ('Gerald Flores', 'thompsonarthur@gmail.com', 'aGzxswYRKcdvE');
INSERT INTO HOSPITAL_ADMINISTRATOR (name, email, password) VALUES ('Gerald Flores', 'thompsonarthur@gmail.com', 'aGzxswYRKcdvE');
INSERT INTO ACCOUNTANT (name, email, password) VALUES ('Marcus Lopez', 'donaldyoung@yahoo.com', 'uAQOehfHONDJPv');
INSERT INTO HOSPITAL_ADMINISTRATOR (name, email, password) VALUES ('Marcus Lopez', 'donaldyoung@yahoo.com', 'uAQOehfHONDJPv');
INSERT INTO ACCOUNTANT (name, email, password) VALUES ('Deanna Hamilton', 'richard18@yahoo.com', 'CfSnAAhBAHNw');
INSERT INTO HOSPITAL_ADMINISTRATOR (name, email, password) VALUES ('Deanna Hamilton', 'richard18@yahoo.com', 'CfSnAAhBAHNw');
INSERT INTO ACCOUNTANT (name, email, password) VALUES ('Kayla Clark', 'thomaskevin@yahoo.com', 'eRyVLDGEWHcvM');
INSERT INTO HOSPITAL_ADMINISTRATOR (name, email, password) VALUES ('Kayla Clark', 'thomaskevin@yahoo.com', 'eRyVLDGEWHcvM');
INSERT INTO ACCOUNTANT (name, email, password) VALUES ('Amanda Diaz', 'alexander78@yahoo.com', 'EuYIYoYKhfj');
INSERT INTO HOSPITAL_ADMINISTRATOR (name, email, password) VALUES ('Amanda Diaz', 'alexander78@yahoo.com', 'EuYIYoYKhfj');
INSERT INTO ACCOUNTANT (name, email, password) VALUES ('Sherri Peterson', 'amber84@hotmail.com', 'uBIIZyCAQCBFgoaMhq');
INSERT INTO HOSPITAL_ADMINISTRATOR (name, email, password) VALUES ('Sherri Peterson', 'amber84@hotmail.com', 'uBIIZyCAQCBFgoaMhq');
INSERT INTO ACCOUNTANT (name, email, password) VALUES ('Steven Weiss', 'crystal47@hotmail.com', 'xWvFgahcxTOFsKsLoO');
INSERT INTO HOSPITAL_ADMINISTRATOR (name, email, password) VALUES ('Steven Weiss', 'crystal47@hotmail.com', 'xWvFgahcxTOFsKsLoO');
INSERT INTO ACCOUNTANT (name, email, password) VALUES ('Audrey Dennis', 'alejandromorris@gmail.com', 'NxMNyiCMsK');
INSERT INTO HOSPITAL_ADMINISTRATOR (name, email, password) VALUES ('Audrey Dennis', 'alejandromorris@gmail.com', 'NxMNyiCMsK');
INSERT INTO ACCOUNTANT (name, email, password) VALUES ('Crystal Ward', 'hannah27@hotmail.com', 'dfSTIbYXjmiCn');
INSERT INTO HOSPITAL_ADMINISTRATOR (name, email, password) VALUES ('Crystal Ward', 'hannah27@hotmail.com', 'dfSTIbYXjmiCn');
INSERT INTO ACCOUNTANT (name, email, password) VALUES ('Amanda Keller', 'pattersoncory@gmail.com', 'hkNSTyHaaCT');
INSERT INTO HOSPITAL_ADMINISTRATOR (name, email, password) VALUES ('Amanda Keller', 'pattersoncory@gmail.com', 'hkNSTyHaaCT');
INSERT INTO ACCOUNTANT (name, email, password) VALUES ('Amanda Hernandez', 'amitchell@yahoo.com', 'pEomyahKgwjGxxTgeK');
INSERT INTO HOSPITAL_ADMINISTRATOR (name, email, password) VALUES ('Amanda Hernandez', 'amitchell@yahoo.com', 'pEomyahKgwjGxxTgeK');
INSERT INTO ACCOUNTANT (name, email, password) VALUES ('Holly Griffin', 'becky69@hotmail.com', 'kGJvdTvX');
INSERT INTO HOSPITAL_ADMINISTRATOR (name, email, password) VALUES ('Holly Griffin', 'becky69@hotmail.com', 'kGJvdTvX');
INSERT INTO ACCOUNTANT (name, email, password) VALUES ('Darren Burns', 'karendawson@yahoo.com', 'SxFgRQNXCvMwr');
INSERT INTO HOSPITAL_ADMINISTRATOR (name, email, password) VALUES ('Darren Burns', 'karendawson@yahoo.com', 'SxFgRQNXCvMwr');
INSERT INTO ACCOUNTANT (name, email, password) VALUES ('Elizabeth Taylor', 'lyonskimberly@gmail.com', 'zmkZpZEFy');
INSERT INTO HOSPITAL_ADMINISTRATOR (name, email, password) VALUES ('Elizabeth Taylor', 'lyonskimberly@gmail.com', 'zmkZpZEFy');
INSERT INTO ACCOUNTANT (name, email, password) VALUES ('Jeffrey Johnson', 'hernandezdavid@hotmail.com', 'CKzVdECzccR');
INSERT INTO HOSPITAL_ADMINISTRATOR (name, email, password) VALUES ('Jeffrey Johnson', 'hernandezdavid@hotmail.com', 'CKzVdECzccR');
INSERT INTO ACCOUNTANT (name, email, password) VALUES ('Cole Miller', 'lmurphy@gmail.com', 'NBwQJFyYaRsqU');
INSERT INTO HOSPITAL_ADMINISTRATOR (name, email, password) VALUES ('Cole Miller', 'lmurphy@gmail.com', 'NBwQJFyYaRsqU');
INSERT INTO ACCOUNTANT (name, email, password) VALUES ('Linda Butler', 'patrick40@gmail.com', 'MNPiNrhStcEXtu');
INSERT INTO HOSPITAL_ADMINISTRATOR (name, email, password) VALUES ('Linda Butler', 'patrick40@gmail.com', 'MNPiNrhStcEXtu');
INSERT INTO ACCOUNTANT (name, email, password) VALUES ('Ryan Reese', 'rodriguezdavid@hotmail.com', 'YEiMMIuxceklfIHTGkB');
INSERT INTO HOSPITAL_ADMINISTRATOR (name, email, password) VALUES ('Ryan Reese', 'rodriguezdavid@hotmail.com', 'YEiMMIuxceklfIHTGkB');
INSERT INTO ACCOUNTANT (name, email, password) VALUES ('William Castro', 'mwest@gmail.com', 'cwXvhtjpLNCFYZwhirDa');
INSERT INTO HOSPITAL_ADMINISTRATOR (name, email, password) VALUES ('William Castro', 'mwest@gmail.com', 'cwXvhtjpLNCFYZwhirDa');
INSERT INTO ACCOUNTANT (name, email, password) VALUES ('Jerry Lee', 'xshelton@yahoo.com', 'knbeVqSbSR');
INSERT INTO HOSPITAL_ADMINISTRATOR (name, email, password) VALUES ('Jerry Lee', 'xshelton@yahoo.com', 'knbeVqSbSR');
INSERT INTO ACCOUNTANT (name, email, password) VALUES ('Dana Hardy', 'amanda32@hotmail.com', 'VQpaGFTlL');
INSERT INTO HOSPITAL_ADMINISTRATOR (name, email, password) VALUES ('Dana Hardy', 'amanda32@hotmail.com', 'VQpaGFTlL');
INSERT INTO ACCOUNTANT (name, email, password) VALUES ('Andrew Smith', 'reynoldsjessica@hotmail.com', 'IdomsXCGW');
INSERT INTO HOSPITAL_ADMINISTRATOR (name, email, password) VALUES ('Andrew Smith', 'reynoldsjessica@hotmail.com', 'IdomsXCGW');
INSERT INTO ACCOUNTANT (name, email, password) VALUES ('Derek West', 'perryjustin@gmail.com', 'CfPxIEGNUsg');
INSERT INTO HOSPITAL_ADMINISTRATOR (name, email, password) VALUES ('Derek West', 'perryjustin@gmail.com', 'CfPxIEGNUsg');
INSERT INTO ACCOUNTANT (name, email, password) VALUES ('Jason Cohen', 'jasongreen@gmail.com', 'JockiqvSCiR');
INSERT INTO HOSPITAL_ADMINISTRATOR (name, email, password) VALUES ('Jason Cohen', 'jasongreen@gmail.com', 'JockiqvSCiR');
INSERT INTO ACCOUNTANT (name, email, password) VALUES ('Peter Brown', 'valdezbruce@hotmail.com', 'eRXLUHHlTP');
INSERT INTO HOSPITAL_ADMINISTRATOR (name, email, password) VALUES ('Peter Brown', 'valdezbruce@hotmail.com', 'eRXLUHHlTP');
INSERT INTO ACCOUNTANT (name, email, password) VALUES ('Stephanie Ayers', 'tspencer@hotmail.com', 'xksrxgadXReTRQLgp');
INSERT INTO HOSPITAL_ADMINISTRATOR (name, email, password) VALUES ('Stephanie Ayers', 'tspencer@hotmail.com', 'xksrxgadXReTRQLgp');
INSERT INTO ACCOUNTANT (name, email, password) VALUES ('James Clarke', 'cclayton@gmail.com', 'qJyqpHJRfmANrp');
INSERT INTO HOSPITAL_ADMINISTRATOR (name, email, password) VALUES ('James Clarke', 'cclayton@gmail.com', 'qJyqpHJRfmANrp');
INSERT INTO ACCOUNTANT (name, email, password) VALUES ('Jonathan Walker', 'frankelliott@yahoo.com', 'viIpVuHsKkwLzvdb');
INSERT INTO HOSPITAL_ADMINISTRATOR (name, email, password) VALUES ('Jonathan Walker', 'frankelliott@yahoo.com', 'viIpVuHsKkwLzvdb');
INSERT INTO ACCOUNTANT (name, email, password) VALUES ('James Hammond', 'jenniferestes@yahoo.com', 'QNGqhiaevsBV');
INSERT INTO HOSPITAL_ADMINISTRATOR (name, email, password) VALUES ('James Hammond', 'jenniferestes@yahoo.com', 'QNGqhiaevsBV');
INSERT INTO ACCOUNTANT (name, email, password) VALUES ('Amy Wade', 'jeffrey52@gmail.com', 'KrgZBHda');
INSERT INTO HOSPITAL_ADMINISTRATOR (name, email, password) VALUES ('Amy Wade', 'jeffrey52@gmail.com', 'KrgZBHda');
INSERT INTO ACCOUNTANT (name, email, password) VALUES ('Nancy Mckay', 'nicholaswolfe@hotmail.com', 'TePSbgQReoQ');
INSERT INTO HOSPITAL_ADMINISTRATOR (name, email, password) VALUES ('Nancy Mckay', 'nicholaswolfe@hotmail.com', 'TePSbgQReoQ');
INSERT INTO ACCOUNTANT (name, email, password) VALUES ('Robert Brown', 'lopeztheresa@hotmail.com', 'lXMAsBQKWPvxz');
INSERT INTO HOSPITAL_ADMINISTRATOR (name, email, password) VALUES ('Robert Brown', 'lopeztheresa@hotmail.com', 'lXMAsBQKWPvxz');
INSERT INTO ACCOUNTANT (name, email, password) VALUES ('Angel Baker PhD', 'xadams@gmail.com', 'LGWjSqfHkbAFjeoTO');
INSERT INTO HOSPITAL_ADMINISTRATOR (name, email, password) VALUES ('Angel Baker PhD', 'xadams@gmail.com', 'LGWjSqfHkbAFjeoTO');
INSERT INTO ACCOUNTANT (name, email, password) VALUES ('Joseph Jones', 'nicole65@gmail.com', 'JSuYZIpSHhw');
INSERT INTO HOSPITAL_ADMINISTRATOR (name, email, password) VALUES ('Joseph Jones', 'nicole65@gmail.com', 'JSuYZIpSHhw');
INSERT INTO ACCOUNTANT (name, email, password) VALUES ('Meghan Perez', 'lmathis@hotmail.com', 'cGDPjqEEyKDZNhh');
INSERT INTO HOSPITAL_ADMINISTRATOR (name, email, password) VALUES ('Meghan Perez', 'lmathis@hotmail.com', 'cGDPjqEEyKDZNhh');
INSERT INTO ACCOUNTANT (name, email, password) VALUES ('Stephen Strong', 'rlee@yahoo.com', 'ryYoURgds');
INSERT INTO HOSPITAL_ADMINISTRATOR (name, email, password) VALUES ('Stephen Strong', 'rlee@yahoo.com', 'ryYoURgds');
INSERT INTO ACCOUNTANT (name, email, password) VALUES ('Ashley Howe', 'fatkins@hotmail.com', 'jTpDcQXvB');
INSERT INTO HOSPITAL_ADMINISTRATOR (name, email, password) VALUES ('Ashley Howe', 'fatkins@hotmail.com', 'jTpDcQXvB');
INSERT INTO ACCOUNTANT (name, email, password) VALUES ('Michael Richardson', 'hayesjoel@yahoo.com', 'OeUakiBycboaXs');
INSERT INTO HOSPITAL_ADMINISTRATOR (name, email, password) VALUES ('Michael Richardson', 'hayesjoel@yahoo.com', 'OeUakiBycboaXs');
INSERT INTO ACCOUNTANT (name, email, password) VALUES ('Bryan Woods DDS', 'annalyons@yahoo.com', 'mSsvhOjELRoXB');
INSERT INTO HOSPITAL_ADMINISTRATOR (name, email, password) VALUES ('Bryan Woods DDS', 'annalyons@yahoo.com', 'mSsvhOjELRoXB');
INSERT INTO ACCOUNTANT (name, email, password) VALUES ('Cindy Garcia', 'mary79@yahoo.com', 'YLXgbmjbUlZEE');
INSERT INTO HOSPITAL_ADMINISTRATOR (name, email, password) VALUES ('Cindy Garcia', 'mary79@yahoo.com', 'YLXgbmjbUlZEE');
INSERT INTO ACCOUNTANT (name, email, password) VALUES ('Adam Coleman', 'cheryl79@gmail.com', 'VqlsezEb');
INSERT INTO HOSPITAL_ADMINISTRATOR (name, email, password) VALUES ('Adam Coleman', 'cheryl79@gmail.com', 'VqlsezEb');
INSERT INTO ACCOUNTANT (name, email, password) VALUES ('John Eaton', 'esparzacrystal@yahoo.com', 'EOGEgcPDkBllCh');
INSERT INTO HOSPITAL_ADMINISTRATOR (name, email, password) VALUES ('John Eaton', 'esparzacrystal@yahoo.com', 'EOGEgcPDkBllCh');
INSERT INTO ACCOUNTANT (name, email, password) VALUES ('Anthony Simmons', 'stevenmoore@yahoo.com', 'SWUcOXofMticmcfVK');
INSERT INTO HOSPITAL_ADMINISTRATOR (name, email, password) VALUES ('Anthony Simmons', 'stevenmoore@yahoo.com', 'SWUcOXofMticmcfVK');
INSERT INTO ACCOUNTANT (name, email, password) VALUES ('Charles Bailey', 'higginstonya@gmail.com', 'tHwXRjwUFkVtH');
INSERT INTO HOSPITAL_ADMINISTRATOR (name, email, password) VALUES ('Charles Bailey', 'higginstonya@gmail.com', 'tHwXRjwUFkVtH');
INSERT INTO ACCOUNTANT (name, email, password) VALUES ('Timothy Thornton', 'wilsonamanda@gmail.com', 'cEHpOQfmogWc');
INSERT INTO HOSPITAL_ADMINISTRATOR (name, email, password) VALUES ('Timothy Thornton', 'wilsonamanda@gmail.com', 'cEHpOQfmogWc');
INSERT INTO ACCOUNTANT (name, email, password) VALUES ('Catherine Kerr', 'jdavis@gmail.com', 'NmlqojEghHLlT');
INSERT INTO HOSPITAL_ADMINISTRATOR (name, email, password) VALUES ('Catherine Kerr', 'jdavis@gmail.com', 'NmlqojEghHLlT');
INSERT INTO ACCOUNTANT (name, email, password) VALUES ('Cassandra Lopez PhD', 'huynhjohn@gmail.com', 'uJJTgKNTvxDGMSAobgfK');
INSERT INTO HOSPITAL_ADMINISTRATOR (name, email, password) VALUES ('Cassandra Lopez PhD', 'huynhjohn@gmail.com', 'uJJTgKNTvxDGMSAobgfK');
INSERT INTO ACCOUNTANT (name, email, password) VALUES ('Jonathan Mosley', 'edwin44@hotmail.com', 'NRQEPQcRh');
INSERT INTO HOSPITAL_ADMINISTRATOR (name, email, password) VALUES ('Jonathan Mosley', 'edwin44@hotmail.com', 'NRQEPQcRh');
INSERT INTO ACCOUNTANT (name, email, password) VALUES ('Erica Conner', 'robinsonerik@gmail.com', 'oaXMwRLeixLPHSZHr');
INSERT INTO HOSPITAL_ADMINISTRATOR (name, email, password) VALUES ('Erica Conner', 'robinsonerik@gmail.com', 'oaXMwRLeixLPHSZHr');
INSERT INTO ACCOUNTANT (name, email, password) VALUES ('Tara Roberts', 'robertbowman@yahoo.com', 'VEyoHVXPsV');
INSERT INTO HOSPITAL_ADMINISTRATOR (name, email, password) VALUES ('Tara Roberts', 'robertbowman@yahoo.com', 'VEyoHVXPsV');
INSERT INTO ACCOUNTANT (name, email, password) VALUES ('Christine Douglas', 'npratt@hotmail.com', 'QlUIASiTMHlWrZA');
INSERT INTO HOSPITAL_ADMINISTRATOR (name, email, password) VALUES ('Christine Douglas', 'npratt@hotmail.com', 'QlUIASiTMHlWrZA');
INSERT INTO ACCOUNTANT (name, email, password) VALUES ('Cody Dorsey', 'bradleyray@gmail.com', 'hNqtAhsiJv');
INSERT INTO HOSPITAL_ADMINISTRATOR (name, email, password) VALUES ('Cody Dorsey', 'bradleyray@gmail.com', 'hNqtAhsiJv');
INSERT INTO ACCOUNTANT (name, email, password) VALUES ('Shannon Obrien', 'alyssareyes@gmail.com', 'WonyfSyvCVnzoW');
INSERT INTO HOSPITAL_ADMINISTRATOR (name, email, password) VALUES ('Shannon Obrien', 'alyssareyes@gmail.com', 'WonyfSyvCVnzoW');
INSERT INTO ACCOUNTANT (name, email, password) VALUES ('Janet Davis', 'johnsonbrian@hotmail.com', 'BXwxujidzhqwXEDWUcxe');
INSERT INTO HOSPITAL_ADMINISTRATOR (name, email, password) VALUES ('Janet Davis', 'johnsonbrian@hotmail.com', 'BXwxujidzhqwXEDWUcxe');
INSERT INTO ACCOUNTANT (name, email, password) VALUES ('Amy Payne', 'david45@yahoo.com', 'EDOVxPZDj');
INSERT INTO HOSPITAL_ADMINISTRATOR (name, email, password) VALUES ('Amy Payne', 'david45@yahoo.com', 'EDOVxPZDj');
INSERT INTO ACCOUNTANT (name, email, password) VALUES ('Kristine Perez MD', 'wsantiago@yahoo.com', 'olJLQespEIo');
INSERT INTO HOSPITAL_ADMINISTRATOR (name, email, password) VALUES ('Kristine Perez MD', 'wsantiago@yahoo.com', 'olJLQespEIo');
INSERT INTO ACCOUNTANT (name, email, password) VALUES ('Michelle Day', 'russelllopez@hotmail.com', 'ikFXpSfVYCnET');
INSERT INTO HOSPITAL_ADMINISTRATOR (name, email, password) VALUES ('Michelle Day', 'russelllopez@hotmail.com', 'ikFXpSfVYCnET');
INSERT INTO ACCOUNTANT (name, email, password) VALUES ('Troy Ruiz', 'johnsonwilliam@hotmail.com', 'neMHdbExZZLxUTIxAK');
INSERT INTO HOSPITAL_ADMINISTRATOR (name, email, password) VALUES ('Troy Ruiz', 'johnsonwilliam@hotmail.com', 'neMHdbExZZLxUTIxAK');
INSERT INTO ACCOUNTANT (name, email, password) VALUES ('Parker Kennedy', 'turnerchristina@gmail.com', 'DPGjBEzoQCtpzLSgnVM');
INSERT INTO HOSPITAL_ADMINISTRATOR (name, email, password) VALUES ('Parker Kennedy', 'turnerchristina@gmail.com', 'DPGjBEzoQCtpzLSgnVM');
INSERT INTO ACCOUNTANT (name, email, password) VALUES ('Jessica Zimmerman', 'martinezbrian@yahoo.com', 'UaHMcAKNjg');
INSERT INTO HOSPITAL_ADMINISTRATOR (name, email, password) VALUES ('Jessica Zimmerman', 'martinezbrian@yahoo.com', 'UaHMcAKNjg');
INSERT INTO ACCOUNTANT (name, email, password) VALUES ('Michelle Hughes', 'lindsey36@hotmail.com', 'pnOGZCywJcZQ');
INSERT INTO HOSPITAL_ADMINISTRATOR (name, email, password) VALUES ('Michelle Hughes', 'lindsey36@hotmail.com', 'pnOGZCywJcZQ');
INSERT INTO ACCOUNTANT (name, email, password) VALUES ('Michelle Mcguire', 'ksmall@yahoo.com', 'zQDwKuHbZZOVNTw');
INSERT INTO HOSPITAL_ADMINISTRATOR (name, email, password) VALUES ('Michelle Mcguire', 'ksmall@yahoo.com', 'zQDwKuHbZZOVNTw');
INSERT INTO ACCOUNTANT (name, email, password) VALUES ('Lisa Adams', 'colejessica@yahoo.com', 'pWwgBedKsHqvosx');
INSERT INTO HOSPITAL_ADMINISTRATOR (name, email, password) VALUES ('Lisa Adams', 'colejessica@yahoo.com', 'pWwgBedKsHqvosx');
INSERT INTO ACCOUNTANT (name, email, password) VALUES ('Melissa Rowe', 'christopherhayes@hotmail.com', 'dDLeyUBKiml');
INSERT INTO HOSPITAL_ADMINISTRATOR (name, email, password) VALUES ('Melissa Rowe', 'christopherhayes@hotmail.com', 'dDLeyUBKiml');
INSERT INTO ACCOUNTANT (name, email, password) VALUES ('Travis Moore', 'bnicholson@yahoo.com', 'cdVtbwYTmVwmajVjwH');
INSERT INTO HOSPITAL_ADMINISTRATOR (name, email, password) VALUES ('Travis Moore', 'bnicholson@yahoo.com', 'cdVtbwYTmVwmajVjwH');
INSERT INTO ACCOUNTANT (name, email, password) VALUES ('Barbara Roberts', 'nicolenash@hotmail.com', 'HCfwxSHxJLSnotVdMH');
INSERT INTO HOSPITAL_ADMINISTRATOR (name, email, password) VALUES ('Barbara Roberts', 'nicolenash@hotmail.com', 'HCfwxSHxJLSnotVdMH');
INSERT INTO ACCOUNTANT (name, email, password) VALUES ('Maria Moreno', 'steven22@yahoo.com', 'WVbgvaUAeOHFRfRe');
INSERT INTO HOSPITAL_ADMINISTRATOR (name, email, password) VALUES ('Maria Moreno', 'steven22@yahoo.com', 'WVbgvaUAeOHFRfRe');
INSERT INTO ACCOUNTANT (name, email, password) VALUES ('Alexander Howell', 'haleandrew@gmail.com', 'TRIaMWdkIWtbeq');
INSERT INTO HOSPITAL_ADMINISTRATOR (name, email, password) VALUES ('Alexander Howell', 'haleandrew@gmail.com', 'TRIaMWdkIWtbeq');
INSERT INTO ACCOUNTANT (name, email, password) VALUES ('Tim Carter', 'francismalone@yahoo.com', 'acMZLYgsiKcsR');
INSERT INTO HOSPITAL_ADMINISTRATOR (name, email, password) VALUES ('Tim Carter', 'francismalone@yahoo.com', 'acMZLYgsiKcsR');
INSERT INTO ACCOUNTANT (name, email, password) VALUES ('Diana Rasmussen', 'frenchderek@yahoo.com', 'FjjrPWrBSOfIu');
INSERT INTO HOSPITAL_ADMINISTRATOR (name, email, password) VALUES ('Diana Rasmussen', 'frenchderek@yahoo.com', 'FjjrPWrBSOfIu');
INSERT INTO ACCOUNTANT (name, email, password) VALUES ('Jasmine Mcgrath', 'awalker@gmail.com', 'nlVzMJoKLhPkmOOHpMm');
INSERT INTO HOSPITAL_ADMINISTRATOR (name, email, password) VALUES ('Jasmine Mcgrath', 'awalker@gmail.com', 'nlVzMJoKLhPkmOOHpMm');
INSERT INTO ACCOUNTANT (name, email, password) VALUES ('Lauren Carter', 'rking@gmail.com', 'uDEHtpBhtMILirKmYr');
INSERT INTO HOSPITAL_ADMINISTRATOR (name, email, password) VALUES ('Lauren Carter', 'rking@gmail.com', 'uDEHtpBhtMILirKmYr');
INSERT INTO ACCOUNTANT (name, email, password) VALUES ('Anthony Ramirez', 'millerjason@hotmail.com', 'QvOUDWpSSpz');
INSERT INTO HOSPITAL_ADMINISTRATOR (name, email, password) VALUES ('Anthony Ramirez', 'millerjason@hotmail.com', 'QvOUDWpSSpz');
INSERT INTO ACCOUNTANT (name, email, password) VALUES ('Robert Wallace', 'laurie50@yahoo.com', 'oNdxOHRQSirh');
INSERT INTO HOSPITAL_ADMINISTRATOR (name, email, password) VALUES ('Robert Wallace', 'laurie50@yahoo.com', 'oNdxOHRQSirh');
INSERT INTO ACCOUNTANT (name, email, password) VALUES ('Marcus Jones', 'danielwallace@hotmail.com', 'IJzCLIJiwj');
INSERT INTO HOSPITAL_ADMINISTRATOR (name, email, password) VALUES ('Marcus Jones', 'danielwallace@hotmail.com', 'IJzCLIJiwj');
INSERT INTO ACCOUNTANT (name, email, password) VALUES ('William Mendez', 'sharonramos@hotmail.com', 'NFKKlWdqppFGTEkGWWtc');
INSERT INTO HOSPITAL_ADMINISTRATOR (name, email, password) VALUES ('William Mendez', 'sharonramos@hotmail.com', 'NFKKlWdqppFGTEkGWWtc');
INSERT INTO ACCOUNTANT (name, email, password) VALUES ('Angela Prince', 'riveramitchell@gmail.com', 'sthoaEaAJxnUTPaC');
INSERT INTO HOSPITAL_ADMINISTRATOR (name, email, password) VALUES ('Angela Prince', 'riveramitchell@gmail.com', 'sthoaEaAJxnUTPaC');
INSERT INTO ACCOUNTANT (name, email, password) VALUES ('Yvette Johnson', 'kelseyjohnson@yahoo.com', 'hYpnEkmYxsPTghZey');
INSERT INTO HOSPITAL_ADMINISTRATOR (name, email, password) VALUES ('Yvette Johnson', 'kelseyjohnson@yahoo.com', 'hYpnEkmYxsPTghZey');
INSERT INTO ACCOUNTANT (name, email, password) VALUES ('Kelly Campos', 'michelle23@yahoo.com', 'izafEPHsElmB');
INSERT INTO HOSPITAL_ADMINISTRATOR (name, email, password) VALUES ('Kelly Campos', 'michelle23@yahoo.com', 'izafEPHsElmB');
INSERT INTO ACCOUNTANT (name, email, password) VALUES ('Jimmy Barrett', 'christine52@gmail.com', 'NwohrCUXBrM');
INSERT INTO HOSPITAL_ADMINISTRATOR (name, email, password) VALUES ('Jimmy Barrett', 'christine52@gmail.com', 'NwohrCUXBrM');
INSERT INTO ACCOUNTANT (name, email, password) VALUES ('Thomas Weaver', 'toddheather@gmail.com', 'raLsbJPKZOfirZTs');
INSERT INTO HOSPITAL_ADMINISTRATOR (name, email, password) VALUES ('Thomas Weaver', 'toddheather@gmail.com', 'raLsbJPKZOfirZTs');
INSERT INTO ACCOUNTANT (name, email, password) VALUES ('Carol Bishop', 'deborahfoster@yahoo.com', 'qcoVwKoURVWq');
INSERT INTO HOSPITAL_ADMINISTRATOR (name, email, password) VALUES ('Carol Bishop', 'deborahfoster@yahoo.com', 'qcoVwKoURVWq');
INSERT INTO ACCOUNTANT (name, email, password) VALUES ('Jennifer Solis', 'william39@gmail.com', 'fdUFamfOtBhNJ');
INSERT INTO HOSPITAL_ADMINISTRATOR (name, email, password) VALUES ('Jennifer Solis', 'william39@gmail.com', 'fdUFamfOtBhNJ');
INSERT INTO ACCOUNTANT (name, email, password) VALUES ('Theresa Moore', 'rsmith@hotmail.com', 'xlAaFyPuszJAKzeeQYf');
INSERT INTO HOSPITAL_ADMINISTRATOR (name, email, password) VALUES ('Theresa Moore', 'rsmith@hotmail.com', 'xlAaFyPuszJAKzeeQYf');
INSERT INTO ACCOUNTANT (name, email, password) VALUES ('Christopher Vaughan', 'bhinton@yahoo.com', 'BKyoBxGaLHxPCB');
INSERT INTO HOSPITAL_ADMINISTRATOR (name, email, password) VALUES ('Christopher Vaughan', 'bhinton@yahoo.com', 'BKyoBxGaLHxPCB');
INSERT INTO ACCOUNTANT (name, email, password) VALUES ('Oscar Ramirez', 'ahowell@gmail.com', 'UNoTdCtAN');
INSERT INTO HOSPITAL_ADMINISTRATOR (name, email, password) VALUES ('Oscar Ramirez', 'ahowell@gmail.com', 'UNoTdCtAN');
INSERT INTO ACCOUNTANT (name, email, password) VALUES ('Juan Lewis', 'wstanley@yahoo.com', 'znJsjlFfyPgukWjsK');
INSERT INTO HOSPITAL_ADMINISTRATOR (name, email, password) VALUES ('Juan Lewis', 'wstanley@yahoo.com', 'znJsjlFfyPgukWjsK');
INSERT INTO ACCOUNTANT (name, email, password) VALUES ('Andrea Davis', 'hporter@hotmail.com', 'nDInNtUWNUUoB');
INSERT INTO HOSPITAL_ADMINISTRATOR (name, email, password) VALUES ('Andrea Davis', 'hporter@hotmail.com', 'nDInNtUWNUUoB');
INSERT INTO ACCOUNTANT (name, email, password) VALUES ('Melinda Price', 'janetcooper@yahoo.com', 'jCZOMBcMPuG');
INSERT INTO HOSPITAL_ADMINISTRATOR (name, email, password) VALUES ('Melinda Price', 'janetcooper@yahoo.com', 'jCZOMBcMPuG');
INSERT INTO ACCOUNTANT (name, email, password) VALUES ('Kyle Howe', 'ocurtis@hotmail.com', 'YaMhPhDlWpt');
INSERT INTO HOSPITAL_ADMINISTRATOR (name, email, password) VALUES ('Kyle Howe', 'ocurtis@hotmail.com', 'YaMhPhDlWpt');
INSERT INTO ACCOUNTANT (name, email, password) VALUES ('Stephanie Good', 'charles07@gmail.com', 'osaxwXwXUxYdLu');
INSERT INTO HOSPITAL_ADMINISTRATOR (name, email, password) VALUES ('Stephanie Good', 'charles07@gmail.com', 'osaxwXwXUxYdLu');
INSERT INTO ACCOUNTANT (name, email, password) VALUES ('Alejandro Smith', 'chenderson@yahoo.com', 'LuPLWPHM');
INSERT INTO HOSPITAL_ADMINISTRATOR (name, email, password) VALUES ('Alejandro Smith', 'chenderson@yahoo.com', 'LuPLWPHM');
INSERT INTO ACCOUNTANT (name, email, password) VALUES ('Crystal Brown', 'barnettchelsea@hotmail.com', 'zqxJWycVuzD');
INSERT INTO HOSPITAL_ADMINISTRATOR (name, email, password) VALUES ('Crystal Brown', 'barnettchelsea@hotmail.com', 'zqxJWycVuzD');
INSERT INTO ACCOUNTANT (name, email, password) VALUES ('Casey Brewer', 'iancunningham@yahoo.com', 'yDKCefpUPA');
INSERT INTO HOSPITAL_ADMINISTRATOR (name, email, password) VALUES ('Casey Brewer', 'iancunningham@yahoo.com', 'yDKCefpUPA');
INSERT INTO ACCOUNTANT (name, email, password) VALUES ('Grace Johnson', 'walkerangela@gmail.com', 'jwfSaJDQ');
INSERT INTO HOSPITAL_ADMINISTRATOR (name, email, password) VALUES ('Grace Johnson', 'walkerangela@gmail.com', 'jwfSaJDQ');
INSERT INTO ACCOUNTANT (name, email, password) VALUES ('Nicole Melton', 'paigebowen@hotmail.com', 'iAxLrhpOBINjaHeNhia');
INSERT INTO HOSPITAL_ADMINISTRATOR (name, email, password) VALUES ('Nicole Melton', 'paigebowen@hotmail.com', 'iAxLrhpOBINjaHeNhia');
INSERT INTO ACCOUNTANT (name, email, password) VALUES ('Justin Peterson', 'natasha30@yahoo.com', 'VQqzxpzczmvftdudq');
INSERT INTO HOSPITAL_ADMINISTRATOR (name, email, password) VALUES ('Justin Peterson', 'natasha30@yahoo.com', 'VQqzxpzczmvftdudq');
INSERT INTO ACCOUNTANT (name, email, password) VALUES ('Mrs. Megan Wiggins', 'johnsonscott@yahoo.com', 'fShGTBMubuPMtE');
INSERT INTO HOSPITAL_ADMINISTRATOR (name, email, password) VALUES ('Mrs. Megan Wiggins', 'johnsonscott@yahoo.com', 'fShGTBMubuPMtE');
INSERT INTO ACCOUNTANT (name, email, password) VALUES ('Lori Parsons', 'angela03@hotmail.com', 'eWcfAOXMF');
INSERT INTO HOSPITAL_ADMINISTRATOR (name, email, password) VALUES ('Lori Parsons', 'angela03@hotmail.com', 'eWcfAOXMF');
INSERT INTO ACCOUNTANT (name, email, password) VALUES ('Amber Solis', 'xwright@yahoo.com', 'raENZcgkMtpr');
INSERT INTO HOSPITAL_ADMINISTRATOR (name, email, password) VALUES ('Amber Solis', 'xwright@yahoo.com', 'raENZcgkMtpr');
INSERT INTO ACCOUNTANT (name, email, password) VALUES ('Lindsey Jones', 'wrobles@hotmail.com', 'eAPfPzcSrTbbllnXze');
INSERT INTO HOSPITAL_ADMINISTRATOR (name, email, password) VALUES ('Lindsey Jones', 'wrobles@hotmail.com', 'eAPfPzcSrTbbllnXze');
INSERT INTO ACCOUNTANT (name, email, password) VALUES ('Marcus Valenzuela', 'tannerfletcher@yahoo.com', 'pSxaUBagaFpFeUuWdUt');
INSERT INTO HOSPITAL_ADMINISTRATOR (name, email, password) VALUES ('Marcus Valenzuela', 'tannerfletcher@yahoo.com', 'pSxaUBagaFpFeUuWdUt');
INSERT INTO ACCOUNTANT (name, email, password) VALUES ('Jeremy Lewis', 'cabreradeanna@hotmail.com', 'XsdNqCVNkbLrGAyB');
INSERT INTO HOSPITAL_ADMINISTRATOR (name, email, password) VALUES ('Jeremy Lewis', 'cabreradeanna@hotmail.com', 'XsdNqCVNkbLrGAyB');
INSERT INTO ACCOUNTANT (name, email, password) VALUES ('Katherine Dennis', 'barry29@gmail.com', 'pDUpytUuejE');
INSERT INTO HOSPITAL_ADMINISTRATOR (name, email, password) VALUES ('Katherine Dennis', 'barry29@gmail.com', 'pDUpytUuejE');
INSERT INTO ACCOUNTANT (name, email, password) VALUES ('Christopher Lewis', 'ccastaneda@gmail.com', 'MxHbJQTXheVB');
INSERT INTO HOSPITAL_ADMINISTRATOR (name, email, password) VALUES ('Christopher Lewis', 'ccastaneda@gmail.com', 'MxHbJQTXheVB');
INSERT INTO ACCOUNTANT (name, email, password) VALUES ('Jeffrey Rodriguez', 'woodstephanie@hotmail.com', 'AoKYmAxC');
INSERT INTO HOSPITAL_ADMINISTRATOR (name, email, password) VALUES ('Jeffrey Rodriguez', 'woodstephanie@hotmail.com', 'AoKYmAxC');
INSERT INTO ACCOUNTANT (name, email, password) VALUES ('Kathy Smith', 'macdonaldjennifer@gmail.com', 'tXVHmoractmmpafBma');
INSERT INTO HOSPITAL_ADMINISTRATOR (name, email, password) VALUES ('Kathy Smith', 'macdonaldjennifer@gmail.com', 'tXVHmoractmmpafBma');
INSERT INTO ACCOUNTANT (name, email, password) VALUES ('Daniel Bryan', 'brandon09@hotmail.com', 'cdPjNmpHcyOz');
INSERT INTO HOSPITAL_ADMINISTRATOR (name, email, password) VALUES ('Daniel Bryan', 'brandon09@hotmail.com', 'cdPjNmpHcyOz');
INSERT INTO ACCOUNTANT (name, email, password) VALUES ('Suzanne Franklin', 'rachel05@hotmail.com', 'zOemZkkAcIRlJUOiHfX');
INSERT INTO HOSPITAL_ADMINISTRATOR (name, email, password) VALUES ('Suzanne Franklin', 'rachel05@hotmail.com', 'zOemZkkAcIRlJUOiHfX');
INSERT INTO ACCOUNTANT (name, email, password) VALUES ('Joseph Moreno', 'tjohnson@hotmail.com', 'ERsbFUEomYAblZYD');
INSERT INTO HOSPITAL_ADMINISTRATOR (name, email, password) VALUES ('Joseph Moreno', 'tjohnson@hotmail.com', 'ERsbFUEomYAblZYD');
INSERT INTO ACCOUNTANT (name, email, password) VALUES ('Karen Moore', 'tracy58@gmail.com', 'OvQXhcRtOU');
INSERT INTO HOSPITAL_ADMINISTRATOR (name, email, password) VALUES ('Karen Moore', 'tracy58@gmail.com', 'OvQXhcRtOU');
INSERT INTO ACCOUNTANT (name, email, password) VALUES ('Anna Joseph', 'cruzdustin@gmail.com', 'wHPOgmtKpgGpY');
INSERT INTO HOSPITAL_ADMINISTRATOR (name, email, password) VALUES ('Anna Joseph', 'cruzdustin@gmail.com', 'wHPOgmtKpgGpY');
INSERT INTO ACCOUNTANT (name, email, password) VALUES ('Dylan Hill', 'monicawilson@gmail.com', 'UfjKfJvdJLafwomEHw');
INSERT INTO HOSPITAL_ADMINISTRATOR (name, email, password) VALUES ('Dylan Hill', 'monicawilson@gmail.com', 'UfjKfJvdJLafwomEHw');
INSERT INTO ACCOUNTANT (name, email, password) VALUES ('Adam Watson', 'amber33@hotmail.com', 'qJfhOujdIrXeh');
INSERT INTO HOSPITAL_ADMINISTRATOR (name, email, password) VALUES ('Adam Watson', 'amber33@hotmail.com', 'qJfhOujdIrXeh');
INSERT INTO ACCOUNTANT (name, email, password) VALUES ('April Garrison', 'tnelson@hotmail.com', 'wBJBWbDdCHBguJXXV');
INSERT INTO HOSPITAL_ADMINISTRATOR (name, email, password) VALUES ('April Garrison', 'tnelson@hotmail.com', 'wBJBWbDdCHBguJXXV');
INSERT INTO ACCOUNTANT (name, email, password) VALUES ('Hannah White', 'zmcdonald@hotmail.com', 'HcRRoKSeQXRCQBBQ');
INSERT INTO HOSPITAL_ADMINISTRATOR (name, email, password) VALUES ('Hannah White', 'zmcdonald@hotmail.com', 'HcRRoKSeQXRCQBBQ');
INSERT INTO ACCOUNTANT (name, email, password) VALUES ('Angela Rosario', 'vguerrero@gmail.com', 'xNXYjdJmaVtTzUftJlH');
INSERT INTO HOSPITAL_ADMINISTRATOR (name, email, password) VALUES ('Angela Rosario', 'vguerrero@gmail.com', 'xNXYjdJmaVtTzUftJlH');
INSERT INTO ACCOUNTANT (name, email, password) VALUES ('Kevin Brown', 'makaylabeck@hotmail.com', 'lJvMXUYyBE');
INSERT INTO HOSPITAL_ADMINISTRATOR (name, email, password) VALUES ('Kevin Brown', 'makaylabeck@hotmail.com', 'lJvMXUYyBE');
INSERT INTO ACCOUNTANT (name, email, password) VALUES ('Omar Guzman', 'susanjones@yahoo.com', 'bpROAkNMqyCfuH');
INSERT INTO HOSPITAL_ADMINISTRATOR (name, email, password) VALUES ('Omar Guzman', 'susanjones@yahoo.com', 'bpROAkNMqyCfuH');
INSERT INTO ACCOUNTANT (name, email, password) VALUES ('Mark Edwards', 'amy28@gmail.com', 'RTuelsnjEWjtQw');
INSERT INTO HOSPITAL_ADMINISTRATOR (name, email, password) VALUES ('Mark Edwards', 'amy28@gmail.com', 'RTuelsnjEWjtQw');
INSERT INTO ACCOUNTANT (name, email, password) VALUES ('Richard Hart', 'briandonovan@yahoo.com', 'EMbMHRZSWbtydZpC');
INSERT INTO HOSPITAL_ADMINISTRATOR (name, email, password) VALUES ('Richard Hart', 'briandonovan@yahoo.com', 'EMbMHRZSWbtydZpC');
INSERT INTO ACCOUNTANT (name, email, password) VALUES ('Ethan Morgan', 'pauljenna@gmail.com', 'ihpkLRlrxbzU');
INSERT INTO HOSPITAL_ADMINISTRATOR (name, email, password) VALUES ('Ethan Morgan', 'pauljenna@gmail.com', 'ihpkLRlrxbzU');
INSERT INTO ACCOUNTANT (name, email, password) VALUES ('Kim Sanchez', 'samuelvasquez@gmail.com', 'GzxmRNyfKODBXvjQq');
INSERT INTO HOSPITAL_ADMINISTRATOR (name, email, password) VALUES ('Kim Sanchez', 'samuelvasquez@gmail.com', 'GzxmRNyfKODBXvjQq');
INSERT INTO ACCOUNTANT (name, email, password) VALUES ('Dustin Allison', 'dosborn@gmail.com', 'ywYHdXFABfyDNAhj');
INSERT INTO HOSPITAL_ADMINISTRATOR (name, email, password) VALUES ('Dustin Allison', 'dosborn@gmail.com', 'ywYHdXFABfyDNAhj');
INSERT INTO ACCOUNTANT (name, email, password) VALUES ('Henry Adams', 'iryan@gmail.com', 'GncJwMdPtdd');
INSERT INTO HOSPITAL_ADMINISTRATOR (name, email, password) VALUES ('Henry Adams', 'iryan@gmail.com', 'GncJwMdPtdd');
INSERT INTO ACCOUNTANT (name, email, password) VALUES ('Jaime Johnson', 'bentoncheryl@hotmail.com', 'DpOQmNje');
INSERT INTO HOSPITAL_ADMINISTRATOR (name, email, password) VALUES ('Jaime Johnson', 'bentoncheryl@hotmail.com', 'DpOQmNje');
INSERT INTO ACCOUNTANT (name, email, password) VALUES ('Leonard Riley', 'suttonjeremiah@gmail.com', 'aNKRYJdev');
INSERT INTO HOSPITAL_ADMINISTRATOR (name, email, password) VALUES ('Leonard Riley', 'suttonjeremiah@gmail.com', 'aNKRYJdev');
INSERT INTO ACCOUNTANT (name, email, password) VALUES ('Jessica Lee', 'mark76@hotmail.com', 'SEhHRpmJrbDWzz');
INSERT INTO HOSPITAL_ADMINISTRATOR (name, email, password) VALUES ('Jessica Lee', 'mark76@hotmail.com', 'SEhHRpmJrbDWzz');
INSERT INTO ACCOUNTANT (name, email, password) VALUES ('Kenneth Martin', 'danielhowell@yahoo.com', 'xiKUNWxilnUcPRsM');
INSERT INTO HOSPITAL_ADMINISTRATOR (name, email, password) VALUES ('Kenneth Martin', 'danielhowell@yahoo.com', 'xiKUNWxilnUcPRsM');
INSERT INTO ACCOUNTANT (name, email, password) VALUES ('Chelsey Foley', 'mannnancy@hotmail.com', 'WPAPvGpjXrsO');
INSERT INTO HOSPITAL_ADMINISTRATOR (name, email, password) VALUES ('Chelsey Foley', 'mannnancy@hotmail.com', 'WPAPvGpjXrsO');
INSERT INTO ACCOUNTANT (name, email, password) VALUES ('Sandra Robinson', 'bradley35@gmail.com', 'SdPQhiixlavUCvREKM');
INSERT INTO HOSPITAL_ADMINISTRATOR (name, email, password) VALUES ('Sandra Robinson', 'bradley35@gmail.com', 'SdPQhiixlavUCvREKM');
INSERT INTO ACCOUNTANT (name, email, password) VALUES ('Candace Taylor', 'jesse80@gmail.com', 'VWAYyIaoXASmlgGsoaAT');
INSERT INTO HOSPITAL_ADMINISTRATOR (name, email, password) VALUES ('Candace Taylor', 'jesse80@gmail.com', 'VWAYyIaoXASmlgGsoaAT');
INSERT INTO ACCOUNTANT (name, email, password) VALUES ('Richard Johnson', 'nicholaswalton@hotmail.com', 'ItSUehMfZVrFuNOvM');
INSERT INTO HOSPITAL_ADMINISTRATOR (name, email, password) VALUES ('Richard Johnson', 'nicholaswalton@hotmail.com', 'ItSUehMfZVrFuNOvM');
INSERT INTO ACCOUNTANT (name, email, password) VALUES ('Mark Pearson', 'carpentersamuel@yahoo.com', 'alLzUCJZJDK');
INSERT INTO HOSPITAL_ADMINISTRATOR (name, email, password) VALUES ('Mark Pearson', 'carpentersamuel@yahoo.com', 'alLzUCJZJDK');
INSERT INTO ACCOUNTANT (name, email, password) VALUES ('Jonathan Williams', 'egardner@yahoo.com', 'kJBeMsuyQmFcl');
INSERT INTO HOSPITAL_ADMINISTRATOR (name, email, password) VALUES ('Jonathan Williams', 'egardner@yahoo.com', 'kJBeMsuyQmFcl');
INSERT INTO ACCOUNTANT (name, email, password) VALUES ('Patricia Elliott', 'pdavis@hotmail.com', 'QrvHqstlrEJWQJR');
INSERT INTO HOSPITAL_ADMINISTRATOR (name, email, password) VALUES ('Patricia Elliott', 'pdavis@hotmail.com', 'QrvHqstlrEJWQJR');
INSERT INTO ACCOUNTANT (name, email, password) VALUES ('Shari Payne', 'stacymiller@gmail.com', 'mNZKOGaInxdiZW');
INSERT INTO HOSPITAL_ADMINISTRATOR (name, email, password) VALUES ('Shari Payne', 'stacymiller@gmail.com', 'mNZKOGaInxdiZW');
INSERT INTO ACCOUNTANT (name, email, password) VALUES ('Kimberly Wells', 'kimberly63@hotmail.com', 'DzawWxqNaBtGPso');
INSERT INTO HOSPITAL_ADMINISTRATOR (name, email, password) VALUES ('Kimberly Wells', 'kimberly63@hotmail.com', 'DzawWxqNaBtGPso');
INSERT INTO ACCOUNTANT (name, email, password) VALUES ('Michael Alexander', 'kelly83@yahoo.com', 'wXPCCXmlohEVpZ');
INSERT INTO HOSPITAL_ADMINISTRATOR (name, email, password) VALUES ('Michael Alexander', 'kelly83@yahoo.com', 'wXPCCXmlohEVpZ');
INSERT INTO ACCOUNTANT (name, email, password) VALUES ('Mary Garrett', 'qfreeman@yahoo.com', 'IclwJrGup');
INSERT INTO HOSPITAL_ADMINISTRATOR (name, email, password) VALUES ('Mary Garrett', 'qfreeman@yahoo.com', 'IclwJrGup');
INSERT INTO ACCOUNTANT (name, email, password) VALUES ('Melissa Doyle', 'mark77@yahoo.com', 'vizsAzVZeOWU');
INSERT INTO HOSPITAL_ADMINISTRATOR (name, email, password) VALUES ('Melissa Doyle', 'mark77@yahoo.com', 'vizsAzVZeOWU');
INSERT INTO ACCOUNTANT (name, email, password) VALUES ('Jacqueline Garner', 'ysmith@yahoo.com', 'PxzzrXqAEgRehUki');
INSERT INTO HOSPITAL_ADMINISTRATOR (name, email, password) VALUES ('Jacqueline Garner', 'ysmith@yahoo.com', 'PxzzrXqAEgRehUki');
INSERT INTO ACCOUNTANT (name, email, password) VALUES ('Shannon Parker', 'growe@gmail.com', 'qIuJkyrJmTLXNMDLmNBr');
INSERT INTO HOSPITAL_ADMINISTRATOR (name, email, password) VALUES ('Shannon Parker', 'growe@gmail.com', 'qIuJkyrJmTLXNMDLmNBr');
INSERT INTO ACCOUNTANT (name, email, password) VALUES ('Frank Watts', 'gabriela18@yahoo.com', 'hJZsziYBT');
INSERT INTO HOSPITAL_ADMINISTRATOR (name, email, password) VALUES ('Frank Watts', 'gabriela18@yahoo.com', 'hJZsziYBT');
INSERT INTO ACCOUNTANT (name, email, password) VALUES ('Sharon Morales', 'lbenton@yahoo.com', 'deLeCnxuEjjo');
INSERT INTO HOSPITAL_ADMINISTRATOR (name, email, password) VALUES ('Sharon Morales', 'lbenton@yahoo.com', 'deLeCnxuEjjo');
INSERT INTO ACCOUNTANT (name, email, password) VALUES ('Patricia Newman', 'thall@hotmail.com', 'KSgUdCAXnQDp');
INSERT INTO HOSPITAL_ADMINISTRATOR (name, email, password) VALUES ('Patricia Newman', 'thall@hotmail.com', 'KSgUdCAXnQDp');
INSERT INTO ACCOUNTANT (name, email, password) VALUES ('Rebecca Pierce', 'emitchell@hotmail.com', 'cpvEgWhZOQ');
INSERT INTO HOSPITAL_ADMINISTRATOR (name, email, password) VALUES ('Rebecca Pierce', 'emitchell@hotmail.com', 'cpvEgWhZOQ');
INSERT INTO ACCOUNTANT (name, email, password) VALUES ('William Schmitt', 'ellisluis@yahoo.com', 'TJEeiCSpmtBCyW');
INSERT INTO HOSPITAL_ADMINISTRATOR (name, email, password) VALUES ('William Schmitt', 'ellisluis@yahoo.com', 'TJEeiCSpmtBCyW');
INSERT INTO ACCOUNTANT (name, email, password) VALUES ('Crystal Santos', 'dawn11@hotmail.com', 'msQJYpHvSZAocbzCFyBv');
INSERT INTO HOSPITAL_ADMINISTRATOR (name, email, password) VALUES ('Crystal Santos', 'dawn11@hotmail.com', 'msQJYpHvSZAocbzCFyBv');
INSERT INTO ACCOUNTANT (name, email, password) VALUES ('Gabriela Smith', 'lisajones@hotmail.com', 'JpQGiiYjGFYYEgylLgYF');
INSERT INTO HOSPITAL_ADMINISTRATOR (name, email, password) VALUES ('Gabriela Smith', 'lisajones@hotmail.com', 'JpQGiiYjGFYYEgylLgYF');
INSERT INTO ACCOUNTANT (name, email, password) VALUES ('Dr. Rachel Davidson', 'melanie24@yahoo.com', 'LPGJvndxdWoaau');
INSERT INTO HOSPITAL_ADMINISTRATOR (name, email, password) VALUES ('Dr. Rachel Davidson', 'melanie24@yahoo.com', 'LPGJvndxdWoaau');
INSERT INTO ACCOUNTANT (name, email, password) VALUES ('Kayla Williams', 'ncollins@gmail.com', 'rzBihZYVDFwPvJO');
INSERT INTO HOSPITAL_ADMINISTRATOR (name, email, password) VALUES ('Kayla Williams', 'ncollins@gmail.com', 'rzBihZYVDFwPvJO');
INSERT INTO ACCOUNTANT (name, email, password) VALUES ('Vanessa Mcguire', 'christopher18@yahoo.com', 'zkVIyJouSYvCTpeTVYGX');
INSERT INTO LABORATORY_ASSISTANT (name, email, password) VALUES ('Vanessa Mcguire', 'christopher18@yahoo.com', 'zkVIyJouSYvCTpeTVYGX');
INSERT INTO ACCOUNTANT (name, email, password) VALUES ('Frank Johnson', 'hdavis@hotmail.com', 'huoKVcYloLpUaOmrGrg');
INSERT INTO LABORATORY_ASSISTANT (name, email, password) VALUES ('Frank Johnson', 'hdavis@hotmail.com', 'huoKVcYloLpUaOmrGrg');
INSERT INTO ACCOUNTANT (name, email, password) VALUES ('Daniel Fletcher', 'cooperantonio@yahoo.com', 'clhqqkWrVKdPrZoEExf');
INSERT INTO LABORATORY_ASSISTANT (name, email, password) VALUES ('Daniel Fletcher', 'cooperantonio@yahoo.com', 'clhqqkWrVKdPrZoEExf');
INSERT INTO ACCOUNTANT (name, email, password) VALUES ('Rebekah Johnson', 'coxjonathan@hotmail.com', 'dkgmEzWWynRb');
INSERT INTO LABORATORY_ASSISTANT (name, email, password) VALUES ('Rebekah Johnson', 'coxjonathan@hotmail.com', 'dkgmEzWWynRb');
INSERT INTO ACCOUNTANT (name, email, password) VALUES ('Andrew Potts', 'tpotter@hotmail.com', 'OUShuyFqD');
INSERT INTO LABORATORY_ASSISTANT (name, email, password) VALUES ('Andrew Potts', 'tpotter@hotmail.com', 'OUShuyFqD');
INSERT INTO ACCOUNTANT (name, email, password) VALUES ('Sandra Wright', 'charlesbauer@gmail.com', 'papYdLAzO');
INSERT INTO LABORATORY_ASSISTANT (name, email, password) VALUES ('Sandra Wright', 'charlesbauer@gmail.com', 'papYdLAzO');
INSERT INTO ACCOUNTANT (name, email, password) VALUES ('Kevin Jones', 'christinegarrett@hotmail.com', 'VVztAOmRxN');
INSERT INTO LABORATORY_ASSISTANT (name, email, password) VALUES ('Kevin Jones', 'christinegarrett@hotmail.com', 'VVztAOmRxN');
INSERT INTO ACCOUNTANT (name, email, password) VALUES ('William Gonzalez', 'timothy89@yahoo.com', 'tpnEwHpOAUvWqgnqUb');
INSERT INTO LABORATORY_ASSISTANT (name, email, password) VALUES ('William Gonzalez', 'timothy89@yahoo.com', 'tpnEwHpOAUvWqgnqUb');
INSERT INTO ACCOUNTANT (name, email, password) VALUES ('Stephanie Phillips', 'wigginsjonathan@yahoo.com', 'rJfuTkXUf');
INSERT INTO LABORATORY_ASSISTANT (name, email, password) VALUES ('Stephanie Phillips', 'wigginsjonathan@yahoo.com', 'rJfuTkXUf');
INSERT INTO ACCOUNTANT (name, email, password) VALUES ('Gordon Martinez', 'sarah76@hotmail.com', 'UTyYCorrDwrhjgfLPAp');
INSERT INTO LABORATORY_ASSISTANT (name, email, password) VALUES ('Gordon Martinez', 'sarah76@hotmail.com', 'UTyYCorrDwrhjgfLPAp');
INSERT INTO ACCOUNTANT (name, email, password) VALUES ('Sarah Williams', 'michael83@gmail.com', 'BbTYtuXZlbUxy');
INSERT INTO LABORATORY_ASSISTANT (name, email, password) VALUES ('Sarah Williams', 'michael83@gmail.com', 'BbTYtuXZlbUxy');
INSERT INTO ACCOUNTANT (name, email, password) VALUES ('Daniel Bryan', 'michael54@yahoo.com', 'uKACoeevflcyUn');
INSERT INTO LABORATORY_ASSISTANT (name, email, password) VALUES ('Daniel Bryan', 'michael54@yahoo.com', 'uKACoeevflcyUn');
INSERT INTO ACCOUNTANT (name, email, password) VALUES ('Kristin Daniels', 'winterskenneth@gmail.com', 'QIaxdZwtVIAS');
INSERT INTO LABORATORY_ASSISTANT (name, email, password) VALUES ('Kristin Daniels', 'winterskenneth@gmail.com', 'QIaxdZwtVIAS');
INSERT INTO ACCOUNTANT (name, email, password) VALUES ('Jamie Flynn', 'lorisandoval@gmail.com', 'JuKuErvuB');
INSERT INTO LABORATORY_ASSISTANT (name, email, password) VALUES ('Jamie Flynn', 'lorisandoval@gmail.com', 'JuKuErvuB');
INSERT INTO ACCOUNTANT (name, email, password) VALUES ('Scott Adams', 'jonwilson@hotmail.com', 'bxIzbmIaeYCy');
INSERT INTO LABORATORY_ASSISTANT (name, email, password) VALUES ('Scott Adams', 'jonwilson@hotmail.com', 'bxIzbmIaeYCy');
INSERT INTO ACCOUNTANT (name, email, password) VALUES ('Jennifer Williams', 'pwood@gmail.com', 'MKTrmzieFnEW');
INSERT INTO LABORATORY_ASSISTANT (name, email, password) VALUES ('Jennifer Williams', 'pwood@gmail.com', 'MKTrmzieFnEW');
INSERT INTO ACCOUNTANT (name, email, password) VALUES ('Felicia Sanchez', 'shaun12@yahoo.com', 'PekKxwljXdKPqQUXU');
INSERT INTO LABORATORY_ASSISTANT (name, email, password) VALUES ('Felicia Sanchez', 'shaun12@yahoo.com', 'PekKxwljXdKPqQUXU');
INSERT INTO ACCOUNTANT (name, email, password) VALUES ('Darius Alexander', 'patrick90@yahoo.com', 'mEVzpvOKEV');
INSERT INTO LABORATORY_ASSISTANT (name, email, password) VALUES ('Darius Alexander', 'patrick90@yahoo.com', 'mEVzpvOKEV');
INSERT INTO ACCOUNTANT (name, email, password) VALUES ('Richard Michael', 'richardmartin@yahoo.com', 'wrzXMSBc');
INSERT INTO LABORATORY_ASSISTANT (name, email, password) VALUES ('Richard Michael', 'richardmartin@yahoo.com', 'wrzXMSBc');
INSERT INTO ACCOUNTANT (name, email, password) VALUES ('Jessica Wise', 'qbrown@yahoo.com', 'LrJubZEBvpZ');
INSERT INTO LABORATORY_ASSISTANT (name, email, password) VALUES ('Jessica Wise', 'qbrown@yahoo.com', 'LrJubZEBvpZ');
INSERT INTO ACCOUNTANT (name, email, password) VALUES ('Timothy Tran', 'collinsstephen@yahoo.com', 'UwyyvtVJG');
INSERT INTO LABORATORY_ASSISTANT (name, email, password) VALUES ('Timothy Tran', 'collinsstephen@yahoo.com', 'UwyyvtVJG');
INSERT INTO ACCOUNTANT (name, email, password) VALUES ('Amy Molina', 'johnsantiago@gmail.com', 'jWlFjolzNjcbcBEaC');
INSERT INTO LABORATORY_ASSISTANT (name, email, password) VALUES ('Amy Molina', 'johnsantiago@gmail.com', 'jWlFjolzNjcbcBEaC');
INSERT INTO ACCOUNTANT (name, email, password) VALUES ('Jennifer Wong', 'uharper@gmail.com', 'KTXoqngwDMhPstbN');
INSERT INTO LABORATORY_ASSISTANT (name, email, password) VALUES ('Jennifer Wong', 'uharper@gmail.com', 'KTXoqngwDMhPstbN');
INSERT INTO ACCOUNTANT (name, email, password) VALUES ('Dr. Yolanda Martinez', 'bwilliams@yahoo.com', 'uYJhpWiXkINlu');
INSERT INTO LABORATORY_ASSISTANT (name, email, password) VALUES ('Dr. Yolanda Martinez', 'bwilliams@yahoo.com', 'uYJhpWiXkINlu');
INSERT INTO ACCOUNTANT (name, email, password) VALUES ('Charlotte Norton', 'garciabryan@hotmail.com', 'eNINNeHKUJpVTnhRAZxj');
INSERT INTO LABORATORY_ASSISTANT (name, email, password) VALUES ('Charlotte Norton', 'garciabryan@hotmail.com', 'eNINNeHKUJpVTnhRAZxj');
INSERT INTO ACCOUNTANT (name, email, password) VALUES ('Kristin Pittman', 'wparker@yahoo.com', 'kxwfcPIILIUtmbnI');
INSERT INTO LABORATORY_ASSISTANT (name, email, password) VALUES ('Kristin Pittman', 'wparker@yahoo.com', 'kxwfcPIILIUtmbnI');
INSERT INTO ACCOUNTANT (name, email, password) VALUES ('Patrick Rogers', 'eric47@hotmail.com', 'CLkJhvrbgAtFvZYxYusD');
INSERT INTO LABORATORY_ASSISTANT (name, email, password) VALUES ('Patrick Rogers', 'eric47@hotmail.com', 'CLkJhvrbgAtFvZYxYusD');
INSERT INTO ACCOUNTANT (name, email, password) VALUES ('Cassandra Weber', 'barrettvictoria@gmail.com', 'LTrXPemCJIEFkOHqIP');
INSERT INTO LABORATORY_ASSISTANT (name, email, password) VALUES ('Cassandra Weber', 'barrettvictoria@gmail.com', 'LTrXPemCJIEFkOHqIP');
INSERT INTO ACCOUNTANT (name, email, password) VALUES ('Jennifer Wood', 'bradyoung@yahoo.com', 'QWxDlgJoCyPqVF');
INSERT INTO LABORATORY_ASSISTANT (name, email, password) VALUES ('Jennifer Wood', 'bradyoung@yahoo.com', 'QWxDlgJoCyPqVF');
INSERT INTO ACCOUNTANT (name, email, password) VALUES ('Nicole Rivera', 'millerroberta@yahoo.com', 'PGFnkYEKVZtd');
INSERT INTO LABORATORY_ASSISTANT (name, email, password) VALUES ('Nicole Rivera', 'millerroberta@yahoo.com', 'PGFnkYEKVZtd');
INSERT INTO ACCOUNTANT (name, email, password) VALUES ('Alicia Roberts', 'brettcunningham@hotmail.com', 'oIHpwQGBQOvKlwLixz');
INSERT INTO LABORATORY_ASSISTANT (name, email, password) VALUES ('Alicia Roberts', 'brettcunningham@hotmail.com', 'oIHpwQGBQOvKlwLixz');
INSERT INTO ACCOUNTANT (name, email, password) VALUES ('Tabitha Soto', 'keithsmith@gmail.com', 'MERhKeKpSbEQezolxY');
INSERT INTO LABORATORY_ASSISTANT (name, email, password) VALUES ('Tabitha Soto', 'keithsmith@gmail.com', 'MERhKeKpSbEQezolxY');
INSERT INTO ACCOUNTANT (name, email, password) VALUES ('Danielle Sanders', 'patrick94@hotmail.com', 'GjdNTqQgITPBbvRe');
INSERT INTO LABORATORY_ASSISTANT (name, email, password) VALUES ('Danielle Sanders', 'patrick94@hotmail.com', 'GjdNTqQgITPBbvRe');
INSERT INTO ACCOUNTANT (name, email, password) VALUES ('Ronald Williams DDS', 'cmoore@hotmail.com', 'VJsBGFWwpDVcvIleBx');
INSERT INTO LABORATORY_ASSISTANT (name, email, password) VALUES ('Ronald Williams DDS', 'cmoore@hotmail.com', 'VJsBGFWwpDVcvIleBx');
INSERT INTO ACCOUNTANT (name, email, password) VALUES ('David Schwartz', 'jessica70@gmail.com', 'CDKzehThxra');
INSERT INTO LABORATORY_ASSISTANT (name, email, password) VALUES ('David Schwartz', 'jessica70@gmail.com', 'CDKzehThxra');
INSERT INTO ACCOUNTANT (name, email, password) VALUES ('Andrew Morris MD', 'lee21@gmail.com', 'cYFArqZwgYyTOXqcX');
INSERT INTO LABORATORY_ASSISTANT (name, email, password) VALUES ('Andrew Morris MD', 'lee21@gmail.com', 'cYFArqZwgYyTOXqcX');
INSERT INTO ACCOUNTANT (name, email, password) VALUES ('Samuel Mills', 'burnschristopher@hotmail.com', 'jyEwEkHzNFDrybUyNT');
INSERT INTO LABORATORY_ASSISTANT (name, email, password) VALUES ('Samuel Mills', 'burnschristopher@hotmail.com', 'jyEwEkHzNFDrybUyNT');
INSERT INTO ACCOUNTANT (name, email, password) VALUES ('Linda Hanson', 'ugordon@yahoo.com', 'IovlZSTcRUpSUSniDz');
INSERT INTO LABORATORY_ASSISTANT (name, email, password) VALUES ('Linda Hanson', 'ugordon@yahoo.com', 'IovlZSTcRUpSUSniDz');
INSERT INTO ACCOUNTANT (name, email, password) VALUES ('Christian Howard', 'davisjack@hotmail.com', 'LXrMjiKeEYxBPiwUDoa');
INSERT INTO LABORATORY_ASSISTANT (name, email, password) VALUES ('Christian Howard', 'davisjack@hotmail.com', 'LXrMjiKeEYxBPiwUDoa');
INSERT INTO ACCOUNTANT (name, email, password) VALUES ('Michael Bell', 'tracy01@gmail.com', 'iTVxDRDJyTxCHXxS');
INSERT INTO LABORATORY_ASSISTANT (name, email, password) VALUES ('Michael Bell', 'tracy01@gmail.com', 'iTVxDRDJyTxCHXxS');
INSERT INTO ACCOUNTANT (name, email, password) VALUES ('Samuel Montgomery', 'bprice@hotmail.com', 'EKBjgHChShYTyOHyGJ');
INSERT INTO LABORATORY_ASSISTANT (name, email, password) VALUES ('Samuel Montgomery', 'bprice@hotmail.com', 'EKBjgHChShYTyOHyGJ');
INSERT INTO ACCOUNTANT (name, email, password) VALUES ('Bailey Johnson', 'nicholas70@hotmail.com', 'rDyxXAVhiGvYCeZD');
INSERT INTO LABORATORY_ASSISTANT (name, email, password) VALUES ('Bailey Johnson', 'nicholas70@hotmail.com', 'rDyxXAVhiGvYCeZD');
INSERT INTO ACCOUNTANT (name, email, password) VALUES ('Carol Williams', 'zstark@hotmail.com', 'EcWRrGWCZ');
INSERT INTO LABORATORY_ASSISTANT (name, email, password) VALUES ('Carol Williams', 'zstark@hotmail.com', 'EcWRrGWCZ');
INSERT INTO ACCOUNTANT (name, email, password) VALUES ('Alexandra Rubio', 'qcarter@yahoo.com', 'UwDowaYX');
INSERT INTO LABORATORY_ASSISTANT (name, email, password) VALUES ('Alexandra Rubio', 'qcarter@yahoo.com', 'UwDowaYX');
INSERT INTO ACCOUNTANT (name, email, password) VALUES ('Tracy Olsen', 'qhood@yahoo.com', 'UBJUppMizMucNI');
INSERT INTO LABORATORY_ASSISTANT (name, email, password) VALUES ('Tracy Olsen', 'qhood@yahoo.com', 'UBJUppMizMucNI');
INSERT INTO ACCOUNTANT (name, email, password) VALUES ('Lawrence Martinez', 'flewis@yahoo.com', 'OJOcjoFflIqqJl');
INSERT INTO LABORATORY_ASSISTANT (name, email, password) VALUES ('Lawrence Martinez', 'flewis@yahoo.com', 'OJOcjoFflIqqJl');
INSERT INTO ACCOUNTANT (name, email, password) VALUES ('Miss Allison Stevens', 'jason72@gmail.com', 'xDBgCDDnNAWNy');
INSERT INTO LABORATORY_ASSISTANT (name, email, password) VALUES ('Miss Allison Stevens', 'jason72@gmail.com', 'xDBgCDDnNAWNy');
INSERT INTO ACCOUNTANT (name, email, password) VALUES ('Christine Delgado', 'connerjohn@hotmail.com', 'ZBaytpSGynL');
INSERT INTO LABORATORY_ASSISTANT (name, email, password) VALUES ('Christine Delgado', 'connerjohn@hotmail.com', 'ZBaytpSGynL');
INSERT INTO ACCOUNTANT (name, email, password) VALUES ('Autumn Clark', 'eddie19@yahoo.com', 'sDSxZrauEkhOu');
INSERT INTO LABORATORY_ASSISTANT (name, email, password) VALUES ('Autumn Clark', 'eddie19@yahoo.com', 'sDSxZrauEkhOu');
INSERT INTO ACCOUNTANT (name, email, password) VALUES ('Cheryl Johnston', 'jonesdiana@gmail.com', 'GmQKTyDBKYLzEKxe');
INSERT INTO LABORATORY_ASSISTANT (name, email, password) VALUES ('Cheryl Johnston', 'jonesdiana@gmail.com', 'GmQKTyDBKYLzEKxe');
INSERT INTO ACCOUNTANT (name, email, password) VALUES ('Robert Molina', 'martincarolyn@yahoo.com', 'UDmYKolxj');
INSERT INTO LABORATORY_ASSISTANT (name, email, password) VALUES ('Robert Molina', 'martincarolyn@yahoo.com', 'UDmYKolxj');
INSERT INTO ACCOUNTANT (name, email, password) VALUES ('Autumn Crawford', 'markmontgomery@yahoo.com', 'NTMtjgBGzLG');
INSERT INTO LABORATORY_ASSISTANT (name, email, password) VALUES ('Autumn Crawford', 'markmontgomery@yahoo.com', 'NTMtjgBGzLG');
INSERT INTO ACCOUNTANT (name, email, password) VALUES ('Amy Soto', 'garyjimenez@yahoo.com', 'QDfiPsZAAHyReCqPQLOy');
INSERT INTO LABORATORY_ASSISTANT (name, email, password) VALUES ('Amy Soto', 'garyjimenez@yahoo.com', 'QDfiPsZAAHyReCqPQLOy');
INSERT INTO ACCOUNTANT (name, email, password) VALUES ('Taylor Robinson', 'tcarpenter@hotmail.com', 'SlDnYqqXoIQdrelCsl');
INSERT INTO LABORATORY_ASSISTANT (name, email, password) VALUES ('Taylor Robinson', 'tcarpenter@hotmail.com', 'SlDnYqqXoIQdrelCsl');
INSERT INTO ACCOUNTANT (name, email, password) VALUES ('Marisa Mccoy', 'cmoore@gmail.com', 'QRafcQjNcleZ');
INSERT INTO LABORATORY_ASSISTANT (name, email, password) VALUES ('Marisa Mccoy', 'cmoore@gmail.com', 'QRafcQjNcleZ');
INSERT INTO ACCOUNTANT (name, email, password) VALUES ('Seth Rodriguez', 'jonesheather@hotmail.com', 'yphsyDOjSTVioNmgQFK');
INSERT INTO LABORATORY_ASSISTANT (name, email, password) VALUES ('Seth Rodriguez', 'jonesheather@hotmail.com', 'yphsyDOjSTVioNmgQFK');
INSERT INTO ACCOUNTANT (name, email, password) VALUES ('Katie Lawrence', 'anthonyfields@yahoo.com', 'DUgVYQJsuYzCAOl');
INSERT INTO LABORATORY_ASSISTANT (name, email, password) VALUES ('Katie Lawrence', 'anthonyfields@yahoo.com', 'DUgVYQJsuYzCAOl');
INSERT INTO ACCOUNTANT (name, email, password) VALUES ('Brian Hicks', 'fullerlaurie@yahoo.com', 'bKMFhbcFLvMUxN');
INSERT INTO LABORATORY_ASSISTANT (name, email, password) VALUES ('Brian Hicks', 'fullerlaurie@yahoo.com', 'bKMFhbcFLvMUxN');
INSERT INTO ACCOUNTANT (name, email, password) VALUES ('Michael Johnson', 'olivia21@gmail.com', 'vEaZskoUQy');
INSERT INTO LABORATORY_ASSISTANT (name, email, password) VALUES ('Michael Johnson', 'olivia21@gmail.com', 'vEaZskoUQy');
INSERT INTO ACCOUNTANT (name, email, password) VALUES ('Melissa Schwartz', 'markhouse@hotmail.com', 'UvsGMRlRoCVNsvXb');
INSERT INTO LABORATORY_ASSISTANT (name, email, password) VALUES ('Melissa Schwartz', 'markhouse@hotmail.com', 'UvsGMRlRoCVNsvXb');
INSERT INTO ACCOUNTANT (name, email, password) VALUES ('Eduardo Adams', 'floresandrew@gmail.com', 'lAHMyEOLHRMaL');
INSERT INTO LABORATORY_ASSISTANT (name, email, password) VALUES ('Eduardo Adams', 'floresandrew@gmail.com', 'lAHMyEOLHRMaL');
INSERT INTO ACCOUNTANT (name, email, password) VALUES ('Tony Burnett DDS', 'scollins@gmail.com', 'EQgrdxVXSREV');
INSERT INTO LABORATORY_ASSISTANT (name, email, password) VALUES ('Tony Burnett DDS', 'scollins@gmail.com', 'EQgrdxVXSREV');
INSERT INTO ACCOUNTANT (name, email, password) VALUES ('Robin Pollard', 'jpatel@gmail.com', 'RubjkFqQOdJNlr');
INSERT INTO LABORATORY_ASSISTANT (name, email, password) VALUES ('Robin Pollard', 'jpatel@gmail.com', 'RubjkFqQOdJNlr');
INSERT INTO ACCOUNTANT (name, email, password) VALUES ('Michael Smith', 'raymond14@gmail.com', 'INayBmpcMMeDq');
INSERT INTO LABORATORY_ASSISTANT (name, email, password) VALUES ('Michael Smith', 'raymond14@gmail.com', 'INayBmpcMMeDq');
INSERT INTO ACCOUNTANT (name, email, password) VALUES ('Robert Miller', 'atkinsonstephanie@gmail.com', 'LLlrrQgjbePioBA');
INSERT INTO LABORATORY_ASSISTANT (name, email, password) VALUES ('Robert Miller', 'atkinsonstephanie@gmail.com', 'LLlrrQgjbePioBA');
INSERT INTO ACCOUNTANT (name, email, password) VALUES ('Randy Powell', 'fgarcia@hotmail.com', 'JhDKCAjpjCcgHyM');
INSERT INTO LABORATORY_ASSISTANT (name, email, password) VALUES ('Randy Powell', 'fgarcia@hotmail.com', 'JhDKCAjpjCcgHyM');
INSERT INTO ACCOUNTANT (name, email, password) VALUES ('Edward Hale', 'albert32@yahoo.com', 'SYWVnUxXhryaVY');
INSERT INTO LABORATORY_ASSISTANT (name, email, password) VALUES ('Edward Hale', 'albert32@yahoo.com', 'SYWVnUxXhryaVY');
INSERT INTO ACCOUNTANT (name, email, password) VALUES ('Marvin Martinez', 'vmyers@gmail.com', 'GqcCJLvsipKfQHoytwB');
INSERT INTO LABORATORY_ASSISTANT (name, email, password) VALUES ('Marvin Martinez', 'vmyers@gmail.com', 'GqcCJLvsipKfQHoytwB');
INSERT INTO ACCOUNTANT (name, email, password) VALUES ('Elizabeth Phillips DDS', 'kholt@yahoo.com', 'GdvZwhErWzvhwCVvr');
INSERT INTO LABORATORY_ASSISTANT (name, email, password) VALUES ('Elizabeth Phillips DDS', 'kholt@yahoo.com', 'GdvZwhErWzvhwCVvr');
INSERT INTO ACCOUNTANT (name, email, password) VALUES ('Joseph Smith', 'snydermichelle@gmail.com', 'krpDaSuDTsihsWISGDBg');
INSERT INTO LABORATORY_ASSISTANT (name, email, password) VALUES ('Joseph Smith', 'snydermichelle@gmail.com', 'krpDaSuDTsihsWISGDBg');
INSERT INTO ACCOUNTANT (name, email, password) VALUES ('Joshua Mendez', 'dylan44@gmail.com', 'pYznuQhbubfDdjuebn');
INSERT INTO LABORATORY_ASSISTANT (name, email, password) VALUES ('Joshua Mendez', 'dylan44@gmail.com', 'pYznuQhbubfDdjuebn');
INSERT INTO ACCOUNTANT (name, email, password) VALUES ('Danielle Chaney', 'andreawalker@gmail.com', 'EXApmlgV');
INSERT INTO LABORATORY_ASSISTANT (name, email, password) VALUES ('Danielle Chaney', 'andreawalker@gmail.com', 'EXApmlgV');
INSERT INTO ACCOUNTANT (name, email, password) VALUES ('Susan Hunt', 'adorsey@hotmail.com', 'iWNQHXgLrSbNsLk');
INSERT INTO LABORATORY_ASSISTANT (name, email, password) VALUES ('Susan Hunt', 'adorsey@hotmail.com', 'iWNQHXgLrSbNsLk');
INSERT INTO ACCOUNTANT (name, email, password) VALUES ('Jorge Mccullough', 'morgandonna@yahoo.com', 'QSFbMnSuRzdbVXGICoES');
INSERT INTO LABORATORY_ASSISTANT (name, email, password) VALUES ('Jorge Mccullough', 'morgandonna@yahoo.com', 'QSFbMnSuRzdbVXGICoES');
INSERT INTO ACCOUNTANT (name, email, password) VALUES ('Randy Cobb', 'alexanderamanda@yahoo.com', 'OEEpYVIGKrEOgMUtMUa');
INSERT INTO LABORATORY_ASSISTANT (name, email, password) VALUES ('Randy Cobb', 'alexanderamanda@yahoo.com', 'OEEpYVIGKrEOgMUtMUa');
INSERT INTO ACCOUNTANT (name, email, password) VALUES ('Kenneth Cannon', 'cherylhester@yahoo.com', 'ITFjoMYwAMwwkDP');
INSERT INTO LABORATORY_ASSISTANT (name, email, password) VALUES ('Kenneth Cannon', 'cherylhester@yahoo.com', 'ITFjoMYwAMwwkDP');
INSERT INTO ACCOUNTANT (name, email, password) VALUES ('Susan Mckenzie', 'patricia58@hotmail.com', 'aBAYwVMuLPmluKB');
INSERT INTO LABORATORY_ASSISTANT (name, email, password) VALUES ('Susan Mckenzie', 'patricia58@hotmail.com', 'aBAYwVMuLPmluKB');
INSERT INTO ACCOUNTANT (name, email, password) VALUES ('Laura Miller', 'michaelmichael@gmail.com', 'SSshdTVnkTkC');
INSERT INTO LABORATORY_ASSISTANT (name, email, password) VALUES ('Laura Miller', 'michaelmichael@gmail.com', 'SSshdTVnkTkC');
INSERT INTO ACCOUNTANT (name, email, password) VALUES ('Sergio Woodward', 'johnnygill@yahoo.com', 'gcsuJgCv');
INSERT INTO LABORATORY_ASSISTANT (name, email, password) VALUES ('Sergio Woodward', 'johnnygill@yahoo.com', 'gcsuJgCv');
INSERT INTO ACCOUNTANT (name, email, password) VALUES ('Richard Freeman', 'reyestracy@yahoo.com', 'KzBzWGib');
INSERT INTO LABORATORY_ASSISTANT (name, email, password) VALUES ('Richard Freeman', 'reyestracy@yahoo.com', 'KzBzWGib');
INSERT INTO ACCOUNTANT (name, email, password) VALUES ('Kristen Hardy', 'fosterkevin@gmail.com', 'BVLcUCGyCDFA');
INSERT INTO LABORATORY_ASSISTANT (name, email, password) VALUES ('Kristen Hardy', 'fosterkevin@gmail.com', 'BVLcUCGyCDFA');
INSERT INTO ACCOUNTANT (name, email, password) VALUES ('Mark Miller', 'haroldrichardson@gmail.com', 'nfvwFJPbjcn');
INSERT INTO LABORATORY_ASSISTANT (name, email, password) VALUES ('Mark Miller', 'haroldrichardson@gmail.com', 'nfvwFJPbjcn');
INSERT INTO ACCOUNTANT (name, email, password) VALUES ('Laura Alvarez', 'qzimmerman@gmail.com', 'HMTGqeXRTDXU');
INSERT INTO LABORATORY_ASSISTANT (name, email, password) VALUES ('Laura Alvarez', 'qzimmerman@gmail.com', 'HMTGqeXRTDXU');
INSERT INTO ACCOUNTANT (name, email, password) VALUES ('Blake Villarreal', 'christopher03@yahoo.com', 'jPAvnWNepBtwtvfEfA');
INSERT INTO LABORATORY_ASSISTANT (name, email, password) VALUES ('Blake Villarreal', 'christopher03@yahoo.com', 'jPAvnWNepBtwtvfEfA');
INSERT INTO ACCOUNTANT (name, email, password) VALUES ('Helen Craig', 'juliejenkins@gmail.com', 'IfgJkSWKhzzZ');
INSERT INTO LABORATORY_ASSISTANT (name, email, password) VALUES ('Helen Craig', 'juliejenkins@gmail.com', 'IfgJkSWKhzzZ');
INSERT INTO ACCOUNTANT (name, email, password) VALUES ('Mr. Melvin Lambert', 'francesruiz@hotmail.com', 'IdAjUorSGMm');
INSERT INTO LABORATORY_ASSISTANT (name, email, password) VALUES ('Mr. Melvin Lambert', 'francesruiz@hotmail.com', 'IdAjUorSGMm');
INSERT INTO ACCOUNTANT (name, email, password) VALUES ('Matthew Moody', 'holly05@hotmail.com', 'HyJzkOxuUknJBRtGC');
INSERT INTO LABORATORY_ASSISTANT (name, email, password) VALUES ('Matthew Moody', 'holly05@hotmail.com', 'HyJzkOxuUknJBRtGC');
INSERT INTO ACCOUNTANT (name, email, password) VALUES ('Dr. Kayla Nolan', 'danielle55@gmail.com', 'dIqyLGLSDQegLYnk');
INSERT INTO LABORATORY_ASSISTANT (name, email, password) VALUES ('Dr. Kayla Nolan', 'danielle55@gmail.com', 'dIqyLGLSDQegLYnk');
INSERT INTO ACCOUNTANT (name, email, password) VALUES ('Matthew Ford', 'sarah63@yahoo.com', 'XpxUEslqtKeuKnpateA');
INSERT INTO LABORATORY_ASSISTANT (name, email, password) VALUES ('Matthew Ford', 'sarah63@yahoo.com', 'XpxUEslqtKeuKnpateA');
INSERT INTO ACCOUNTANT (name, email, password) VALUES ('Joanne Berger', 'andrew87@gmail.com', 'cpskUCzxwa');
INSERT INTO LABORATORY_ASSISTANT (name, email, password) VALUES ('Joanne Berger', 'andrew87@gmail.com', 'cpskUCzxwa');
INSERT INTO ACCOUNTANT (name, email, password) VALUES ('Rebecca Moore', 'ashley83@gmail.com', 'kWQcSRheEykjzWubTGOC');
INSERT INTO LABORATORY_ASSISTANT (name, email, password) VALUES ('Rebecca Moore', 'ashley83@gmail.com', 'kWQcSRheEykjzWubTGOC');
INSERT INTO ACCOUNTANT (name, email, password) VALUES ('Robert Crawford', 'joshuagilbert@yahoo.com', 'VfzIZmQPYGOOZyTRFgLe');
INSERT INTO LABORATORY_ASSISTANT (name, email, password) VALUES ('Robert Crawford', 'joshuagilbert@yahoo.com', 'VfzIZmQPYGOOZyTRFgLe');
INSERT INTO ACCOUNTANT (name, email, password) VALUES ('Troy Harrison', 'harrelltimothy@yahoo.com', 'afJiTfjaKYz');
INSERT INTO LABORATORY_ASSISTANT (name, email, password) VALUES ('Troy Harrison', 'harrelltimothy@yahoo.com', 'afJiTfjaKYz');
INSERT INTO ACCOUNTANT (name, email, password) VALUES ('Kristin Wilson', 'emartinez@gmail.com', 'pIdbGZgiyVuvpXByVbFi');
INSERT INTO LABORATORY_ASSISTANT (name, email, password) VALUES ('Kristin Wilson', 'emartinez@gmail.com', 'pIdbGZgiyVuvpXByVbFi');
INSERT INTO ACCOUNTANT (name, email, password) VALUES ('Samuel Smith', 'joserichards@hotmail.com', 'JBPFbzDTlWRncOshr');
INSERT INTO LABORATORY_ASSISTANT (name, email, password) VALUES ('Samuel Smith', 'joserichards@hotmail.com', 'JBPFbzDTlWRncOshr');
INSERT INTO ACCOUNTANT (name, email, password) VALUES ('James Miller II', 'kristifox@gmail.com', 'wcghvHYYwCrHibV');
INSERT INTO LABORATORY_ASSISTANT (name, email, password) VALUES ('James Miller II', 'kristifox@gmail.com', 'wcghvHYYwCrHibV');
INSERT INTO ACCOUNTANT (name, email, password) VALUES ('Chad Roth', 'benderlarry@yahoo.com', 'EedCyVrBLOCIRfUHw');
INSERT INTO LABORATORY_ASSISTANT (name, email, password) VALUES ('Chad Roth', 'benderlarry@yahoo.com', 'EedCyVrBLOCIRfUHw');
INSERT INTO ACCOUNTANT (name, email, password) VALUES ('Sherry Hall', 'sanchezkelly@gmail.com', 'xLatgzmVdgAQA');
INSERT INTO LABORATORY_ASSISTANT (name, email, password) VALUES ('Sherry Hall', 'sanchezkelly@gmail.com', 'xLatgzmVdgAQA');
INSERT INTO ACCOUNTANT (name, email, password) VALUES ('Tammy Reyes', 'mccormickchristina@gmail.com', 'FKFbwlFpi');
INSERT INTO LABORATORY_ASSISTANT (name, email, password) VALUES ('Tammy Reyes', 'mccormickchristina@gmail.com', 'FKFbwlFpi');
INSERT INTO ACCOUNTANT (name, email, password) VALUES ('Erin Salinas', 'reneemcdonald@hotmail.com', 'yqvPtfsjPghdktgSqM');
INSERT INTO LABORATORY_ASSISTANT (name, email, password) VALUES ('Erin Salinas', 'reneemcdonald@hotmail.com', 'yqvPtfsjPghdktgSqM');
INSERT INTO ACCOUNTANT (name, email, password) VALUES ('David Lewis', 'dawsonjonathan@hotmail.com', 'NvzsaYkaEjDPMXkNN');
INSERT INTO LABORATORY_ASSISTANT (name, email, password) VALUES ('David Lewis', 'dawsonjonathan@hotmail.com', 'NvzsaYkaEjDPMXkNN');
INSERT INTO ACCOUNTANT (name, email, password) VALUES ('Erica Reynolds', 'qmaddox@hotmail.com', 'kuvTkgDDTKK');
INSERT INTO LABORATORY_ASSISTANT (name, email, password) VALUES ('Erica Reynolds', 'qmaddox@hotmail.com', 'kuvTkgDDTKK');
INSERT INTO ACCOUNTANT (name, email, password) VALUES ('Todd Blair', 'kevin09@gmail.com', 'qNWgZzMyDUgrI');
INSERT INTO LABORATORY_ASSISTANT (name, email, password) VALUES ('Todd Blair', 'kevin09@gmail.com', 'qNWgZzMyDUgrI');
INSERT INTO ACCOUNTANT (name, email, password) VALUES ('Jeffrey Green', 'ruthelliott@hotmail.com', 'MceKDUnBUSItVrnp');
INSERT INTO LABORATORY_ASSISTANT (name, email, password) VALUES ('Jeffrey Green', 'ruthelliott@hotmail.com', 'MceKDUnBUSItVrnp');
INSERT INTO ACCOUNTANT (name, email, password) VALUES ('Andrea Gilbert', 'yflores@gmail.com', 'XNsPOwUNtpvARQzzJm');
INSERT INTO LABORATORY_ASSISTANT (name, email, password) VALUES ('Andrea Gilbert', 'yflores@gmail.com', 'XNsPOwUNtpvARQzzJm');
INSERT INTO ACCOUNTANT (name, email, password) VALUES ('Brittany Nelson', 'richard11@gmail.com', 'kfWXJvEH');
INSERT INTO LABORATORY_ASSISTANT (name, email, password) VALUES ('Brittany Nelson', 'richard11@gmail.com', 'kfWXJvEH');
INSERT INTO ACCOUNTANT (name, email, password) VALUES ('Tiffany Anderson', 'nguyenjesus@yahoo.com', 'EYtNRqsfKCCttdgFYCZY');
INSERT INTO LABORATORY_ASSISTANT (name, email, password) VALUES ('Tiffany Anderson', 'nguyenjesus@yahoo.com', 'EYtNRqsfKCCttdgFYCZY');
INSERT INTO ACCOUNTANT (name, email, password) VALUES ('Jill Andrews', 'walterdrew@gmail.com', 'oKgiTyOiS');
INSERT INTO LABORATORY_ASSISTANT (name, email, password) VALUES ('Jill Andrews', 'walterdrew@gmail.com', 'oKgiTyOiS');
INSERT INTO ACCOUNTANT (name, email, password) VALUES ('Craig Williams', 'danieljackson@gmail.com', 'ERAsTCFMmlIuszwAIbg');
INSERT INTO LABORATORY_ASSISTANT (name, email, password) VALUES ('Craig Williams', 'danieljackson@gmail.com', 'ERAsTCFMmlIuszwAIbg');
INSERT INTO ACCOUNTANT (name, email, password) VALUES ('Kevin Keller', 'floresabigail@yahoo.com', 'nkxINzypxBtmxHlW');
INSERT INTO LABORATORY_ASSISTANT (name, email, password) VALUES ('Kevin Keller', 'floresabigail@yahoo.com', 'nkxINzypxBtmxHlW');
INSERT INTO ACCOUNTANT (name, email, password) VALUES ('Austin Nolan', 'shenson@hotmail.com', 'ctpxLtakVuuw');
INSERT INTO LABORATORY_ASSISTANT (name, email, password) VALUES ('Austin Nolan', 'shenson@hotmail.com', 'ctpxLtakVuuw');
INSERT INTO ACCOUNTANT (name, email, password) VALUES ('Shane Escobar', 'jennifermadden@yahoo.com', 'KfVfpDFtwAhbjIOhX');
INSERT INTO LABORATORY_ASSISTANT (name, email, password) VALUES ('Shane Escobar', 'jennifermadden@yahoo.com', 'KfVfpDFtwAhbjIOhX');
INSERT INTO ACCOUNTANT (name, email, password) VALUES ('Erika Webster MD', 'taylorcrystal@yahoo.com', 'RqkPgenDUChuBTHNF');
INSERT INTO LABORATORY_ASSISTANT (name, email, password) VALUES ('Erika Webster MD', 'taylorcrystal@yahoo.com', 'RqkPgenDUChuBTHNF');
INSERT INTO ACCOUNTANT (name, email, password) VALUES ('Shawn Miller', 'christopher38@gmail.com', 'VBDmQhfzBIbyghRZvLC');
INSERT INTO LABORATORY_ASSISTANT (name, email, password) VALUES ('Shawn Miller', 'christopher38@gmail.com', 'VBDmQhfzBIbyghRZvLC');
INSERT INTO ACCOUNTANT (name, email, password) VALUES ('Eric Mcdaniel', 'michaelcoleman@gmail.com', 'cLkJiBUqnjQUhxXf');
INSERT INTO LABORATORY_ASSISTANT (name, email, password) VALUES ('Eric Mcdaniel', 'michaelcoleman@gmail.com', 'cLkJiBUqnjQUhxXf');
INSERT INTO ACCOUNTANT (name, email, password) VALUES ('Arthur Lee', 'ihayes@yahoo.com', 'UXfIuqCgiScAxvqHMiO');
INSERT INTO LABORATORY_ASSISTANT (name, email, password) VALUES ('Arthur Lee', 'ihayes@yahoo.com', 'UXfIuqCgiScAxvqHMiO');
INSERT INTO ACCOUNTANT (name, email, password) VALUES ('Jesse Martin', 'lisa55@yahoo.com', 'NJUjhFBx');
INSERT INTO LABORATORY_ASSISTANT (name, email, password) VALUES ('Jesse Martin', 'lisa55@yahoo.com', 'NJUjhFBx');
INSERT INTO ACCOUNTANT (name, email, password) VALUES ('Chris Murphy', 'jacksontaylor@gmail.com', 'nkHVaTljhE');
INSERT INTO LABORATORY_ASSISTANT (name, email, password) VALUES ('Chris Murphy', 'jacksontaylor@gmail.com', 'nkHVaTljhE');
INSERT INTO ACCOUNTANT (name, email, password) VALUES ('Henry Wolfe', 'donaldburgess@hotmail.com', 'SamTvZZBbThVipgOoOCY');
INSERT INTO LABORATORY_ASSISTANT (name, email, password) VALUES ('Henry Wolfe', 'donaldburgess@hotmail.com', 'SamTvZZBbThVipgOoOCY');
INSERT INTO ACCOUNTANT (name, email, password) VALUES ('Paul Perez', 'reedashley@hotmail.com', 'fjIBtpppObJ');
INSERT INTO LABORATORY_ASSISTANT (name, email, password) VALUES ('Paul Perez', 'reedashley@hotmail.com', 'fjIBtpppObJ');
INSERT INTO ACCOUNTANT (name, email, password) VALUES ('Laura Richmond', 'ubridges@hotmail.com', 'YkraTtuhFsechJRaXcZ');
INSERT INTO LABORATORY_ASSISTANT (name, email, password) VALUES ('Laura Richmond', 'ubridges@hotmail.com', 'YkraTtuhFsechJRaXcZ');
INSERT INTO ACCOUNTANT (name, email, password) VALUES ('Joseph Aguirre', 'debbie78@hotmail.com', 'fRxfHuvmPJD');
INSERT INTO LABORATORY_ASSISTANT (name, email, password) VALUES ('Joseph Aguirre', 'debbie78@hotmail.com', 'fRxfHuvmPJD');
INSERT INTO ACCOUNTANT (name, email, password) VALUES ('Casey Reed MD', 'lanceturner@gmail.com', 'LsAVNRXQSVHVIO');
INSERT INTO LABORATORY_ASSISTANT (name, email, password) VALUES ('Casey Reed MD', 'lanceturner@gmail.com', 'LsAVNRXQSVHVIO');
INSERT INTO ACCOUNTANT (name, email, password) VALUES ('Daniel Norton', 'moniquejackson@yahoo.com', 'opjbLgDKzgiaws');
INSERT INTO LABORATORY_ASSISTANT (name, email, password) VALUES ('Daniel Norton', 'moniquejackson@yahoo.com', 'opjbLgDKzgiaws');
INSERT INTO ACCOUNTANT (name, email, password) VALUES ('Courtney Conley', 'smurphy@yahoo.com', 'hUiOVTpRtutcnJbZZhPr');
INSERT INTO LABORATORY_ASSISTANT (name, email, password) VALUES ('Courtney Conley', 'smurphy@yahoo.com', 'hUiOVTpRtutcnJbZZhPr');
INSERT INTO ACCOUNTANT (name, email, password) VALUES ('Jason Jordan', 'michellewagner@yahoo.com', 'QRfwpbah');
INSERT INTO LABORATORY_ASSISTANT (name, email, password) VALUES ('Jason Jordan', 'michellewagner@yahoo.com', 'QRfwpbah');
INSERT INTO ACCOUNTANT (name, email, password) VALUES ('Ryan Wagner', 'freemananthony@gmail.com', 'awCMUzyikicqeAjLlwcD');
INSERT INTO LABORATORY_ASSISTANT (name, email, password) VALUES ('Ryan Wagner', 'freemananthony@gmail.com', 'awCMUzyikicqeAjLlwcD');
INSERT INTO ACCOUNTANT (name, email, password) VALUES ('Emily Hernandez', 'taylordustin@hotmail.com', 'GlFoQeNBlelQCENCr');
INSERT INTO LABORATORY_ASSISTANT (name, email, password) VALUES ('Emily Hernandez', 'taylordustin@hotmail.com', 'GlFoQeNBlelQCENCr');
INSERT INTO ACCOUNTANT (name, email, password) VALUES ('Sarah Flores', 'jacobadams@hotmail.com', 'BWYNeIHtdecCOUEY');
INSERT INTO LABORATORY_ASSISTANT (name, email, password) VALUES ('Sarah Flores', 'jacobadams@hotmail.com', 'BWYNeIHtdecCOUEY');
INSERT INTO ACCOUNTANT (name, email, password) VALUES ('Monica Thompson', 'jillianpatterson@gmail.com', 'ixkEBrKwM');
INSERT INTO LABORATORY_ASSISTANT (name, email, password) VALUES ('Monica Thompson', 'jillianpatterson@gmail.com', 'ixkEBrKwM');
INSERT INTO ACCOUNTANT (name, email, password) VALUES ('Stephen Adams', 'robertsalison@yahoo.com', 'OkujzdwrRwFplPNKotxR');
INSERT INTO LABORATORY_ASSISTANT (name, email, password) VALUES ('Stephen Adams', 'robertsalison@yahoo.com', 'OkujzdwrRwFplPNKotxR');
INSERT INTO ACCOUNTANT (name, email, password) VALUES ('Lori Dunn', 'hayessheila@hotmail.com', 'rIZluMXewO');
INSERT INTO LABORATORY_ASSISTANT (name, email, password) VALUES ('Lori Dunn', 'hayessheila@hotmail.com', 'rIZluMXewO');
INSERT INTO ACCOUNTANT (name, email, password) VALUES ('Cheryl Mullins', 'dylan97@yahoo.com', 'ptmilYZgP');
INSERT INTO LABORATORY_ASSISTANT (name, email, password) VALUES ('Cheryl Mullins', 'dylan97@yahoo.com', 'ptmilYZgP');
INSERT INTO ACCOUNTANT (name, email, password) VALUES ('Carol Williams', 'bankschristine@yahoo.com', 'lbxqbGSzmIDhHUcCmcBv');
INSERT INTO LABORATORY_ASSISTANT (name, email, password) VALUES ('Carol Williams', 'bankschristine@yahoo.com', 'lbxqbGSzmIDhHUcCmcBv');
INSERT INTO ACCOUNTANT (name, email, password) VALUES ('John Warner', 'williamstracy@hotmail.com', 'fpLHnGVYHGJ');
INSERT INTO LABORATORY_ASSISTANT (name, email, password) VALUES ('John Warner', 'williamstracy@hotmail.com', 'fpLHnGVYHGJ');
INSERT INTO ACCOUNTANT (name, email, password) VALUES ('Robert Garcia', 'milesvincent@gmail.com', 'pzPemVfPLHM');
INSERT INTO LABORATORY_ASSISTANT (name, email, password) VALUES ('Robert Garcia', 'milesvincent@gmail.com', 'pzPemVfPLHM');
INSERT INTO ACCOUNTANT (name, email, password) VALUES ('Danielle Randall', 'burkeerica@gmail.com', 'cyOdTVmfAhRipApEuNZR');
INSERT INTO LABORATORY_ASSISTANT (name, email, password) VALUES ('Danielle Randall', 'burkeerica@gmail.com', 'cyOdTVmfAhRipApEuNZR');
INSERT INTO ACCOUNTANT (name, email, password) VALUES ('Justin Marks', 'oduarte@gmail.com', 'sfsnwTSmiDfydcoRhEC');
INSERT INTO LABORATORY_ASSISTANT (name, email, password) VALUES ('Justin Marks', 'oduarte@gmail.com', 'sfsnwTSmiDfydcoRhEC');
INSERT INTO ACCOUNTANT (name, email, password) VALUES ('Katrina Cabrera', 'arodriguez@gmail.com', 'AUbRJjSSZXejqdtqiG');
INSERT INTO LABORATORY_ASSISTANT (name, email, password) VALUES ('Katrina Cabrera', 'arodriguez@gmail.com', 'AUbRJjSSZXejqdtqiG');
INSERT INTO ACCOUNTANT (name, email, password) VALUES ('Todd Le', 'jacksonjoseph@yahoo.com', 'ilnYsARhFolmZsN');
INSERT INTO LABORATORY_ASSISTANT (name, email, password) VALUES ('Todd Le', 'jacksonjoseph@yahoo.com', 'ilnYsARhFolmZsN');
INSERT INTO ACCOUNTANT (name, email, password) VALUES ('Jared Clarke', 'fclark@yahoo.com', 'rCVMlGuS');
INSERT INTO LABORATORY_ASSISTANT (name, email, password) VALUES ('Jared Clarke', 'fclark@yahoo.com', 'rCVMlGuS');
INSERT INTO ACCOUNTANT (name, email, password) VALUES ('Lisa Farley', 'mendozatracy@yahoo.com', 'NHjwXUaGey');
INSERT INTO LABORATORY_ASSISTANT (name, email, password) VALUES ('Lisa Farley', 'mendozatracy@yahoo.com', 'NHjwXUaGey');
INSERT INTO ACCOUNTANT (name, email, password) VALUES ('Peter Kane', 'rogersrobin@yahoo.com', 'CnPbDwubuzghX');
INSERT INTO LABORATORY_ASSISTANT (name, email, password) VALUES ('Peter Kane', 'rogersrobin@yahoo.com', 'CnPbDwubuzghX');
INSERT INTO ACCOUNTANT (name, email, password) VALUES ('Kara Lewis', 'kkeller@gmail.com', 'EGgWHxSF');
INSERT INTO LABORATORY_ASSISTANT (name, email, password) VALUES ('Kara Lewis', 'kkeller@gmail.com', 'EGgWHxSF');
INSERT INTO ACCOUNTANT (name, email, password) VALUES ('Carla Gonzalez', 'abeard@gmail.com', 'dZnlaUdXqCG');
INSERT INTO LABORATORY_ASSISTANT (name, email, password) VALUES ('Carla Gonzalez', 'abeard@gmail.com', 'dZnlaUdXqCG');
INSERT INTO ACCOUNTANT (name, email, password) VALUES ('Joshua Ware', 'cassandragreen@gmail.com', 'FQoMxEqsHWYKa');
INSERT INTO LABORATORY_ASSISTANT (name, email, password) VALUES ('Joshua Ware', 'cassandragreen@gmail.com', 'FQoMxEqsHWYKa');
INSERT INTO ACCOUNTANT (name, email, password) VALUES ('Patricia Farrell', 'cruiz@gmail.com', 'CzsOUjVBG');
INSERT INTO LABORATORY_ASSISTANT (name, email, password) VALUES ('Patricia Farrell', 'cruiz@gmail.com', 'CzsOUjVBG');
INSERT INTO ACCOUNTANT (name, email, password) VALUES ('Ryan Blake', 'bowerskathryn@gmail.com', 'cZhfMoof');
INSERT INTO LABORATORY_ASSISTANT (name, email, password) VALUES ('Ryan Blake', 'bowerskathryn@gmail.com', 'cZhfMoof');
INSERT INTO ACCOUNTANT (name, email, password) VALUES ('Andrew Walter', 'awagner@gmail.com', 'WNXNgyFjXDGeeamL');
INSERT INTO LABORATORY_ASSISTANT (name, email, password) VALUES ('Andrew Walter', 'awagner@gmail.com', 'WNXNgyFjXDGeeamL');
INSERT INTO ACCOUNTANT (name, email, password) VALUES ('Jasmine Tran', 'victoriajohnson@yahoo.com', 'AhHjcVrJTmoPFjX');
INSERT INTO LABORATORY_ASSISTANT (name, email, password) VALUES ('Jasmine Tran', 'victoriajohnson@yahoo.com', 'AhHjcVrJTmoPFjX');
INSERT INTO ACCOUNTANT (name, email, password) VALUES ('Linda Baker', 'gdominguez@gmail.com', 'HrhfTilwDfCOEcrKOzAl');
INSERT INTO LABORATORY_ASSISTANT (name, email, password) VALUES ('Linda Baker', 'gdominguez@gmail.com', 'HrhfTilwDfCOEcrKOzAl');
INSERT INTO ACCOUNTANT (name, email, password) VALUES ('Suzanne Ramos', 'stephanie17@hotmail.com', 'XQFNyOcPlRYbWUpwtqMz');
INSERT INTO LABORATORY_ASSISTANT (name, email, password) VALUES ('Suzanne Ramos', 'stephanie17@hotmail.com', 'XQFNyOcPlRYbWUpwtqMz');
INSERT INTO ACCOUNTANT (name, email, password) VALUES ('Mark Wilson', 'misty83@yahoo.com', 'xoopfOWYIOSQMUp');
INSERT INTO LABORATORY_ASSISTANT (name, email, password) VALUES ('Mark Wilson', 'misty83@yahoo.com', 'xoopfOWYIOSQMUp');
INSERT INTO ACCOUNTANT (name, email, password) VALUES ('Donald Walker', 'thomas44@hotmail.com', 'QeNbGJFByTOTQLXsQD');
INSERT INTO LABORATORY_ASSISTANT (name, email, password) VALUES ('Donald Walker', 'thomas44@hotmail.com', 'QeNbGJFByTOTQLXsQD');
INSERT INTO ACCOUNTANT (name, email, password) VALUES ('Tina Anderson', 'ricardorobertson@hotmail.com', 'SVRoLSyozWC');
INSERT INTO LABORATORY_ASSISTANT (name, email, password) VALUES ('Tina Anderson', 'ricardorobertson@hotmail.com', 'SVRoLSyozWC');
INSERT INTO ACCOUNTANT (name, email, password) VALUES ('Jared Ward', 'thomaslopez@hotmail.com', 'UcPklqoPxMVWffMD');
INSERT INTO LABORATORY_ASSISTANT (name, email, password) VALUES ('Jared Ward', 'thomaslopez@hotmail.com', 'UcPklqoPxMVWffMD');
INSERT INTO ACCOUNTANT (name, email, password) VALUES ('Laura Adams', 'michaela33@gmail.com', 'taCkssblFl');
INSERT INTO LABORATORY_ASSISTANT (name, email, password) VALUES ('Laura Adams', 'michaela33@gmail.com', 'taCkssblFl');
INSERT INTO ACCOUNTANT (name, email, password) VALUES ('Andrew Roberts', 'keith42@yahoo.com', 'GVsnwCLyDzxtycXUIzG');
INSERT INTO LABORATORY_ASSISTANT (name, email, password) VALUES ('Andrew Roberts', 'keith42@yahoo.com', 'GVsnwCLyDzxtycXUIzG');
INSERT INTO ACCOUNTANT (name, email, password) VALUES ('Rhonda Fletcher', 'spollard@yahoo.com', 'UUGOtUNX');
INSERT INTO LABORATORY_ASSISTANT (name, email, password) VALUES ('Rhonda Fletcher', 'spollard@yahoo.com', 'UUGOtUNX');
INSERT INTO ACCOUNTANT (name, email, password) VALUES ('Sarah Hall', 'sjennings@gmail.com', 'YInWhvmMAqscuzBDhuwC');
INSERT INTO LABORATORY_ASSISTANT (name, email, password) VALUES ('Sarah Hall', 'sjennings@gmail.com', 'YInWhvmMAqscuzBDhuwC');
INSERT INTO ACCOUNTANT (name, email, password) VALUES ('Gregory Anderson', 'xberry@hotmail.com', 'GhwXvBmCVRQRoY');
INSERT INTO LABORATORY_ASSISTANT (name, email, password) VALUES ('Gregory Anderson', 'xberry@hotmail.com', 'GhwXvBmCVRQRoY');
INSERT INTO ACCOUNTANT (name, email, password) VALUES ('Patrick Espinoza', 'franklinsteven@yahoo.com', 'yRldYviGq');
INSERT INTO LABORATORY_ASSISTANT (name, email, password) VALUES ('Patrick Espinoza', 'franklinsteven@yahoo.com', 'yRldYviGq');
INSERT INTO ACCOUNTANT (name, email, password) VALUES ('Amy Foster', 'fwood@gmail.com', 'BUxISjViGLZeKgJCphZZ');
INSERT INTO LABORATORY_ASSISTANT (name, email, password) VALUES ('Amy Foster', 'fwood@gmail.com', 'BUxISjViGLZeKgJCphZZ');
INSERT INTO ACCOUNTANT (name, email, password) VALUES ('Wesley Chapman', 'andersonmonica@gmail.com', 'hzNzujAunSfOFTJilafD');
INSERT INTO LABORATORY_ASSISTANT (name, email, password) VALUES ('Wesley Chapman', 'andersonmonica@gmail.com', 'hzNzujAunSfOFTJilafD');
INSERT INTO ACCOUNTANT (name, email, password) VALUES ('Emily Lang', 'heathdavid@hotmail.com', 'ElVpyxgXbFT');
INSERT INTO LABORATORY_ASSISTANT (name, email, password) VALUES ('Emily Lang', 'heathdavid@hotmail.com', 'ElVpyxgXbFT');
INSERT INTO ACCOUNTANT (name, email, password) VALUES ('Terry Williams', 'dorseysean@hotmail.com', 'kErDIfwlqKMPGB');
INSERT INTO LABORATORY_ASSISTANT (name, email, password) VALUES ('Terry Williams', 'dorseysean@hotmail.com', 'kErDIfwlqKMPGB');
INSERT INTO ACCOUNTANT (name, email, password) VALUES ('Kari Brooks', 'scott41@gmail.com', 'vGzcvOfTmHVwfvWtak');
INSERT INTO LABORATORY_ASSISTANT (name, email, password) VALUES ('Kari Brooks', 'scott41@gmail.com', 'vGzcvOfTmHVwfvWtak');
INSERT INTO ACCOUNTANT (name, email, password) VALUES ('Christopher Beck', 'curtisharris@gmail.com', 'qZIqEvMLhPrbn');
INSERT INTO LABORATORY_ASSISTANT (name, email, password) VALUES ('Christopher Beck', 'curtisharris@gmail.com', 'qZIqEvMLhPrbn');
INSERT INTO ACCOUNTANT (name, email, password) VALUES ('Cheryl Gibson', 'bryan57@hotmail.com', 'DUntgzgp');
INSERT INTO LABORATORY_ASSISTANT (name, email, password) VALUES ('Cheryl Gibson', 'bryan57@hotmail.com', 'DUntgzgp');
INSERT INTO ACCOUNTANT (name, email, password) VALUES ('Andrew York', 'karenbailey@yahoo.com', 'TBFJKNAFiE');
INSERT INTO LABORATORY_ASSISTANT (name, email, password) VALUES ('Andrew York', 'karenbailey@yahoo.com', 'TBFJKNAFiE');
INSERT INTO ACCOUNTANT (name, email, password) VALUES ('Stephen Carlson', 'thomasmargaret@yahoo.com', 'WGAWjoVkys');
INSERT INTO LABORATORY_ASSISTANT (name, email, password) VALUES ('Stephen Carlson', 'thomasmargaret@yahoo.com', 'WGAWjoVkys');
INSERT INTO ACCOUNTANT (name, email, password) VALUES ('Anthony Jones', 'hernandezheather@yahoo.com', 'lPXEdzEmRYHnWmMUvR');
INSERT INTO LABORATORY_ASSISTANT (name, email, password) VALUES ('Anthony Jones', 'hernandezheather@yahoo.com', 'lPXEdzEmRYHnWmMUvR');
INSERT INTO ACCOUNTANT (name, email, password) VALUES ('William Cruz', 'hwong@hotmail.com', 'rOKvGBRZjuTe');
INSERT INTO LABORATORY_ASSISTANT (name, email, password) VALUES ('William Cruz', 'hwong@hotmail.com', 'rOKvGBRZjuTe');
INSERT INTO ACCOUNTANT (name, email, password) VALUES ('Lisa Harrison', 'moorejulie@hotmail.com', 'kxNaurdRg');
INSERT INTO LABORATORY_ASSISTANT (name, email, password) VALUES ('Lisa Harrison', 'moorejulie@hotmail.com', 'kxNaurdRg');
INSERT INTO ACCOUNTANT (name, email, password) VALUES ('Thomas Richardson', 'matthewsrobert@yahoo.com', 'AXnVfQdgSnai');
INSERT INTO LABORATORY_ASSISTANT (name, email, password) VALUES ('Thomas Richardson', 'matthewsrobert@yahoo.com', 'AXnVfQdgSnai');
INSERT INTO ACCOUNTANT (name, email, password) VALUES ('Mallory Franklin', 'ysmith@yahoo.com', 'uPIejleIjVl');
INSERT INTO LABORATORY_ASSISTANT (name, email, password) VALUES ('Mallory Franklin', 'ysmith@yahoo.com', 'uPIejleIjVl');
INSERT INTO ACCOUNTANT (name, email, password) VALUES ('David Hoover', 'tim78@hotmail.com', 'TgLcMbhoptbjKu');
INSERT INTO LABORATORY_ASSISTANT (name, email, password) VALUES ('David Hoover', 'tim78@hotmail.com', 'TgLcMbhoptbjKu');
INSERT INTO ACCOUNTANT (name, email, password) VALUES ('Chase Levine', 'stacyjohnson@yahoo.com', 'IqfkOtGG');
INSERT INTO LABORATORY_ASSISTANT (name, email, password) VALUES ('Chase Levine', 'stacyjohnson@yahoo.com', 'IqfkOtGG');
INSERT INTO ACCOUNTANT (name, email, password) VALUES ('Julie Burgess', 'scott41@yahoo.com', 'UANtLUmfQf');
INSERT INTO LABORATORY_ASSISTANT (name, email, password) VALUES ('Julie Burgess', 'scott41@yahoo.com', 'UANtLUmfQf');
INSERT INTO ACCOUNTANT (name, email, password) VALUES ('Deborah Newton', 'sosaherbert@gmail.com', 'LAeHcIECMNIdnHtN');
INSERT INTO LABORATORY_ASSISTANT (name, email, password) VALUES ('Deborah Newton', 'sosaherbert@gmail.com', 'LAeHcIECMNIdnHtN');
INSERT INTO ACCOUNTANT (name, email, password) VALUES ('Matthew Rodriguez', 'amandaporter@hotmail.com', 'DjQzsYXYDlXKo');
INSERT INTO LABORATORY_ASSISTANT (name, email, password) VALUES ('Matthew Rodriguez', 'amandaporter@hotmail.com', 'DjQzsYXYDlXKo');
INSERT INTO ACCOUNTANT (name, email, password) VALUES ('William Johnson', 'brandonbenitez@gmail.com', 'xXdKGdBZAU');
INSERT INTO LABORATORY_ASSISTANT (name, email, password) VALUES ('William Johnson', 'brandonbenitez@gmail.com', 'xXdKGdBZAU');
INSERT INTO ACCOUNTANT (name, email, password) VALUES ('Jeffery Davis', 'david96@hotmail.com', 'KRjLcAWLipMaMKM');
INSERT INTO LABORATORY_ASSISTANT (name, email, password) VALUES ('Jeffery Davis', 'david96@hotmail.com', 'KRjLcAWLipMaMKM');
INSERT INTO ACCOUNTANT (name, email, password) VALUES ('Alexis Knapp', 'leebrian@gmail.com', 'hjCatHaZ');
INSERT INTO LABORATORY_ASSISTANT (name, email, password) VALUES ('Alexis Knapp', 'leebrian@gmail.com', 'hjCatHaZ');
INSERT INTO ACCOUNTANT (name, email, password) VALUES ('James Patton', 'qhunt@hotmail.com', 'YcbQDfPtrWmOw');
INSERT INTO LABORATORY_ASSISTANT (name, email, password) VALUES ('James Patton', 'qhunt@hotmail.com', 'YcbQDfPtrWmOw');
INSERT INTO ACCOUNTANT (name, email, password) VALUES ('Anne Smith', 'vblanchard@hotmail.com', 'gjJPbdjYrCARaiwM');
INSERT INTO LABORATORY_ASSISTANT (name, email, password) VALUES ('Anne Smith', 'vblanchard@hotmail.com', 'gjJPbdjYrCARaiwM');
INSERT INTO ACCOUNTANT (name, email, password) VALUES ('Mario Watson', 'kirkbrad@hotmail.com', 'IfdLXMfgHPpEvAROwA');
INSERT INTO LABORATORY_ASSISTANT (name, email, password) VALUES ('Mario Watson', 'kirkbrad@hotmail.com', 'IfdLXMfgHPpEvAROwA');
INSERT INTO ACCOUNTANT (name, email, password) VALUES ('Tara Brooks', 'christopher93@yahoo.com', 'ESVhhXWIOKHyoUTazwEe');
INSERT INTO LABORATORY_ASSISTANT (name, email, password) VALUES ('Tara Brooks', 'christopher93@yahoo.com', 'ESVhhXWIOKHyoUTazwEe');
INSERT INTO ACCOUNTANT (name, email, password) VALUES ('Kaylee Cook', 'leonard55@gmail.com', 'yCaLMhGZGUyQCvcPmR');
INSERT INTO LABORATORY_ASSISTANT (name, email, password) VALUES ('Kaylee Cook', 'leonard55@gmail.com', 'yCaLMhGZGUyQCvcPmR');
INSERT INTO ACCOUNTANT (name, email, password) VALUES ('Debbie Byrd', 'brian48@yahoo.com', 'bMBlmWysIFJNnQMgpq');
INSERT INTO LABORATORY_ASSISTANT (name, email, password) VALUES ('Debbie Byrd', 'brian48@yahoo.com', 'bMBlmWysIFJNnQMgpq');
INSERT INTO ACCOUNTANT (name, email, password) VALUES ('Jennifer Pearson', 'ihughes@yahoo.com', 'fxnAKaRng');
INSERT INTO LABORATORY_ASSISTANT (name, email, password) VALUES ('Jennifer Pearson', 'ihughes@yahoo.com', 'fxnAKaRng');
INSERT INTO ACCOUNTANT (name, email, password) VALUES ('Stacie Wright', 'robertharrington@gmail.com', 'bifOgVzoZX');
INSERT INTO LABORATORY_ASSISTANT (name, email, password) VALUES ('Stacie Wright', 'robertharrington@gmail.com', 'bifOgVzoZX');
INSERT INTO ACCOUNTANT (name, email, password) VALUES ('Jennifer Bates', 'sanderstom@yahoo.com', 'pRVLqzMKkqrLbdGFW');
INSERT INTO LABORATORY_ASSISTANT (name, email, password) VALUES ('Jennifer Bates', 'sanderstom@yahoo.com', 'pRVLqzMKkqrLbdGFW');
INSERT INTO ACCOUNTANT (name, email, password) VALUES ('Peter Torres', 'joshuascott@hotmail.com', 'SYksMiVkZWRXl');
INSERT INTO LABORATORY_ASSISTANT (name, email, password) VALUES ('Peter Torres', 'joshuascott@hotmail.com', 'SYksMiVkZWRXl');
INSERT INTO ACCOUNTANT (name, email, password) VALUES ('Heather Perkins', 'peteradkins@gmail.com', 'uUGDkEZbemDVGE');
INSERT INTO LABORATORY_ASSISTANT (name, email, password) VALUES ('Heather Perkins', 'peteradkins@gmail.com', 'uUGDkEZbemDVGE');
INSERT INTO ACCOUNTANT (name, email, password) VALUES ('Amber Smith', 'bobbyharris@gmail.com', 'TzmxWrMcgQuQ');
INSERT INTO LABORATORY_ASSISTANT (name, email, password) VALUES ('Amber Smith', 'bobbyharris@gmail.com', 'TzmxWrMcgQuQ');
INSERT INTO ACCOUNTANT (name, email, password) VALUES ('Stephanie Davis', 'kathleen50@gmail.com', 'nsrTSzinIeIVWNJBMcA');
INSERT INTO LABORATORY_ASSISTANT (name, email, password) VALUES ('Stephanie Davis', 'kathleen50@gmail.com', 'nsrTSzinIeIVWNJBMcA');
INSERT INTO ACCOUNTANT (name, email, password) VALUES ('Kevin Ruiz', 'xharris@gmail.com', 'opgUybfKPr');
INSERT INTO LABORATORY_ASSISTANT (name, email, password) VALUES ('Kevin Ruiz', 'xharris@gmail.com', 'opgUybfKPr');
INSERT INTO ACCOUNTANT (name, email, password) VALUES ('Stefanie Ibarra', 'burtonmichael@hotmail.com', 'qoyFUbZecyE');
INSERT INTO LABORATORY_ASSISTANT (name, email, password) VALUES ('Stefanie Ibarra', 'burtonmichael@hotmail.com', 'qoyFUbZecyE');
INSERT INTO ACCOUNTANT (name, email, password) VALUES ('Heather Weaver', 'hollybailey@yahoo.com', 'ZrpGmSyhTeHgFJm');
INSERT INTO LABORATORY_ASSISTANT (name, email, password) VALUES ('Heather Weaver', 'hollybailey@yahoo.com', 'ZrpGmSyhTeHgFJm');
INSERT INTO ACCOUNTANT (name, email, password) VALUES ('Lori Davis', 'simskathleen@gmail.com', 'pIYCnRTISGB');
INSERT INTO LABORATORY_ASSISTANT (name, email, password) VALUES ('Lori Davis', 'simskathleen@gmail.com', 'pIYCnRTISGB');
INSERT INTO ACCOUNTANT (name, email, password) VALUES ('Ashley Sanchez', 'jessica69@yahoo.com', 'OWkymBcpANaPe');
INSERT INTO LABORATORY_ASSISTANT (name, email, password) VALUES ('Ashley Sanchez', 'jessica69@yahoo.com', 'OWkymBcpANaPe');
INSERT INTO ACCOUNTANT (name, email, password) VALUES ('Deborah Jimenez', 'christopherharrison@yahoo.com', 'TTMFroBlXbTW');
INSERT INTO LABORATORY_ASSISTANT (name, email, password) VALUES ('Deborah Jimenez', 'christopherharrison@yahoo.com', 'TTMFroBlXbTW');
INSERT INTO ACCOUNTANT (name, email, password) VALUES ('Theresa Parker', 'cameronsanchez@hotmail.com', 'LUXgwZBSOkRAGpf');
INSERT INTO LABORATORY_ASSISTANT (name, email, password) VALUES ('Theresa Parker', 'cameronsanchez@hotmail.com', 'LUXgwZBSOkRAGpf');
INSERT INTO ACCOUNTANT (name, email, password) VALUES ('Jonathan Juarez', 'floresbrendan@hotmail.com', 'CmLjIpJRfrCTUhKT');
INSERT INTO LABORATORY_ASSISTANT (name, email, password) VALUES ('Jonathan Juarez', 'floresbrendan@hotmail.com', 'CmLjIpJRfrCTUhKT');
INSERT INTO ACCOUNTANT (name, email, password) VALUES ('Wendy Bennett', 'rushronald@hotmail.com', 'GaFDHXvmDtnUTXcSacL');
INSERT INTO LABORATORY_ASSISTANT (name, email, password) VALUES ('Wendy Bennett', 'rushronald@hotmail.com', 'GaFDHXvmDtnUTXcSacL');
INSERT INTO ACCOUNTANT (name, email, password) VALUES ('Eugene Wright', 'joanne48@hotmail.com', 'tvYinfuHxQJiZ');
INSERT INTO LABORATORY_ASSISTANT (name, email, password) VALUES ('Eugene Wright', 'joanne48@hotmail.com', 'tvYinfuHxQJiZ');
INSERT INTO ACCOUNTANT (name, email, password) VALUES ('Jordan Franklin', 'tyler63@yahoo.com', 'iWsrQWgXDvMjZ');
INSERT INTO LABORATORY_ASSISTANT (name, email, password) VALUES ('Jordan Franklin', 'tyler63@yahoo.com', 'iWsrQWgXDvMjZ');
INSERT INTO ACCOUNTANT (name, email, password) VALUES ('Margaret Cox', 'davidmoore@yahoo.com', 'XTZxxwsNTwZnljLxs');
INSERT INTO LABORATORY_ASSISTANT (name, email, password) VALUES ('Margaret Cox', 'davidmoore@yahoo.com', 'XTZxxwsNTwZnljLxs');
INSERT INTO ACCOUNTANT (name, email, password) VALUES ('Megan Smith', 'jon17@gmail.com', 'iyqznKgzXSKXPSIeu');
INSERT INTO LABORATORY_ASSISTANT (name, email, password) VALUES ('Megan Smith', 'jon17@gmail.com', 'iyqznKgzXSKXPSIeu');
INSERT INTO ACCOUNTANT (name, email, password) VALUES ('Michael Huber', 'royedward@yahoo.com', 'SBpvqPDvMCcice');
INSERT INTO LABORATORY_ASSISTANT (name, email, password) VALUES ('Michael Huber', 'royedward@yahoo.com', 'SBpvqPDvMCcice');
INSERT INTO ACCOUNTANT (name, email, password) VALUES ('John Moore', 'dianeflores@yahoo.com', 'MUDvybXjaDB');
INSERT INTO LABORATORY_ASSISTANT (name, email, password) VALUES ('John Moore', 'dianeflores@yahoo.com', 'MUDvybXjaDB');
INSERT INTO ACCOUNTANT (name, email, password) VALUES ('Nicholas Smith', 'sarahmyers@yahoo.com', 'YmmtYJSVlHXXgnfRV');
INSERT INTO LABORATORY_ASSISTANT (name, email, password) VALUES ('Nicholas Smith', 'sarahmyers@yahoo.com', 'YmmtYJSVlHXXgnfRV');
INSERT INTO ACCOUNTANT (name, email, password) VALUES ('Amy Grant', 'pswanson@hotmail.com', 'jzHAIaritrxZeL');
INSERT INTO LABORATORY_ASSISTANT (name, email, password) VALUES ('Amy Grant', 'pswanson@hotmail.com', 'jzHAIaritrxZeL');
INSERT INTO ACCOUNTANT (name, email, password) VALUES ('Jennifer Holmes', 'ghale@yahoo.com', 'porDOFgfcRRwc');
INSERT INTO LABORATORY_ASSISTANT (name, email, password) VALUES ('Jennifer Holmes', 'ghale@yahoo.com', 'porDOFgfcRRwc');
INSERT INTO ACCOUNTANT (name, email, password) VALUES ('Katherine Morris', 'jmartinez@hotmail.com', 'uGuMUcSImdhlbDrUQmlk');
INSERT INTO LABORATORY_ASSISTANT (name, email, password) VALUES ('Katherine Morris', 'jmartinez@hotmail.com', 'uGuMUcSImdhlbDrUQmlk');
INSERT INTO ACCOUNTANT (name, email, password) VALUES ('Joseph Barr', 'javierking@hotmail.com', 'XgpgkcfDEKLSkknFMJHC');
INSERT INTO LABORATORY_ASSISTANT (name, email, password) VALUES ('Joseph Barr', 'javierking@hotmail.com', 'XgpgkcfDEKLSkknFMJHC');
INSERT INTO ACCOUNTANT (name, email, password) VALUES ('Barbara Ford', 'heatherreed@hotmail.com', 'YhrUSzllxmZIVTxR');
INSERT INTO LABORATORY_ASSISTANT (name, email, password) VALUES ('Barbara Ford', 'heatherreed@hotmail.com', 'YhrUSzllxmZIVTxR');
INSERT INTO ACCOUNTANT (name, email, password) VALUES ('Robert Martinez', 'craigkatie@yahoo.com', 'HvxeGRdhLUi');
INSERT INTO LABORATORY_ASSISTANT (name, email, password) VALUES ('Robert Martinez', 'craigkatie@yahoo.com', 'HvxeGRdhLUi');
INSERT INTO ACCOUNTANT (name, email, password) VALUES ('Karen White', 'martinchristina@yahoo.com', 'DjQptmWvSbTtINcG');
INSERT INTO LABORATORY_ASSISTANT (name, email, password) VALUES ('Karen White', 'martinchristina@yahoo.com', 'DjQptmWvSbTtINcG');
INSERT INTO ACCOUNTANT (name, email, password) VALUES ('Joseph Jackson', 'jasmineperez@gmail.com', 'XOtGUujTgaZm');
INSERT INTO LABORATORY_ASSISTANT (name, email, password) VALUES ('Joseph Jackson', 'jasmineperez@gmail.com', 'XOtGUujTgaZm');
INSERT INTO ACCOUNTANT (name, email, password) VALUES ('Kathleen Wallace', 'vjohnson@hotmail.com', 'CgtewobsyRiNNcnMWq');
INSERT INTO LABORATORY_ASSISTANT (name, email, password) VALUES ('Kathleen Wallace', 'vjohnson@hotmail.com', 'CgtewobsyRiNNcnMWq');
INSERT INTO ACCOUNTANT (name, email, password) VALUES ('Julia Young', 'leslie67@hotmail.com', 'YKPDAcbb');
INSERT INTO LABORATORY_ASSISTANT (name, email, password) VALUES ('Julia Young', 'leslie67@hotmail.com', 'YKPDAcbb');
INSERT INTO ACCOUNTANT (name, email, password) VALUES ('Mark Carter', 'anthony88@hotmail.com', 'sqjwKeGXOJjvCgtRK');
INSERT INTO LABORATORY_ASSISTANT (name, email, password) VALUES ('Mark Carter', 'anthony88@hotmail.com', 'sqjwKeGXOJjvCgtRK');
INSERT INTO ACCOUNTANT (name, email, password) VALUES ('Jeffrey Ochoa', 'vegakenneth@gmail.com', 'KHqbyHESkdKrlYEp');
INSERT INTO LABORATORY_ASSISTANT (name, email, password) VALUES ('Jeffrey Ochoa', 'vegakenneth@gmail.com', 'KHqbyHESkdKrlYEp');
INSERT INTO ACCOUNTANT (name, email, password) VALUES ('Melissa King', 'ssmith@gmail.com', 'bfMgoreteM');
INSERT INTO LABORATORY_ASSISTANT (name, email, password) VALUES ('Melissa King', 'ssmith@gmail.com', 'bfMgoreteM');
INSERT INTO ACCOUNTANT (name, email, password) VALUES ('Cheryl Williams', 'elizabethwilson@hotmail.com', 'YzWXPFENwILx');
INSERT INTO LABORATORY_ASSISTANT (name, email, password) VALUES ('Cheryl Williams', 'elizabethwilson@hotmail.com', 'YzWXPFENwILx');
INSERT INTO ACCOUNTANT (name, email, password) VALUES ('Mark Carpenter PhD', 'hallwilliam@yahoo.com', 'jgShFAWZYyHN');
INSERT INTO LABORATORY_ASSISTANT (name, email, password) VALUES ('Mark Carpenter PhD', 'hallwilliam@yahoo.com', 'jgShFAWZYyHN');
INSERT INTO ACCOUNTANT (name, email, password) VALUES ('Darrell Flores', 'knoxbrenda@gmail.com', 'jNbUaiUbDvLIcRufun');
INSERT INTO LABORATORY_ASSISTANT (name, email, password) VALUES ('Darrell Flores', 'knoxbrenda@gmail.com', 'jNbUaiUbDvLIcRufun');
INSERT INTO ACCOUNTANT (name, email, password) VALUES ('Melissa Rosario', 'john90@yahoo.com', 'xZBOpqkoao');
INSERT INTO LABORATORY_ASSISTANT (name, email, password) VALUES ('Melissa Rosario', 'john90@yahoo.com', 'xZBOpqkoao');
INSERT INTO ACCOUNTANT (name, email, password) VALUES ('Julie Kline', 'harpermichelle@yahoo.com', 'mngtkwJpdHqzXSwHHv');
INSERT INTO LABORATORY_ASSISTANT (name, email, password) VALUES ('Julie Kline', 'harpermichelle@yahoo.com', 'mngtkwJpdHqzXSwHHv');
INSERT INTO ACCOUNTANT (name, email, password) VALUES ('Maurice Harris', 'logankristin@gmail.com', 'cGeEJHQClaP');
INSERT INTO LABORATORY_ASSISTANT (name, email, password) VALUES ('Maurice Harris', 'logankristin@gmail.com', 'cGeEJHQClaP');
INSERT INTO ACCOUNTANT (name, email, password) VALUES ('Edward Bush', 'marysmith@gmail.com', 'JmsAjLhzBrUlwG');
INSERT INTO LABORATORY_ASSISTANT (name, email, password) VALUES ('Edward Bush', 'marysmith@gmail.com', 'JmsAjLhzBrUlwG');
INSERT INTO ACCOUNTANT (name, email, password) VALUES ('Joel Li', 'griffinrobert@gmail.com', 'yBlHDoIaJDQelMLvszz');
INSERT INTO LABORATORY_ASSISTANT (name, email, password) VALUES ('Joel Li', 'griffinrobert@gmail.com', 'yBlHDoIaJDQelMLvszz');
INSERT INTO ACCOUNTANT (name, email, password) VALUES ('Scott Owens', 'qdavis@hotmail.com', 'liAbjvzVE');
INSERT INTO LABORATORY_ASSISTANT (name, email, password) VALUES ('Scott Owens', 'qdavis@hotmail.com', 'liAbjvzVE');
INSERT INTO ACCOUNTANT (name, email, password) VALUES ('Colin Ruiz', 'harrisjon@hotmail.com', 'TQXLixVm');
INSERT INTO LABORATORY_ASSISTANT (name, email, password) VALUES ('Colin Ruiz', 'harrisjon@hotmail.com', 'TQXLixVm');
INSERT INTO ACCOUNTANT (name, email, password) VALUES ('Robert Nguyen', 'ibailey@yahoo.com', 'PZZkhfhqoe');
INSERT INTO LABORATORY_ASSISTANT (name, email, password) VALUES ('Robert Nguyen', 'ibailey@yahoo.com', 'PZZkhfhqoe');
INSERT INTO ACCOUNTANT (name, email, password) VALUES ('Andre Morrison', 'jamesmckinney@gmail.com', 'lcOPUKbPpIpuxghk');
INSERT INTO LABORATORY_ASSISTANT (name, email, password) VALUES ('Andre Morrison', 'jamesmckinney@gmail.com', 'lcOPUKbPpIpuxghk');
INSERT INTO ACCOUNTANT (name, email, password) VALUES ('Eric Schwartz', 'ricesteven@gmail.com', 'gyPEshcrdI');
INSERT INTO LABORATORY_ASSISTANT (name, email, password) VALUES ('Eric Schwartz', 'ricesteven@gmail.com', 'gyPEshcrdI');
INSERT INTO ACCOUNTANT (name, email, password) VALUES ('Randy Moore', 'aacosta@hotmail.com', 'VafNHHJdgKkqawddyu');
INSERT INTO LABORATORY_ASSISTANT (name, email, password) VALUES ('Randy Moore', 'aacosta@hotmail.com', 'VafNHHJdgKkqawddyu');
INSERT INTO ACCOUNTANT (name, email, password) VALUES ('Christy Williams', 'nancywilson@gmail.com', 'dmCvoXRFoXecgmvbfh');
INSERT INTO LABORATORY_ASSISTANT (name, email, password) VALUES ('Christy Williams', 'nancywilson@gmail.com', 'dmCvoXRFoXecgmvbfh');
INSERT INTO ACCOUNTANT (name, email, password) VALUES ('Jill Taylor', 'wwatson@gmail.com', 'ZDQMXnwRpVyWnhBo');
INSERT INTO LABORATORY_ASSISTANT (name, email, password) VALUES ('Jill Taylor', 'wwatson@gmail.com', 'ZDQMXnwRpVyWnhBo');
INSERT INTO ACCOUNTANT (name, email, password) VALUES ('Alexander Barker', 'xsnyder@hotmail.com', 'CbdNQUGGQEjCIF');
INSERT INTO LABORATORY_ASSISTANT (name, email, password) VALUES ('Alexander Barker', 'xsnyder@hotmail.com', 'CbdNQUGGQEjCIF');
INSERT INTO ACCOUNTANT (name, email, password) VALUES ('Jacqueline Schmidt', 'patrick17@gmail.com', 'MECTeydK');
INSERT INTO LABORATORY_ASSISTANT (name, email, password) VALUES ('Jacqueline Schmidt', 'patrick17@gmail.com', 'MECTeydK');
INSERT INTO ACCOUNTANT (name, email, password) VALUES ('Donald Ingram', 'rodriguezalan@hotmail.com', 'yimAedtpI');
INSERT INTO LABORATORY_ASSISTANT (name, email, password) VALUES ('Donald Ingram', 'rodriguezalan@hotmail.com', 'yimAedtpI');
INSERT INTO ACCOUNTANT (name, email, password) VALUES ('Gary Turner', 'udean@gmail.com', 'vjIEMTyNbirq');
INSERT INTO LABORATORY_ASSISTANT (name, email, password) VALUES ('Gary Turner', 'udean@gmail.com', 'vjIEMTyNbirq');
INSERT INTO ACCOUNTANT (name, email, password) VALUES ('Kristine Moreno MD', 'gabrielledelgado@yahoo.com', 'lwsQwjqGAfX');
INSERT INTO LABORATORY_ASSISTANT (name, email, password) VALUES ('Kristine Moreno MD', 'gabrielledelgado@yahoo.com', 'lwsQwjqGAfX');
INSERT INTO ACCOUNTANT (name, email, password) VALUES ('Jason Dawson', 'wknapp@gmail.com', 'CqHGwnqiY');
INSERT INTO LABORATORY_ASSISTANT (name, email, password) VALUES ('Jason Dawson', 'wknapp@gmail.com', 'CqHGwnqiY');
INSERT INTO ACCOUNTANT (name, email, password) VALUES ('Bradley Klein', 'amandagates@gmail.com', 'iHXVBveh');
INSERT INTO LABORATORY_ASSISTANT (name, email, password) VALUES ('Bradley Klein', 'amandagates@gmail.com', 'iHXVBveh');
INSERT INTO ACCOUNTANT (name, email, password) VALUES ('Laurie Sloan', 'xgomez@gmail.com', 'UxjZjcOaZvbuxB');
INSERT INTO LABORATORY_ASSISTANT (name, email, password) VALUES ('Laurie Sloan', 'xgomez@gmail.com', 'UxjZjcOaZvbuxB');
INSERT INTO ACCOUNTANT (name, email, password) VALUES ('Casey Fernandez', 'david79@gmail.com', 'hzUWWyTHdtNgx');
INSERT INTO LABORATORY_ASSISTANT (name, email, password) VALUES ('Casey Fernandez', 'david79@gmail.com', 'hzUWWyTHdtNgx');
INSERT INTO ACCOUNTANT (name, email, password) VALUES ('Jeffery Rodriguez', 'jessicawiley@hotmail.com', 'PdXsLiqBWay');
INSERT INTO LABORATORY_ASSISTANT (name, email, password) VALUES ('Jeffery Rodriguez', 'jessicawiley@hotmail.com', 'PdXsLiqBWay');
INSERT INTO ACCOUNTANT (name, email, password) VALUES ('Jennifer Salazar', 'pbowman@hotmail.com', 'JRoPbdIoWNYofse');
INSERT INTO LABORATORY_ASSISTANT (name, email, password) VALUES ('Jennifer Salazar', 'pbowman@hotmail.com', 'JRoPbdIoWNYofse');
INSERT INTO ACCOUNTANT (name, email, password) VALUES ('Stephen Foster', 'montestara@gmail.com', 'oNcHWmWIAWoAKFlomfBW');
INSERT INTO LABORATORY_ASSISTANT (name, email, password) VALUES ('Stephen Foster', 'montestara@gmail.com', 'oNcHWmWIAWoAKFlomfBW');
INSERT INTO ACCOUNTANT (name, email, password) VALUES ('Derrick Lynch', 'michaelray@hotmail.com', 'UeCFjihkM');
INSERT INTO LABORATORY_ASSISTANT (name, email, password) VALUES ('Derrick Lynch', 'michaelray@hotmail.com', 'UeCFjihkM');
INSERT INTO ACCOUNTANT (name, email, password) VALUES ('Shawn Guerra', 'jamesmarquez@gmail.com', 'mKazuIinvKWKm');
INSERT INTO LABORATORY_ASSISTANT (name, email, password) VALUES ('Shawn Guerra', 'jamesmarquez@gmail.com', 'mKazuIinvKWKm');
INSERT INTO ACCOUNTANT (name, email, password) VALUES ('Shane Williams Jr.', 'armstrongrachel@gmail.com', 'vwTkVsMNdZeAVAJCmtC');
INSERT INTO LABORATORY_ASSISTANT (name, email, password) VALUES ('Shane Williams Jr.', 'armstrongrachel@gmail.com', 'vwTkVsMNdZeAVAJCmtC');
INSERT INTO ACCOUNTANT (name, email, password) VALUES ('Brittney Morales', 'kwalters@hotmail.com', 'cLTILTuLMsnGkjCS');
INSERT INTO LABORATORY_ASSISTANT (name, email, password) VALUES ('Brittney Morales', 'kwalters@hotmail.com', 'cLTILTuLMsnGkjCS');
INSERT INTO ACCOUNTANT (name, email, password) VALUES ('Michele White', 'stephensolis@gmail.com', 'xHVgJGIlFApku');
INSERT INTO LABORATORY_ASSISTANT (name, email, password) VALUES ('Michele White', 'stephensolis@gmail.com', 'xHVgJGIlFApku');
INSERT INTO ACCOUNTANT (name, email, password) VALUES ('Richard Armstrong', 'christina16@yahoo.com', 'UDiIHiPocJvCiNp');
INSERT INTO LABORATORY_ASSISTANT (name, email, password) VALUES ('Richard Armstrong', 'christina16@yahoo.com', 'UDiIHiPocJvCiNp');
INSERT INTO ACCOUNTANT (name, email, password) VALUES ('Christine Lopez', 'sdudley@hotmail.com', 'INpxNxzWk');
INSERT INTO LABORATORY_ASSISTANT (name, email, password) VALUES ('Christine Lopez', 'sdudley@hotmail.com', 'INpxNxzWk');
INSERT INTO ACCOUNTANT (name, email, password) VALUES ('Kara Lee', 'shannonlucas@hotmail.com', 'zQfUZJMpQPEwNYelw');
INSERT INTO LABORATORY_ASSISTANT (name, email, password) VALUES ('Kara Lee', 'shannonlucas@hotmail.com', 'zQfUZJMpQPEwNYelw');
INSERT INTO ACCOUNTANT (name, email, password) VALUES ('Lisa Wilson', 'omartin@yahoo.com', 'MJvRASmczckG');
INSERT INTO LABORATORY_ASSISTANT (name, email, password) VALUES ('Lisa Wilson', 'omartin@yahoo.com', 'MJvRASmczckG');
INSERT INTO ACCOUNTANT (name, email, password) VALUES ('Pamela Miles', 'brian08@gmail.com', 'yxSwwVbMDCJYhHk');
INSERT INTO LABORATORY_ASSISTANT (name, email, password) VALUES ('Pamela Miles', 'brian08@gmail.com', 'yxSwwVbMDCJYhHk');
INSERT INTO ACCOUNTANT (name, email, password) VALUES ('Beth West', 'robertjohnson@gmail.com', 'MDaVViOcbM');
INSERT INTO LABORATORY_ASSISTANT (name, email, password) VALUES ('Beth West', 'robertjohnson@gmail.com', 'MDaVViOcbM');
INSERT INTO ACCOUNTANT (name, email, password) VALUES ('Brittany Valentine', 'chapmansavannah@yahoo.com', 'CydWMpNpZVJgxV');
INSERT INTO LABORATORY_ASSISTANT (name, email, password) VALUES ('Brittany Valentine', 'chapmansavannah@yahoo.com', 'CydWMpNpZVJgxV');
INSERT INTO ACCOUNTANT (name, email, password) VALUES ('Chad Lutz', 'robbinsveronica@yahoo.com', 'vMXZNsBjnlJv');
INSERT INTO LABORATORY_ASSISTANT (name, email, password) VALUES ('Chad Lutz', 'robbinsveronica@yahoo.com', 'vMXZNsBjnlJv');
INSERT INTO ACCOUNTANT (name, email, password) VALUES ('Vincent Larson', 'juliahartman@hotmail.com', 'PobRUEeaAiLbFWZDtRyU');
INSERT INTO LABORATORY_ASSISTANT (name, email, password) VALUES ('Vincent Larson', 'juliahartman@hotmail.com', 'PobRUEeaAiLbFWZDtRyU');
INSERT INTO ACCOUNTANT (name, email, password) VALUES ('Jonathan Wallace', 'juliesharp@hotmail.com', 'OezIMuiXkXhWXzPqCbey');
INSERT INTO LABORATORY_ASSISTANT (name, email, password) VALUES ('Jonathan Wallace', 'juliesharp@hotmail.com', 'OezIMuiXkXhWXzPqCbey');
INSERT INTO ACCOUNTANT (name, email, password) VALUES ('Beverly Davis', 'robertellis@hotmail.com', 'lgTrALZcvelvjgsLa');
INSERT INTO LABORATORY_ASSISTANT (name, email, password) VALUES ('Beverly Davis', 'robertellis@hotmail.com', 'lgTrALZcvelvjgsLa');
INSERT INTO ACCOUNTANT (name, email, password) VALUES ('Heidi Davidson', 'hthomas@gmail.com', 'fDtIGhVKLPTUtAYgjxH');
INSERT INTO LABORATORY_ASSISTANT (name, email, password) VALUES ('Heidi Davidson', 'hthomas@gmail.com', 'fDtIGhVKLPTUtAYgjxH');
INSERT INTO ACCOUNTANT (name, email, password) VALUES ('Laura Vance', 'thomascruz@hotmail.com', 'QAUOuSSXuBasN');
INSERT INTO LABORATORY_ASSISTANT (name, email, password) VALUES ('Laura Vance', 'thomascruz@hotmail.com', 'QAUOuSSXuBasN');
INSERT INTO ACCOUNTANT (name, email, password) VALUES ('Dennis Brown', 'christian81@yahoo.com', 'MLcZZtDd');
INSERT INTO LABORATORY_ASSISTANT (name, email, password) VALUES ('Dennis Brown', 'christian81@yahoo.com', 'MLcZZtDd');
INSERT INTO ACCOUNTANT (name, email, password) VALUES ('Crystal Beasley', 'quinnpamela@gmail.com', 'bstFgQfzm');
INSERT INTO LABORATORY_ASSISTANT (name, email, password) VALUES ('Crystal Beasley', 'quinnpamela@gmail.com', 'bstFgQfzm');
INSERT INTO ACCOUNTANT (name, email, password) VALUES ('Wendy Martin', 'crystal09@hotmail.com', 'ThjCNPiHpXQaRq');
INSERT INTO LABORATORY_ASSISTANT (name, email, password) VALUES ('Wendy Martin', 'crystal09@hotmail.com', 'ThjCNPiHpXQaRq');
INSERT INTO ACCOUNTANT (name, email, password) VALUES ('Tracy Martinez', 'richardbennett@hotmail.com', 'unIHgRgARet');
INSERT INTO LABORATORY_ASSISTANT (name, email, password) VALUES ('Tracy Martinez', 'richardbennett@hotmail.com', 'unIHgRgARet');
INSERT INTO ACCOUNTANT (name, email, password) VALUES ('Ernest Rose', 'markarroyo@hotmail.com', 'dcvYlDycrtmShcpuDtDU');
INSERT INTO LABORATORY_ASSISTANT (name, email, password) VALUES ('Ernest Rose', 'markarroyo@hotmail.com', 'dcvYlDycrtmShcpuDtDU');
INSERT INTO ACCOUNTANT (name, email, password) VALUES ('Angela Smith', 'tduncan@hotmail.com', 'DEBZiTWscRLRNxM');
INSERT INTO LABORATORY_ASSISTANT (name, email, password) VALUES ('Angela Smith', 'tduncan@hotmail.com', 'DEBZiTWscRLRNxM');
INSERT INTO ACCOUNTANT (name, email, password) VALUES ('Daniel Greene', 'bsilva@yahoo.com', 'FdJcOsjvPIfNJpWIK');
INSERT INTO LABORATORY_ASSISTANT (name, email, password) VALUES ('Daniel Greene', 'bsilva@yahoo.com', 'FdJcOsjvPIfNJpWIK');
INSERT INTO ACCOUNTANT (name, email, password) VALUES ('Joyce Mitchell', 'james98@hotmail.com', 'slHzxgIOoSVjpEyAdLt');
INSERT INTO LABORATORY_ASSISTANT (name, email, password) VALUES ('Joyce Mitchell', 'james98@hotmail.com', 'slHzxgIOoSVjpEyAdLt');
INSERT INTO ACCOUNTANT (name, email, password) VALUES ('William Hall', 'michelle63@yahoo.com', 'gCUlfCqctqrn');
INSERT INTO LABORATORY_ASSISTANT (name, email, password) VALUES ('William Hall', 'michelle63@yahoo.com', 'gCUlfCqctqrn');
INSERT INTO ACCOUNTANT (name, email, password) VALUES ('Kimberly Martin', 'newmankevin@yahoo.com', 'lzAhxxjzDTOzr');
INSERT INTO LABORATORY_ASSISTANT (name, email, password) VALUES ('Kimberly Martin', 'newmankevin@yahoo.com', 'lzAhxxjzDTOzr');
INSERT INTO ACCOUNTANT (name, email, password) VALUES ('Sarah Thompson', 'breanna83@yahoo.com', 'kBxPQieeKoBY');
INSERT INTO LABORATORY_ASSISTANT (name, email, password) VALUES ('Sarah Thompson', 'breanna83@yahoo.com', 'kBxPQieeKoBY');
INSERT INTO ACCOUNTANT (name, email, password) VALUES ('Nicholas Brooks', 'darlene23@yahoo.com', 'MVUOjtSOiT');
INSERT INTO LABORATORY_ASSISTANT (name, email, password) VALUES ('Nicholas Brooks', 'darlene23@yahoo.com', 'MVUOjtSOiT');
INSERT INTO ACCOUNTANT (name, email, password) VALUES ('Matthew Lopez', 'tnorris@hotmail.com', 'dwvJoIwpKpwPNrxAOPW');
INSERT INTO LABORATORY_ASSISTANT (name, email, password) VALUES ('Matthew Lopez', 'tnorris@hotmail.com', 'dwvJoIwpKpwPNrxAOPW');
INSERT INTO ACCOUNTANT (name, email, password) VALUES ('Tyler Douglas', 'deannagarrett@gmail.com', 'dLnAwcPDQTWvB');
INSERT INTO LABORATORY_ASSISTANT (name, email, password) VALUES ('Tyler Douglas', 'deannagarrett@gmail.com', 'dLnAwcPDQTWvB');
INSERT INTO ACCOUNTANT (name, email, password) VALUES ('Jennifer Humphrey', 'lisafreeman@gmail.com', 'cNtGVyenSlWrJ');
INSERT INTO LABORATORY_ASSISTANT (name, email, password) VALUES ('Jennifer Humphrey', 'lisafreeman@gmail.com', 'cNtGVyenSlWrJ');
INSERT INTO ACCOUNTANT (name, email, password) VALUES ('Kelly Hanson', 'jacquelinealvarez@hotmail.com', 'ytIfgqZUdB');
INSERT INTO LABORATORY_ASSISTANT (name, email, password) VALUES ('Kelly Hanson', 'jacquelinealvarez@hotmail.com', 'ytIfgqZUdB');
INSERT INTO ACCOUNTANT (name, email, password) VALUES ('Brian Kelly', 'dawnhall@hotmail.com', 'WmhBsCrSwGcdOhkay');
INSERT INTO LABORATORY_ASSISTANT (name, email, password) VALUES ('Brian Kelly', 'dawnhall@hotmail.com', 'WmhBsCrSwGcdOhkay');
INSERT INTO ACCOUNTANT (name, email, password) VALUES ('Brett Ryan', 'michaelscott@hotmail.com', 'fqaJMYvHsNPZIHzlpK');
INSERT INTO LABORATORY_ASSISTANT (name, email, password) VALUES ('Brett Ryan', 'michaelscott@hotmail.com', 'fqaJMYvHsNPZIHzlpK');
INSERT INTO ACCOUNTANT (name, email, password) VALUES ('Kent Lee', 'robertrodriguez@yahoo.com', 'dsmYWyTYtqIGFKImBEg');
INSERT INTO LABORATORY_ASSISTANT (name, email, password) VALUES ('Kent Lee', 'robertrodriguez@yahoo.com', 'dsmYWyTYtqIGFKImBEg');
INSERT INTO ACCOUNTANT (name, email, password) VALUES ('Carlos Campbell', 'michael99@hotmail.com', 'qYeQirQGhdkQIFkrik');
INSERT INTO LABORATORY_ASSISTANT (name, email, password) VALUES ('Carlos Campbell', 'michael99@hotmail.com', 'qYeQirQGhdkQIFkrik');
INSERT INTO ACCOUNTANT (name, email, password) VALUES ('Amy Harmon', 'williamscraig@hotmail.com', 'ZmXSAiyJg');
INSERT INTO LABORATORY_ASSISTANT (name, email, password) VALUES ('Amy Harmon', 'williamscraig@hotmail.com', 'ZmXSAiyJg');
INSERT INTO ACCOUNTANT (name, email, password) VALUES ('Lorraine Collins', 'jasonmckenzie@gmail.com', 'tVpVQFtaU');
INSERT INTO LABORATORY_ASSISTANT (name, email, password) VALUES ('Lorraine Collins', 'jasonmckenzie@gmail.com', 'tVpVQFtaU');
INSERT INTO ACCOUNTANT (name, email, password) VALUES ('Jorge Scott', 'lori30@yahoo.com', 'pSENMsOSxQzRdpF');
INSERT INTO LABORATORY_ASSISTANT (name, email, password) VALUES ('Jorge Scott', 'lori30@yahoo.com', 'pSENMsOSxQzRdpF');
INSERT INTO ACCOUNTANT (name, email, password) VALUES ('Darlene Morgan', 'alicia27@hotmail.com', 'GiWiCEVYBwupXfDkP');
INSERT INTO LABORATORY_ASSISTANT (name, email, password) VALUES ('Darlene Morgan', 'alicia27@hotmail.com', 'GiWiCEVYBwupXfDkP');
INSERT INTO ACCOUNTANT (name, email, password) VALUES ('Timothy Olson DVM', 'xgarrett@gmail.com', 'FSUeoOruXlfzIoMsO');
INSERT INTO LABORATORY_ASSISTANT (name, email, password) VALUES ('Timothy Olson DVM', 'xgarrett@gmail.com', 'FSUeoOruXlfzIoMsO');
INSERT INTO ACCOUNTANT (name, email, password) VALUES ('Christopher Smith', 'nwalker@gmail.com', 'ycBbUfJumc');
INSERT INTO LABORATORY_ASSISTANT (name, email, password) VALUES ('Christopher Smith', 'nwalker@gmail.com', 'ycBbUfJumc');
INSERT INTO ACCOUNTANT (name, email, password) VALUES ('Cynthia Adkins', 'uhensley@yahoo.com', 'UDaSoSjzwRGzIdqm');
INSERT INTO LABORATORY_ASSISTANT (name, email, password) VALUES ('Cynthia Adkins', 'uhensley@yahoo.com', 'UDaSoSjzwRGzIdqm');
INSERT INTO ACCOUNTANT (name, email, password) VALUES ('Melissa Jones', 'waltonjeremy@yahoo.com', 'gbcSDiIthEuPKCa');
INSERT INTO LABORATORY_ASSISTANT (name, email, password) VALUES ('Melissa Jones', 'waltonjeremy@yahoo.com', 'gbcSDiIthEuPKCa');
INSERT INTO ACCOUNTANT (name, email, password) VALUES ('William Andrade', 'henrydixon@gmail.com', 'rRkALzCCVGzmOxvVnQ');
INSERT INTO LABORATORY_ASSISTANT (name, email, password) VALUES ('William Andrade', 'henrydixon@gmail.com', 'rRkALzCCVGzmOxvVnQ');
INSERT INTO ACCOUNTANT (name, email, password) VALUES ('Michael Taylor', 'rhondaharris@hotmail.com', 'AHqEUbOlWhU');
INSERT INTO LABORATORY_ASSISTANT (name, email, password) VALUES ('Michael Taylor', 'rhondaharris@hotmail.com', 'AHqEUbOlWhU');
INSERT INTO ACCOUNTANT (name, email, password) VALUES ('Janet Johnson', 'wsnyder@hotmail.com', 'MKkeNZszpKCP');
INSERT INTO LABORATORY_ASSISTANT (name, email, password) VALUES ('Janet Johnson', 'wsnyder@hotmail.com', 'MKkeNZszpKCP');
INSERT INTO ACCOUNTANT (name, email, password) VALUES ('Timothy Owen', 'rliu@yahoo.com', 'KvVsvyFnRJqoxVKkYQz');
INSERT INTO LABORATORY_ASSISTANT (name, email, password) VALUES ('Timothy Owen', 'rliu@yahoo.com', 'KvVsvyFnRJqoxVKkYQz');
INSERT INTO ACCOUNTANT (name, email, password) VALUES ('Jamie Perez', 'bradley86@gmail.com', 'RyGHjkpnLtVW');
INSERT INTO LABORATORY_ASSISTANT (name, email, password) VALUES ('Jamie Perez', 'bradley86@gmail.com', 'RyGHjkpnLtVW');
INSERT INTO ACCOUNTANT (name, email, password) VALUES ('Janet Thomas', 'christensenwilliam@gmail.com', 'uTDQrWchzKJbamVMYiz');
INSERT INTO LABORATORY_ASSISTANT (name, email, password) VALUES ('Janet Thomas', 'christensenwilliam@gmail.com', 'uTDQrWchzKJbamVMYiz');
INSERT INTO ACCOUNTANT (name, email, password) VALUES ('Steven Jensen', 'garzamonica@hotmail.com', 'bByMkQhqZnKEdDXT');
INSERT INTO LABORATORY_ASSISTANT (name, email, password) VALUES ('Steven Jensen', 'garzamonica@hotmail.com', 'bByMkQhqZnKEdDXT');
INSERT INTO ACCOUNTANT (name, email, password) VALUES ('James Robbins', 'wrightkim@yahoo.com', 'IdfzAcWqLZ');
INSERT INTO LABORATORY_ASSISTANT (name, email, password) VALUES ('James Robbins', 'wrightkim@yahoo.com', 'IdfzAcWqLZ');
INSERT INTO ACCOUNTANT (name, email, password) VALUES ('Deborah Kelley', 'gfields@hotmail.com', 'qNnPDFqblYzxj');
INSERT INTO LABORATORY_ASSISTANT (name, email, password) VALUES ('Deborah Kelley', 'gfields@hotmail.com', 'qNnPDFqblYzxj');
INSERT INTO ACCOUNTANT (name, email, password) VALUES ('Andrew Howard', 'denisegalvan@yahoo.com', 'UkDsGpwrp');
INSERT INTO LABORATORY_ASSISTANT (name, email, password) VALUES ('Andrew Howard', 'denisegalvan@yahoo.com', 'UkDsGpwrp');
INSERT INTO ACCOUNTANT (name, email, password) VALUES ('Nicholas Brown', 'danielle45@hotmail.com', 'exDxdBLZxNikPXS');
INSERT INTO LABORATORY_ASSISTANT (name, email, password) VALUES ('Nicholas Brown', 'danielle45@hotmail.com', 'exDxdBLZxNikPXS');
INSERT INTO ACCOUNTANT (name, email, password) VALUES ('Richard Salazar', 'tarafranklin@gmail.com', 'yhWPNjussoYBArncgP');
INSERT INTO LABORATORY_ASSISTANT (name, email, password) VALUES ('Richard Salazar', 'tarafranklin@gmail.com', 'yhWPNjussoYBArncgP');
INSERT INTO ACCOUNTANT (name, email, password) VALUES ('Thomas Evans', 'luceromichelle@yahoo.com', 'UVKfPddvDEvifRvoI');
INSERT INTO LABORATORY_ASSISTANT (name, email, password) VALUES ('Thomas Evans', 'luceromichelle@yahoo.com', 'UVKfPddvDEvifRvoI');
INSERT INTO ACCOUNTANT (name, email, password) VALUES ('Dr. Bill Spencer', 'ibeard@gmail.com', 'WWqqvlmkE');
INSERT INTO LABORATORY_ASSISTANT (name, email, password) VALUES ('Dr. Bill Spencer', 'ibeard@gmail.com', 'WWqqvlmkE');
INSERT INTO ACCOUNTANT (name, email, password) VALUES ('Teresa Johnson', 'sharris@yahoo.com', 'zzoqNKpPylTpNtHbisK');
INSERT INTO LABORATORY_ASSISTANT (name, email, password) VALUES ('Teresa Johnson', 'sharris@yahoo.com', 'zzoqNKpPylTpNtHbisK');
INSERT INTO ACCOUNTANT (name, email, password) VALUES ('Makayla Hernandez', 'zachary88@gmail.com', 'QxXHzMicMckSxJ');
INSERT INTO LABORATORY_ASSISTANT (name, email, password) VALUES ('Makayla Hernandez', 'zachary88@gmail.com', 'QxXHzMicMckSxJ');
INSERT INTO ACCOUNTANT (name, email, password) VALUES ('John Hood', 'manuelgutierrez@hotmail.com', 'DbgKBPcWbb');
INSERT INTO LABORATORY_ASSISTANT (name, email, password) VALUES ('John Hood', 'manuelgutierrez@hotmail.com', 'DbgKBPcWbb');
INSERT INTO ACCOUNTANT (name, email, password) VALUES ('Sandra Wilkerson', 'sarahshannon@hotmail.com', 'bVhFGApHOLNV');
INSERT INTO LABORATORY_ASSISTANT (name, email, password) VALUES ('Sandra Wilkerson', 'sarahshannon@hotmail.com', 'bVhFGApHOLNV');
INSERT INTO ACCOUNTANT (name, email, password) VALUES ('Sabrina Gardner DVM', 'myerstodd@hotmail.com', 'qTtiIsAdhUiwNhcV');
INSERT INTO LABORATORY_ASSISTANT (name, email, password) VALUES ('Sabrina Gardner DVM', 'myerstodd@hotmail.com', 'qTtiIsAdhUiwNhcV');
INSERT INTO ACCOUNTANT (name, email, password) VALUES ('Cameron Lee', 'simpsonmichael@hotmail.com', 'cUMlTPLwVs');
INSERT INTO LABORATORY_ASSISTANT (name, email, password) VALUES ('Cameron Lee', 'simpsonmichael@hotmail.com', 'cUMlTPLwVs');
INSERT INTO ACCOUNTANT (name, email, password) VALUES ('Madison Norton', 'johnnyaguirre@hotmail.com', 'TgApxhUDkkkTocxHMVY');
INSERT INTO LABORATORY_ASSISTANT (name, email, password) VALUES ('Madison Norton', 'johnnyaguirre@hotmail.com', 'TgApxhUDkkkTocxHMVY');
INSERT INTO ACCOUNTANT (name, email, password) VALUES ('Joshua Norris', 'derekhudson@yahoo.com', 'DudjXjroyeIF');
INSERT INTO LABORATORY_ASSISTANT (name, email, password) VALUES ('Joshua Norris', 'derekhudson@yahoo.com', 'DudjXjroyeIF');
INSERT INTO ACCOUNTANT (name, email, password) VALUES ('Jason Hill', 'webbdouglas@gmail.com', 'OnQJdYZcIdqvFg');
INSERT INTO LABORATORY_ASSISTANT (name, email, password) VALUES ('Jason Hill', 'webbdouglas@gmail.com', 'OnQJdYZcIdqvFg');
INSERT INTO ACCOUNTANT (name, email, password) VALUES ('Melvin Garcia', 'nhood@yahoo.com', 'YRXUisZDKgBtwgJ');
INSERT INTO LABORATORY_ASSISTANT (name, email, password) VALUES ('Melvin Garcia', 'nhood@yahoo.com', 'YRXUisZDKgBtwgJ');
INSERT INTO ACCOUNTANT (name, email, password) VALUES ('Joshua Sims', 'coopermichael@hotmail.com', 'XsVBZVddFEPCpA');
INSERT INTO LABORATORY_ASSISTANT (name, email, password) VALUES ('Joshua Sims', 'coopermichael@hotmail.com', 'XsVBZVddFEPCpA');
INSERT INTO ACCOUNTANT (name, email, password) VALUES ('Paul Wagner', 'poolecharles@yahoo.com', 'lpLuqiCe');
INSERT INTO LABORATORY_ASSISTANT (name, email, password) VALUES ('Paul Wagner', 'poolecharles@yahoo.com', 'lpLuqiCe');
INSERT INTO ACCOUNTANT (name, email, password) VALUES ('Michael Gonzalez', 'lisasmith@yahoo.com', 'lzEswBWSqknJI');
INSERT INTO LABORATORY_ASSISTANT (name, email, password) VALUES ('Michael Gonzalez', 'lisasmith@yahoo.com', 'lzEswBWSqknJI');
INSERT INTO ACCOUNTANT (name, email, password) VALUES ('Latoya Gordon', 'ireed@yahoo.com', 'zxXMxrXylcIBjYpY');
INSERT INTO LABORATORY_ASSISTANT (name, email, password) VALUES ('Latoya Gordon', 'ireed@yahoo.com', 'zxXMxrXylcIBjYpY');
INSERT INTO ACCOUNTANT (name, email, password) VALUES ('John Jones', 'johnbeard@yahoo.com', 'nfBjJWdhqrYNGgPdOa');
INSERT INTO LABORATORY_ASSISTANT (name, email, password) VALUES ('John Jones', 'johnbeard@yahoo.com', 'nfBjJWdhqrYNGgPdOa');
INSERT INTO ACCOUNTANT (name, email, password) VALUES ('Michael Ford', 'melvin34@hotmail.com', 'QCukNWcVZN');
INSERT INTO LABORATORY_ASSISTANT (name, email, password) VALUES ('Michael Ford', 'melvin34@hotmail.com', 'QCukNWcVZN');
INSERT INTO ACCOUNTANT (name, email, password) VALUES ('Leah Allen', 'crystal74@yahoo.com', 'NdibRzweySFKRkJnFAd');
INSERT INTO LABORATORY_ASSISTANT (name, email, password) VALUES ('Leah Allen', 'crystal74@yahoo.com', 'NdibRzweySFKRkJnFAd');
INSERT INTO ACCOUNTANT (name, email, password) VALUES ('Jaime Hanson', 'stevensonbrandon@gmail.com', 'afFxqTJYOwHmVryHh');
INSERT INTO LABORATORY_ASSISTANT (name, email, password) VALUES ('Jaime Hanson', 'stevensonbrandon@gmail.com', 'afFxqTJYOwHmVryHh');
INSERT INTO ACCOUNTANT (name, email, password) VALUES ('Anna Kelly', 'juan49@gmail.com', 'lYVjXRxXyXiy');
INSERT INTO LABORATORY_ASSISTANT (name, email, password) VALUES ('Anna Kelly', 'juan49@gmail.com', 'lYVjXRxXyXiy');
INSERT INTO ACCOUNTANT (name, email, password) VALUES ('Lorraine Casey', 'wilsonphilip@gmail.com', 'pLVBiXvvFxU');
INSERT INTO LABORATORY_ASSISTANT (name, email, password) VALUES ('Lorraine Casey', 'wilsonphilip@gmail.com', 'pLVBiXvvFxU');
INSERT INTO ACCOUNTANT (name, email, password) VALUES ('William Harris', 'matthew47@gmail.com', 'yxWhNxvs');
INSERT INTO LABORATORY_ASSISTANT (name, email, password) VALUES ('William Harris', 'matthew47@gmail.com', 'yxWhNxvs');
INSERT INTO ACCOUNTANT (name, email, password) VALUES ('David Thomas', 'greghuang@yahoo.com', 'lbZygpWMUBt');
INSERT INTO LABORATORY_ASSISTANT (name, email, password) VALUES ('David Thomas', 'greghuang@yahoo.com', 'lbZygpWMUBt');
INSERT INTO ACCOUNTANT (name, email, password) VALUES ('Stacy Higgins', 'charlesjohnson@hotmail.com', 'IJXLhfmfBiVHt');
INSERT INTO LABORATORY_ASSISTANT (name, email, password) VALUES ('Stacy Higgins', 'charlesjohnson@hotmail.com', 'IJXLhfmfBiVHt');
INSERT INTO ACCOUNTANT (name, email, password) VALUES ('Charles Green', 'daniel09@yahoo.com', 'HGBGPgNSolUWHTxwJT');
INSERT INTO LABORATORY_ASSISTANT (name, email, password) VALUES ('Charles Green', 'daniel09@yahoo.com', 'HGBGPgNSolUWHTxwJT');
INSERT INTO ACCOUNTANT (name, email, password) VALUES ('Michael Gordon', 'michele12@gmail.com', 'BgrmKNnQsTkpyY');
INSERT INTO LABORATORY_ASSISTANT (name, email, password) VALUES ('Michael Gordon', 'michele12@gmail.com', 'BgrmKNnQsTkpyY');
INSERT INTO ACCOUNTANT (name, email, password) VALUES ('Austin Vargas', 'adamskristin@yahoo.com', 'WEFmTBbe');
INSERT INTO LABORATORY_ASSISTANT (name, email, password) VALUES ('Austin Vargas', 'adamskristin@yahoo.com', 'WEFmTBbe');
INSERT INTO ACCOUNTANT (name, email, password) VALUES ('Jessica Garcia', 'emilybraun@yahoo.com', 'YIOUDJtIJjlH');
INSERT INTO LABORATORY_ASSISTANT (name, email, password) VALUES ('Jessica Garcia', 'emilybraun@yahoo.com', 'YIOUDJtIJjlH');
INSERT INTO ACCOUNTANT (name, email, password) VALUES ('Paul Davis', 'nancy95@hotmail.com', 'sMGhzJkV');
INSERT INTO LABORATORY_ASSISTANT (name, email, password) VALUES ('Paul Davis', 'nancy95@hotmail.com', 'sMGhzJkV');
INSERT INTO ACCOUNTANT (name, email, password) VALUES ('Trevor Mendoza', 'christopherowens@gmail.com', 'euKqJNBRumx');
INSERT INTO LABORATORY_ASSISTANT (name, email, password) VALUES ('Trevor Mendoza', 'christopherowens@gmail.com', 'euKqJNBRumx');
INSERT INTO ACCOUNTANT (name, email, password) VALUES ('Alexandra Palmer', 'javier48@gmail.com', 'MMkUrMaNyd');
INSERT INTO LABORATORY_ASSISTANT (name, email, password) VALUES ('Alexandra Palmer', 'javier48@gmail.com', 'MMkUrMaNyd');
INSERT INTO ACCOUNTANT (name, email, password) VALUES ('John Garcia', 'fkemp@hotmail.com', 'fGwvpVOFr');
INSERT INTO LABORATORY_ASSISTANT (name, email, password) VALUES ('John Garcia', 'fkemp@hotmail.com', 'fGwvpVOFr');
INSERT INTO ACCOUNTANT (name, email, password) VALUES ('Michael Hopkins', 'karenrobinson@hotmail.com', 'BAUItPCGB');
INSERT INTO LABORATORY_ASSISTANT (name, email, password) VALUES ('Michael Hopkins', 'karenrobinson@hotmail.com', 'BAUItPCGB');
INSERT INTO ACCOUNTANT (name, email, password) VALUES ('Ricardo Woods', 'michellegonzales@yahoo.com', 'QuJjZMNrLCAfTozRkdBO');
INSERT INTO LABORATORY_ASSISTANT (name, email, password) VALUES ('Ricardo Woods', 'michellegonzales@yahoo.com', 'QuJjZMNrLCAfTozRkdBO');
INSERT INTO ACCOUNTANT (name, email, password) VALUES ('Devin Sandoval', 'duffythomas@gmail.com', 'sMUEwBhNaUZEVVON');
INSERT INTO LABORATORY_ASSISTANT (name, email, password) VALUES ('Devin Sandoval', 'duffythomas@gmail.com', 'sMUEwBhNaUZEVVON');
INSERT INTO ACCOUNTANT (name, email, password) VALUES ('Elizabeth Ramos', 'mandy85@yahoo.com', 'TLiPHUHOcO');
INSERT INTO LABORATORY_ASSISTANT (name, email, password) VALUES ('Elizabeth Ramos', 'mandy85@yahoo.com', 'TLiPHUHOcO');
INSERT INTO ACCOUNTANT (name, email, password) VALUES ('Jennifer Anderson', 'waynehancock@hotmail.com', 'KDsveGcKcGryi');
INSERT INTO LABORATORY_ASSISTANT (name, email, password) VALUES ('Jennifer Anderson', 'waynehancock@hotmail.com', 'KDsveGcKcGryi');
INSERT INTO ACCOUNTANT (name, email, password) VALUES ('Rebecca Davenport', 'danielsmith@hotmail.com', 'mUMZuboHHPswo');
INSERT INTO LABORATORY_ASSISTANT (name, email, password) VALUES ('Rebecca Davenport', 'danielsmith@hotmail.com', 'mUMZuboHHPswo');
INSERT INTO ACCOUNTANT (name, email, password) VALUES ('Roger Hebert', 'nclark@hotmail.com', 'pWwEkPRLPCmFXyfdkGxc');
INSERT INTO LABORATORY_ASSISTANT (name, email, password) VALUES ('Roger Hebert', 'nclark@hotmail.com', 'pWwEkPRLPCmFXyfdkGxc');
INSERT INTO ACCOUNTANT (name, email, password) VALUES ('Catherine Davis', 'kenneth10@gmail.com', 'MQCPIPNFEapN');
INSERT INTO LABORATORY_ASSISTANT (name, email, password) VALUES ('Catherine Davis', 'kenneth10@gmail.com', 'MQCPIPNFEapN');
INSERT INTO ACCOUNTANT (name, email, password) VALUES ('Jasmine Costa', 'johnscott@yahoo.com', 'cilLnHaJ');
INSERT INTO LABORATORY_ASSISTANT (name, email, password) VALUES ('Jasmine Costa', 'johnscott@yahoo.com', 'cilLnHaJ');
INSERT INTO ACCOUNTANT (name, email, password) VALUES ('Valerie Garcia', 'hayessuzanne@gmail.com', 'ibjABcFBvDhoCGBc');
INSERT INTO LABORATORY_ASSISTANT (name, email, password) VALUES ('Valerie Garcia', 'hayessuzanne@gmail.com', 'ibjABcFBvDhoCGBc');
INSERT INTO ACCOUNTANT (name, email, password) VALUES ('Matthew Jackson', 'kathleenedwards@hotmail.com', 'EGGKepnkZuFvGMI');
INSERT INTO LABORATORY_ASSISTANT (name, email, password) VALUES ('Matthew Jackson', 'kathleenedwards@hotmail.com', 'EGGKepnkZuFvGMI');
INSERT INTO ACCOUNTANT (name, email, password) VALUES ('Brandi Lowery', 'torreslaurie@yahoo.com', 'QmZRIxEOTwIrohNGHf');
INSERT INTO LABORATORY_ASSISTANT (name, email, password) VALUES ('Brandi Lowery', 'torreslaurie@yahoo.com', 'QmZRIxEOTwIrohNGHf');
INSERT INTO ACCOUNTANT (name, email, password) VALUES ('Eric Smith', 'murphybrett@hotmail.com', 'fqSPdHfVfbT');
INSERT INTO LABORATORY_ASSISTANT (name, email, password) VALUES ('Eric Smith', 'murphybrett@hotmail.com', 'fqSPdHfVfbT');
INSERT INTO ACCOUNTANT (name, email, password) VALUES ('Sandra Jackson', 'robertssean@yahoo.com', 'JgtgFGxhYYHkLkml');
INSERT INTO LABORATORY_ASSISTANT (name, email, password) VALUES ('Sandra Jackson', 'robertssean@yahoo.com', 'JgtgFGxhYYHkLkml');
INSERT INTO ACCOUNTANT (name, email, password) VALUES ('Darren Shelton', 'garciachristine@hotmail.com', 'bVhsJCYC');
INSERT INTO LABORATORY_ASSISTANT (name, email, password) VALUES ('Darren Shelton', 'garciachristine@hotmail.com', 'bVhsJCYC');
INSERT INTO ACCOUNTANT (name, email, password) VALUES ('Nicholas Fletcher', 'teresa98@gmail.com', 'KhHRqpifhoILM');
INSERT INTO LABORATORY_ASSISTANT (name, email, password) VALUES ('Nicholas Fletcher', 'teresa98@gmail.com', 'KhHRqpifhoILM');
INSERT INTO ACCOUNTANT (name, email, password) VALUES ('Kevin Sanchez', 'qadams@gmail.com', 'mcdoEtLTJmNH');
INSERT INTO LABORATORY_ASSISTANT (name, email, password) VALUES ('Kevin Sanchez', 'qadams@gmail.com', 'mcdoEtLTJmNH');
INSERT INTO ACCOUNTANT (name, email, password) VALUES ('Carla Wilkinson', 'gmay@gmail.com', 'rOKRicYYuE');
INSERT INTO LABORATORY_ASSISTANT (name, email, password) VALUES ('Carla Wilkinson', 'gmay@gmail.com', 'rOKRicYYuE');
INSERT INTO ACCOUNTANT (name, email, password) VALUES ('Timothy Hancock', 'loricunningham@gmail.com', 'AvmkxLqXaHwqXxF');
INSERT INTO LABORATORY_ASSISTANT (name, email, password) VALUES ('Timothy Hancock', 'loricunningham@gmail.com', 'AvmkxLqXaHwqXxF');
INSERT INTO ACCOUNTANT (name, email, password) VALUES ('Melissa Roman', 'karen68@yahoo.com', 'ECxJXTmsRmPpwlwKNMDU');
INSERT INTO LABORATORY_ASSISTANT (name, email, password) VALUES ('Melissa Roman', 'karen68@yahoo.com', 'ECxJXTmsRmPpwlwKNMDU');
INSERT INTO ACCOUNTANT (name, email, password) VALUES ('Jimmy Harris', 'jessica23@hotmail.com', 'aGfXsLpYc');
INSERT INTO LABORATORY_ASSISTANT (name, email, password) VALUES ('Jimmy Harris', 'jessica23@hotmail.com', 'aGfXsLpYc');
INSERT INTO ACCOUNTANT (name, email, password) VALUES ('Jaime Miller', 'gregorywendy@gmail.com', 'evaTBsXlAWveFN');
INSERT INTO LABORATORY_ASSISTANT (name, email, password) VALUES ('Jaime Miller', 'gregorywendy@gmail.com', 'evaTBsXlAWveFN');
INSERT INTO ACCOUNTANT (name, email, password) VALUES ('Laura White', 'davidmann@yahoo.com', 'nctadYbMPRq');
INSERT INTO LABORATORY_ASSISTANT (name, email, password) VALUES ('Laura White', 'davidmann@yahoo.com', 'nctadYbMPRq');
INSERT INTO ACCOUNTANT (name, email, password) VALUES ('Robert Pope', 'ataylor@yahoo.com', 'joshIqiFYOYL');
INSERT INTO LABORATORY_ASSISTANT (name, email, password) VALUES ('Robert Pope', 'ataylor@yahoo.com', 'joshIqiFYOYL');
INSERT INTO ACCOUNTANT (name, email, password) VALUES ('Sean Berry', 'daniel84@gmail.com', 'kUwXSBndnIWZPLLtJVwG');
INSERT INTO LABORATORY_ASSISTANT (name, email, password) VALUES ('Sean Berry', 'daniel84@gmail.com', 'kUwXSBndnIWZPLLtJVwG');
INSERT INTO ACCOUNTANT (name, email, password) VALUES ('Michelle Dunn', 'xhicks@gmail.com', 'kkmqzwJgGcZiF');
INSERT INTO LABORATORY_ASSISTANT (name, email, password) VALUES ('Michelle Dunn', 'xhicks@gmail.com', 'kkmqzwJgGcZiF');
INSERT INTO ACCOUNTANT (name, email, password) VALUES ('Brianna Roberson', 'knoxariel@yahoo.com', 'jXxDOMlXZciTuLsDqF');
INSERT INTO LABORATORY_ASSISTANT (name, email, password) VALUES ('Brianna Roberson', 'knoxariel@yahoo.com', 'jXxDOMlXZciTuLsDqF');
INSERT INTO ACCOUNTANT (name, email, password) VALUES ('James Martinez', 'jayfernandez@gmail.com', 'IupMHcvnEhilJKisoU');
INSERT INTO LABORATORY_ASSISTANT (name, email, password) VALUES ('James Martinez', 'jayfernandez@gmail.com', 'IupMHcvnEhilJKisoU');
INSERT INTO ACCOUNTANT (name, email, password) VALUES ('Megan Deleon', 'havila@gmail.com', 'jjKlAZmEfgAMmIZ');
INSERT INTO LABORATORY_ASSISTANT (name, email, password) VALUES ('Megan Deleon', 'havila@gmail.com', 'jjKlAZmEfgAMmIZ');
INSERT INTO ACCOUNTANT (name, email, password) VALUES ('Tyler Cummings', 'connor91@yahoo.com', 'qRyxZdyFmNAEghrGr');
INSERT INTO LABORATORY_ASSISTANT (name, email, password) VALUES ('Tyler Cummings', 'connor91@yahoo.com', 'qRyxZdyFmNAEghrGr');
INSERT INTO ACCOUNTANT (name, email, password) VALUES ('Richard Morales', 'robertmckee@gmail.com', 'xGEfKeocTiDhbBctKhWt');
INSERT INTO LABORATORY_ASSISTANT (name, email, password) VALUES ('Richard Morales', 'robertmckee@gmail.com', 'xGEfKeocTiDhbBctKhWt');
INSERT INTO ACCOUNTANT (name, email, password) VALUES ('Jessica Jackson', 'jasonlove@yahoo.com', 'zRXctMEj');
INSERT INTO LABORATORY_ASSISTANT (name, email, password) VALUES ('Jessica Jackson', 'jasonlove@yahoo.com', 'zRXctMEj');
INSERT INTO ACCOUNTANT (name, email, password) VALUES ('Justin Burgess', 'greenpaul@yahoo.com', 'yQdedcXiIsoSVw');
INSERT INTO LABORATORY_ASSISTANT (name, email, password) VALUES ('Justin Burgess', 'greenpaul@yahoo.com', 'yQdedcXiIsoSVw');
INSERT INTO ACCOUNTANT (name, email, password) VALUES ('Lisa Tran', 'russellmiller@gmail.com', 'mIRJbAaAsKsr');
INSERT INTO LABORATORY_ASSISTANT (name, email, password) VALUES ('Lisa Tran', 'russellmiller@gmail.com', 'mIRJbAaAsKsr');
INSERT INTO ACCOUNTANT (name, email, password) VALUES ('Jason Andrews', 'jasondudley@gmail.com', 'OVOInZwkYcnlSWFEE');
INSERT INTO LABORATORY_ASSISTANT (name, email, password) VALUES ('Jason Andrews', 'jasondudley@gmail.com', 'OVOInZwkYcnlSWFEE');
INSERT INTO ACCOUNTANT (name, email, password) VALUES ('Renee Jordan', 'anne93@yahoo.com', 'MbsNwvKwVMiXFhjs');
INSERT INTO LABORATORY_ASSISTANT (name, email, password) VALUES ('Renee Jordan', 'anne93@yahoo.com', 'MbsNwvKwVMiXFhjs');
INSERT INTO ACCOUNTANT (name, email, password) VALUES ('Robert Navarro', 'theresapugh@gmail.com', 'MwfeaVzNZn');
INSERT INTO LABORATORY_ASSISTANT (name, email, password) VALUES ('Robert Navarro', 'theresapugh@gmail.com', 'MwfeaVzNZn');
INSERT INTO ACCOUNTANT (name, email, password) VALUES ('Danny Silva', 'mark99@hotmail.com', 'zuaTsvWx');
INSERT INTO LABORATORY_ASSISTANT (name, email, password) VALUES ('Danny Silva', 'mark99@hotmail.com', 'zuaTsvWx');
INSERT INTO ACCOUNTANT (name, email, password) VALUES ('Janet Moore MD', 'andrewhall@gmail.com', 'VDElFhTz');
INSERT INTO LABORATORY_ASSISTANT (name, email, password) VALUES ('Janet Moore MD', 'andrewhall@gmail.com', 'VDElFhTz');
INSERT INTO ACCOUNTANT (name, email, password) VALUES ('Susan Banks', 'kleinrhonda@gmail.com', 'LsuTZlxppauvcZvIWH');
INSERT INTO LABORATORY_ASSISTANT (name, email, password) VALUES ('Susan Banks', 'kleinrhonda@gmail.com', 'LsuTZlxppauvcZvIWH');
INSERT INTO ACCOUNTANT (name, email, password) VALUES ('Tony Abbott', 'olivergina@hotmail.com', 'mekuTZbfxptgT');
INSERT INTO LABORATORY_ASSISTANT (name, email, password) VALUES ('Tony Abbott', 'olivergina@hotmail.com', 'mekuTZbfxptgT');
INSERT INTO ACCOUNTANT (name, email, password) VALUES ('Brittney Haney', 'erika27@gmail.com', 'LVmuGYPNWUefiQ');
INSERT INTO LABORATORY_ASSISTANT (name, email, password) VALUES ('Brittney Haney', 'erika27@gmail.com', 'LVmuGYPNWUefiQ');
INSERT INTO ACCOUNTANT (name, email, password) VALUES ('Andrea Brown', 'laura17@hotmail.com', 'pCviBMFQZZG');
INSERT INTO LABORATORY_ASSISTANT (name, email, password) VALUES ('Andrea Brown', 'laura17@hotmail.com', 'pCviBMFQZZG');
INSERT INTO ACCOUNTANT (name, email, password) VALUES ('Sarah Tucker', 'donald50@hotmail.com', 'WwOFXFkr');
INSERT INTO LABORATORY_ASSISTANT (name, email, password) VALUES ('Sarah Tucker', 'donald50@hotmail.com', 'WwOFXFkr');
INSERT INTO ACCOUNTANT (name, email, password) VALUES ('Jeremy Ochoa', 'hailey04@yahoo.com', 'YnFdAJGSNlrAwmPpXIF');
INSERT INTO LABORATORY_ASSISTANT (name, email, password) VALUES ('Jeremy Ochoa', 'hailey04@yahoo.com', 'YnFdAJGSNlrAwmPpXIF');
INSERT INTO ACCOUNTANT (name, email, password) VALUES ('Deborah Robinson', 'usanders@hotmail.com', 'yjHrXCNvQnJLFtb');
INSERT INTO LABORATORY_ASSISTANT (name, email, password) VALUES ('Deborah Robinson', 'usanders@hotmail.com', 'yjHrXCNvQnJLFtb');
INSERT INTO ACCOUNTANT (name, email, password) VALUES ('Dana Kline', 'drew44@yahoo.com', 'XwmnEocSTnqHPpfTus');
INSERT INTO LABORATORY_ASSISTANT (name, email, password) VALUES ('Dana Kline', 'drew44@yahoo.com', 'XwmnEocSTnqHPpfTus');
INSERT INTO ACCOUNTANT (name, email, password) VALUES ('Alexandra Yates', 'rlewis@gmail.com', 'ZHVaMLpP');
INSERT INTO LABORATORY_ASSISTANT (name, email, password) VALUES ('Alexandra Yates', 'rlewis@gmail.com', 'ZHVaMLpP');
INSERT INTO ACCOUNTANT (name, email, password) VALUES ('Cheryl Bates', 'briandixon@gmail.com', 'QJUnOoUVBqJHhrImNi');
INSERT INTO LABORATORY_ASSISTANT (name, email, password) VALUES ('Cheryl Bates', 'briandixon@gmail.com', 'QJUnOoUVBqJHhrImNi');
INSERT INTO ACCOUNTANT (name, email, password) VALUES ('Deborah Williams', 'steven00@hotmail.com', 'CyvoRGng');
INSERT INTO LABORATORY_ASSISTANT (name, email, password) VALUES ('Deborah Williams', 'steven00@hotmail.com', 'CyvoRGng');
INSERT INTO ACCOUNTANT (name, email, password) VALUES ('Gary Brown', 'johnsoncaitlin@yahoo.com', 'TvkeaSmURXfdlL');
INSERT INTO LABORATORY_ASSISTANT (name, email, password) VALUES ('Gary Brown', 'johnsoncaitlin@yahoo.com', 'TvkeaSmURXfdlL');
INSERT INTO ACCOUNTANT (name, email, password) VALUES ('Amanda Jordan', 'bsingh@gmail.com', 'iOymTEDPJck');
INSERT INTO LABORATORY_ASSISTANT (name, email, password) VALUES ('Amanda Jordan', 'bsingh@gmail.com', 'iOymTEDPJck');
INSERT INTO ACCOUNTANT (name, email, password) VALUES ('Olivia Richardson', 'ynorris@yahoo.com', 'dWYlinOSmgShOFoq');
INSERT INTO LABORATORY_ASSISTANT (name, email, password) VALUES ('Olivia Richardson', 'ynorris@yahoo.com', 'dWYlinOSmgShOFoq');
INSERT INTO ACCOUNTANT (name, email, password) VALUES ('Lauren Smith', 'agonzalez@yahoo.com', 'nnGSOaJUFajZKXhEZC');
INSERT INTO LABORATORY_ASSISTANT (name, email, password) VALUES ('Lauren Smith', 'agonzalez@yahoo.com', 'nnGSOaJUFajZKXhEZC');
INSERT INTO ACCOUNTANT (name, email, password) VALUES ('Justin Day', 'lisa65@yahoo.com', 'YzIrxVtaSDznq');
INSERT INTO LABORATORY_ASSISTANT (name, email, password) VALUES ('Justin Day', 'lisa65@yahoo.com', 'YzIrxVtaSDznq');
INSERT INTO ACCOUNTANT (name, email, password) VALUES ('Benjamin Richardson', 'psaunders@yahoo.com', 'wGJnYeUFhIewMOW');
INSERT INTO LABORATORY_ASSISTANT (name, email, password) VALUES ('Benjamin Richardson', 'psaunders@yahoo.com', 'wGJnYeUFhIewMOW');
INSERT INTO ACCOUNTANT (name, email, password) VALUES ('Anna Prince', 'sara13@hotmail.com', 'jgRrdlbrTzHnBlYt');
INSERT INTO LABORATORY_ASSISTANT (name, email, password) VALUES ('Anna Prince', 'sara13@hotmail.com', 'jgRrdlbrTzHnBlYt');
INSERT INTO ACCOUNTANT (name, email, password) VALUES ('Mary Wilson', 'richard10@hotmail.com', 'mMSrGrDhWz');
INSERT INTO LABORATORY_ASSISTANT (name, email, password) VALUES ('Mary Wilson', 'richard10@hotmail.com', 'mMSrGrDhWz');
INSERT INTO ACCOUNTANT (name, email, password) VALUES ('Jessica Barnett', 'xanderson@yahoo.com', 'xKaLiQhcARw');
INSERT INTO LABORATORY_ASSISTANT (name, email, password) VALUES ('Jessica Barnett', 'xanderson@yahoo.com', 'xKaLiQhcARw');
INSERT INTO ACCOUNTANT (name, email, password) VALUES ('Benjamin Flores', 'kaylaramirez@yahoo.com', 'YIMpLLGMjUDAp');
INSERT INTO LABORATORY_ASSISTANT (name, email, password) VALUES ('Benjamin Flores', 'kaylaramirez@yahoo.com', 'YIMpLLGMjUDAp');
INSERT INTO ACCOUNTANT (name, email, password) VALUES ('Krista Jones', 'ugarcia@hotmail.com', 'rLhoPeWjxLFyIuF');
INSERT INTO LABORATORY_ASSISTANT (name, email, password) VALUES ('Krista Jones', 'ugarcia@hotmail.com', 'rLhoPeWjxLFyIuF');
INSERT INTO ACCOUNTANT (name, email, password) VALUES ('Paula Scott', 'kaitlin35@yahoo.com', 'iuTlOgovdqFBaWing');
INSERT INTO LABORATORY_ASSISTANT (name, email, password) VALUES ('Paula Scott', 'kaitlin35@yahoo.com', 'iuTlOgovdqFBaWing');
INSERT INTO ACCOUNTANT (name, email, password) VALUES ('Roger Roberts', 'williammyers@gmail.com', 'fGXbzpRNitleg');
INSERT INTO LABORATORY_ASSISTANT (name, email, password) VALUES ('Roger Roberts', 'williammyers@gmail.com', 'fGXbzpRNitleg');
INSERT INTO ACCOUNTANT (name, email, password) VALUES ('Carolyn Frank', 'jenniferjones@hotmail.com', 'cQNJLWJoHNJdD');
INSERT INTO LABORATORY_ASSISTANT (name, email, password) VALUES ('Carolyn Frank', 'jenniferjones@hotmail.com', 'cQNJLWJoHNJdD');
INSERT INTO ACCOUNTANT (name, email, password) VALUES ('Tracy Williams', 'fishermargaret@yahoo.com', 'wzBjSpFMCXWIkG');
INSERT INTO LABORATORY_ASSISTANT (name, email, password) VALUES ('Tracy Williams', 'fishermargaret@yahoo.com', 'wzBjSpFMCXWIkG');
INSERT INTO ACCOUNTANT (name, email, password) VALUES ('Melissa Anderson', 'patricia74@gmail.com', 'eZzDJBgzzoZa');
INSERT INTO LABORATORY_ASSISTANT (name, email, password) VALUES ('Melissa Anderson', 'patricia74@gmail.com', 'eZzDJBgzzoZa');
INSERT INTO ACCOUNTANT (name, email, password) VALUES ('Amy Williams', 'stephen11@yahoo.com', 'kokzBYvmBNVi');
INSERT INTO LABORATORY_ASSISTANT (name, email, password) VALUES ('Amy Williams', 'stephen11@yahoo.com', 'kokzBYvmBNVi');
INSERT INTO ACCOUNTANT (name, email, password) VALUES ('Randy Krueger', 'ramirezapril@gmail.com', 'yxSWuUXQNclpuPlZ');
INSERT INTO LABORATORY_ASSISTANT (name, email, password) VALUES ('Randy Krueger', 'ramirezapril@gmail.com', 'yxSWuUXQNclpuPlZ');
INSERT INTO ACCOUNTANT (name, email, password) VALUES ('Alex Garcia', 'sarahbrown@gmail.com', 'btGxmPOoBTNMgHWk');
INSERT INTO LABORATORY_ASSISTANT (name, email, password) VALUES ('Alex Garcia', 'sarahbrown@gmail.com', 'btGxmPOoBTNMgHWk');
INSERT INTO ACCOUNTANT (name, email, password) VALUES ('Stephanie Spencer', 'reyesamanda@yahoo.com', 'zfPUMBwARVeFzlriiC');
INSERT INTO LABORATORY_ASSISTANT (name, email, password) VALUES ('Stephanie Spencer', 'reyesamanda@yahoo.com', 'zfPUMBwARVeFzlriiC');
INSERT INTO ACCOUNTANT (name, email, password) VALUES ('Nicholas Reed', 'tbarr@yahoo.com', 'MNZwhKUQhNRQk');
INSERT INTO LABORATORY_ASSISTANT (name, email, password) VALUES ('Nicholas Reed', 'tbarr@yahoo.com', 'MNZwhKUQhNRQk');
INSERT INTO ACCOUNTANT (name, email, password) VALUES ('Helen Hale', 'currylisa@yahoo.com', 'ERdtowtCMVsaUCU');
INSERT INTO LABORATORY_ASSISTANT (name, email, password) VALUES ('Helen Hale', 'currylisa@yahoo.com', 'ERdtowtCMVsaUCU');
INSERT INTO ACCOUNTANT (name, email, password) VALUES ('Dana Christensen', 'qjones@hotmail.com', 'AKeYEoEFLliVP');
INSERT INTO LABORATORY_ASSISTANT (name, email, password) VALUES ('Dana Christensen', 'qjones@hotmail.com', 'AKeYEoEFLliVP');
INSERT INTO ACCOUNTANT (name, email, password) VALUES ('Shannon Mason', 'sjohnson@hotmail.com', 'XSwsfWdbjeqIzcBJfqC');
INSERT INTO LABORATORY_ASSISTANT (name, email, password) VALUES ('Shannon Mason', 'sjohnson@hotmail.com', 'XSwsfWdbjeqIzcBJfqC');
INSERT INTO ACCOUNTANT (name, email, password) VALUES ('Lori Moreno', 'edwardsmatthew@yahoo.com', 'RDOFaEOby');
INSERT INTO LABORATORY_ASSISTANT (name, email, password) VALUES ('Lori Moreno', 'edwardsmatthew@yahoo.com', 'RDOFaEOby');
INSERT INTO ACCOUNTANT (name, email, password) VALUES ('Larry Greene', 'bradleytaylor@gmail.com', 'NbSQIRJCU');
INSERT INTO LABORATORY_ASSISTANT (name, email, password) VALUES ('Larry Greene', 'bradleytaylor@gmail.com', 'NbSQIRJCU');
INSERT INTO ACCOUNTANT (name, email, password) VALUES ('Anthony Beltran', 'davidknight@yahoo.com', 'ZKvIyczCBziU');
INSERT INTO LABORATORY_ASSISTANT (name, email, password) VALUES ('Anthony Beltran', 'davidknight@yahoo.com', 'ZKvIyczCBziU');
INSERT INTO ACCOUNTANT (name, email, password) VALUES ('Alejandra Clements', 'john72@yahoo.com', 'PwvsAZPDcM');
INSERT INTO LABORATORY_ASSISTANT (name, email, password) VALUES ('Alejandra Clements', 'john72@yahoo.com', 'PwvsAZPDcM');
INSERT INTO ACCOUNTANT (name, email, password) VALUES ('Kathy Hernandez', 'dbeard@yahoo.com', 'qBLxJCtSOapXXhlkRVb');
INSERT INTO LABORATORY_ASSISTANT (name, email, password) VALUES ('Kathy Hernandez', 'dbeard@yahoo.com', 'qBLxJCtSOapXXhlkRVb');
INSERT INTO ACCOUNTANT (name, email, password) VALUES ('Alison Barrera', 'davidharris@gmail.com', 'qISBRdeN');
INSERT INTO LABORATORY_ASSISTANT (name, email, password) VALUES ('Alison Barrera', 'davidharris@gmail.com', 'qISBRdeN');
INSERT INTO ACCOUNTANT (name, email, password) VALUES ('Sarah Johnson MD', 'ronalddelacruz@hotmail.com', 'TMyAyVJsiyrFgGfZV');
INSERT INTO LABORATORY_ASSISTANT (name, email, password) VALUES ('Sarah Johnson MD', 'ronalddelacruz@hotmail.com', 'TMyAyVJsiyrFgGfZV');
INSERT INTO ACCOUNTANT (name, email, password) VALUES ('Juan Duran', 'mcgeerhonda@gmail.com', 'axajvurdDcmTIaVhvj');
INSERT INTO LABORATORY_ASSISTANT (name, email, password) VALUES ('Juan Duran', 'mcgeerhonda@gmail.com', 'axajvurdDcmTIaVhvj');
INSERT INTO ACCOUNTANT (name, email, password) VALUES ('Lauren Adams', 'melissa08@gmail.com', 'yNrglNHdsahVVs');
INSERT INTO LABORATORY_ASSISTANT (name, email, password) VALUES ('Lauren Adams', 'melissa08@gmail.com', 'yNrglNHdsahVVs');
INSERT INTO ACCOUNTANT (name, email, password) VALUES ('James Johnson', 'bernardcrystal@gmail.com', 'zNibnFPW');
INSERT INTO LABORATORY_ASSISTANT (name, email, password) VALUES ('James Johnson', 'bernardcrystal@gmail.com', 'zNibnFPW');
INSERT INTO ACCOUNTANT (name, email, password) VALUES ('Zachary Brown', 'hollyhenry@yahoo.com', 'oWTNzzKGiyioxXbCcSB');
INSERT INTO LABORATORY_ASSISTANT (name, email, password) VALUES ('Zachary Brown', 'hollyhenry@yahoo.com', 'oWTNzzKGiyioxXbCcSB');
INSERT INTO ACCOUNTANT (name, email, password) VALUES ('Christian Nguyen', 'feliciahoover@hotmail.com', 'VrVEZZVGZv');
INSERT INTO LABORATORY_ASSISTANT (name, email, password) VALUES ('Christian Nguyen', 'feliciahoover@hotmail.com', 'VrVEZZVGZv');
INSERT INTO ACCOUNTANT (name, email, password) VALUES ('Deborah Knight', 'castrojohn@gmail.com', 'gBvcwztXaU');
INSERT INTO LABORATORY_ASSISTANT (name, email, password) VALUES ('Deborah Knight', 'castrojohn@gmail.com', 'gBvcwztXaU');
INSERT INTO ACCOUNTANT (name, email, password) VALUES ('Kevin Jackson', 'millertiffany@hotmail.com', 'KScKTQsylmVYX');
INSERT INTO LABORATORY_ASSISTANT (name, email, password) VALUES ('Kevin Jackson', 'millertiffany@hotmail.com', 'KScKTQsylmVYX');
INSERT INTO ACCOUNTANT (name, email, password) VALUES ('Amber Middleton', 'longmatthew@yahoo.com', 'TcakIpnaHITng');
INSERT INTO LABORATORY_ASSISTANT (name, email, password) VALUES ('Amber Middleton', 'longmatthew@yahoo.com', 'TcakIpnaHITng');
INSERT INTO ACCOUNTANT (name, email, password) VALUES ('Nicole Mckenzie', 'patrickwilliams@gmail.com', 'NtlqxEFYmZCtEy');
INSERT INTO LABORATORY_ASSISTANT (name, email, password) VALUES ('Nicole Mckenzie', 'patrickwilliams@gmail.com', 'NtlqxEFYmZCtEy');
INSERT INTO ACCOUNTANT (name, email, password) VALUES ('Ashley Smith', 'tracy97@yahoo.com', 'qrXDHXmmDzHubrzG');
INSERT INTO LABORATORY_ASSISTANT (name, email, password) VALUES ('Ashley Smith', 'tracy97@yahoo.com', 'qrXDHXmmDzHubrzG');
INSERT INTO ACCOUNTANT (name, email, password) VALUES ('Mitchell Jones', 'matthew82@hotmail.com', 'zoUAPbPrqtGCF');
INSERT INTO LABORATORY_ASSISTANT (name, email, password) VALUES ('Mitchell Jones', 'matthew82@hotmail.com', 'zoUAPbPrqtGCF');
INSERT INTO ACCOUNTANT (name, email, password) VALUES ('Richard Cunningham', 'kelly10@gmail.com', 'CJecYwZNtefI');
INSERT INTO LABORATORY_ASSISTANT (name, email, password) VALUES ('Richard Cunningham', 'kelly10@gmail.com', 'CJecYwZNtefI');
INSERT INTO ACCOUNTANT (name, email, password) VALUES ('Crystal Cross', 'sue73@hotmail.com', 'AAVLbzmfcAC');
INSERT INTO LABORATORY_ASSISTANT (name, email, password) VALUES ('Crystal Cross', 'sue73@hotmail.com', 'AAVLbzmfcAC');
INSERT INTO ACCOUNTANT (name, email, password) VALUES ('Charles Kerr', 'donnaking@gmail.com', 'DbtDKxmNFTgVzRwaRS');
INSERT INTO LABORATORY_ASSISTANT (name, email, password) VALUES ('Charles Kerr', 'donnaking@gmail.com', 'DbtDKxmNFTgVzRwaRS');
INSERT INTO ACCOUNTANT (name, email, password) VALUES ('Martha Jones', 'marshallkristen@hotmail.com', 'bBoPEGmyDEW');
INSERT INTO LABORATORY_ASSISTANT (name, email, password) VALUES ('Martha Jones', 'marshallkristen@hotmail.com', 'bBoPEGmyDEW');
INSERT INTO ACCOUNTANT (name, email, password) VALUES ('Andrew Sutton', 'cathygould@yahoo.com', 'wxKsPzZuBOXcJwGFcLx');
INSERT INTO LABORATORY_ASSISTANT (name, email, password) VALUES ('Andrew Sutton', 'cathygould@yahoo.com', 'wxKsPzZuBOXcJwGFcLx');
INSERT INTO ACCOUNTANT (name, email, password) VALUES ('Jimmy Jones', 'cummingstammy@hotmail.com', 'vPAkcRbutaIw');
INSERT INTO LABORATORY_ASSISTANT (name, email, password) VALUES ('Jimmy Jones', 'cummingstammy@hotmail.com', 'vPAkcRbutaIw');
INSERT INTO ACCOUNTANT (name, email, password) VALUES ('Cameron Clark', 'fsimmons@hotmail.com', 'nEqPRpNmz');
INSERT INTO LABORATORY_ASSISTANT (name, email, password) VALUES ('Cameron Clark', 'fsimmons@hotmail.com', 'nEqPRpNmz');
INSERT INTO ACCOUNTANT (name, email, password) VALUES ('Brianna Owen', 'nathansanchez@yahoo.com', 'MebifDjpOezSIJo');
INSERT INTO LABORATORY_ASSISTANT (name, email, password) VALUES ('Brianna Owen', 'nathansanchez@yahoo.com', 'MebifDjpOezSIJo');
INSERT INTO ACCOUNTANT (name, email, password) VALUES ('Peggy Ruiz', 'samanthaho@yahoo.com', 'yDgTWxKhqxhTq');
INSERT INTO LABORATORY_ASSISTANT (name, email, password) VALUES ('Peggy Ruiz', 'samanthaho@yahoo.com', 'yDgTWxKhqxhTq');
INSERT INTO ACCOUNTANT (name, email, password) VALUES ('Brandon Anderson MD', 'crosslarry@hotmail.com', 'gmScrhPjS');
INSERT INTO LABORATORY_ASSISTANT (name, email, password) VALUES ('Brandon Anderson MD', 'crosslarry@hotmail.com', 'gmScrhPjS');
INSERT INTO ACCOUNTANT (name, email, password) VALUES ('John Lowe', 'hensleymason@gmail.com', 'hvAxMFDYCD');
INSERT INTO LABORATORY_ASSISTANT (name, email, password) VALUES ('John Lowe', 'hensleymason@gmail.com', 'hvAxMFDYCD');
INSERT INTO ACCOUNTANT (name, email, password) VALUES ('David Ashley', 'vcole@hotmail.com', 'UiGqYCYRtoW');
INSERT INTO LABORATORY_ASSISTANT (name, email, password) VALUES ('David Ashley', 'vcole@hotmail.com', 'UiGqYCYRtoW');
INSERT INTO ACCOUNTANT (name, email, password) VALUES ('Tony Morgan', 'vstone@gmail.com', 'IVtYlbiZhOikvZCmSGHV');
INSERT INTO LABORATORY_ASSISTANT (name, email, password) VALUES ('Tony Morgan', 'vstone@gmail.com', 'IVtYlbiZhOikvZCmSGHV');
INSERT INTO ACCOUNTANT (name, email, password) VALUES ('Willie Clarke', 'shawn01@gmail.com', 'ScJTKpdwzfZfuUhzuny');
INSERT INTO LABORATORY_ASSISTANT (name, email, password) VALUES ('Willie Clarke', 'shawn01@gmail.com', 'ScJTKpdwzfZfuUhzuny');
INSERT INTO ACCOUNTANT (name, email, password) VALUES ('Sean Tucker', 'elizabethsmith@yahoo.com', 'LxZjumXvcPPDg');
INSERT INTO LABORATORY_ASSISTANT (name, email, password) VALUES ('Sean Tucker', 'elizabethsmith@yahoo.com', 'LxZjumXvcPPDg');
INSERT INTO ACCOUNTANT (name, email, password) VALUES ('Donald Reynolds', 'dberg@hotmail.com', 'MkoZnYBt');
INSERT INTO LABORATORY_ASSISTANT (name, email, password) VALUES ('Donald Reynolds', 'dberg@hotmail.com', 'MkoZnYBt');
INSERT INTO ACCOUNTANT (name, email, password) VALUES ('Penny Mueller', 'brittany33@yahoo.com', 'vhvditrQSnmC');
INSERT INTO LABORATORY_ASSISTANT (name, email, password) VALUES ('Penny Mueller', 'brittany33@yahoo.com', 'vhvditrQSnmC');
INSERT INTO ACCOUNTANT (name, email, password) VALUES ('Robert Smith', 'jjohnson@gmail.com', 'GmrHmqhnkWl');
INSERT INTO LABORATORY_ASSISTANT (name, email, password) VALUES ('Robert Smith', 'jjohnson@gmail.com', 'GmrHmqhnkWl');
INSERT INTO ACCOUNTANT (name, email, password) VALUES ('Carl Harris', 'michellebridges@gmail.com', 'wGFVsZwQ');
INSERT INTO LABORATORY_ASSISTANT (name, email, password) VALUES ('Carl Harris', 'michellebridges@gmail.com', 'wGFVsZwQ');
INSERT INTO ACCOUNTANT (name, email, password) VALUES ('Amanda Logan', 'yvonnerodriguez@hotmail.com', 'ulqhPIcPxmZW');
INSERT INTO LABORATORY_ASSISTANT (name, email, password) VALUES ('Amanda Logan', 'yvonnerodriguez@hotmail.com', 'ulqhPIcPxmZW');
INSERT INTO ACCOUNTANT (name, email, password) VALUES ('Joseph Hughes', 'mccannchristopher@hotmail.com', 'oNvbrHGprEyBhqU');
INSERT INTO LABORATORY_ASSISTANT (name, email, password) VALUES ('Joseph Hughes', 'mccannchristopher@hotmail.com', 'oNvbrHGprEyBhqU');
INSERT INTO ACCOUNTANT (name, email, password) VALUES ('Christopher Wright', 'douglascoleman@hotmail.com', 'oPkfNpltOuulhCrUOKWz');
INSERT INTO LABORATORY_ASSISTANT (name, email, password) VALUES ('Christopher Wright', 'douglascoleman@hotmail.com', 'oPkfNpltOuulhCrUOKWz');
INSERT INTO ACCOUNTANT (name, email, password) VALUES ('Stacy Perez', 'mark06@gmail.com', 'lhUpuycfwmg');
INSERT INTO LABORATORY_ASSISTANT (name, email, password) VALUES ('Stacy Perez', 'mark06@gmail.com', 'lhUpuycfwmg');
INSERT INTO ACCOUNTANT (name, email, password) VALUES ('Matthew Cook', 'alisonwilliams@yahoo.com', 'PvdPNBqlSGOYMABwHpg');
INSERT INTO LABORATORY_ASSISTANT (name, email, password) VALUES ('Matthew Cook', 'alisonwilliams@yahoo.com', 'PvdPNBqlSGOYMABwHpg');
INSERT INTO ACCOUNTANT (name, email, password) VALUES ('Ruth Green', 'dcrane@gmail.com', 'jVepsSJxF');
INSERT INTO LABORATORY_ASSISTANT (name, email, password) VALUES ('Ruth Green', 'dcrane@gmail.com', 'jVepsSJxF');
INSERT INTO ACCOUNTANT (name, email, password) VALUES ('William Ashley', 'nicholas27@hotmail.com', 'qyPpVKByfUI');
INSERT INTO LABORATORY_ASSISTANT (name, email, password) VALUES ('William Ashley', 'nicholas27@hotmail.com', 'qyPpVKByfUI');
INSERT INTO ACCOUNTANT (name, email, password) VALUES ('Dana Webster', 'austinkathleen@yahoo.com', 'szSczJkRWFXynMESsT');
INSERT INTO LABORATORY_ASSISTANT (name, email, password) VALUES ('Dana Webster', 'austinkathleen@yahoo.com', 'szSczJkRWFXynMESsT');
INSERT INTO ACCOUNTANT (name, email, password) VALUES ('Daniel Browning', 'sarahbell@hotmail.com', 'kkFFujwxpruceR');
INSERT INTO LABORATORY_ASSISTANT (name, email, password) VALUES ('Daniel Browning', 'sarahbell@hotmail.com', 'kkFFujwxpruceR');
INSERT INTO ACCOUNTANT (name, email, password) VALUES ('Rachel Ingram', 'lopezmegan@yahoo.com', 'TYfsNZyMdKkHBG');
INSERT INTO LABORATORY_ASSISTANT (name, email, password) VALUES ('Rachel Ingram', 'lopezmegan@yahoo.com', 'TYfsNZyMdKkHBG');
INSERT INTO ACCOUNTANT (name, email, password) VALUES ('Tonya Carrillo', 'mitchelljoshua@yahoo.com', 'ENlgtqcT');
INSERT INTO LABORATORY_ASSISTANT (name, email, password) VALUES ('Tonya Carrillo', 'mitchelljoshua@yahoo.com', 'ENlgtqcT');
INSERT INTO ACCOUNTANT (name, email, password) VALUES ('Darren Jones', 'houseshawn@hotmail.com', 'KKETVOSaHaDNRjLf');
INSERT INTO LABORATORY_ASSISTANT (name, email, password) VALUES ('Darren Jones', 'houseshawn@hotmail.com', 'KKETVOSaHaDNRjLf');
INSERT INTO ACCOUNTANT (name, email, password) VALUES ('Thomas Peck', 'smithdenise@hotmail.com', 'YqMuTBrsFEyRL');
INSERT INTO LABORATORY_ASSISTANT (name, email, password) VALUES ('Thomas Peck', 'smithdenise@hotmail.com', 'YqMuTBrsFEyRL');
INSERT INTO ACCOUNTANT (name, email, password) VALUES ('Lindsey Reyes DDS', 'nancy30@gmail.com', 'rkDFmhiHOS');
INSERT INTO LABORATORY_ASSISTANT (name, email, password) VALUES ('Lindsey Reyes DDS', 'nancy30@gmail.com', 'rkDFmhiHOS');
INSERT INTO ACCOUNTANT (name, email, password) VALUES ('Kerry Walker', 'gmarks@hotmail.com', 'bEmzqnFCBhVueWHLwOM');
INSERT INTO LABORATORY_ASSISTANT (name, email, password) VALUES ('Kerry Walker', 'gmarks@hotmail.com', 'bEmzqnFCBhVueWHLwOM');
INSERT INTO ACCOUNTANT (name, email, password) VALUES ('Alicia Hobbs', 'benjaminchambers@gmail.com', 'zrSuHUwNVOu');
INSERT INTO LABORATORY_ASSISTANT (name, email, password) VALUES ('Alicia Hobbs', 'benjaminchambers@gmail.com', 'zrSuHUwNVOu');
INSERT INTO ACCOUNTANT (name, email, password) VALUES ('Pamela Glover', 'johnsonchristian@gmail.com', 'WXvLuJpjhDAcYL');
INSERT INTO LABORATORY_ASSISTANT (name, email, password) VALUES ('Pamela Glover', 'johnsonchristian@gmail.com', 'WXvLuJpjhDAcYL');
INSERT INTO ACCOUNTANT (name, email, password) VALUES ('Stephen Anderson', 'christopher81@yahoo.com', 'ccqlibUAjLqg');
INSERT INTO LABORATORY_ASSISTANT (name, email, password) VALUES ('Stephen Anderson', 'christopher81@yahoo.com', 'ccqlibUAjLqg');
INSERT INTO ACCOUNTANT (name, email, password) VALUES ('Jamie Scott', 'jillhall@yahoo.com', 'EJpILxIG');
INSERT INTO LABORATORY_ASSISTANT (name, email, password) VALUES ('Jamie Scott', 'jillhall@yahoo.com', 'EJpILxIG');
INSERT INTO ACCOUNTANT (name, email, password) VALUES ('Timothy Mcguire', 'melissapennington@yahoo.com', 'OYNjfzbCdfnlxbmvnjWj');
INSERT INTO LABORATORY_ASSISTANT (name, email, password) VALUES ('Timothy Mcguire', 'melissapennington@yahoo.com', 'OYNjfzbCdfnlxbmvnjWj');
INSERT INTO ACCOUNTANT (name, email, password) VALUES ('Connor Green', 'ychristensen@gmail.com', 'ZBfDYZpjmyaxptlNKQS');
INSERT INTO LABORATORY_ASSISTANT (name, email, password) VALUES ('Connor Green', 'ychristensen@gmail.com', 'ZBfDYZpjmyaxptlNKQS');
INSERT INTO ACCOUNTANT (name, email, password) VALUES ('Ashley Russell', 'jennifer09@hotmail.com', 'ywaemFvHynkbQPQfbhC');
INSERT INTO LABORATORY_ASSISTANT (name, email, password) VALUES ('Ashley Russell', 'jennifer09@hotmail.com', 'ywaemFvHynkbQPQfbhC');
INSERT INTO ACCOUNTANT (name, email, password) VALUES ('Walter Smith', 'amywoods@hotmail.com', 'evWfVkmgTguIstyQtS');
INSERT INTO LABORATORY_ASSISTANT (name, email, password) VALUES ('Walter Smith', 'amywoods@hotmail.com', 'evWfVkmgTguIstyQtS');
INSERT INTO ACCOUNTANT (name, email, password) VALUES ('Karen Singh', 'kwebb@gmail.com', 'jTzmtsvs');
INSERT INTO LABORATORY_ASSISTANT (name, email, password) VALUES ('Karen Singh', 'kwebb@gmail.com', 'jTzmtsvs');
INSERT INTO ACCOUNTANT (name, email, password) VALUES ('Rachel Hampton', 'williammiller@yahoo.com', 'yZBPpFDEAzS');
INSERT INTO LABORATORY_ASSISTANT (name, email, password) VALUES ('Rachel Hampton', 'williammiller@yahoo.com', 'yZBPpFDEAzS');
INSERT INTO ACCOUNTANT (name, email, password) VALUES ('Cory Banks', 'justin70@yahoo.com', 'MOccbJUcTYCjs');
INSERT INTO LABORATORY_ASSISTANT (name, email, password) VALUES ('Cory Banks', 'justin70@yahoo.com', 'MOccbJUcTYCjs');
INSERT INTO ACCOUNTANT (name, email, password) VALUES ('James Hayden', 'amoore@hotmail.com', 'DKDPYBOYEvucQUbaqVeZ');
INSERT INTO LABORATORY_ASSISTANT (name, email, password) VALUES ('James Hayden', 'amoore@hotmail.com', 'DKDPYBOYEvucQUbaqVeZ');
INSERT INTO ACCOUNTANT (name, email, password) VALUES ('Pamela Baker', 'lisa68@yahoo.com', 'LYvabORlUeSepapVh');
INSERT INTO LABORATORY_ASSISTANT (name, email, password) VALUES ('Pamela Baker', 'lisa68@yahoo.com', 'LYvabORlUeSepapVh');
INSERT INTO ACCOUNTANT (name, email, password) VALUES ('Lisa Rodriguez', 'pmoore@gmail.com', 'kmWovfxAsqcPFDRB');
INSERT INTO LABORATORY_ASSISTANT (name, email, password) VALUES ('Lisa Rodriguez', 'pmoore@gmail.com', 'kmWovfxAsqcPFDRB');
INSERT INTO ACCOUNTANT (name, email, password) VALUES ('Christine Sanders', 'danielshelton@gmail.com', 'HinPKfNTaV');
INSERT INTO LABORATORY_ASSISTANT (name, email, password) VALUES ('Christine Sanders', 'danielshelton@gmail.com', 'HinPKfNTaV');
INSERT INTO ACCOUNTANT (name, email, password) VALUES ('Christopher Elliott', 'stevenbaker@gmail.com', 'GawNsjKpqjqG');
INSERT INTO LABORATORY_ASSISTANT (name, email, password) VALUES ('Christopher Elliott', 'stevenbaker@gmail.com', 'GawNsjKpqjqG');
INSERT INTO ACCOUNTANT (name, email, password) VALUES ('Paul Ryan', 'lhorton@yahoo.com', 'XBoidbUTGIObbojAyDl');
INSERT INTO LABORATORY_ASSISTANT (name, email, password) VALUES ('Paul Ryan', 'lhorton@yahoo.com', 'XBoidbUTGIObbojAyDl');
INSERT INTO ACCOUNTANT (name, email, password) VALUES ('Heather Mccann', 'gregorysanders@hotmail.com', 'mCvrrMnZGuyKiNNXLrC');
INSERT INTO LABORATORY_ASSISTANT (name, email, password) VALUES ('Heather Mccann', 'gregorysanders@hotmail.com', 'mCvrrMnZGuyKiNNXLrC');
INSERT INTO ACCOUNTANT (name, email, password) VALUES ('Luke Rogers', 'jcampbell@gmail.com', 'aivIOgkUBcFoPwSU');
INSERT INTO LABORATORY_ASSISTANT (name, email, password) VALUES ('Luke Rogers', 'jcampbell@gmail.com', 'aivIOgkUBcFoPwSU');
INSERT INTO ACCOUNTANT (name, email, password) VALUES ('Lindsey Reed', 'frank54@gmail.com', 'jtklaqEsVx');
INSERT INTO LABORATORY_ASSISTANT (name, email, password) VALUES ('Lindsey Reed', 'frank54@gmail.com', 'jtklaqEsVx');
INSERT INTO ACCOUNTANT (name, email, password) VALUES ('Jeanne Carey', 'amanda99@gmail.com', 'hVTVUADSa');
INSERT INTO LABORATORY_ASSISTANT (name, email, password) VALUES ('Jeanne Carey', 'amanda99@gmail.com', 'hVTVUADSa');
INSERT INTO ACCOUNTANT (name, email, password) VALUES ('Nicole Martin', 'sgreen@hotmail.com', 'hRuqumiXXvjNCYheQwTV');
INSERT INTO LABORATORY_ASSISTANT (name, email, password) VALUES ('Nicole Martin', 'sgreen@hotmail.com', 'hRuqumiXXvjNCYheQwTV');
INSERT INTO ACCOUNTANT (name, email, password) VALUES ('Melissa Stanley', 'victor42@gmail.com', 'mtVutTaanzGdzYpgd');
INSERT INTO LABORATORY_ASSISTANT (name, email, password) VALUES ('Melissa Stanley', 'victor42@gmail.com', 'mtVutTaanzGdzYpgd');
INSERT INTO ACCOUNTANT (name, email, password) VALUES ('Jeremy Munoz', 'antonio05@gmail.com', 'FvuBAAVWOWcPWwjMtW');
INSERT INTO LABORATORY_ASSISTANT (name, email, password) VALUES ('Jeremy Munoz', 'antonio05@gmail.com', 'FvuBAAVWOWcPWwjMtW');
INSERT INTO ACCOUNTANT (name, email, password) VALUES ('Cheryl Hicks', 'landerson@hotmail.com', 'gexythtKIKLZ');
INSERT INTO LABORATORY_ASSISTANT (name, email, password) VALUES ('Cheryl Hicks', 'landerson@hotmail.com', 'gexythtKIKLZ');
INSERT INTO ACCOUNTANT (name, email, password) VALUES ('Mark Gilbert', 'nielsenbrian@hotmail.com', 'gCooLuNpVOGo');
INSERT INTO LABORATORY_ASSISTANT (name, email, password) VALUES ('Mark Gilbert', 'nielsenbrian@hotmail.com', 'gCooLuNpVOGo');
INSERT INTO ACCOUNTANT (name, email, password) VALUES ('Richard Torres', 'jamesnelson@hotmail.com', 'yVvSiNYHszfDjS');
INSERT INTO LABORATORY_ASSISTANT (name, email, password) VALUES ('Richard Torres', 'jamesnelson@hotmail.com', 'yVvSiNYHszfDjS');
INSERT INTO ACCOUNTANT (name, email, password) VALUES ('Kelly Wells', 'gary29@hotmail.com', 'bpJvoiuWD');
INSERT INTO LABORATORY_ASSISTANT (name, email, password) VALUES ('Kelly Wells', 'gary29@hotmail.com', 'bpJvoiuWD');
INSERT INTO ACCOUNTANT (name, email, password) VALUES ('Francisco Walton', 'iray@gmail.com', 'iduVNeCYhVuYUNROKTQ');
INSERT INTO LABORATORY_ASSISTANT (name, email, password) VALUES ('Francisco Walton', 'iray@gmail.com', 'iduVNeCYhVuYUNROKTQ');
INSERT INTO ACCOUNTANT (name, email, password) VALUES ('Tiffany Robinson', 'mossjohn@hotmail.com', 'PhRZHYodPUYWDJw');
INSERT INTO LABORATORY_ASSISTANT (name, email, password) VALUES ('Tiffany Robinson', 'mossjohn@hotmail.com', 'PhRZHYodPUYWDJw');
INSERT INTO ACCOUNTANT (name, email, password) VALUES ('Kayla Wilson', 'ashley40@hotmail.com', 'cejCgsYzXnyb');
INSERT INTO LABORATORY_ASSISTANT (name, email, password) VALUES ('Kayla Wilson', 'ashley40@hotmail.com', 'cejCgsYzXnyb');
INSERT INTO ACCOUNTANT (name, email, password) VALUES ('Dr. John Stewart', 'ramirezaudrey@hotmail.com', 'ztSgszYQT');
INSERT INTO LABORATORY_ASSISTANT (name, email, password) VALUES ('Dr. John Stewart', 'ramirezaudrey@hotmail.com', 'ztSgszYQT');
INSERT INTO ACCOUNTANT (name, email, password) VALUES ('Jessica Watkins', 'matthewperkins@gmail.com', 'tDKdlJukMdJsfHW');
INSERT INTO LABORATORY_ASSISTANT (name, email, password) VALUES ('Jessica Watkins', 'matthewperkins@gmail.com', 'tDKdlJukMdJsfHW');
INSERT INTO ACCOUNTANT (name, email, password) VALUES ('Mike Glass', 'roweallison@gmail.com', 'YCvpFZtBPi');
INSERT INTO LABORATORY_ASSISTANT (name, email, password) VALUES ('Mike Glass', 'roweallison@gmail.com', 'YCvpFZtBPi');
INSERT INTO ACCOUNTANT (name, email, password) VALUES ('David Morris', 'josephdixon@hotmail.com', 'JkivahhKjuuPDXohPa');
INSERT INTO LABORATORY_ASSISTANT (name, email, password) VALUES ('David Morris', 'josephdixon@hotmail.com', 'JkivahhKjuuPDXohPa');
INSERT INTO ACCOUNTANT (name, email, password) VALUES ('Peter Hubbard', 'umorton@gmail.com', 'aOUXTVbZHfbhYHHZiICm');
INSERT INTO LABORATORY_ASSISTANT (name, email, password) VALUES ('Peter Hubbard', 'umorton@gmail.com', 'aOUXTVbZHfbhYHHZiICm');
INSERT INTO ACCOUNTANT (name, email, password) VALUES ('Timothy Cohen', 'maryadams@yahoo.com', 'UhkgYciKWKeZzMiO');
INSERT INTO LABORATORY_ASSISTANT (name, email, password) VALUES ('Timothy Cohen', 'maryadams@yahoo.com', 'UhkgYciKWKeZzMiO');
INSERT INTO ACCOUNTANT (name, email, password) VALUES ('Joseph Farley', 'tyler11@gmail.com', 'nVvzIWxKGAgfrU');
INSERT INTO LABORATORY_ASSISTANT (name, email, password) VALUES ('Joseph Farley', 'tyler11@gmail.com', 'nVvzIWxKGAgfrU');
INSERT INTO ACCOUNTANT (name, email, password) VALUES ('Mrs. Karen Nichols', 'sampsonangela@yahoo.com', 'kUoNdWyrfQxLhatTZLy');
INSERT INTO LABORATORY_ASSISTANT (name, email, password) VALUES ('Mrs. Karen Nichols', 'sampsonangela@yahoo.com', 'kUoNdWyrfQxLhatTZLy');
INSERT INTO ACCOUNTANT (name, email, password) VALUES ('Patricia Crosby', 'kristenmoore@yahoo.com', 'ALjjsVHhbn');
INSERT INTO LABORATORY_ASSISTANT (name, email, password) VALUES ('Patricia Crosby', 'kristenmoore@yahoo.com', 'ALjjsVHhbn');
INSERT INTO ACCOUNTANT (name, email, password) VALUES ('Allison Page', 'brianjames@hotmail.com', 'ZbzgdQuCzGSnzr');
INSERT INTO LABORATORY_ASSISTANT (name, email, password) VALUES ('Allison Page', 'brianjames@hotmail.com', 'ZbzgdQuCzGSnzr');
INSERT INTO ACCOUNTANT (name, email, password) VALUES ('Alexander Wright', 'cynthia56@hotmail.com', 'boOWUpVaUrsZMu');
INSERT INTO LABORATORY_ASSISTANT (name, email, password) VALUES ('Alexander Wright', 'cynthia56@hotmail.com', 'boOWUpVaUrsZMu');
INSERT INTO ACCOUNTANT (name, email, password) VALUES ('Joanne Smith', 'srodriguez@gmail.com', 'uGiqPTPNQtAvCK');
INSERT INTO LABORATORY_ASSISTANT (name, email, password) VALUES ('Joanne Smith', 'srodriguez@gmail.com', 'uGiqPTPNQtAvCK');
INSERT INTO ACCOUNTANT (name, email, password) VALUES ('Stephanie Nunez', 'smithtimothy@gmail.com', 'iwDDyfJIIRbfSk');
INSERT INTO LABORATORY_ASSISTANT (name, email, password) VALUES ('Stephanie Nunez', 'smithtimothy@gmail.com', 'iwDDyfJIIRbfSk');
INSERT INTO ACCOUNTANT (name, email, password) VALUES ('Taylor Kim', 'madelinewood@hotmail.com', 'MGouAsSHfPPRg');
INSERT INTO LABORATORY_ASSISTANT (name, email, password) VALUES ('Taylor Kim', 'madelinewood@hotmail.com', 'MGouAsSHfPPRg');
INSERT INTO ACCOUNTANT (name, email, password) VALUES ('Timothy Nelson', 'rebeccagarcia@hotmail.com', 'oHmPFKXtGKGumUdHGAMT');
INSERT INTO LABORATORY_ASSISTANT (name, email, password) VALUES ('Timothy Nelson', 'rebeccagarcia@hotmail.com', 'oHmPFKXtGKGumUdHGAMT');
INSERT INTO ACCOUNTANT (name, email, password) VALUES ('Martha Nguyen', 'harry03@gmail.com', 'GtUMfPiwIja');
INSERT INTO LABORATORY_ASSISTANT (name, email, password) VALUES ('Martha Nguyen', 'harry03@gmail.com', 'GtUMfPiwIja');
INSERT INTO ACCOUNTANT (name, email, password) VALUES ('Olivia Warren', 'ostevens@gmail.com', 'YlVMMOLWgoMBVJ');
INSERT INTO LABORATORY_ASSISTANT (name, email, password) VALUES ('Olivia Warren', 'ostevens@gmail.com', 'YlVMMOLWgoMBVJ');
INSERT INTO ACCOUNTANT (name, email, password) VALUES ('David Perez', 'vfoster@yahoo.com', 'YJQNJKWKDByfFgi');
INSERT INTO LABORATORY_ASSISTANT (name, email, password) VALUES ('David Perez', 'vfoster@yahoo.com', 'YJQNJKWKDByfFgi');
INSERT INTO ACCOUNTANT (name, email, password) VALUES ('Natalie Dodson', 'woodbrian@gmail.com', 'clugSsYti');
INSERT INTO LABORATORY_ASSISTANT (name, email, password) VALUES ('Natalie Dodson', 'woodbrian@gmail.com', 'clugSsYti');
INSERT INTO ACCOUNTANT (name, email, password) VALUES ('Mr. David Brown', 'connorkelly@hotmail.com', 'fJBWXdsuxDEKfmAje');
INSERT INTO LABORATORY_ASSISTANT (name, email, password) VALUES ('Mr. David Brown', 'connorkelly@hotmail.com', 'fJBWXdsuxDEKfmAje');
INSERT INTO ACCOUNTANT (name, email, password) VALUES ('Joshua Swanson', 'jeffrey77@hotmail.com', 'CPMmMwXTolNfwdZMxW');
INSERT INTO LABORATORY_ASSISTANT (name, email, password) VALUES ('Joshua Swanson', 'jeffrey77@hotmail.com', 'CPMmMwXTolNfwdZMxW');
INSERT INTO ACCOUNTANT (name, email, password) VALUES ('Jonathan Bullock', 'nathan58@yahoo.com', 'CqNmFlHlFHtupSlmjiM');
INSERT INTO LABORATORY_ASSISTANT (name, email, password) VALUES ('Jonathan Bullock', 'nathan58@yahoo.com', 'CqNmFlHlFHtupSlmjiM');
INSERT INTO ACCOUNTANT (name, email, password) VALUES ('Matthew Gray', 'skeller@yahoo.com', 'JbJjtPRDNqLnqLLwEq');
INSERT INTO LABORATORY_ASSISTANT (name, email, password) VALUES ('Matthew Gray', 'skeller@yahoo.com', 'JbJjtPRDNqLnqLLwEq');
INSERT INTO ACCOUNTANT (name, email, password) VALUES ('Kevin Wilson', 'johnsonjacqueline@yahoo.com', 'QMuKDcZIeKzBa');
INSERT INTO LABORATORY_ASSISTANT (name, email, password) VALUES ('Kevin Wilson', 'johnsonjacqueline@yahoo.com', 'QMuKDcZIeKzBa');
INSERT INTO ACCOUNTANT (name, email, password) VALUES ('Nicole Anderson', 'yward@hotmail.com', 'YlMBTXelUpOLLzNMeSx');
INSERT INTO LABORATORY_ASSISTANT (name, email, password) VALUES ('Nicole Anderson', 'yward@hotmail.com', 'YlMBTXelUpOLLzNMeSx');
INSERT INTO ACCOUNTANT (name, email, password) VALUES ('Tammy Baxter', 'lisamoore@yahoo.com', 'HbPktIxh');
INSERT INTO LABORATORY_ASSISTANT (name, email, password) VALUES ('Tammy Baxter', 'lisamoore@yahoo.com', 'HbPktIxh');
INSERT INTO ACCOUNTANT (name, email, password) VALUES ('Derek Mathews', 'wendylove@gmail.com', 'lAmytfCMglrwZRt');
INSERT INTO LABORATORY_ASSISTANT (name, email, password) VALUES ('Derek Mathews', 'wendylove@gmail.com', 'lAmytfCMglrwZRt');
INSERT INTO ACCOUNTANT (name, email, password) VALUES ('Audrey Smith', 'esteselizabeth@hotmail.com', 'OLztBBlXjBoiPYO');
INSERT INTO LABORATORY_ASSISTANT (name, email, password) VALUES ('Audrey Smith', 'esteselizabeth@hotmail.com', 'OLztBBlXjBoiPYO');
INSERT INTO ACCOUNTANT (name, email, password) VALUES ('Cassidy Sullivan', 'johnathan14@gmail.com', 'ySgcSeHjkyILaGuHa');
INSERT INTO LABORATORY_ASSISTANT (name, email, password) VALUES ('Cassidy Sullivan', 'johnathan14@gmail.com', 'ySgcSeHjkyILaGuHa');
INSERT INTO ACCOUNTANT (name, email, password) VALUES ('Teresa Adams', 'craig41@hotmail.com', 'WFAcdUoTfHaYDNo');
INSERT INTO LABORATORY_ASSISTANT (name, email, password) VALUES ('Teresa Adams', 'craig41@hotmail.com', 'WFAcdUoTfHaYDNo');
INSERT INTO ACCOUNTANT (name, email, password) VALUES ('Justin Conley', 'charlesgarcia@yahoo.com', 'TPtVVUyKbdF');
INSERT INTO LABORATORY_ASSISTANT (name, email, password) VALUES ('Justin Conley', 'charlesgarcia@yahoo.com', 'TPtVVUyKbdF');
INSERT INTO ACCOUNTANT (name, email, password) VALUES ('Aaron Myers', 'joyceanderson@yahoo.com', 'hhXyflpwZBxSGZoiMDkN');
INSERT INTO LABORATORY_ASSISTANT (name, email, password) VALUES ('Aaron Myers', 'joyceanderson@yahoo.com', 'hhXyflpwZBxSGZoiMDkN');
INSERT INTO ACCOUNTANT (name, email, password) VALUES ('Kevin Owen', 'tracydelgado@hotmail.com', 'JYnDilUUtBgUe');
INSERT INTO LABORATORY_ASSISTANT (name, email, password) VALUES ('Kevin Owen', 'tracydelgado@hotmail.com', 'JYnDilUUtBgUe');
INSERT INTO ACCOUNTANT (name, email, password) VALUES ('Devin Rodriguez', 'brian53@hotmail.com', 'OwTJnFlgrHJwvig');
INSERT INTO LABORATORY_ASSISTANT (name, email, password) VALUES ('Devin Rodriguez', 'brian53@hotmail.com', 'OwTJnFlgrHJwvig');
INSERT INTO ACCOUNTANT (name, email, password) VALUES ('Samuel Ewing', 'riverachristine@yahoo.com', 'BwjbcHLeEsc');
INSERT INTO LABORATORY_ASSISTANT (name, email, password) VALUES ('Samuel Ewing', 'riverachristine@yahoo.com', 'BwjbcHLeEsc');
INSERT INTO ACCOUNTANT (name, email, password) VALUES ('Heather Peters MD', 'njimenez@hotmail.com', 'oaZlgbgCgfjiSGNfO');
INSERT INTO LABORATORY_ASSISTANT (name, email, password) VALUES ('Heather Peters MD', 'njimenez@hotmail.com', 'oaZlgbgCgfjiSGNfO');
INSERT INTO ACCOUNTANT (name, email, password) VALUES ('Denise West', 'zwalsh@gmail.com', 'wWqcwCRWnLRMsiB');
INSERT INTO LABORATORY_ASSISTANT (name, email, password) VALUES ('Denise West', 'zwalsh@gmail.com', 'wWqcwCRWnLRMsiB');
INSERT INTO ACCOUNTANT (name, email, password) VALUES ('Jordan Rose', 'megan49@yahoo.com', 'fMNbVyEcQGmEaxR');
INSERT INTO LABORATORY_ASSISTANT (name, email, password) VALUES ('Jordan Rose', 'megan49@yahoo.com', 'fMNbVyEcQGmEaxR');
INSERT INTO ACCOUNTANT (name, email, password) VALUES ('Sheila Church', 'bryan14@yahoo.com', 'qPcovscPPLMlLIUnsSuV');
INSERT INTO LABORATORY_ASSISTANT (name, email, password) VALUES ('Sheila Church', 'bryan14@yahoo.com', 'qPcovscPPLMlLIUnsSuV');
INSERT INTO ACCOUNTANT (name, email, password) VALUES ('John Fleming', 'egarcia@yahoo.com', 'JLDwgmoSfwbhmw');
INSERT INTO LABORATORY_ASSISTANT (name, email, password) VALUES ('John Fleming', 'egarcia@yahoo.com', 'JLDwgmoSfwbhmw');
INSERT INTO ACCOUNTANT (name, email, password) VALUES ('Riley Medina', 'joshuamcdonald@hotmail.com', 'ecBDXZSSABa');
INSERT INTO LABORATORY_ASSISTANT (name, email, password) VALUES ('Riley Medina', 'joshuamcdonald@hotmail.com', 'ecBDXZSSABa');
INSERT INTO ACCOUNTANT (name, email, password) VALUES ('Jillian Sherman', 'garciaeric@yahoo.com', 'FAInEGQQIcydfjS');
INSERT INTO LABORATORY_ASSISTANT (name, email, password) VALUES ('Jillian Sherman', 'garciaeric@yahoo.com', 'FAInEGQQIcydfjS');
INSERT INTO ACCOUNTANT (name, email, password) VALUES ('Jason Black', 'joeljames@gmail.com', 'HruQBfwQnLOMAhprLj');
INSERT INTO LABORATORY_ASSISTANT (name, email, password) VALUES ('Jason Black', 'joeljames@gmail.com', 'HruQBfwQnLOMAhprLj');
INSERT INTO ACCOUNTANT (name, email, password) VALUES ('Gina Swanson', 'lloydmichelle@gmail.com', 'zCypGpjoJbJH');
INSERT INTO LABORATORY_ASSISTANT (name, email, password) VALUES ('Gina Swanson', 'lloydmichelle@gmail.com', 'zCypGpjoJbJH');
INSERT INTO ACCOUNTANT (name, email, password) VALUES ('Troy Sanders', 'mariajones@gmail.com', 'WmqPpROcqsBkphJXjfgK');
INSERT INTO LABORATORY_ASSISTANT (name, email, password) VALUES ('Troy Sanders', 'mariajones@gmail.com', 'WmqPpROcqsBkphJXjfgK');
INSERT INTO ACCOUNTANT (name, email, password) VALUES ('Ryan Thomas', 'triley@gmail.com', 'yHzrHaZkBD');
INSERT INTO LABORATORY_ASSISTANT (name, email, password) VALUES ('Ryan Thomas', 'triley@gmail.com', 'yHzrHaZkBD');
INSERT INTO ACCOUNTANT (name, email, password) VALUES ('William Giles', 'dana51@gmail.com', 'JDIXwawyvtTlD');
INSERT INTO LABORATORY_ASSISTANT (name, email, password) VALUES ('William Giles', 'dana51@gmail.com', 'JDIXwawyvtTlD');
INSERT INTO ACCOUNTANT (name, email, password) VALUES ('Elizabeth Robertson', 'kristie68@yahoo.com', 'uQJRPHSS');
INSERT INTO LABORATORY_ASSISTANT (name, email, password) VALUES ('Elizabeth Robertson', 'kristie68@yahoo.com', 'uQJRPHSS');
INSERT INTO ACCOUNTANT (name, email, password) VALUES ('Melissa Mejia', 'jonathanfritz@hotmail.com', 'sQoiMHYw');
INSERT INTO LABORATORY_ASSISTANT (name, email, password) VALUES ('Melissa Mejia', 'jonathanfritz@hotmail.com', 'sQoiMHYw');
INSERT INTO ACCOUNTANT (name, email, password) VALUES ('Jamie Stephens', 'richarddawson@hotmail.com', 'tOXdFMHQ');
INSERT INTO LABORATORY_ASSISTANT (name, email, password) VALUES ('Jamie Stephens', 'richarddawson@hotmail.com', 'tOXdFMHQ');
INSERT INTO ACCOUNTANT (name, email, password) VALUES ('Sheri Francis', 'vincent84@hotmail.com', 'jtBYLCHr');
INSERT INTO LABORATORY_ASSISTANT (name, email, password) VALUES ('Sheri Francis', 'vincent84@hotmail.com', 'jtBYLCHr');
INSERT INTO ACCOUNTANT (name, email, password) VALUES ('Daniel Soto', 'ghernandez@gmail.com', 'KFSfacZky');
INSERT INTO LABORATORY_ASSISTANT (name, email, password) VALUES ('Daniel Soto', 'ghernandez@gmail.com', 'KFSfacZky');
INSERT INTO ACCOUNTANT (name, email, password) VALUES ('Shannon Meyer', 'migueljensen@yahoo.com', 'mIAbMZXKBwtHuoAeH');
INSERT INTO LABORATORY_ASSISTANT (name, email, password) VALUES ('Shannon Meyer', 'migueljensen@yahoo.com', 'mIAbMZXKBwtHuoAeH');
INSERT INTO ACCOUNTANT (name, email, password) VALUES ('Robert Chavez', 'charlenebyrd@yahoo.com', 'ndxKogieQgnYjF');
INSERT INTO LABORATORY_ASSISTANT (name, email, password) VALUES ('Robert Chavez', 'charlenebyrd@yahoo.com', 'ndxKogieQgnYjF');
INSERT INTO ACCOUNTANT (name, email, password) VALUES ('Victor Warren', 'jessica22@yahoo.com', 'iESLRzgPirsdoep');
INSERT INTO LABORATORY_ASSISTANT (name, email, password) VALUES ('Victor Warren', 'jessica22@yahoo.com', 'iESLRzgPirsdoep');
INSERT INTO ACCOUNTANT (name, email, password) VALUES ('Melissa Skinner', 'stewartsherry@yahoo.com', 'UhiolXEZPNX');
INSERT INTO LABORATORY_ASSISTANT (name, email, password) VALUES ('Melissa Skinner', 'stewartsherry@yahoo.com', 'UhiolXEZPNX');
INSERT INTO ACCOUNTANT (name, email, password) VALUES ('Brianna Rose', 'cindy96@yahoo.com', 'njRRycDGaS');
INSERT INTO LABORATORY_ASSISTANT (name, email, password) VALUES ('Brianna Rose', 'cindy96@yahoo.com', 'njRRycDGaS');
INSERT INTO ACCOUNTANT (name, email, password) VALUES ('Holly Bright', 'vsmith@yahoo.com', 'Koabeplniwceti');
INSERT INTO LABORATORY_ASSISTANT (name, email, password) VALUES ('Holly Bright', 'vsmith@yahoo.com', 'Koabeplniwceti');
INSERT INTO ACCOUNTANT (name, email, password) VALUES ('Michelle Richardson', 'qreeves@hotmail.com', 'QImAArXrIJQpgqRiE');
INSERT INTO LABORATORY_ASSISTANT (name, email, password) VALUES ('Michelle Richardson', 'qreeves@hotmail.com', 'QImAArXrIJQpgqRiE');
INSERT INTO ACCOUNTANT (name, email, password) VALUES ('Samuel Thompson', 'hmartinez@yahoo.com', 'PxyaaUELmbOpOWvlRH');
INSERT INTO LABORATORY_ASSISTANT (name, email, password) VALUES ('Samuel Thompson', 'hmartinez@yahoo.com', 'PxyaaUELmbOpOWvlRH');
INSERT INTO ACCOUNTANT (name, email, password) VALUES ('Julie Hunt DVM', 'mburton@hotmail.com', 'KoytYyzDyTlfhAn');
INSERT INTO LABORATORY_ASSISTANT (name, email, password) VALUES ('Julie Hunt DVM', 'mburton@hotmail.com', 'KoytYyzDyTlfhAn');
INSERT INTO ACCOUNTANT (name, email, password) VALUES ('Frank Howard', 'jacquelinebush@hotmail.com', 'aVxutYAtVbEFg');
INSERT INTO LABORATORY_ASSISTANT (name, email, password) VALUES ('Frank Howard', 'jacquelinebush@hotmail.com', 'aVxutYAtVbEFg');
INSERT INTO ACCOUNTANT (name, email, password) VALUES ('Nicole Lozano', 'mikeerickson@hotmail.com', 'CfDlKvRJZSwoTMZTJY');
INSERT INTO LABORATORY_ASSISTANT (name, email, password) VALUES ('Nicole Lozano', 'mikeerickson@hotmail.com', 'CfDlKvRJZSwoTMZTJY');
INSERT INTO ACCOUNTANT (name, email, password) VALUES ('Eric Henry', 'salinasbeth@gmail.com', 'AwmkVkmvBCubUEG');
INSERT INTO LABORATORY_ASSISTANT (name, email, password) VALUES ('Eric Henry', 'salinasbeth@gmail.com', 'AwmkVkmvBCubUEG');
INSERT INTO ACCOUNTANT (name, email, password) VALUES ('Kyle Bailey', 'ioliver@gmail.com', 'gXktulfxGXBKuGCZbrE');
INSERT INTO LABORATORY_ASSISTANT (name, email, password) VALUES ('Kyle Bailey', 'ioliver@gmail.com', 'gXktulfxGXBKuGCZbrE');
INSERT INTO ACCOUNTANT (name, email, password) VALUES ('Amy Davis', 'anthony39@yahoo.com', 'iZtcVnSNeFYLZKAFcVoy');
INSERT INTO LABORATORY_ASSISTANT (name, email, password) VALUES ('Amy Davis', 'anthony39@yahoo.com', 'iZtcVnSNeFYLZKAFcVoy');
INSERT INTO ACCOUNTANT (name, email, password) VALUES ('Tanya Scott', 'sherrywright@gmail.com', 'wNMtqsKCWqQE');
INSERT INTO LABORATORY_ASSISTANT (name, email, password) VALUES ('Tanya Scott', 'sherrywright@gmail.com', 'wNMtqsKCWqQE');
INSERT INTO ACCOUNTANT (name, email, password) VALUES ('Kathleen Anderson', 'gutierrezstephen@hotmail.com', 'udzFqseITnHSNn');
INSERT INTO LABORATORY_ASSISTANT (name, email, password) VALUES ('Kathleen Anderson', 'gutierrezstephen@hotmail.com', 'udzFqseITnHSNn');
INSERT INTO ACCOUNTANT (name, email, password) VALUES ('Olivia Shepard', 'tommcgee@gmail.com', 'LFCxaottLWxwrqwci');
INSERT INTO LABORATORY_ASSISTANT (name, email, password) VALUES ('Olivia Shepard', 'tommcgee@gmail.com', 'LFCxaottLWxwrqwci');
INSERT INTO ACCOUNTANT (name, email, password) VALUES ('Timothy Berger', 'meyerelizabeth@gmail.com', 'gNHZSIGUwu');
INSERT INTO LABORATORY_ASSISTANT (name, email, password) VALUES ('Timothy Berger', 'meyerelizabeth@gmail.com', 'gNHZSIGUwu');
INSERT INTO ACCOUNTANT (name, email, password) VALUES ('Meghan Mendoza', 'xhoffman@yahoo.com', 'HIBHRKgmtzsCZl');
INSERT INTO LABORATORY_ASSISTANT (name, email, password) VALUES ('Meghan Mendoza', 'xhoffman@yahoo.com', 'HIBHRKgmtzsCZl');
INSERT INTO ACCOUNTANT (name, email, password) VALUES ('Cindy Baldwin', 'brianthomas@gmail.com', 'BDyepnJZnsep');
INSERT INTO LABORATORY_ASSISTANT (name, email, password) VALUES ('Cindy Baldwin', 'brianthomas@gmail.com', 'BDyepnJZnsep');
INSERT INTO ACCOUNTANT (name, email, password) VALUES ('Joseph Hall', 'alexanderjustin@hotmail.com', 'IQVKSfgbIuACqeRDYXk');
INSERT INTO LABORATORY_ASSISTANT (name, email, password) VALUES ('Joseph Hall', 'alexanderjustin@hotmail.com', 'IQVKSfgbIuACqeRDYXk');
INSERT INTO ACCOUNTANT (name, email, password) VALUES ('Karen Pham', 'taylorpamela@yahoo.com', 'ZOxrwVlffUDHSFDsHk');
INSERT INTO LABORATORY_ASSISTANT (name, email, password) VALUES ('Karen Pham', 'taylorpamela@yahoo.com', 'ZOxrwVlffUDHSFDsHk');
INSERT INTO ACCOUNTANT (name, email, password) VALUES ('Sandra Ferguson', 'dwilliams@yahoo.com', 'qWENILLnNGJwKQJJc');
INSERT INTO LABORATORY_ASSISTANT (name, email, password) VALUES ('Sandra Ferguson', 'dwilliams@yahoo.com', 'qWENILLnNGJwKQJJc');
INSERT INTO ACCOUNTANT (name, email, password) VALUES ('Karen Lin', 'xjefferson@yahoo.com', 'NfbTgIhnFCvQ');
INSERT INTO LABORATORY_ASSISTANT (name, email, password) VALUES ('Karen Lin', 'xjefferson@yahoo.com', 'NfbTgIhnFCvQ');
INSERT INTO ACCOUNTANT (name, email, password) VALUES ('Christian Lopez', 'wtownsend@gmail.com', 'daXBzvukUTpdrzQ');
INSERT INTO LABORATORY_ASSISTANT (name, email, password) VALUES ('Christian Lopez', 'wtownsend@gmail.com', 'daXBzvukUTpdrzQ');
INSERT INTO ACCOUNTANT (name, email, password) VALUES ('Laura Castillo', 'vincentcampbell@gmail.com', 'wTEtJUkwZjTXSJf');
INSERT INTO LABORATORY_ASSISTANT (name, email, password) VALUES ('Laura Castillo', 'vincentcampbell@gmail.com', 'wTEtJUkwZjTXSJf');
INSERT INTO ACCOUNTANT (name, email, password) VALUES ('John Parker', 'mbarrett@yahoo.com', 'UUvdWJbCEBycdpfSM');
INSERT INTO LABORATORY_ASSISTANT (name, email, password) VALUES ('John Parker', 'mbarrett@yahoo.com', 'UUvdWJbCEBycdpfSM');
INSERT INTO ACCOUNTANT (name, email, password) VALUES ('Derek Clayton', 'khancock@yahoo.com', 'hGeqISyPtKERSIRS');
INSERT INTO LABORATORY_ASSISTANT (name, email, password) VALUES ('Derek Clayton', 'khancock@yahoo.com', 'hGeqISyPtKERSIRS');
INSERT INTO ACCOUNTANT (name, email, password) VALUES ('Brittany Stanton PhD', 'lisa97@gmail.com', 'epyUtJpbKlpyCim');
INSERT INTO LABORATORY_ASSISTANT (name, email, password) VALUES ('Brittany Stanton PhD', 'lisa97@gmail.com', 'epyUtJpbKlpyCim');
INSERT INTO ACCOUNTANT (name, email, password) VALUES ('Jason Reed', 'erin31@yahoo.com', 'JxyvVAeoItsS');
INSERT INTO LABORATORY_ASSISTANT (name, email, password) VALUES ('Jason Reed', 'erin31@yahoo.com', 'JxyvVAeoItsS');
INSERT INTO ACCOUNTANT (name, email, password) VALUES ('Adrienne Patterson', 'amywebb@gmail.com', 'EdRaaNOPIYtUuatI');
INSERT INTO LABORATORY_ASSISTANT (name, email, password) VALUES ('Adrienne Patterson', 'amywebb@gmail.com', 'EdRaaNOPIYtUuatI');
INSERT INTO ACCOUNTANT (name, email, password) VALUES ('Heather Ross', 'eshea@yahoo.com', 'rIipVWCkdVKbbmzlJEW');
INSERT INTO LABORATORY_ASSISTANT (name, email, password) VALUES ('Heather Ross', 'eshea@yahoo.com', 'rIipVWCkdVKbbmzlJEW');
INSERT INTO ACCOUNTANT (name, email, password) VALUES ('Rachel Gentry', 'mmercado@gmail.com', 'LsdmpoELLTQtRveZoG');
INSERT INTO LABORATORY_ASSISTANT (name, email, password) VALUES ('Rachel Gentry', 'mmercado@gmail.com', 'LsdmpoELLTQtRveZoG');
INSERT INTO ACCOUNTANT (name, email, password) VALUES ('Sean Wagner', 'traceyrose@yahoo.com', 'aGsbPlHCdBWfKUO');
INSERT INTO LABORATORY_ASSISTANT (name, email, password) VALUES ('Sean Wagner', 'traceyrose@yahoo.com', 'aGsbPlHCdBWfKUO');
INSERT INTO ACCOUNTANT (name, email, password) VALUES ('Catherine Benson', 'piercetoni@yahoo.com', 'IJgDENtFSAqS');
INSERT INTO LABORATORY_ASSISTANT (name, email, password) VALUES ('Catherine Benson', 'piercetoni@yahoo.com', 'IJgDENtFSAqS');
INSERT INTO ACCOUNTANT (name, email, password) VALUES ('Billy Perez', 'carlblack@hotmail.com', 'saGMaZwAIippYBpthX');
INSERT INTO LABORATORY_ASSISTANT (name, email, password) VALUES ('Billy Perez', 'carlblack@hotmail.com', 'saGMaZwAIippYBpthX');
INSERT INTO ACCOUNTANT (name, email, password) VALUES ('Colin Taylor', 'jeffreygibbs@hotmail.com', 'nSTAeyPnig');
INSERT INTO LABORATORY_ASSISTANT (name, email, password) VALUES ('Colin Taylor', 'jeffreygibbs@hotmail.com', 'nSTAeyPnig');
INSERT INTO ACCOUNTANT (name, email, password) VALUES ('Daniel Cook', 'david44@hotmail.com', 'LxMGhEVndvYt');
INSERT INTO LABORATORY_ASSISTANT (name, email, password) VALUES ('Daniel Cook', 'david44@hotmail.com', 'LxMGhEVndvYt');
INSERT INTO ACCOUNTANT (name, email, password) VALUES ('Justin Jordan', 'justinlee@gmail.com', 'WIjRliApAkVpRBsXgPB');
INSERT INTO LABORATORY_ASSISTANT (name, email, password) VALUES ('Justin Jordan', 'justinlee@gmail.com', 'WIjRliApAkVpRBsXgPB');
INSERT INTO ACCOUNTANT (name, email, password) VALUES ('Bryan Moreno', 'karen80@yahoo.com', 'WdfQvMpjVfWzNH');
INSERT INTO LABORATORY_ASSISTANT (name, email, password) VALUES ('Bryan Moreno', 'karen80@yahoo.com', 'WdfQvMpjVfWzNH');
INSERT INTO ACCOUNTANT (name, email, password) VALUES ('Shawn Macias', 'sandovalcarl@yahoo.com', 'AihpFmPlXhZmom');
INSERT INTO LABORATORY_ASSISTANT (name, email, password) VALUES ('Shawn Macias', 'sandovalcarl@yahoo.com', 'AihpFmPlXhZmom');
INSERT INTO ACCOUNTANT (name, email, password) VALUES ('Cheryl Woodward', 'tannerkelly@yahoo.com', 'pllbrtBOxm');
INSERT INTO LABORATORY_ASSISTANT (name, email, password) VALUES ('Cheryl Woodward', 'tannerkelly@yahoo.com', 'pllbrtBOxm');
INSERT INTO ACCOUNTANT (name, email, password) VALUES ('Lindsay Rivers', 'leemedina@hotmail.com', 'OzcGSUHXjIriKuyxFfB');
INSERT INTO LABORATORY_ASSISTANT (name, email, password) VALUES ('Lindsay Rivers', 'leemedina@hotmail.com', 'OzcGSUHXjIriKuyxFfB');
INSERT INTO ACCOUNTANT (name, email, password) VALUES ('Robert Mueller', 'zhendricks@gmail.com', 'dDmQGwMAlbgAYwm');
INSERT INTO LABORATORY_ASSISTANT (name, email, password) VALUES ('Robert Mueller', 'zhendricks@gmail.com', 'dDmQGwMAlbgAYwm');
INSERT INTO ACCOUNTANT (name, email, password) VALUES ('David Lewis', 'rstevens@yahoo.com', 'PWoMqEAFJGJVx');
INSERT INTO LABORATORY_ASSISTANT (name, email, password) VALUES ('David Lewis', 'rstevens@yahoo.com', 'PWoMqEAFJGJVx');
INSERT INTO ACCOUNTANT (name, email, password) VALUES ('Christopher Clark', 'kevingilmore@hotmail.com', 'lfqiVWmGJotGfEyDPr');
INSERT INTO LABORATORY_ASSISTANT (name, email, password) VALUES ('Christopher Clark', 'kevingilmore@hotmail.com', 'lfqiVWmGJotGfEyDPr');
INSERT INTO ACCOUNTANT (name, email, password) VALUES ('Lori Hernandez', 'estradadaniel@yahoo.com', 'amTzQBPyy');
INSERT INTO LABORATORY_ASSISTANT (name, email, password) VALUES ('Lori Hernandez', 'estradadaniel@yahoo.com', 'amTzQBPyy');
INSERT INTO ACCOUNTANT (name, email, password) VALUES ('Karen Jenkins', 'ryansmith@hotmail.com', 'dorGBWvkvbEXPd');
INSERT INTO LABORATORY_ASSISTANT (name, email, password) VALUES ('Karen Jenkins', 'ryansmith@hotmail.com', 'dorGBWvkvbEXPd');
INSERT INTO ACCOUNTANT (name, email, password) VALUES ('Mark Contreras', 'qwarren@gmail.com', 'HyZInGAWmlUYdRrVAp');
INSERT INTO LABORATORY_ASSISTANT (name, email, password) VALUES ('Mark Contreras', 'qwarren@gmail.com', 'HyZInGAWmlUYdRrVAp');
INSERT INTO ACCOUNTANT (name, email, password) VALUES ('Jamie Rios', 'tiffanyweiss@gmail.com', 'uzxfewinQEQRA');
INSERT INTO LABORATORY_ASSISTANT (name, email, password) VALUES ('Jamie Rios', 'tiffanyweiss@gmail.com', 'uzxfewinQEQRA');
INSERT INTO ACCOUNTANT (name, email, password) VALUES ('Rhonda Mitchell', 'thomassamantha@gmail.com', 'bPhYGdFyvQctF');
INSERT INTO LABORATORY_ASSISTANT (name, email, password) VALUES ('Rhonda Mitchell', 'thomassamantha@gmail.com', 'bPhYGdFyvQctF');
INSERT INTO ACCOUNTANT (name, email, password) VALUES ('Mary Watson', 'lopezbrent@yahoo.com', 'YLmXKmYJvFViIUheJQgr');
INSERT INTO LABORATORY_ASSISTANT (name, email, password) VALUES ('Mary Watson', 'lopezbrent@yahoo.com', 'YLmXKmYJvFViIUheJQgr');
INSERT INTO ACCOUNTANT (name, email, password) VALUES ('Timothy Carlson', 'jeremy60@yahoo.com', 'NumGCsTJFGFlJJo');
INSERT INTO LABORATORY_ASSISTANT (name, email, password) VALUES ('Timothy Carlson', 'jeremy60@yahoo.com', 'NumGCsTJFGFlJJo');
INSERT INTO ACCOUNTANT (name, email, password) VALUES ('Penny Steele', 'vodonnell@yahoo.com', 'HdHUUGoDDOtQEPby');
INSERT INTO LABORATORY_ASSISTANT (name, email, password) VALUES ('Penny Steele', 'vodonnell@yahoo.com', 'HdHUUGoDDOtQEPby');
INSERT INTO ACCOUNTANT (name, email, password) VALUES ('Shawn Thompson', 'xholmes@hotmail.com', 'iDSjXdfwO');
INSERT INTO LABORATORY_ASSISTANT (name, email, password) VALUES ('Shawn Thompson', 'xholmes@hotmail.com', 'iDSjXdfwO');
INSERT INTO ACCOUNTANT (name, email, password) VALUES ('Kevin Martin', 'hrogers@hotmail.com', 'clqUFeSSwVge');
INSERT INTO LABORATORY_ASSISTANT (name, email, password) VALUES ('Kevin Martin', 'hrogers@hotmail.com', 'clqUFeSSwVge');
INSERT INTO ACCOUNTANT (name, email, password) VALUES ('Samantha Moore', 'hernandezandrea@gmail.com', 'dfMXTRWDgHhOC');
INSERT INTO LABORATORY_ASSISTANT (name, email, password) VALUES ('Samantha Moore', 'hernandezandrea@gmail.com', 'dfMXTRWDgHhOC');
INSERT INTO ACCOUNTANT (name, email, password) VALUES ('Kaitlyn Nolan', 'ashley28@hotmail.com', 'PXGBwJPpLpHCVdrm');
INSERT INTO LABORATORY_ASSISTANT (name, email, password) VALUES ('Kaitlyn Nolan', 'ashley28@hotmail.com', 'PXGBwJPpLpHCVdrm');
INSERT INTO ACCOUNTANT (name, email, password) VALUES ('Bobby Fernandez', 'amandasuarez@hotmail.com', 'NHZzTDtkqy');
INSERT INTO LABORATORY_ASSISTANT (name, email, password) VALUES ('Bobby Fernandez', 'amandasuarez@hotmail.com', 'NHZzTDtkqy');
INSERT INTO ACCOUNTANT (name, email, password) VALUES ('Craig Park', 'tmiles@yahoo.com', 'cynoMetT');
INSERT INTO LABORATORY_ASSISTANT (name, email, password) VALUES ('Craig Park', 'tmiles@yahoo.com', 'cynoMetT');
INSERT INTO ACCOUNTANT (name, email, password) VALUES ('Mary Peterson', 'elliottholly@gmail.com', 'txAMaOUnhU');
INSERT INTO LABORATORY_ASSISTANT (name, email, password) VALUES ('Mary Peterson', 'elliottholly@gmail.com', 'txAMaOUnhU');
INSERT INTO ACCOUNTANT (name, email, password) VALUES ('Dennis Gardner', 'vaughntimothy@yahoo.com', 'gRhVviRLj');
INSERT INTO LABORATORY_ASSISTANT (name, email, password) VALUES ('Dennis Gardner', 'vaughntimothy@yahoo.com', 'gRhVviRLj');
INSERT INTO ACCOUNTANT (name, email, password) VALUES ('Robert Thompson', 'connorlopez@yahoo.com', 'ZsLZPvvkPvIfaayOl');
INSERT INTO LABORATORY_ASSISTANT (name, email, password) VALUES ('Robert Thompson', 'connorlopez@yahoo.com', 'ZsLZPvvkPvIfaayOl');
INSERT INTO ACCOUNTANT (name, email, password) VALUES ('Amy Smith', 'dunnlindsay@gmail.com', 'dnYhSYZPUcDUbZWN');
INSERT INTO LABORATORY_ASSISTANT (name, email, password) VALUES ('Amy Smith', 'dunnlindsay@gmail.com', 'dnYhSYZPUcDUbZWN');
INSERT INTO ACCOUNTANT (name, email, password) VALUES ('Christopher Jones', 'chanteresa@yahoo.com', 'HMYtXdCZxFT');
INSERT INTO LABORATORY_ASSISTANT (name, email, password) VALUES ('Christopher Jones', 'chanteresa@yahoo.com', 'HMYtXdCZxFT');
INSERT INTO ACCOUNTANT (name, email, password) VALUES ('Jeffrey Kennedy', 'ronaldwarner@yahoo.com', 'pqQvJyZpPnmRaI');
INSERT INTO LABORATORY_ASSISTANT (name, email, password) VALUES ('Jeffrey Kennedy', 'ronaldwarner@yahoo.com', 'pqQvJyZpPnmRaI');
INSERT INTO ACCOUNTANT (name, email, password) VALUES ('Jeremiah Ward', 'carlparker@yahoo.com', 'jvNXemIeyRBmBL');
INSERT INTO LABORATORY_ASSISTANT (name, email, password) VALUES ('Jeremiah Ward', 'carlparker@yahoo.com', 'jvNXemIeyRBmBL');
INSERT INTO ACCOUNTANT (name, email, password) VALUES ('John Sawyer', 'ejacobs@gmail.com', 'NRjhaJfrzUNlwlpThIzS');
INSERT INTO LABORATORY_ASSISTANT (name, email, password) VALUES ('John Sawyer', 'ejacobs@gmail.com', 'NRjhaJfrzUNlwlpThIzS');
INSERT INTO ACCOUNTANT (name, email, password) VALUES ('Kayla Horton', 'jamie93@gmail.com', 'TfnQbYpDDH');
INSERT INTO LABORATORY_ASSISTANT (name, email, password) VALUES ('Kayla Horton', 'jamie93@gmail.com', 'TfnQbYpDDH');
INSERT INTO ACCOUNTANT (name, email, password) VALUES ('Carla Meyer', 'michaelcarter@yahoo.com', 'VqixXLTyZjijDxm');
INSERT INTO LABORATORY_ASSISTANT (name, email, password) VALUES ('Carla Meyer', 'michaelcarter@yahoo.com', 'VqixXLTyZjijDxm');
INSERT INTO ACCOUNTANT (name, email, password) VALUES ('Jared Walsh', 'imendoza@gmail.com', 'pWGvswDVKtFYsYLNMnD');
INSERT INTO LABORATORY_ASSISTANT (name, email, password) VALUES ('Jared Walsh', 'imendoza@gmail.com', 'pWGvswDVKtFYsYLNMnD');
INSERT INTO ACCOUNTANT (name, email, password) VALUES ('Jose Snyder', 'dianaruiz@gmail.com', 'zjyxUwTSyKeRy');
INSERT INTO LABORATORY_ASSISTANT (name, email, password) VALUES ('Jose Snyder', 'dianaruiz@gmail.com', 'zjyxUwTSyKeRy');
INSERT INTO ACCOUNTANT (name, email, password) VALUES ('Ashley Petty', 'lmorrison@hotmail.com', 'jUUbjdaAuyMbvm');
INSERT INTO LABORATORY_ASSISTANT (name, email, password) VALUES ('Ashley Petty', 'lmorrison@hotmail.com', 'jUUbjdaAuyMbvm');
INSERT INTO ACCOUNTANT (name, email, password) VALUES ('Melissa Watkins', 'jenniferwoods@gmail.com', 'WDHHVNtGQjeMusmyx');
INSERT INTO LABORATORY_ASSISTANT (name, email, password) VALUES ('Melissa Watkins', 'jenniferwoods@gmail.com', 'WDHHVNtGQjeMusmyx');
INSERT INTO ACCOUNTANT (name, email, password) VALUES ('Jesse Johnson', 'nicolesanchez@hotmail.com', 'xWpagXUgyShCU');
INSERT INTO LABORATORY_ASSISTANT (name, email, password) VALUES ('Jesse Johnson', 'nicolesanchez@hotmail.com', 'xWpagXUgyShCU');
INSERT INTO ACCOUNTANT (name, email, password) VALUES ('Debra Robinson', 'paige64@gmail.com', 'iAJxlslRcUhIXQD');
INSERT INTO LABORATORY_ASSISTANT (name, email, password) VALUES ('Debra Robinson', 'paige64@gmail.com', 'iAJxlslRcUhIXQD');
INSERT INTO ACCOUNTANT (name, email, password) VALUES ('Jackson Murray', 'austin13@gmail.com', 'UAXlJVImbiZPaAb');
INSERT INTO LABORATORY_ASSISTANT (name, email, password) VALUES ('Jackson Murray', 'austin13@gmail.com', 'UAXlJVImbiZPaAb');
INSERT INTO ACCOUNTANT (name, email, password) VALUES ('David Rhodes', 'schneidervictoria@gmail.com', 'AZtfJPIfViGgENUtV');
INSERT INTO LABORATORY_ASSISTANT (name, email, password) VALUES ('David Rhodes', 'schneidervictoria@gmail.com', 'AZtfJPIfViGgENUtV');
INSERT INTO ACCOUNTANT (name, email, password) VALUES ('Heather Rodriguez', 'taylor79@hotmail.com', 'lrFPHaopluWVz');
INSERT INTO LABORATORY_ASSISTANT (name, email, password) VALUES ('Heather Rodriguez', 'taylor79@hotmail.com', 'lrFPHaopluWVz');
INSERT INTO ACCOUNTANT (name, email, password) VALUES ('Charles Turner DDS', 'gthompson@gmail.com', 'qzjwVjDSYlosTY');
INSERT INTO LABORATORY_ASSISTANT (name, email, password) VALUES ('Charles Turner DDS', 'gthompson@gmail.com', 'qzjwVjDSYlosTY');
INSERT INTO ACCOUNTANT (name, email, password) VALUES ('Wendy Maddox', 'perryrobert@yahoo.com', 'SBBuDEFelAKykkKKzkR');
INSERT INTO LABORATORY_ASSISTANT (name, email, password) VALUES ('Wendy Maddox', 'perryrobert@yahoo.com', 'SBBuDEFelAKykkKKzkR');
INSERT INTO ACCOUNTANT (name, email, password) VALUES ('Blake Perez', 'marissawaters@hotmail.com', 'PwZjweED');
INSERT INTO LABORATORY_ASSISTANT (name, email, password) VALUES ('Blake Perez', 'marissawaters@hotmail.com', 'PwZjweED');
INSERT INTO ACCOUNTANT (name, email, password) VALUES ('Todd Harrington', 'gabrielfleming@gmail.com', 'UYawdDVFsZFme');
INSERT INTO LABORATORY_ASSISTANT (name, email, password) VALUES ('Todd Harrington', 'gabrielfleming@gmail.com', 'UYawdDVFsZFme');
INSERT INTO ACCOUNTANT (name, email, password) VALUES ('Stacy Chang', 'ruthlogan@yahoo.com', 'ychxTMdJskXFUcpsG');
INSERT INTO LABORATORY_ASSISTANT (name, email, password) VALUES ('Stacy Chang', 'ruthlogan@yahoo.com', 'ychxTMdJskXFUcpsG');
INSERT INTO ACCOUNTANT (name, email, password) VALUES ('Jimmy Porter', 'brandy57@gmail.com', 'fPjCxfxljvkZtI');
INSERT INTO LABORATORY_ASSISTANT (name, email, password) VALUES ('Jimmy Porter', 'brandy57@gmail.com', 'fPjCxfxljvkZtI');
INSERT INTO ACCOUNTANT (name, email, password) VALUES ('Amanda Fisher', 'kathryn77@yahoo.com', 'FzmdvGfheTo');
INSERT INTO LABORATORY_ASSISTANT (name, email, password) VALUES ('Amanda Fisher', 'kathryn77@yahoo.com', 'FzmdvGfheTo');
INSERT INTO ACCOUNTANT (name, email, password) VALUES ('Erin Gutierrez', 'coreylawson@hotmail.com', 'bdUiWpyKNzq');
INSERT INTO LABORATORY_ASSISTANT (name, email, password) VALUES ('Erin Gutierrez', 'coreylawson@hotmail.com', 'bdUiWpyKNzq');
INSERT INTO ACCOUNTANT (name, email, password) VALUES ('Kristi Taylor', 'lopezmarissa@hotmail.com', 'gajTqerXeGJwsBhcoC');
INSERT INTO LABORATORY_ASSISTANT (name, email, password) VALUES ('Kristi Taylor', 'lopezmarissa@hotmail.com', 'gajTqerXeGJwsBhcoC');
INSERT INTO ACCOUNTANT (name, email, password) VALUES ('Carrie Malone', 'jenniferblair@yahoo.com', 'AAlOyRYpMm');
INSERT INTO LABORATORY_ASSISTANT (name, email, password) VALUES ('Carrie Malone', 'jenniferblair@yahoo.com', 'AAlOyRYpMm');
INSERT INTO ACCOUNTANT (name, email, password) VALUES ('Timothy Poole', 'alvinfox@hotmail.com', 'MlNDmuGJhGd');
INSERT INTO LABORATORY_ASSISTANT (name, email, password) VALUES ('Timothy Poole', 'alvinfox@hotmail.com', 'MlNDmuGJhGd');
INSERT INTO ACCOUNTANT (name, email, password) VALUES ('Desiree Wells', 'glenn45@yahoo.com', 'kRCNssStcfgLYIxpAq');
INSERT INTO LABORATORY_ASSISTANT (name, email, password) VALUES ('Desiree Wells', 'glenn45@yahoo.com', 'kRCNssStcfgLYIxpAq');
INSERT INTO ACCOUNTANT (name, email, password) VALUES ('Gregory Sanchez', 'randy01@hotmail.com', 'MNPrngRtSaSYjrAn');
INSERT INTO LABORATORY_ASSISTANT (name, email, password) VALUES ('Gregory Sanchez', 'randy01@hotmail.com', 'MNPrngRtSaSYjrAn');
INSERT INTO ACCOUNTANT (name, email, password) VALUES ('Nancy Peters', 'lhall@hotmail.com', 'hzhxHRPoGRyTXDvRVv');
INSERT INTO LABORATORY_ASSISTANT (name, email, password) VALUES ('Nancy Peters', 'lhall@hotmail.com', 'hzhxHRPoGRyTXDvRVv');
INSERT INTO ACCOUNTANT (name, email, password) VALUES ('Tara Ferrell', 'robert71@gmail.com', 'oavcwaNOUzUueRp');
INSERT INTO LABORATORY_ASSISTANT (name, email, password) VALUES ('Tara Ferrell', 'robert71@gmail.com', 'oavcwaNOUzUueRp');
INSERT INTO ACCOUNTANT (name, email, password) VALUES ('Felicia Davies', 'gina71@hotmail.com', 'hFZEHmzj');
INSERT INTO LABORATORY_ASSISTANT (name, email, password) VALUES ('Felicia Davies', 'gina71@hotmail.com', 'hFZEHmzj');
INSERT INTO ACCOUNTANT (name, email, password) VALUES ('Jorge Cobb', 'ambermoore@gmail.com', 'NVvtxizzSdpID');
INSERT INTO LABORATORY_ASSISTANT (name, email, password) VALUES ('Jorge Cobb', 'ambermoore@gmail.com', 'NVvtxizzSdpID');
INSERT INTO ACCOUNTANT (name, email, password) VALUES ('Brittany Martinez', 'mackenzieharmon@yahoo.com', 'FCsWnMQBgZ');
INSERT INTO LABORATORY_ASSISTANT (name, email, password) VALUES ('Brittany Martinez', 'mackenzieharmon@yahoo.com', 'FCsWnMQBgZ');
INSERT INTO ACCOUNTANT (name, email, password) VALUES ('Michael Davis', 'debrajohns@gmail.com', 'yvoHRkSFmXJEDuLN');
INSERT INTO LABORATORY_ASSISTANT (name, email, password) VALUES ('Michael Davis', 'debrajohns@gmail.com', 'yvoHRkSFmXJEDuLN');
INSERT INTO ACCOUNTANT (name, email, password) VALUES ('Charles Williams', 'paulamartinez@gmail.com', 'LZzkgNQUKh');
INSERT INTO LABORATORY_ASSISTANT (name, email, password) VALUES ('Charles Williams', 'paulamartinez@gmail.com', 'LZzkgNQUKh');
INSERT INTO ACCOUNTANT (name, email, password) VALUES ('Lisa Lewis', 'josemcdowell@yahoo.com', 'BStwHBAWuRNBYEgaht');
INSERT INTO LABORATORY_ASSISTANT (name, email, password) VALUES ('Lisa Lewis', 'josemcdowell@yahoo.com', 'BStwHBAWuRNBYEgaht');
INSERT INTO ACCOUNTANT (name, email, password) VALUES ('Deborah Carter', 'eenglish@yahoo.com', 'UqXuJwdHDaqETtlSmis');
INSERT INTO LABORATORY_ASSISTANT (name, email, password) VALUES ('Deborah Carter', 'eenglish@yahoo.com', 'UqXuJwdHDaqETtlSmis');
INSERT INTO ACCOUNTANT (name, email, password) VALUES ('Jessica Lambert', 'diane53@hotmail.com', 'GaRxsticicPKmOsGTA');
INSERT INTO LABORATORY_ASSISTANT (name, email, password) VALUES ('Jessica Lambert', 'diane53@hotmail.com', 'GaRxsticicPKmOsGTA');
INSERT INTO ACCOUNTANT (name, email, password) VALUES ('Richard Johnson', 'joshuawilson@hotmail.com', 'glTnPCKaYJTb');
INSERT INTO LABORATORY_ASSISTANT (name, email, password) VALUES ('Richard Johnson', 'joshuawilson@hotmail.com', 'glTnPCKaYJTb');
INSERT INTO ACCOUNTANT (name, email, password) VALUES ('Paige Bowers', 'denise70@hotmail.com', 'VEsyczgrqsTqseagRU');
INSERT INTO LABORATORY_ASSISTANT (name, email, password) VALUES ('Paige Bowers', 'denise70@hotmail.com', 'VEsyczgrqsTqseagRU');
INSERT INTO ACCOUNTANT (name, email, password) VALUES ('Amber Leblanc', 'rparks@gmail.com', 'xdemUjalBDzIqodtqXm');
INSERT INTO LABORATORY_ASSISTANT (name, email, password) VALUES ('Amber Leblanc', 'rparks@gmail.com', 'xdemUjalBDzIqodtqXm');
INSERT INTO ACCOUNTANT (name, email, password) VALUES ('Douglas Wagner', 'christopherballard@yahoo.com', 'IeBbqRzQyGQSKbcl');
INSERT INTO LABORATORY_ASSISTANT (name, email, password) VALUES ('Douglas Wagner', 'christopherballard@yahoo.com', 'IeBbqRzQyGQSKbcl');
INSERT INTO ACCOUNTANT (name, email, password) VALUES ('Kimberly Davis MD', 'elizabethfleming@yahoo.com', 'yDqGMOJfiWHEuHv');
INSERT INTO LABORATORY_ASSISTANT (name, email, password) VALUES ('Kimberly Davis MD', 'elizabethfleming@yahoo.com', 'yDqGMOJfiWHEuHv');
INSERT INTO ACCOUNTANT (name, email, password) VALUES ('Angela Lopez', 'peter62@yahoo.com', 'IGyEHrDRALShflhrk');
INSERT INTO LABORATORY_ASSISTANT (name, email, password) VALUES ('Angela Lopez', 'peter62@yahoo.com', 'IGyEHrDRALShflhrk');
INSERT INTO ACCOUNTANT (name, email, password) VALUES ('Jacob Harris', 'jessicamolina@hotmail.com', 'ISzjNhoEZWrPBfEEjQh');
INSERT INTO LABORATORY_ASSISTANT (name, email, password) VALUES ('Jacob Harris', 'jessicamolina@hotmail.com', 'ISzjNhoEZWrPBfEEjQh');
INSERT INTO ACCOUNTANT (name, email, password) VALUES ('Dwayne Singleton', 'lawrence74@gmail.com', 'wcKSBIifSFXUuVoF');
INSERT INTO LABORATORY_ASSISTANT (name, email, password) VALUES ('Dwayne Singleton', 'lawrence74@gmail.com', 'wcKSBIifSFXUuVoF');
INSERT INTO ACCOUNTANT (name, email, password) VALUES ('Tiffany Pearson', 'jacobfisher@yahoo.com', 'CMAcFUKhPTm');
INSERT INTO LABORATORY_ASSISTANT (name, email, password) VALUES ('Tiffany Pearson', 'jacobfisher@yahoo.com', 'CMAcFUKhPTm');
INSERT INTO ACCOUNTANT (name, email, password) VALUES ('Amanda Leach', 'derek43@yahoo.com', 'eeGsWUjgo');
INSERT INTO LABORATORY_ASSISTANT (name, email, password) VALUES ('Amanda Leach', 'derek43@yahoo.com', 'eeGsWUjgo');
INSERT INTO ACCOUNTANT (name, email, password) VALUES ('Rebecca Wells', 'williamjohnson@hotmail.com', 'AQqJTRLY');
INSERT INTO LABORATORY_ASSISTANT (name, email, password) VALUES ('Rebecca Wells', 'williamjohnson@hotmail.com', 'AQqJTRLY');
INSERT INTO ACCOUNTANT (name, email, password) VALUES ('Kimberly Taylor', 'hallbenjamin@gmail.com', 'lBrwNRswIYBGPkylCq');
INSERT INTO LABORATORY_ASSISTANT (name, email, password) VALUES ('Kimberly Taylor', 'hallbenjamin@gmail.com', 'lBrwNRswIYBGPkylCq');
INSERT INTO ACCOUNTANT (name, email, password) VALUES ('Carol Campos', 'johnmcdonald@yahoo.com', 'zyEmqwPf');
INSERT INTO LABORATORY_ASSISTANT (name, email, password) VALUES ('Carol Campos', 'johnmcdonald@yahoo.com', 'zyEmqwPf');
INSERT INTO ACCOUNTANT (name, email, password) VALUES ('Sara Snow', 'michael75@gmail.com', 'RYadebWmEMKAjSdyV');
INSERT INTO LABORATORY_ASSISTANT (name, email, password) VALUES ('Sara Snow', 'michael75@gmail.com', 'RYadebWmEMKAjSdyV');
INSERT INTO ACCOUNTANT (name, email, password) VALUES ('Charles Alexander', 'obrock@yahoo.com', 'ITuGVWfbZlBOh');
INSERT INTO LABORATORY_ASSISTANT (name, email, password) VALUES ('Charles Alexander', 'obrock@yahoo.com', 'ITuGVWfbZlBOh');
INSERT INTO ACCOUNTANT (name, email, password) VALUES ('Shannon Charles MD', 'terrimcmillan@hotmail.com', 'ydYgKIDvcqUpLUVCQNMM');
INSERT INTO LABORATORY_ASSISTANT (name, email, password) VALUES ('Shannon Charles MD', 'terrimcmillan@hotmail.com', 'ydYgKIDvcqUpLUVCQNMM');
INSERT INTO ACCOUNTANT (name, email, password) VALUES ('James Rodriguez', 'lopezseth@yahoo.com', 'iwgzdKSdFcEszOb');
INSERT INTO LABORATORY_ASSISTANT (name, email, password) VALUES ('James Rodriguez', 'lopezseth@yahoo.com', 'iwgzdKSdFcEszOb');
INSERT INTO ACCOUNTANT (name, email, password) VALUES ('Jose Deleon', 'kennethduncan@hotmail.com', 'FhsPSHFkmetmQLY');
INSERT INTO LABORATORY_ASSISTANT (name, email, password) VALUES ('Jose Deleon', 'kennethduncan@hotmail.com', 'FhsPSHFkmetmQLY');
INSERT INTO ACCOUNTANT (name, email, password) VALUES ('Mallory Smith', 'anthonystephens@hotmail.com', 'ExsopNpHcTf');
INSERT INTO LABORATORY_ASSISTANT (name, email, password) VALUES ('Mallory Smith', 'anthonystephens@hotmail.com', 'ExsopNpHcTf');
INSERT INTO ACCOUNTANT (name, email, password) VALUES ('Courtney Medina', 'emartinez@gmail.com', 'FHjVaFIN');
INSERT INTO LABORATORY_ASSISTANT (name, email, password) VALUES ('Courtney Medina', 'emartinez@gmail.com', 'FHjVaFIN');
INSERT INTO ACCOUNTANT (name, email, password) VALUES ('Katherine Wagner', 'uburton@hotmail.com', 'hupVrhhPbQZUSsVWhO');
INSERT INTO LABORATORY_ASSISTANT (name, email, password) VALUES ('Katherine Wagner', 'uburton@hotmail.com', 'hupVrhhPbQZUSsVWhO');
INSERT INTO ACCOUNTANT (name, email, password) VALUES ('Jennifer Brennan', 'camachodevin@hotmail.com', 'iFyMNMTSy');
INSERT INTO LABORATORY_ASSISTANT (name, email, password) VALUES ('Jennifer Brennan', 'camachodevin@hotmail.com', 'iFyMNMTSy');
INSERT INTO ACCOUNTANT (name, email, password) VALUES ('Melanie Clay', 'nmarshall@hotmail.com', 'wLSCQhNhwl');
INSERT INTO LABORATORY_ASSISTANT (name, email, password) VALUES ('Melanie Clay', 'nmarshall@hotmail.com', 'wLSCQhNhwl');
INSERT INTO ACCOUNTANT (name, email, password) VALUES ('Amy Freeman', 'danielle48@hotmail.com', 'MOpCRAhOaFPoZUsGvT');
INSERT INTO LABORATORY_ASSISTANT (name, email, password) VALUES ('Amy Freeman', 'danielle48@hotmail.com', 'MOpCRAhOaFPoZUsGvT');
INSERT INTO ACCOUNTANT (name, email, password) VALUES ('Richard Pearson', 'russellnancy@gmail.com', 'NYhFQPgLoylBnKZoV');
INSERT INTO LABORATORY_ASSISTANT (name, email, password) VALUES ('Richard Pearson', 'russellnancy@gmail.com', 'NYhFQPgLoylBnKZoV');
INSERT INTO ACCOUNTANT (name, email, password) VALUES ('Lisa Ray', 'tinajohnson@gmail.com', 'ZBqxGDtH');
INSERT INTO LABORATORY_ASSISTANT (name, email, password) VALUES ('Lisa Ray', 'tinajohnson@gmail.com', 'ZBqxGDtH');
INSERT INTO ACCOUNTANT (name, email, password) VALUES ('Jessica Kelly', 'donnagomez@gmail.com', 'MFnYoUPlJaOogwn');
INSERT INTO LABORATORY_ASSISTANT (name, email, password) VALUES ('Jessica Kelly', 'donnagomez@gmail.com', 'MFnYoUPlJaOogwn');
INSERT INTO ACCOUNTANT (name, email, password) VALUES ('Joseph Jordan', 'sylvia49@gmail.com', 'BmIAbTGhen');
INSERT INTO LABORATORY_ASSISTANT (name, email, password) VALUES ('Joseph Jordan', 'sylvia49@gmail.com', 'BmIAbTGhen');
INSERT INTO ACCOUNTANT (name, email, password) VALUES ('Jessica Davis', 'yvetteramos@yahoo.com', 'xNCYQAeKYtUmBwZjh');
INSERT INTO LABORATORY_ASSISTANT (name, email, password) VALUES ('Jessica Davis', 'yvetteramos@yahoo.com', 'xNCYQAeKYtUmBwZjh');
INSERT INTO ACCOUNTANT (name, email, password) VALUES ('Kylie Lawrence', 'durhamjames@hotmail.com', 'eoMWfLuXQmUZSoDyTPr');
INSERT INTO LABORATORY_ASSISTANT (name, email, password) VALUES ('Kylie Lawrence', 'durhamjames@hotmail.com', 'eoMWfLuXQmUZSoDyTPr');
INSERT INTO ACCOUNTANT (name, email, password) VALUES ('Amber Lopez', 'cookmary@gmail.com', 'ORNXCkSPbEVtaZyddGt');
INSERT INTO LABORATORY_ASSISTANT (name, email, password) VALUES ('Amber Lopez', 'cookmary@gmail.com', 'ORNXCkSPbEVtaZyddGt');
INSERT INTO ACCOUNTANT (name, email, password) VALUES ('Lucas Foster', 'xwhite@yahoo.com', 'UrFhXaEbMJkL');
INSERT INTO LABORATORY_ASSISTANT (name, email, password) VALUES ('Lucas Foster', 'xwhite@yahoo.com', 'UrFhXaEbMJkL');
INSERT INTO ACCOUNTANT (name, email, password) VALUES ('Amanda Ward', 'qmoore@gmail.com', 'klTXlVacMbkNYxsWHKLu');
INSERT INTO LABORATORY_ASSISTANT (name, email, password) VALUES ('Amanda Ward', 'qmoore@gmail.com', 'klTXlVacMbkNYxsWHKLu');
INSERT INTO ACCOUNTANT (name, email, password) VALUES ('Matthew Vang', 'andreafreeman@hotmail.com', 'NUjmwGlSMfghpV');
INSERT INTO LABORATORY_ASSISTANT (name, email, password) VALUES ('Matthew Vang', 'andreafreeman@hotmail.com', 'NUjmwGlSMfghpV');
INSERT INTO ACCOUNTANT (name, email, password) VALUES ('Aaron Simmons', 'andrewhendrix@yahoo.com', 'FRMTcHFDEq');
INSERT INTO LABORATORY_ASSISTANT (name, email, password) VALUES ('Aaron Simmons', 'andrewhendrix@yahoo.com', 'FRMTcHFDEq');
INSERT INTO ACCOUNTANT (name, email, password) VALUES ('Emily Strong', 'grayjohn@yahoo.com', 'AkKjtYWs');
INSERT INTO LABORATORY_ASSISTANT (name, email, password) VALUES ('Emily Strong', 'grayjohn@yahoo.com', 'AkKjtYWs');
INSERT INTO ACCOUNTANT (name, email, password) VALUES ('Shane Peters', 'kinganthony@gmail.com', 'QADBTKzAs');
INSERT INTO LABORATORY_ASSISTANT (name, email, password) VALUES ('Shane Peters', 'kinganthony@gmail.com', 'QADBTKzAs');
INSERT INTO ACCOUNTANT (name, email, password) VALUES ('Sara Macias', 'joanna23@hotmail.com', 'sTdJgpvPkhmFsgGYr');
INSERT INTO LABORATORY_ASSISTANT (name, email, password) VALUES ('Sara Macias', 'joanna23@hotmail.com', 'sTdJgpvPkhmFsgGYr');
INSERT INTO ACCOUNTANT (name, email, password) VALUES ('Anne Williams', 'fullerjohn@yahoo.com', 'HcCBvCvVHuoEbs');
INSERT INTO LABORATORY_ASSISTANT (name, email, password) VALUES ('Anne Williams', 'fullerjohn@yahoo.com', 'HcCBvCvVHuoEbs');
INSERT INTO ACCOUNTANT (name, email, password) VALUES ('Melissa Lee', 'victoriaevans@hotmail.com', 'GXXRCoZjNYFDOMeG');
INSERT INTO LABORATORY_ASSISTANT (name, email, password) VALUES ('Melissa Lee', 'victoriaevans@hotmail.com', 'GXXRCoZjNYFDOMeG');
INSERT INTO ACCOUNTANT (name, email, password) VALUES ('Sandra Pierce', 'jallen@yahoo.com', 'WkoxxOfbI');
INSERT INTO LABORATORY_ASSISTANT (name, email, password) VALUES ('Sandra Pierce', 'jallen@yahoo.com', 'WkoxxOfbI');
INSERT INTO ACCOUNTANT (name, email, password) VALUES ('Robert Jones', 'kylehenderson@gmail.com', 'gPTEINtLlyHltrTaYMcI');
INSERT INTO LABORATORY_ASSISTANT (name, email, password) VALUES ('Robert Jones', 'kylehenderson@gmail.com', 'gPTEINtLlyHltrTaYMcI');
INSERT INTO ACCOUNTANT (name, email, password) VALUES ('Brent Davila', 'kylecherry@yahoo.com', 'rtGQXqVymIjHIRlUchDv');
INSERT INTO LABORATORY_ASSISTANT (name, email, password) VALUES ('Brent Davila', 'kylecherry@yahoo.com', 'rtGQXqVymIjHIRlUchDv');
INSERT INTO ACCOUNTANT (name, email, password) VALUES ('Dawn Olsen', 'acastaneda@gmail.com', 'pJsXquSfchIOd');
INSERT INTO LABORATORY_ASSISTANT (name, email, password) VALUES ('Dawn Olsen', 'acastaneda@gmail.com', 'pJsXquSfchIOd');
INSERT INTO ACCOUNTANT (name, email, password) VALUES ('Mr. Todd Adams', 'birdgabriel@yahoo.com', 'jajWbgatwvBhmhfeqoIy');
INSERT INTO LABORATORY_ASSISTANT (name, email, password) VALUES ('Mr. Todd Adams', 'birdgabriel@yahoo.com', 'jajWbgatwvBhmhfeqoIy');
INSERT INTO ACCOUNTANT (name, email, password) VALUES ('Stephanie Schmidt', 'phillipsdamon@hotmail.com', 'snNYkjxN');
INSERT INTO LABORATORY_ASSISTANT (name, email, password) VALUES ('Stephanie Schmidt', 'phillipsdamon@hotmail.com', 'snNYkjxN');
INSERT INTO ACCOUNTANT (name, email, password) VALUES ('Katherine Russell', 'jason93@yahoo.com', 'ibBAGzWqXET');
INSERT INTO LABORATORY_ASSISTANT (name, email, password) VALUES ('Katherine Russell', 'jason93@yahoo.com', 'ibBAGzWqXET');
INSERT INTO ACCOUNTANT (name, email, password) VALUES ('Mark Trevino', 'ephillips@hotmail.com', 'TbOTZzbApr');
INSERT INTO LABORATORY_ASSISTANT (name, email, password) VALUES ('Mark Trevino', 'ephillips@hotmail.com', 'TbOTZzbApr');
INSERT INTO ACCOUNTANT (name, email, password) VALUES ('Alexandra Turner', 'dylan23@gmail.com', 'TqdvmrtWIuppYmNrhunk');
INSERT INTO LABORATORY_ASSISTANT (name, email, password) VALUES ('Alexandra Turner', 'dylan23@gmail.com', 'TqdvmrtWIuppYmNrhunk');
INSERT INTO ACCOUNTANT (name, email, password) VALUES ('Michael Good', 'cassandra39@hotmail.com', 'dPKgwqVgGNXNWJr');
INSERT INTO LABORATORY_ASSISTANT (name, email, password) VALUES ('Michael Good', 'cassandra39@hotmail.com', 'dPKgwqVgGNXNWJr');
INSERT INTO ACCOUNTANT (name, email, password) VALUES ('Kelly Brown', 'robertmiller@gmail.com', 'dBbUJdcVjypuDUYIVsFF');
INSERT INTO LABORATORY_ASSISTANT (name, email, password) VALUES ('Kelly Brown', 'robertmiller@gmail.com', 'dBbUJdcVjypuDUYIVsFF');
INSERT INTO ACCOUNTANT (name, email, password) VALUES ('Logan Drake', 'sara55@gmail.com', 'rZujPaSW');
INSERT INTO LABORATORY_ASSISTANT (name, email, password) VALUES ('Logan Drake', 'sara55@gmail.com', 'rZujPaSW');
INSERT INTO ACCOUNTANT (name, email, password) VALUES ('Maria Jones', 'poolekimberly@gmail.com', 'hMELfAaqkoM');
INSERT INTO LABORATORY_ASSISTANT (name, email, password) VALUES ('Maria Jones', 'poolekimberly@gmail.com', 'hMELfAaqkoM');
INSERT INTO ACCOUNTANT (name, email, password) VALUES ('Kristy Abbott', 'reyesdeborah@gmail.com', 'gQOfChjhbe');
INSERT INTO LABORATORY_ASSISTANT (name, email, password) VALUES ('Kristy Abbott', 'reyesdeborah@gmail.com', 'gQOfChjhbe');
INSERT INTO ACCOUNTANT (name, email, password) VALUES ('Michael Green', 'taylorjeremy@gmail.com', 'aePxfgvyZUSTEyD');
INSERT INTO LABORATORY_ASSISTANT (name, email, password) VALUES ('Michael Green', 'taylorjeremy@gmail.com', 'aePxfgvyZUSTEyD');
INSERT INTO ACCOUNTANT (name, email, password) VALUES ('Dylan Pennington', 'nicholas16@gmail.com', 'KohGECtpKEQ');
INSERT INTO LABORATORY_ASSISTANT (name, email, password) VALUES ('Dylan Pennington', 'nicholas16@gmail.com', 'KohGECtpKEQ');
INSERT INTO ACCOUNTANT (name, email, password) VALUES ('Felicia Mullins', 'martinalbert@gmail.com', 'niswOCvs');
INSERT INTO LABORATORY_ASSISTANT (name, email, password) VALUES ('Felicia Mullins', 'martinalbert@gmail.com', 'niswOCvs');
INSERT INTO ACCOUNTANT (name, email, password) VALUES ('Katie Webb', 'cory95@gmail.com', 'ebZoDcLlIC');
INSERT INTO LABORATORY_ASSISTANT (name, email, password) VALUES ('Katie Webb', 'cory95@gmail.com', 'ebZoDcLlIC');
INSERT INTO ACCOUNTANT (name, email, password) VALUES ('Melissa Vargas', 'martinann@gmail.com', 'qFkFBnOLYveAvFiIzoi');
INSERT INTO LABORATORY_ASSISTANT (name, email, password) VALUES ('Melissa Vargas', 'martinann@gmail.com', 'qFkFBnOLYveAvFiIzoi');
INSERT INTO ACCOUNTANT (name, email, password) VALUES ('Kimberly Hood', 'danielsaustin@yahoo.com', 'JvZnphKnwgfRWBLF');
INSERT INTO LABORATORY_ASSISTANT (name, email, password) VALUES ('Kimberly Hood', 'danielsaustin@yahoo.com', 'JvZnphKnwgfRWBLF');
INSERT INTO ACCOUNTANT (name, email, password) VALUES ('Kyle Harrell', 'khendrix@hotmail.com', 'lpsQlSVKPJCGEwqmfrbk');
INSERT INTO LABORATORY_ASSISTANT (name, email, password) VALUES ('Kyle Harrell', 'khendrix@hotmail.com', 'lpsQlSVKPJCGEwqmfrbk');
INSERT INTO ACCOUNTANT (name, email, password) VALUES ('Patricia Hill', 'bryan40@gmail.com', 'gypxQiZomFhIbjFiv');
INSERT INTO LABORATORY_ASSISTANT (name, email, password) VALUES ('Patricia Hill', 'bryan40@gmail.com', 'gypxQiZomFhIbjFiv');
INSERT INTO ACCOUNTANT (name, email, password) VALUES ('Clarence Alexander', 'victoria47@yahoo.com', 'eJZTbALtCndKbw');
INSERT INTO LABORATORY_ASSISTANT (name, email, password) VALUES ('Clarence Alexander', 'victoria47@yahoo.com', 'eJZTbALtCndKbw');
INSERT INTO ACCOUNTANT (name, email, password) VALUES ('Grant Jones', 'sgonzales@yahoo.com', 'wOPdeJbOTrwVH');
INSERT INTO LABORATORY_ASSISTANT (name, email, password) VALUES ('Grant Jones', 'sgonzales@yahoo.com', 'wOPdeJbOTrwVH');
INSERT INTO ACCOUNTANT (name, email, password) VALUES ('Mr. Jeremiah Gutierrez', 'jennifer02@hotmail.com', 'phtTMOwqxhSmDjUqaSMz');
INSERT INTO LABORATORY_ASSISTANT (name, email, password) VALUES ('Mr. Jeremiah Gutierrez', 'jennifer02@hotmail.com', 'phtTMOwqxhSmDjUqaSMz');
INSERT INTO ACCOUNTANT (name, email, password) VALUES ('Joyce Green', 'melissa34@yahoo.com', 'JuOpXVLFcJlo');
INSERT INTO LABORATORY_ASSISTANT (name, email, password) VALUES ('Joyce Green', 'melissa34@yahoo.com', 'JuOpXVLFcJlo');
INSERT INTO ACCOUNTANT (name, email, password) VALUES ('Maria Paul', 'evanroberts@hotmail.com', 'DCXhFkpyzXIrNHNAsxR');
INSERT INTO LABORATORY_ASSISTANT (name, email, password) VALUES ('Maria Paul', 'evanroberts@hotmail.com', 'DCXhFkpyzXIrNHNAsxR');
INSERT INTO ACCOUNTANT (name, email, password) VALUES ('Andrea Hoover', 'mallory46@gmail.com', 'sIkRKsXuwDJbl');
INSERT INTO LABORATORY_ASSISTANT (name, email, password) VALUES ('Andrea Hoover', 'mallory46@gmail.com', 'sIkRKsXuwDJbl');
INSERT INTO ACCOUNTANT (name, email, password) VALUES ('Andre Nichols', 'kevinwilliams@yahoo.com', 'oSQAvNNZt');
INSERT INTO LABORATORY_ASSISTANT (name, email, password) VALUES ('Andre Nichols', 'kevinwilliams@yahoo.com', 'oSQAvNNZt');
INSERT INTO ACCOUNTANT (name, email, password) VALUES ('Karen Becker', 'qjames@gmail.com', 'vSeuNNaxafPQmVdItiU');
INSERT INTO LABORATORY_ASSISTANT (name, email, password) VALUES ('Karen Becker', 'qjames@gmail.com', 'vSeuNNaxafPQmVdItiU');
INSERT INTO ACCOUNTANT (name, email, password) VALUES ('Tara Delacruz', 'ashley40@hotmail.com', 'FvIqwkAJXcAjfKEiami');
INSERT INTO LABORATORY_ASSISTANT (name, email, password) VALUES ('Tara Delacruz', 'ashley40@hotmail.com', 'FvIqwkAJXcAjfKEiami');
INSERT INTO ACCOUNTANT (name, email, password) VALUES ('Sherri Perez', 'qgreen@gmail.com', 'zQlczTxNFGNFwg');
INSERT INTO LABORATORY_ASSISTANT (name, email, password) VALUES ('Sherri Perez', 'qgreen@gmail.com', 'zQlczTxNFGNFwg');
INSERT INTO ACCOUNTANT (name, email, password) VALUES ('Gregory Aguilar', 'connor22@gmail.com', 'skZUIzCoCFIR');
INSERT INTO LABORATORY_ASSISTANT (name, email, password) VALUES ('Gregory Aguilar', 'connor22@gmail.com', 'skZUIzCoCFIR');
INSERT INTO ACCOUNTANT (name, email, password) VALUES ('Mr. Craig Santana MD', 'scott51@hotmail.com', 'gZVTJkYHduJinQFlzBF');
INSERT INTO LABORATORY_ASSISTANT (name, email, password) VALUES ('Mr. Craig Santana MD', 'scott51@hotmail.com', 'gZVTJkYHduJinQFlzBF');
INSERT INTO ACCOUNTANT (name, email, password) VALUES ('Brianna York', 'roy36@yahoo.com', 'WiIcQAWbEZ');
INSERT INTO LABORATORY_ASSISTANT (name, email, password) VALUES ('Brianna York', 'roy36@yahoo.com', 'WiIcQAWbEZ');
INSERT INTO ACCOUNTANT (name, email, password) VALUES ('Alex Butler', 'jdixon@gmail.com', 'vRIdJHpeDjDjeVSCbABV');
INSERT INTO LABORATORY_ASSISTANT (name, email, password) VALUES ('Alex Butler', 'jdixon@gmail.com', 'vRIdJHpeDjDjeVSCbABV');
INSERT INTO ACCOUNTANT (name, email, password) VALUES ('Scott Gutierrez', 'mccoycarrie@hotmail.com', 'KzFdJAwgvWtnhOnRwZ');
INSERT INTO LABORATORY_ASSISTANT (name, email, password) VALUES ('Scott Gutierrez', 'mccoycarrie@hotmail.com', 'KzFdJAwgvWtnhOnRwZ');
INSERT INTO ACCOUNTANT (name, email, password) VALUES ('Mary Lam', 'jsullivan@gmail.com', 'RTZsDndkmV');
INSERT INTO LABORATORY_ASSISTANT (name, email, password) VALUES ('Mary Lam', 'jsullivan@gmail.com', 'RTZsDndkmV');
INSERT INTO ACCOUNTANT (name, email, password) VALUES ('Karen Williams', 'michaelsmith@yahoo.com', 'tGiguyhUCgteQYVHVeb');
INSERT INTO LABORATORY_ASSISTANT (name, email, password) VALUES ('Karen Williams', 'michaelsmith@yahoo.com', 'tGiguyhUCgteQYVHVeb');
INSERT INTO ACCOUNTANT (name, email, password) VALUES ('Gabriel Campos', 'kayla85@yahoo.com', 'rzYdUCZr');
INSERT INTO LABORATORY_ASSISTANT (name, email, password) VALUES ('Gabriel Campos', 'kayla85@yahoo.com', 'rzYdUCZr');
INSERT INTO ACCOUNTANT (name, email, password) VALUES ('James Nguyen', 'william94@yahoo.com', 'vdrWWppArRgrs');
INSERT INTO LABORATORY_ASSISTANT (name, email, password) VALUES ('James Nguyen', 'william94@yahoo.com', 'vdrWWppArRgrs');
INSERT INTO ACCOUNTANT (name, email, password) VALUES ('David Martinez', 'henryroberts@yahoo.com', 'LuakyzYyICQylxs');
INSERT INTO LABORATORY_ASSISTANT (name, email, password) VALUES ('David Martinez', 'henryroberts@yahoo.com', 'LuakyzYyICQylxs');
INSERT INTO ACCOUNTANT (name, email, password) VALUES ('Brian Johnson', 'reyesaaron@yahoo.com', 'YqekKwLOTscKIe');
INSERT INTO LABORATORY_ASSISTANT (name, email, password) VALUES ('Brian Johnson', 'reyesaaron@yahoo.com', 'YqekKwLOTscKIe');
INSERT INTO ACCOUNTANT (name, email, password) VALUES ('David Parker', 'huntererin@gmail.com', 'KvoxmLmhTV');
INSERT INTO LABORATORY_ASSISTANT (name, email, password) VALUES ('David Parker', 'huntererin@gmail.com', 'KvoxmLmhTV');
INSERT INTO ACCOUNTANT (name, email, password) VALUES ('Devon Schneider', 'mark12@hotmail.com', 'JogqQjtrBNLbAe');
INSERT INTO LABORATORY_ASSISTANT (name, email, password) VALUES ('Devon Schneider', 'mark12@hotmail.com', 'JogqQjtrBNLbAe');
INSERT INTO ACCOUNTANT (name, email, password) VALUES ('Tamara Price', 'petersonsheila@yahoo.com', 'IvINiLcbZb');
INSERT INTO LABORATORY_ASSISTANT (name, email, password) VALUES ('Tamara Price', 'petersonsheila@yahoo.com', 'IvINiLcbZb');
INSERT INTO ACCOUNTANT (name, email, password) VALUES ('Susan Johnson', 'kimberly77@yahoo.com', 'xoZFIzWEMxw');
INSERT INTO LABORATORY_ASSISTANT (name, email, password) VALUES ('Susan Johnson', 'kimberly77@yahoo.com', 'xoZFIzWEMxw');
INSERT INTO ACCOUNTANT (name, email, password) VALUES ('Ian Patterson', 'stanner@gmail.com', 'ugERWpPfT');
INSERT INTO LABORATORY_ASSISTANT (name, email, password) VALUES ('Ian Patterson', 'stanner@gmail.com', 'ugERWpPfT');
INSERT INTO ACCOUNTANT (name, email, password) VALUES ('Tiffany Peterson', 'alyssa93@gmail.com', 'OAyzdwzAYeCCcpUO');
INSERT INTO LABORATORY_ASSISTANT (name, email, password) VALUES ('Tiffany Peterson', 'alyssa93@gmail.com', 'OAyzdwzAYeCCcpUO');
INSERT INTO ACCOUNTANT (name, email, password) VALUES ('Jesus Collins', 'tylerweaver@hotmail.com', 'NRXqAeHEuORc');
INSERT INTO LABORATORY_ASSISTANT (name, email, password) VALUES ('Jesus Collins', 'tylerweaver@hotmail.com', 'NRXqAeHEuORc');
INSERT INTO ACCOUNTANT (name, email, password) VALUES ('David Haney', 'medinasandra@yahoo.com', 'sFsZevfqNpnFVSiSILfZ');
INSERT INTO LABORATORY_ASSISTANT (name, email, password) VALUES ('David Haney', 'medinasandra@yahoo.com', 'sFsZevfqNpnFVSiSILfZ');
INSERT INTO ACCOUNTANT (name, email, password) VALUES ('Rebecca Anderson', 'youngnicholas@hotmail.com', 'NidcXFdge');
INSERT INTO LABORATORY_ASSISTANT (name, email, password) VALUES ('Rebecca Anderson', 'youngnicholas@hotmail.com', 'NidcXFdge');
INSERT INTO ACCOUNTANT (name, email, password) VALUES ('Melissa Bauer', 'bonnie97@gmail.com', 'bUTRiorBo');
INSERT INTO LABORATORY_ASSISTANT (name, email, password) VALUES ('Melissa Bauer', 'bonnie97@gmail.com', 'bUTRiorBo');
INSERT INTO ACCOUNTANT (name, email, password) VALUES ('Chad Johnson', 'ythompson@hotmail.com', 'dxjjpHJJNTiSlaCASBd');
INSERT INTO LABORATORY_ASSISTANT (name, email, password) VALUES ('Chad Johnson', 'ythompson@hotmail.com', 'dxjjpHJJNTiSlaCASBd');
INSERT INTO ACCOUNTANT (name, email, password) VALUES ('Peter Horne', 'ellisbetty@hotmail.com', 'MahuhsSREWILVjJlqp');
INSERT INTO LABORATORY_ASSISTANT (name, email, password) VALUES ('Peter Horne', 'ellisbetty@hotmail.com', 'MahuhsSREWILVjJlqp');
INSERT INTO ACCOUNTANT (name, email, password) VALUES ('April Smith', 'stacywalker@gmail.com', 'bEUFdJVV');
INSERT INTO LABORATORY_ASSISTANT (name, email, password) VALUES ('April Smith', 'stacywalker@gmail.com', 'bEUFdJVV');
INSERT INTO ACCOUNTANT (name, email, password) VALUES ('Bianca Bonilla', 'marcia24@hotmail.com', 'sFTeiqVZpD');
INSERT INTO LABORATORY_ASSISTANT (name, email, password) VALUES ('Bianca Bonilla', 'marcia24@hotmail.com', 'sFTeiqVZpD');
INSERT INTO ACCOUNTANT (name, email, password) VALUES ('Nicholas Novak', 'evelyn72@hotmail.com', 'SdakGHvVLsxRx');
INSERT INTO LABORATORY_ASSISTANT (name, email, password) VALUES ('Nicholas Novak', 'evelyn72@hotmail.com', 'SdakGHvVLsxRx');
INSERT INTO ACCOUNTANT (name, email, password) VALUES ('Joanna Oliver', 'paul04@hotmail.com', 'CrNsFygeYaJwoq');
INSERT INTO LABORATORY_ASSISTANT (name, email, password) VALUES ('Joanna Oliver', 'paul04@hotmail.com', 'CrNsFygeYaJwoq');
INSERT INTO ACCOUNTANT (name, email, password) VALUES ('Bethany Garza', 'reidlaura@hotmail.com', 'fEqYabzIHXt');
INSERT INTO LABORATORY_ASSISTANT (name, email, password) VALUES ('Bethany Garza', 'reidlaura@hotmail.com', 'fEqYabzIHXt');
INSERT INTO ACCOUNTANT (name, email, password) VALUES ('Barry Martin', 'jocelynbeck@hotmail.com', 'bZJYDpaprybabiFC');
INSERT INTO LABORATORY_ASSISTANT (name, email, password) VALUES ('Barry Martin', 'jocelynbeck@hotmail.com', 'bZJYDpaprybabiFC');
INSERT INTO ACCOUNTANT (name, email, password) VALUES ('Victoria Brooks', 'josemarshall@gmail.com', 'JGpoTwTvpPDIUaGO');
INSERT INTO LABORATORY_ASSISTANT (name, email, password) VALUES ('Victoria Brooks', 'josemarshall@gmail.com', 'JGpoTwTvpPDIUaGO');
INSERT INTO ACCOUNTANT (name, email, password) VALUES ('Jessica Boyd', 'tracynelson@hotmail.com', 'CvJfqkzKcOieyGwC');
INSERT INTO LABORATORY_ASSISTANT (name, email, password) VALUES ('Jessica Boyd', 'tracynelson@hotmail.com', 'CvJfqkzKcOieyGwC');
INSERT INTO ACCOUNTANT (name, email, password) VALUES ('Jennifer Durham', 'amy89@yahoo.com', 'PGeoWQYPAHlvh');
INSERT INTO LABORATORY_ASSISTANT (name, email, password) VALUES ('Jennifer Durham', 'amy89@yahoo.com', 'PGeoWQYPAHlvh');
INSERT INTO ACCOUNTANT (name, email, password) VALUES ('Randy Watts', 'camposstacy@hotmail.com', 'hDXANKSrGLfcfYh');
INSERT INTO LABORATORY_ASSISTANT (name, email, password) VALUES ('Randy Watts', 'camposstacy@hotmail.com', 'hDXANKSrGLfcfYh');
INSERT INTO ACCOUNTANT (name, email, password) VALUES ('Andrea Collins', 'gateslindsey@yahoo.com', 'kAcCbkvDfOystbhnoUo');
INSERT INTO LABORATORY_ASSISTANT (name, email, password) VALUES ('Andrea Collins', 'gateslindsey@yahoo.com', 'kAcCbkvDfOystbhnoUo');
INSERT INTO ACCOUNTANT (name, email, password) VALUES ('Amber Shelton', 'toddfranklin@hotmail.com', 'JYstaXNpTypalVEIisfc');
INSERT INTO LABORATORY_ASSISTANT (name, email, password) VALUES ('Amber Shelton', 'toddfranklin@hotmail.com', 'JYstaXNpTypalVEIisfc');
INSERT INTO ACCOUNTANT (name, email, password) VALUES ('Sarah Nicholson', 'alexis65@hotmail.com', 'IlhqUIiecyERLjs');
INSERT INTO LABORATORY_ASSISTANT (name, email, password) VALUES ('Sarah Nicholson', 'alexis65@hotmail.com', 'IlhqUIiecyERLjs');
INSERT INTO ACCOUNTANT (name, email, password) VALUES ('Ellen Wilkinson', 'brandi54@hotmail.com', 'RLZrAmbeJzAYkU');
INSERT INTO LABORATORY_ASSISTANT (name, email, password) VALUES ('Ellen Wilkinson', 'brandi54@hotmail.com', 'RLZrAmbeJzAYkU');
INSERT INTO ACCOUNTANT (name, email, password) VALUES ('Michelle Porter', 'morrisonjared@yahoo.com', 'NAkaIAWcoldz');
INSERT INTO LABORATORY_ASSISTANT (name, email, password) VALUES ('Michelle Porter', 'morrisonjared@yahoo.com', 'NAkaIAWcoldz');
INSERT INTO ACCOUNTANT (name, email, password) VALUES ('Justin Peters', 'susan48@gmail.com', 'jxpYsTZZnc');
INSERT INTO LABORATORY_ASSISTANT (name, email, password) VALUES ('Justin Peters', 'susan48@gmail.com', 'jxpYsTZZnc');
INSERT INTO ACCOUNTANT (name, email, password) VALUES ('Michelle Bishop', 'scottwu@hotmail.com', 'YVuCpeILnRFgQ');
INSERT INTO LABORATORY_ASSISTANT (name, email, password) VALUES ('Michelle Bishop', 'scottwu@hotmail.com', 'YVuCpeILnRFgQ');
INSERT INTO ACCOUNTANT (name, email, password) VALUES ('Kathryn Gibson', 'russellpaula@hotmail.com', 'aLjKenLELBzXL');
INSERT INTO LABORATORY_ASSISTANT (name, email, password) VALUES ('Kathryn Gibson', 'russellpaula@hotmail.com', 'aLjKenLELBzXL');
INSERT INTO ACCOUNTANT (name, email, password) VALUES ('Robin Carr', 'karen10@gmail.com', 'OoGuzNhKOcqMRUCg');
INSERT INTO LABORATORY_ASSISTANT (name, email, password) VALUES ('Robin Carr', 'karen10@gmail.com', 'OoGuzNhKOcqMRUCg');
INSERT INTO ACCOUNTANT (name, email, password) VALUES ('Ashley Cooley', 'wendy28@yahoo.com', 'oqhNXvSuRuZXEQExo');
INSERT INTO LABORATORY_ASSISTANT (name, email, password) VALUES ('Ashley Cooley', 'wendy28@yahoo.com', 'oqhNXvSuRuZXEQExo');
INSERT INTO ACCOUNTANT (name, email, password) VALUES ('Ryan Lopez', 'slara@yahoo.com', 'nLEkQZdmNLkErfv');
INSERT INTO LABORATORY_ASSISTANT (name, email, password) VALUES ('Ryan Lopez', 'slara@yahoo.com', 'nLEkQZdmNLkErfv');
INSERT INTO ACCOUNTANT (name, email, password) VALUES ('Yvonne Bell', 'nancylynn@gmail.com', 'koJDpvsoomxVfI');
INSERT INTO LABORATORY_ASSISTANT (name, email, password) VALUES ('Yvonne Bell', 'nancylynn@gmail.com', 'koJDpvsoomxVfI');
INSERT INTO ACCOUNTANT (name, email, password) VALUES ('Sabrina Wilson', 'daniel86@gmail.com', 'iZexuiLtfdF');
INSERT INTO LABORATORY_ASSISTANT (name, email, password) VALUES ('Sabrina Wilson', 'daniel86@gmail.com', 'iZexuiLtfdF');
INSERT INTO ACCOUNTANT (name, email, password) VALUES ('Lawrence Nguyen', 'mayochad@yahoo.com', 'gaCWOdoqtDXFSETcHYZ');
INSERT INTO LABORATORY_ASSISTANT (name, email, password) VALUES ('Lawrence Nguyen', 'mayochad@yahoo.com', 'gaCWOdoqtDXFSETcHYZ');
INSERT INTO ACCOUNTANT (name, email, password) VALUES ('Russell Shepherd', 'jonathanwhite@yahoo.com', 'XXCyzAHkTJdOkTAL');
INSERT INTO LABORATORY_ASSISTANT (name, email, password) VALUES ('Russell Shepherd', 'jonathanwhite@yahoo.com', 'XXCyzAHkTJdOkTAL');
INSERT INTO ACCOUNTANT (name, email, password) VALUES ('Christopher Gomez', 'colleenbarrera@yahoo.com', 'leEtGHuttssdEL');
INSERT INTO LABORATORY_ASSISTANT (name, email, password) VALUES ('Christopher Gomez', 'colleenbarrera@yahoo.com', 'leEtGHuttssdEL');
INSERT INTO ACCOUNTANT (name, email, password) VALUES ('Luis Fuentes', 'juanhunt@hotmail.com', 'MPgXScfmnVVHAb');
INSERT INTO LABORATORY_ASSISTANT (name, email, password) VALUES ('Luis Fuentes', 'juanhunt@hotmail.com', 'MPgXScfmnVVHAb');
INSERT INTO ACCOUNTANT (name, email, password) VALUES ('Ashley Dorsey', 'ewilliams@gmail.com', 'KutQHwPak');
INSERT INTO LABORATORY_ASSISTANT (name, email, password) VALUES ('Ashley Dorsey', 'ewilliams@gmail.com', 'KutQHwPak');
INSERT INTO ACCOUNTANT (name, email, password) VALUES ('Craig Olson', 'heatherrobinson@gmail.com', 'FETTommNHNvxPz');
INSERT INTO LABORATORY_ASSISTANT (name, email, password) VALUES ('Craig Olson', 'heatherrobinson@gmail.com', 'FETTommNHNvxPz');
INSERT INTO ACCOUNTANT (name, email, password) VALUES ('Heather Dennis', 'jbarnes@yahoo.com', 'LRTTiOwwOgu');
INSERT INTO LABORATORY_ASSISTANT (name, email, password) VALUES ('Heather Dennis', 'jbarnes@yahoo.com', 'LRTTiOwwOgu');
INSERT INTO ACCOUNTANT (name, email, password) VALUES ('Monica Cummings', 'donald20@hotmail.com', 'eLTVaTrd');
INSERT INTO LABORATORY_ASSISTANT (name, email, password) VALUES ('Monica Cummings', 'donald20@hotmail.com', 'eLTVaTrd');
INSERT INTO ACCOUNTANT (name, email, password) VALUES ('Kristin Hendrix', 'qwillis@yahoo.com', 'MWRjGdDcSkFwkrsZoC');
INSERT INTO LABORATORY_ASSISTANT (name, email, password) VALUES ('Kristin Hendrix', 'qwillis@yahoo.com', 'MWRjGdDcSkFwkrsZoC');
INSERT INTO ACCOUNTANT (name, email, password) VALUES ('Nicole Perry', 'ljones@yahoo.com', 'elXlcZUmUnauXL');
INSERT INTO LABORATORY_ASSISTANT (name, email, password) VALUES ('Nicole Perry', 'ljones@yahoo.com', 'elXlcZUmUnauXL');
INSERT INTO ACCOUNTANT (name, email, password) VALUES ('Mr. Robert Kelley', 'oliverchristine@yahoo.com', 'URsYIPRgVOAZesn');
INSERT INTO LABORATORY_ASSISTANT (name, email, password) VALUES ('Mr. Robert Kelley', 'oliverchristine@yahoo.com', 'URsYIPRgVOAZesn');
INSERT INTO ACCOUNTANT (name, email, password) VALUES ('Jason Baker', 'tammy02@yahoo.com', 'WezPqepYkasRre');
INSERT INTO LABORATORY_ASSISTANT (name, email, password) VALUES ('Jason Baker', 'tammy02@yahoo.com', 'WezPqepYkasRre');
INSERT INTO ACCOUNTANT (name, email, password) VALUES ('Melvin Huber', 'maryphillips@hotmail.com', 'PfbnNCliFAGUYtmQ');
INSERT INTO LABORATORY_ASSISTANT (name, email, password) VALUES ('Melvin Huber', 'maryphillips@hotmail.com', 'PfbnNCliFAGUYtmQ');
INSERT INTO ACCOUNTANT (name, email, password) VALUES ('Danielle Murillo', 'rickylee@hotmail.com', 'xEvvvzbjQmQrEpxoDZr');
INSERT INTO LABORATORY_ASSISTANT (name, email, password) VALUES ('Danielle Murillo', 'rickylee@hotmail.com', 'xEvvvzbjQmQrEpxoDZr');
INSERT INTO ACCOUNTANT (name, email, password) VALUES ('David Barrett', 'richard35@yahoo.com', 'QiXuQUvtLyBlwdOXqAk');
INSERT INTO LABORATORY_ASSISTANT (name, email, password) VALUES ('David Barrett', 'richard35@yahoo.com', 'QiXuQUvtLyBlwdOXqAk');
INSERT INTO ACCOUNTANT (name, email, password) VALUES ('Stephanie Williams', 'tannerbray@hotmail.com', 'yorwcJhZcVPpsKSdhWmW');
INSERT INTO LABORATORY_ASSISTANT (name, email, password) VALUES ('Stephanie Williams', 'tannerbray@hotmail.com', 'yorwcJhZcVPpsKSdhWmW');
INSERT INTO ACCOUNTANT (name, email, password) VALUES ('Dr. Yvette Calderon MD', 'paulthomas@yahoo.com', 'DGLUxvsFf');
INSERT INTO LABORATORY_ASSISTANT (name, email, password) VALUES ('Dr. Yvette Calderon MD', 'paulthomas@yahoo.com', 'DGLUxvsFf');
INSERT INTO ACCOUNTANT (name, email, password) VALUES ('Keith Anderson', 'stewarttracey@yahoo.com', 'VCeNykVTIgETf');
INSERT INTO LABORATORY_ASSISTANT (name, email, password) VALUES ('Keith Anderson', 'stewarttracey@yahoo.com', 'VCeNykVTIgETf');
INSERT INTO ACCOUNTANT (name, email, password) VALUES ('Daniel Boone', 'christopher58@gmail.com', 'IQTQIpsNBfdbsouNDdS');
INSERT INTO LABORATORY_ASSISTANT (name, email, password) VALUES ('Daniel Boone', 'christopher58@gmail.com', 'IQTQIpsNBfdbsouNDdS');
INSERT INTO ACCOUNTANT (name, email, password) VALUES ('Richard Mathis', 'amydalton@yahoo.com', 'lkOZKRyp');
INSERT INTO LABORATORY_ASSISTANT (name, email, password) VALUES ('Richard Mathis', 'amydalton@yahoo.com', 'lkOZKRyp');
INSERT INTO ACCOUNTANT (name, email, password) VALUES ('Jill Waters', 'wmarsh@yahoo.com', 'bXKGcznydCnMrVAh');
INSERT INTO LABORATORY_ASSISTANT (name, email, password) VALUES ('Jill Waters', 'wmarsh@yahoo.com', 'bXKGcznydCnMrVAh');
INSERT INTO ACCOUNTANT (name, email, password) VALUES ('Thomas Cooper', 'barbara06@hotmail.com', 'rhvUePGR');
INSERT INTO LABORATORY_ASSISTANT (name, email, password) VALUES ('Thomas Cooper', 'barbara06@hotmail.com', 'rhvUePGR');
INSERT INTO ACCOUNTANT (name, email, password) VALUES ('Brandon Livingston', 'perkinsedward@gmail.com', 'wtGfBKlnBVbeUM');
INSERT INTO LABORATORY_ASSISTANT (name, email, password) VALUES ('Brandon Livingston', 'perkinsedward@gmail.com', 'wtGfBKlnBVbeUM');
INSERT INTO ACCOUNTANT (name, email, password) VALUES ('Robert Goodwin', 'tyler54@gmail.com', 'PKfaMaruyAu');
INSERT INTO LABORATORY_ASSISTANT (name, email, password) VALUES ('Robert Goodwin', 'tyler54@gmail.com', 'PKfaMaruyAu');
INSERT INTO ACCOUNTANT (name, email, password) VALUES ('Ariana Vazquez', 'hadams@hotmail.com', 'SxTRnOqHLjDhEdxUdVt');
INSERT INTO LABORATORY_ASSISTANT (name, email, password) VALUES ('Ariana Vazquez', 'hadams@hotmail.com', 'SxTRnOqHLjDhEdxUdVt');
INSERT INTO ACCOUNTANT (name, email, password) VALUES ('Jessica Zamora', 'alynch@gmail.com', 'WhLjavuGfzAl');
INSERT INTO LABORATORY_ASSISTANT (name, email, password) VALUES ('Jessica Zamora', 'alynch@gmail.com', 'WhLjavuGfzAl');
INSERT INTO ACCOUNTANT (name, email, password) VALUES ('Danielle Blackwell', 'ntaylor@gmail.com', 'NteaghOHro');
INSERT INTO LABORATORY_ASSISTANT (name, email, password) VALUES ('Danielle Blackwell', 'ntaylor@gmail.com', 'NteaghOHro');
INSERT INTO ACCOUNTANT (name, email, password) VALUES ('Allen Wright', 'patricialeach@gmail.com', 'InkdysIBuj');
INSERT INTO LABORATORY_ASSISTANT (name, email, password) VALUES ('Allen Wright', 'patricialeach@gmail.com', 'InkdysIBuj');
INSERT INTO ACCOUNTANT (name, email, password) VALUES ('Adam Sanchez', 'angelabarr@yahoo.com', 'PxkrvMQOCAXGhZbR');
INSERT INTO LABORATORY_ASSISTANT (name, email, password) VALUES ('Adam Sanchez', 'angelabarr@yahoo.com', 'PxkrvMQOCAXGhZbR');
INSERT INTO ACCOUNTANT (name, email, password) VALUES ('Mark Brown', 'michaellindsey@hotmail.com', 'mKHNgddm');
INSERT INTO LABORATORY_ASSISTANT (name, email, password) VALUES ('Mark Brown', 'michaellindsey@hotmail.com', 'mKHNgddm');
INSERT INTO ACCOUNTANT (name, email, password) VALUES ('Courtney Meza', 'kevin96@hotmail.com', 'jicUxVboj');
INSERT INTO LABORATORY_ASSISTANT (name, email, password) VALUES ('Courtney Meza', 'kevin96@hotmail.com', 'jicUxVboj');
INSERT INTO ACCOUNTANT (name, email, password) VALUES ('Joshua Collins', 'fperkins@gmail.com', 'jAuzVvZQrwc');
INSERT INTO LABORATORY_ASSISTANT (name, email, password) VALUES ('Joshua Collins', 'fperkins@gmail.com', 'jAuzVvZQrwc');
INSERT INTO ACCOUNTANT (name, email, password) VALUES ('Cindy Oneal', 'reginaldmartinez@hotmail.com', 'VTfEMvDeOtFrSmlzXoGV');
INSERT INTO LABORATORY_ASSISTANT (name, email, password) VALUES ('Cindy Oneal', 'reginaldmartinez@hotmail.com', 'VTfEMvDeOtFrSmlzXoGV');
INSERT INTO ACCOUNTANT (name, email, password) VALUES ('Ann Osborne', 'kjackson@hotmail.com', 'WLRTODjniqBHOCXFGnpm');
INSERT INTO LABORATORY_ASSISTANT (name, email, password) VALUES ('Ann Osborne', 'kjackson@hotmail.com', 'WLRTODjniqBHOCXFGnpm');
INSERT INTO ACCOUNTANT (name, email, password) VALUES ('Peter Esparza', 'kathrynpeters@gmail.com', 'kPKCdQOXrhcgSgK');
INSERT INTO LABORATORY_ASSISTANT (name, email, password) VALUES ('Peter Esparza', 'kathrynpeters@gmail.com', 'kPKCdQOXrhcgSgK');
INSERT INTO ACCOUNTANT (name, email, password) VALUES ('Joseph Stephens', 'elizabethgriffin@yahoo.com', 'gzVrddFIUBJqwR');
INSERT INTO LABORATORY_ASSISTANT (name, email, password) VALUES ('Joseph Stephens', 'elizabethgriffin@yahoo.com', 'gzVrddFIUBJqwR');
INSERT INTO ACCOUNTANT (name, email, password) VALUES ('Brenda Morrow', 'carolynparker@hotmail.com', 'QdfRnSkKiMEgjSr');
INSERT INTO LABORATORY_ASSISTANT (name, email, password) VALUES ('Brenda Morrow', 'carolynparker@hotmail.com', 'QdfRnSkKiMEgjSr');
INSERT INTO ACCOUNTANT (name, email, password) VALUES ('Mary Goodman', 'jeffrey26@gmail.com', 'WyiECROyupQnJmIdlCIb');
INSERT INTO LABORATORY_ASSISTANT (name, email, password) VALUES ('Mary Goodman', 'jeffrey26@gmail.com', 'WyiECROyupQnJmIdlCIb');
INSERT INTO ACCOUNTANT (name, email, password) VALUES ('Terry Garcia', 'ososa@gmail.com', 'SCjAgqLrfbM');
INSERT INTO LABORATORY_ASSISTANT (name, email, password) VALUES ('Terry Garcia', 'ososa@gmail.com', 'SCjAgqLrfbM');
INSERT INTO ACCOUNTANT (name, email, password) VALUES ('Stephanie Ellis', 'melissapatterson@hotmail.com', 'TbezIEadOFawFCpgMNxg');
INSERT INTO LABORATORY_ASSISTANT (name, email, password) VALUES ('Stephanie Ellis', 'melissapatterson@hotmail.com', 'TbezIEadOFawFCpgMNxg');
INSERT INTO ACCOUNTANT (name, email, password) VALUES ('Crystal Owens', 'aharris@yahoo.com', 'votFrUMatnSmfjEJdA');
INSERT INTO LABORATORY_ASSISTANT (name, email, password) VALUES ('Crystal Owens', 'aharris@yahoo.com', 'votFrUMatnSmfjEJdA');
INSERT INTO ACCOUNTANT (name, email, password) VALUES ('Jasmine Mclean', 'allenruiz@yahoo.com', 'hzyBcItO');
INSERT INTO LABORATORY_ASSISTANT (name, email, password) VALUES ('Jasmine Mclean', 'allenruiz@yahoo.com', 'hzyBcItO');
INSERT INTO ACCOUNTANT (name, email, password) VALUES ('Lori Fisher', 'amandalee@gmail.com', 'FLntTHpaRX');
INSERT INTO LABORATORY_ASSISTANT (name, email, password) VALUES ('Lori Fisher', 'amandalee@gmail.com', 'FLntTHpaRX');
INSERT INTO ACCOUNTANT (name, email, password) VALUES ('Paula Perry', 'michellebrady@hotmail.com', 'mqZtUaxPmMvIKwsJpaRH');
INSERT INTO LABORATORY_ASSISTANT (name, email, password) VALUES ('Paula Perry', 'michellebrady@hotmail.com', 'mqZtUaxPmMvIKwsJpaRH');
INSERT INTO ACCOUNTANT (name, email, password) VALUES ('Terri Miller', 'nancypowers@hotmail.com', 'ObwmMjxxFfkXl');
INSERT INTO LABORATORY_ASSISTANT (name, email, password) VALUES ('Terri Miller', 'nancypowers@hotmail.com', 'ObwmMjxxFfkXl');
INSERT INTO ACCOUNTANT (name, email, password) VALUES ('David Wilson', 'belljennifer@gmail.com', 'SBzZCeLUegLntyWp');
INSERT INTO LABORATORY_ASSISTANT (name, email, password) VALUES ('David Wilson', 'belljennifer@gmail.com', 'SBzZCeLUegLntyWp');
INSERT INTO ACCOUNTANT (name, email, password) VALUES ('Bobby Elliott', 'jlowe@gmail.com', 'eMWEMUjk');
INSERT INTO LABORATORY_ASSISTANT (name, email, password) VALUES ('Bobby Elliott', 'jlowe@gmail.com', 'eMWEMUjk');
INSERT INTO ACCOUNTANT (name, email, password) VALUES ('Emily Carter', 'xroth@hotmail.com', 'pFqiSItwxBdI');
INSERT INTO LABORATORY_ASSISTANT (name, email, password) VALUES ('Emily Carter', 'xroth@hotmail.com', 'pFqiSItwxBdI');
INSERT INTO ACCOUNTANT (name, email, password) VALUES ('Jermaine Mills', 'whenderson@gmail.com', 'TIMOHoPnGmvwGBvWJ');
INSERT INTO LABORATORY_ASSISTANT (name, email, password) VALUES ('Jermaine Mills', 'whenderson@gmail.com', 'TIMOHoPnGmvwGBvWJ');
INSERT INTO ACCOUNTANT (name, email, password) VALUES ('Anthony Brown', 'madelineandrade@hotmail.com', 'BlthPlrOwrqo');
INSERT INTO LABORATORY_ASSISTANT (name, email, password) VALUES ('Anthony Brown', 'madelineandrade@hotmail.com', 'BlthPlrOwrqo');
INSERT INTO ACCOUNTANT (name, email, password) VALUES ('Michael Chambers', 'bassdebbie@gmail.com', 'SaAHOIbpyXaUrxGkeZlw');
INSERT INTO LABORATORY_ASSISTANT (name, email, password) VALUES ('Michael Chambers', 'bassdebbie@gmail.com', 'SaAHOIbpyXaUrxGkeZlw');
INSERT INTO ACCOUNTANT (name, email, password) VALUES ('Brittany White', 'pdean@gmail.com', 'LMekQoKZKGAuHYyM');
INSERT INTO LABORATORY_ASSISTANT (name, email, password) VALUES ('Brittany White', 'pdean@gmail.com', 'LMekQoKZKGAuHYyM');
INSERT INTO ACCOUNTANT (name, email, password) VALUES ('Robert Michael', 'belltammy@yahoo.com', 'QmHFdGqryKFmeCu');
INSERT INTO LABORATORY_ASSISTANT (name, email, password) VALUES ('Robert Michael', 'belltammy@yahoo.com', 'QmHFdGqryKFmeCu');
INSERT INTO ACCOUNTANT (name, email, password) VALUES ('David Perry', 'scottdavid@hotmail.com', 'iJKdnDmtX');
INSERT INTO LABORATORY_ASSISTANT (name, email, password) VALUES ('David Perry', 'scottdavid@hotmail.com', 'iJKdnDmtX');
INSERT INTO ACCOUNTANT (name, email, password) VALUES ('Ashley Daniels', 'debbie58@gmail.com', 'tfNtcUerF');
INSERT INTO LABORATORY_ASSISTANT (name, email, password) VALUES ('Ashley Daniels', 'debbie58@gmail.com', 'tfNtcUerF');
INSERT INTO ACCOUNTANT (name, email, password) VALUES ('Laurie Brown', 'laura33@yahoo.com', 'lGVCvqSrJVWZRQAL');
INSERT INTO LABORATORY_ASSISTANT (name, email, password) VALUES ('Laurie Brown', 'laura33@yahoo.com', 'lGVCvqSrJVWZRQAL');
INSERT INTO ACCOUNTANT (name, email, password) VALUES ('Aaron Contreras', 'alejandrovaughn@yahoo.com', 'WgFnYmKSk');
INSERT INTO LABORATORY_ASSISTANT (name, email, password) VALUES ('Aaron Contreras', 'alejandrovaughn@yahoo.com', 'WgFnYmKSk');
INSERT INTO ACCOUNTANT (name, email, password) VALUES ('Andrew Coleman', 'lkelly@gmail.com', 'uTxmFaWOZWPeA');
INSERT INTO LABORATORY_ASSISTANT (name, email, password) VALUES ('Andrew Coleman', 'lkelly@gmail.com', 'uTxmFaWOZWPeA');
INSERT INTO ACCOUNTANT (name, email, password) VALUES ('Regina King', 'zachary81@yahoo.com', 'DEQkSLvEkq');
INSERT INTO LABORATORY_ASSISTANT (name, email, password) VALUES ('Regina King', 'zachary81@yahoo.com', 'DEQkSLvEkq');
INSERT INTO ACCOUNTANT (name, email, password) VALUES ('Sharon Roberts', 'vincentjay@gmail.com', 'ZDVAOtFJLlPbefI');
INSERT INTO LABORATORY_ASSISTANT (name, email, password) VALUES ('Sharon Roberts', 'vincentjay@gmail.com', 'ZDVAOtFJLlPbefI');
INSERT INTO ACCOUNTANT (name, email, password) VALUES ('Carlos Kelly', 'stephen58@gmail.com', 'DDSGYLPFNw');
INSERT INTO LABORATORY_ASSISTANT (name, email, password) VALUES ('Carlos Kelly', 'stephen58@gmail.com', 'DDSGYLPFNw');
INSERT INTO ACCOUNTANT (name, email, password) VALUES ('Wesley Jones', 'smithjacob@gmail.com', 'cCfSIhcOuaLPbaPHccMO');
INSERT INTO LABORATORY_ASSISTANT (name, email, password) VALUES ('Wesley Jones', 'smithjacob@gmail.com', 'cCfSIhcOuaLPbaPHccMO');
INSERT INTO ACCOUNTANT (name, email, password) VALUES ('Michelle Thomas', 'danielnelson@hotmail.com', 'vfiUWWLmOYYqvNnhCij');
INSERT INTO LABORATORY_ASSISTANT (name, email, password) VALUES ('Michelle Thomas', 'danielnelson@hotmail.com', 'vfiUWWLmOYYqvNnhCij');
INSERT INTO ACCOUNTANT (name, email, password) VALUES ('Stacey Warner', 'wilsonstanley@yahoo.com', 'YbEyoBvypyYwnrUKa');
INSERT INTO LABORATORY_ASSISTANT (name, email, password) VALUES ('Stacey Warner', 'wilsonstanley@yahoo.com', 'YbEyoBvypyYwnrUKa');
INSERT INTO ACCOUNTANT (name, email, password) VALUES ('Cynthia Mcbride', 'oramirez@yahoo.com', 'jcfPRbTjFyjitGxqYwwk');
INSERT INTO LABORATORY_ASSISTANT (name, email, password) VALUES ('Cynthia Mcbride', 'oramirez@yahoo.com', 'jcfPRbTjFyjitGxqYwwk');
INSERT INTO ACCOUNTANT (name, email, password) VALUES ('Susan Garcia MD', 'awheeler@gmail.com', 'DzbSttKMFojUljJWv');
INSERT INTO LABORATORY_ASSISTANT (name, email, password) VALUES ('Susan Garcia MD', 'awheeler@gmail.com', 'DzbSttKMFojUljJWv');
INSERT INTO ACCOUNTANT (name, email, password) VALUES ('Ryan Phillips', 'diazchristopher@hotmail.com', 'tRfAyWKMORZLAJ');
INSERT INTO LABORATORY_ASSISTANT (name, email, password) VALUES ('Ryan Phillips', 'diazchristopher@hotmail.com', 'tRfAyWKMORZLAJ');
INSERT INTO ACCOUNTANT (name, email, password) VALUES ('Anthony Cross', 'mnguyen@hotmail.com', 'OVsFEDVkxqsuVUHAtCL');
INSERT INTO LABORATORY_ASSISTANT (name, email, password) VALUES ('Anthony Cross', 'mnguyen@hotmail.com', 'OVsFEDVkxqsuVUHAtCL');
INSERT INTO ACCOUNTANT (name, email, password) VALUES ('Wesley Gonzalez', 'ccalhoun@yahoo.com', 'HwMvBYpZQC');
INSERT INTO LABORATORY_ASSISTANT (name, email, password) VALUES ('Wesley Gonzalez', 'ccalhoun@yahoo.com', 'HwMvBYpZQC');
INSERT INTO ACCOUNTANT (name, email, password) VALUES ('Robert Calhoun', 'walkeranthony@yahoo.com', 'GUEHhOUHopoAHTqqT');
INSERT INTO LABORATORY_ASSISTANT (name, email, password) VALUES ('Robert Calhoun', 'walkeranthony@yahoo.com', 'GUEHhOUHopoAHTqqT');
INSERT INTO ACCOUNTANT (name, email, password) VALUES ('Julie Thompson', 'amypoole@hotmail.com', 'otnrDyXQUFhqyfiFzdtn');
INSERT INTO LABORATORY_ASSISTANT (name, email, password) VALUES ('Julie Thompson', 'amypoole@hotmail.com', 'otnrDyXQUFhqyfiFzdtn');
INSERT INTO ACCOUNTANT (name, email, password) VALUES ('Christopher Clark', 'leesara@yahoo.com', 'WFKxrYYt');
INSERT INTO LABORATORY_ASSISTANT (name, email, password) VALUES ('Christopher Clark', 'leesara@yahoo.com', 'WFKxrYYt');
INSERT INTO ACCOUNTANT (name, email, password) VALUES ('Joseph Bryant', 'bnorton@hotmail.com', 'INkicWSlqXkFruab');
INSERT INTO LABORATORY_ASSISTANT (name, email, password) VALUES ('Joseph Bryant', 'bnorton@hotmail.com', 'INkicWSlqXkFruab');
INSERT INTO ACCOUNTANT (name, email, password) VALUES ('Jeffrey Russell', 'krystal60@yahoo.com', 'lufJLqGLaMuuLwa');
INSERT INTO LABORATORY_ASSISTANT (name, email, password) VALUES ('Jeffrey Russell', 'krystal60@yahoo.com', 'lufJLqGLaMuuLwa');
INSERT INTO ACCOUNTANT (name, email, password) VALUES ('Paul Davis', 'chapmankiara@yahoo.com', 'ENzjMWxDDEezjgvIRnCy');
INSERT INTO LABORATORY_ASSISTANT (name, email, password) VALUES ('Paul Davis', 'chapmankiara@yahoo.com', 'ENzjMWxDDEezjgvIRnCy');
INSERT INTO ACCOUNTANT (name, email, password) VALUES ('Destiny Washington', 'amanda38@hotmail.com', 'wgqDtkLcGl');
INSERT INTO LABORATORY_ASSISTANT (name, email, password) VALUES ('Destiny Washington', 'amanda38@hotmail.com', 'wgqDtkLcGl');
INSERT INTO ACCOUNTANT (name, email, password) VALUES ('Stephanie Mueller', 'reginaldmurphy@gmail.com', 'BOdTFSMYh');
INSERT INTO LABORATORY_ASSISTANT (name, email, password) VALUES ('Stephanie Mueller', 'reginaldmurphy@gmail.com', 'BOdTFSMYh');
INSERT INTO ACCOUNTANT (name, email, password) VALUES ('Christopher Key', 'ksmith@gmail.com', 'zdlQqcERvtkPYqISLVZq');
INSERT INTO LABORATORY_ASSISTANT (name, email, password) VALUES ('Christopher Key', 'ksmith@gmail.com', 'zdlQqcERvtkPYqISLVZq');
INSERT INTO ACCOUNTANT (name, email, password) VALUES ('Brianna Smith', 'krista46@hotmail.com', 'QdXEegbbvrWbPsACv');
INSERT INTO LABORATORY_ASSISTANT (name, email, password) VALUES ('Brianna Smith', 'krista46@hotmail.com', 'QdXEegbbvrWbPsACv');
INSERT INTO ACCOUNTANT (name, email, password) VALUES ('Cody Montoya', 'oray@yahoo.com', 'OLHqyoROT');
INSERT INTO LABORATORY_ASSISTANT (name, email, password) VALUES ('Cody Montoya', 'oray@yahoo.com', 'OLHqyoROT');
INSERT INTO ACCOUNTANT (name, email, password) VALUES ('Ruben Gutierrez', 'benjaminwest@gmail.com', 'YhbAPdeSGUyV');
INSERT INTO LABORATORY_ASSISTANT (name, email, password) VALUES ('Ruben Gutierrez', 'benjaminwest@gmail.com', 'YhbAPdeSGUyV');
INSERT INTO ACCOUNTANT (name, email, password) VALUES ('Michelle Glass', 'erivera@yahoo.com', 'kBtdWOjmOXCvrtFfGwh');
INSERT INTO LABORATORY_ASSISTANT (name, email, password) VALUES ('Michelle Glass', 'erivera@yahoo.com', 'kBtdWOjmOXCvrtFfGwh');
INSERT INTO ACCOUNTANT (name, email, password) VALUES ('Samantha Thomas', 'evan66@hotmail.com', 'btkNGFazdzCqmzld');
INSERT INTO LABORATORY_ASSISTANT (name, email, password) VALUES ('Samantha Thomas', 'evan66@hotmail.com', 'btkNGFazdzCqmzld');
INSERT INTO ACCOUNTANT (name, email, password) VALUES ('Rodney Mendoza', 'olivia99@yahoo.com', 'aMXvHeXmo');
INSERT INTO LABORATORY_ASSISTANT (name, email, password) VALUES ('Rodney Mendoza', 'olivia99@yahoo.com', 'aMXvHeXmo');
INSERT INTO ACCOUNTANT (name, email, password) VALUES ('Haley Brown', 'millerjoseph@hotmail.com', 'fgSQeGdeusdqLvcpC');
INSERT INTO LABORATORY_ASSISTANT (name, email, password) VALUES ('Haley Brown', 'millerjoseph@hotmail.com', 'fgSQeGdeusdqLvcpC');
INSERT INTO ACCOUNTANT (name, email, password) VALUES ('Ryan Henderson', 'alexander37@gmail.com', 'vQeKHjgNzwbbdaZfhy');
INSERT INTO LABORATORY_ASSISTANT (name, email, password) VALUES ('Ryan Henderson', 'alexander37@gmail.com', 'vQeKHjgNzwbbdaZfhy');
INSERT INTO ACCOUNTANT (name, email, password) VALUES ('Jaime Pace', 'vanessa46@yahoo.com', 'kfpXadSlXbXiVcgdjJW');
INSERT INTO LABORATORY_ASSISTANT (name, email, password) VALUES ('Jaime Pace', 'vanessa46@yahoo.com', 'kfpXadSlXbXiVcgdjJW');
INSERT INTO ACCOUNTANT (name, email, password) VALUES ('Erica Davis', 'james10@hotmail.com', 'hXkBWJJIT');
INSERT INTO LABORATORY_ASSISTANT (name, email, password) VALUES ('Erica Davis', 'james10@hotmail.com', 'hXkBWJJIT');
INSERT INTO ACCOUNTANT (name, email, password) VALUES ('Richard Burton', 'martinlevi@yahoo.com', 'PQSBmJtdGHSAhCFoVjJe');
INSERT INTO LABORATORY_ASSISTANT (name, email, password) VALUES ('Richard Burton', 'martinlevi@yahoo.com', 'PQSBmJtdGHSAhCFoVjJe');
INSERT INTO ACCOUNTANT (name, email, password) VALUES ('Nicole Goodwin', 'tamihines@gmail.com', 'dmtDLtQBOqTrTbsEbV');
INSERT INTO LABORATORY_ASSISTANT (name, email, password) VALUES ('Nicole Goodwin', 'tamihines@gmail.com', 'dmtDLtQBOqTrTbsEbV');
INSERT INTO ACCOUNTANT (name, email, password) VALUES ('Paul Thomas', 'cynthia43@yahoo.com', 'AYtxjYXjLDTv');
INSERT INTO LABORATORY_ASSISTANT (name, email, password) VALUES ('Paul Thomas', 'cynthia43@yahoo.com', 'AYtxjYXjLDTv');
INSERT INTO ACCOUNTANT (name, email, password) VALUES ('Shawn Kim', 'fjones@hotmail.com', 'okvpPOixipeyy');
INSERT INTO LABORATORY_ASSISTANT (name, email, password) VALUES ('Shawn Kim', 'fjones@hotmail.com', 'okvpPOixipeyy');
INSERT INTO ACCOUNTANT (name, email, password) VALUES ('Shane Wall', 'dominique90@yahoo.com', 'cVWXxweDQZedSjDrYs');
INSERT INTO LABORATORY_ASSISTANT (name, email, password) VALUES ('Shane Wall', 'dominique90@yahoo.com', 'cVWXxweDQZedSjDrYs');
INSERT INTO ACCOUNTANT (name, email, password) VALUES ('Gerald Page', 'hschaefer@gmail.com', 'TflyYiAtInEaogRxFqYC');
INSERT INTO LABORATORY_ASSISTANT (name, email, password) VALUES ('Gerald Page', 'hschaefer@gmail.com', 'TflyYiAtInEaogRxFqYC');
INSERT INTO ACCOUNTANT (name, email, password) VALUES ('Michelle Orozco', 'victoria78@hotmail.com', 'pFchadwj');
INSERT INTO LABORATORY_ASSISTANT (name, email, password) VALUES ('Michelle Orozco', 'victoria78@hotmail.com', 'pFchadwj');
INSERT INTO ACCOUNTANT (name, email, password) VALUES ('Cheryl Edwards DDS', 'joseph30@hotmail.com', 'mxVTCOKhoxJXKkUnBbe');
INSERT INTO LABORATORY_ASSISTANT (name, email, password) VALUES ('Cheryl Edwards DDS', 'joseph30@hotmail.com', 'mxVTCOKhoxJXKkUnBbe');
INSERT INTO ACCOUNTANT (name, email, password) VALUES ('Jacob Cole III', 'vfarrell@hotmail.com', 'rxzaDIpinvbhs');
INSERT INTO LABORATORY_ASSISTANT (name, email, password) VALUES ('Jacob Cole III', 'vfarrell@hotmail.com', 'rxzaDIpinvbhs');
INSERT INTO ACCOUNTANT (name, email, password) VALUES ('Ellen Harrell', 'fmedina@gmail.com', 'nqxuOqeLkuYeiD');
INSERT INTO LABORATORY_ASSISTANT (name, email, password) VALUES ('Ellen Harrell', 'fmedina@gmail.com', 'nqxuOqeLkuYeiD');
INSERT INTO ACCOUNTANT (name, email, password) VALUES ('Karen Blankenship', 'jenningsgrant@yahoo.com', 'TeJWthybl');
INSERT INTO LABORATORY_ASSISTANT (name, email, password) VALUES ('Karen Blankenship', 'jenningsgrant@yahoo.com', 'TeJWthybl');
INSERT INTO ACCOUNTANT (name, email, password) VALUES ('Wendy Rodriguez', 'christopherpugh@yahoo.com', 'lnUiaKloBUDA');
INSERT INTO LABORATORY_ASSISTANT (name, email, password) VALUES ('Wendy Rodriguez', 'christopherpugh@yahoo.com', 'lnUiaKloBUDA');
INSERT INTO ACCOUNTANT (name, email, password) VALUES ('Steven Harvey', 'lunamark@hotmail.com', 'DQlRqDnblCwS');
INSERT INTO LABORATORY_ASSISTANT (name, email, password) VALUES ('Steven Harvey', 'lunamark@hotmail.com', 'DQlRqDnblCwS');
INSERT INTO ACCOUNTANT (name, email, password) VALUES ('Nicole Turner', 'ojohnson@hotmail.com', 'DgSiMwVNvUPgZEnIstyq');
INSERT INTO LABORATORY_ASSISTANT (name, email, password) VALUES ('Nicole Turner', 'ojohnson@hotmail.com', 'DgSiMwVNvUPgZEnIstyq');
INSERT INTO ACCOUNTANT (name, email, password) VALUES ('Jennifer Hernandez', 'qthompson@gmail.com', 'gURVRgvWwilFIFsH');
INSERT INTO LABORATORY_ASSISTANT (name, email, password) VALUES ('Jennifer Hernandez', 'qthompson@gmail.com', 'gURVRgvWwilFIFsH');
INSERT INTO ACCOUNTANT (name, email, password) VALUES ('Stephen Evans', 'eric17@gmail.com', 'NbPnPMzXPQDy');
INSERT INTO LABORATORY_ASSISTANT (name, email, password) VALUES ('Stephen Evans', 'eric17@gmail.com', 'NbPnPMzXPQDy');
INSERT INTO ACCOUNTANT (name, email, password) VALUES ('Brandon Diaz', 'chanson@hotmail.com', 'NwWGCyOWZuAvH');
INSERT INTO LABORATORY_ASSISTANT (name, email, password) VALUES ('Brandon Diaz', 'chanson@hotmail.com', 'NwWGCyOWZuAvH');
INSERT INTO ACCOUNTANT (name, email, password) VALUES ('David Sanchez', 'gailbaldwin@hotmail.com', 'AqijzfdcBOWTn');
INSERT INTO LABORATORY_ASSISTANT (name, email, password) VALUES ('David Sanchez', 'gailbaldwin@hotmail.com', 'AqijzfdcBOWTn');
INSERT INTO ACCOUNTANT (name, email, password) VALUES ('Dr. Amanda Maxwell', 'perezcassandra@yahoo.com', 'NpSHVFhQbyJcG');
INSERT INTO LABORATORY_ASSISTANT (name, email, password) VALUES ('Dr. Amanda Maxwell', 'perezcassandra@yahoo.com', 'NpSHVFhQbyJcG');
INSERT INTO ACCOUNTANT (name, email, password) VALUES ('Kenneth Ayala', 'williamslisa@yahoo.com', 'NADpIIfmcZyDFYYoJUGn');
INSERT INTO LABORATORY_ASSISTANT (name, email, password) VALUES ('Kenneth Ayala', 'williamslisa@yahoo.com', 'NADpIIfmcZyDFYYoJUGn');
INSERT INTO ACCOUNTANT (name, email, password) VALUES ('Joshua Schwartz', 'jeffreykennedy@gmail.com', 'pmnNgJrLgckOhNDAsSYd');
INSERT INTO LABORATORY_ASSISTANT (name, email, password) VALUES ('Joshua Schwartz', 'jeffreykennedy@gmail.com', 'pmnNgJrLgckOhNDAsSYd');
INSERT INTO ACCOUNTANT (name, email, password) VALUES ('Jason Melton', 'tyler60@yahoo.com', 'SUgtZudETCObnv');
INSERT INTO LABORATORY_ASSISTANT (name, email, password) VALUES ('Jason Melton', 'tyler60@yahoo.com', 'SUgtZudETCObnv');
INSERT INTO ACCOUNTANT (name, email, password) VALUES ('Matthew Gonzalez', 'jenna24@gmail.com', 'shYlDPeQYTDrgKvspH');
INSERT INTO LABORATORY_ASSISTANT (name, email, password) VALUES ('Matthew Gonzalez', 'jenna24@gmail.com', 'shYlDPeQYTDrgKvspH');
INSERT INTO ACCOUNTANT (name, email, password) VALUES ('Christy Thornton', 'bonnielane@yahoo.com', 'FgyqnixdzIRjnLb');
INSERT INTO LABORATORY_ASSISTANT (name, email, password) VALUES ('Christy Thornton', 'bonnielane@yahoo.com', 'FgyqnixdzIRjnLb');
INSERT INTO ACCOUNTANT (name, email, password) VALUES ('Victoria Garrett', 'ugarner@yahoo.com', 'fOVphsEhwFbAO');
INSERT INTO LABORATORY_ASSISTANT (name, email, password) VALUES ('Victoria Garrett', 'ugarner@yahoo.com', 'fOVphsEhwFbAO');
INSERT INTO ACCOUNTANT (name, email, password) VALUES ('Jeffrey Martinez', 'boydjohn@yahoo.com', 'fGugZWjly');
INSERT INTO LABORATORY_ASSISTANT (name, email, password) VALUES ('Jeffrey Martinez', 'boydjohn@yahoo.com', 'fGugZWjly');
INSERT INTO ACCOUNTANT (name, email, password) VALUES ('Eric Smith', 'elizabethwiley@hotmail.com', 'pgqEQBiPdWi');
INSERT INTO LABORATORY_ASSISTANT (name, email, password) VALUES ('Eric Smith', 'elizabethwiley@hotmail.com', 'pgqEQBiPdWi');
INSERT INTO ACCOUNTANT (name, email, password) VALUES ('Stacey Hughes', 'patriciasmith@gmail.com', 'fAuYnTGEBMfVsCqv');
INSERT INTO LABORATORY_ASSISTANT (name, email, password) VALUES ('Stacey Hughes', 'patriciasmith@gmail.com', 'fAuYnTGEBMfVsCqv');
INSERT INTO ACCOUNTANT (name, email, password) VALUES ('Michael Carter', 'romanjohn@yahoo.com', 'sLQYxEYpj');
INSERT INTO LABORATORY_ASSISTANT (name, email, password) VALUES ('Michael Carter', 'romanjohn@yahoo.com', 'sLQYxEYpj');
INSERT INTO ACCOUNTANT (name, email, password) VALUES ('Stephen Mitchell', 'lbowers@gmail.com', 'GlHZpGpnbVpZxfnOQ');
INSERT INTO LABORATORY_ASSISTANT (name, email, password) VALUES ('Stephen Mitchell', 'lbowers@gmail.com', 'GlHZpGpnbVpZxfnOQ');
INSERT INTO ACCOUNTANT (name, email, password) VALUES ('Kevin Hall', 'brucelynn@gmail.com', 'reWFHPUpMW');
INSERT INTO LABORATORY_ASSISTANT (name, email, password) VALUES ('Kevin Hall', 'brucelynn@gmail.com', 'reWFHPUpMW');
INSERT INTO ACCOUNTANT (name, email, password) VALUES ('Duane Quinn', 'tara92@yahoo.com', 'fFPaQiDoXeIhFXchTdO');
INSERT INTO LABORATORY_ASSISTANT (name, email, password) VALUES ('Duane Quinn', 'tara92@yahoo.com', 'fFPaQiDoXeIhFXchTdO');
INSERT INTO ACCOUNTANT (name, email, password) VALUES ('Sharon Thompson', 'rickyfuentes@yahoo.com', 'IsmbPXyBHhgZEshy');
INSERT INTO LABORATORY_ASSISTANT (name, email, password) VALUES ('Sharon Thompson', 'rickyfuentes@yahoo.com', 'IsmbPXyBHhgZEshy');
INSERT INTO ACCOUNTANT (name, email, password) VALUES ('Sandra Rivera', 'lidavid@hotmail.com', 'HjxoCEfkkOQ');
INSERT INTO LABORATORY_ASSISTANT (name, email, password) VALUES ('Sandra Rivera', 'lidavid@hotmail.com', 'HjxoCEfkkOQ');
INSERT INTO ACCOUNTANT (name, email, password) VALUES ('Jose Miller', 'cwaters@hotmail.com', 'nnaoAZZcCbBjMft');
INSERT INTO LABORATORY_ASSISTANT (name, email, password) VALUES ('Jose Miller', 'cwaters@hotmail.com', 'nnaoAZZcCbBjMft');
INSERT INTO ACCOUNTANT (name, email, password) VALUES ('Sherry Garcia', 'robertbaker@hotmail.com', 'HAhlLjDI');
INSERT INTO LABORATORY_ASSISTANT (name, email, password) VALUES ('Sherry Garcia', 'robertbaker@hotmail.com', 'HAhlLjDI');
INSERT INTO ACCOUNTANT (name, email, password) VALUES ('Abigail Thompson', 'hawkinsdawn@hotmail.com', 'eGpLdrPGuadcFCEili');
INSERT INTO LABORATORY_ASSISTANT (name, email, password) VALUES ('Abigail Thompson', 'hawkinsdawn@hotmail.com', 'eGpLdrPGuadcFCEili');
INSERT INTO ACCOUNTANT (name, email, password) VALUES ('Mr. Austin Lloyd', 'pamelamarquez@hotmail.com', 'XvqcwMalKVha');
INSERT INTO LABORATORY_ASSISTANT (name, email, password) VALUES ('Mr. Austin Lloyd', 'pamelamarquez@hotmail.com', 'XvqcwMalKVha');
INSERT INTO ACCOUNTANT (name, email, password) VALUES ('Julia Hurley', 'gibsonjoshua@hotmail.com', 'sRtywuqgwE');
INSERT INTO LABORATORY_ASSISTANT (name, email, password) VALUES ('Julia Hurley', 'gibsonjoshua@hotmail.com', 'sRtywuqgwE');
INSERT INTO ACCOUNTANT (name, email, password) VALUES ('Jillian Henry', 'jmaddox@yahoo.com', 'iLdbQKcZvbJzHQF');
INSERT INTO LABORATORY_ASSISTANT (name, email, password) VALUES ('Jillian Henry', 'jmaddox@yahoo.com', 'iLdbQKcZvbJzHQF');
INSERT INTO ACCOUNTANT (name, email, password) VALUES ('Jessica Hudson', 'wilsonamanda@gmail.com', 'LGCDfAsKIPTVkzNMxbuo');
INSERT INTO LABORATORY_ASSISTANT (name, email, password) VALUES ('Jessica Hudson', 'wilsonamanda@gmail.com', 'LGCDfAsKIPTVkzNMxbuo');
INSERT INTO ACCOUNTANT (name, email, password) VALUES ('Christina Potts', 'victorpollard@gmail.com', 'CTmCmukGIbMBzPJDXhFo');
INSERT INTO LABORATORY_ASSISTANT (name, email, password) VALUES ('Christina Potts', 'victorpollard@gmail.com', 'CTmCmukGIbMBzPJDXhFo');
INSERT INTO ACCOUNTANT (name, email, password) VALUES ('Joshua Perez', 'taraflores@hotmail.com', 'DwIPJIbabUrmjbNoB');
INSERT INTO LABORATORY_ASSISTANT (name, email, password) VALUES ('Joshua Perez', 'taraflores@hotmail.com', 'DwIPJIbabUrmjbNoB');
INSERT INTO ACCOUNTANT (name, email, password) VALUES ('Samantha Elliott', 'cheryl57@hotmail.com', 'GeCOQEUCfyWbmtbL');
INSERT INTO LABORATORY_ASSISTANT (name, email, password) VALUES ('Samantha Elliott', 'cheryl57@hotmail.com', 'GeCOQEUCfyWbmtbL');
INSERT INTO ACCOUNTANT (name, email, password) VALUES ('Jeremy Cowan', 'ccombs@gmail.com', 'LFidViMd');
INSERT INTO LABORATORY_ASSISTANT (name, email, password) VALUES ('Jeremy Cowan', 'ccombs@gmail.com', 'LFidViMd');
INSERT INTO ACCOUNTANT (name, email, password) VALUES ('Linda Yang', 'mariehendrix@yahoo.com', 'fLdNIykO');
INSERT INTO LABORATORY_ASSISTANT (name, email, password) VALUES ('Linda Yang', 'mariehendrix@yahoo.com', 'fLdNIykO');
INSERT INTO ACCOUNTANT (name, email, password) VALUES ('Jonathan Parker', 'hdavenport@gmail.com', 'OpNvdqBUBVPCcDYoPui');
INSERT INTO LABORATORY_ASSISTANT (name, email, password) VALUES ('Jonathan Parker', 'hdavenport@gmail.com', 'OpNvdqBUBVPCcDYoPui');
INSERT INTO ACCOUNTANT (name, email, password) VALUES ('Justin Ramirez', 'pbullock@gmail.com', 'IJtrWxioLLop');
INSERT INTO LABORATORY_ASSISTANT (name, email, password) VALUES ('Justin Ramirez', 'pbullock@gmail.com', 'IJtrWxioLLop');
INSERT INTO ACCOUNTANT (name, email, password) VALUES ('Amber Horton', 'winterserin@yahoo.com', 'dSFsFiSuxlluRBOaEpQl');
INSERT INTO LABORATORY_ASSISTANT (name, email, password) VALUES ('Amber Horton', 'winterserin@yahoo.com', 'dSFsFiSuxlluRBOaEpQl');
INSERT INTO ACCOUNTANT (name, email, password) VALUES ('Jonathan Morales', 'haleyleach@hotmail.com', 'FdyWYgEvInILxqunbrm');
INSERT INTO LABORATORY_ASSISTANT (name, email, password) VALUES ('Jonathan Morales', 'haleyleach@hotmail.com', 'FdyWYgEvInILxqunbrm');
INSERT INTO ACCOUNTANT (name, email, password) VALUES ('Brittany James', 'vmendez@hotmail.com', 'BCmjOLJcVBjKkzaST');
INSERT INTO LABORATORY_ASSISTANT (name, email, password) VALUES ('Brittany James', 'vmendez@hotmail.com', 'BCmjOLJcVBjKkzaST');
INSERT INTO ACCOUNTANT (name, email, password) VALUES ('Tyrone Andrade', 'simpsonamanda@hotmail.com', 'FeUGfNTPhcsinZCDPTTg');
INSERT INTO LABORATORY_ASSISTANT (name, email, password) VALUES ('Tyrone Andrade', 'simpsonamanda@hotmail.com', 'FeUGfNTPhcsinZCDPTTg');
INSERT INTO ACCOUNTANT (name, email, password) VALUES ('Jack Bullock', 'adixon@gmail.com', 'YVaAPQmggLHqbCVuSX');
INSERT INTO LABORATORY_ASSISTANT (name, email, password) VALUES ('Jack Bullock', 'adixon@gmail.com', 'YVaAPQmggLHqbCVuSX');
INSERT INTO ACCOUNTANT (name, email, password) VALUES ('Jeanette Stokes', 'melinda63@hotmail.com', 'YJLLPRlZUSNHWXPWcf');
INSERT INTO LABORATORY_ASSISTANT (name, email, password) VALUES ('Jeanette Stokes', 'melinda63@hotmail.com', 'YJLLPRlZUSNHWXPWcf');
INSERT INTO ACCOUNTANT (name, email, password) VALUES ('Andrew Howard', 'esmith@yahoo.com', 'FBbfGdYzpZRX');
INSERT INTO LABORATORY_ASSISTANT (name, email, password) VALUES ('Andrew Howard', 'esmith@yahoo.com', 'FBbfGdYzpZRX');
INSERT INTO ACCOUNTANT (name, email, password) VALUES ('Ashley Jackson', 'apatterson@yahoo.com', 'MdqaJrJfQpomNxoAzQaw');
INSERT INTO LABORATORY_ASSISTANT (name, email, password) VALUES ('Ashley Jackson', 'apatterson@yahoo.com', 'MdqaJrJfQpomNxoAzQaw');
INSERT INTO ACCOUNTANT (name, email, password) VALUES ('Teresa Wright', 'xwilliams@yahoo.com', 'DkDwUFBECKctKq');
INSERT INTO LABORATORY_ASSISTANT (name, email, password) VALUES ('Teresa Wright', 'xwilliams@yahoo.com', 'DkDwUFBECKctKq');
INSERT INTO ACCOUNTANT (name, email, password) VALUES ('Donna Cross', 'earl83@yahoo.com', 'wsalniWzUvDVP');
INSERT INTO LABORATORY_ASSISTANT (name, email, password) VALUES ('Donna Cross', 'earl83@yahoo.com', 'wsalniWzUvDVP');
INSERT INTO ACCOUNTANT (name, email, password) VALUES ('Christopher Miller', 'richardsmith@gmail.com', 'GvtmUQbKRhOIyhSO');
INSERT INTO LABORATORY_ASSISTANT (name, email, password) VALUES ('Christopher Miller', 'richardsmith@gmail.com', 'GvtmUQbKRhOIyhSO');
INSERT INTO ACCOUNTANT (name, email, password) VALUES ('Robert Nichols', 'michelle39@yahoo.com', 'bAGKuMYKcoVckh');
INSERT INTO LABORATORY_ASSISTANT (name, email, password) VALUES ('Robert Nichols', 'michelle39@yahoo.com', 'bAGKuMYKcoVckh');
INSERT INTO ACCOUNTANT (name, email, password) VALUES ('Ariel Pope', 'sara90@yahoo.com', 'owGNEsKxlsDxZ');
INSERT INTO LABORATORY_ASSISTANT (name, email, password) VALUES ('Ariel Pope', 'sara90@yahoo.com', 'owGNEsKxlsDxZ');
INSERT INTO ACCOUNTANT (name, email, password) VALUES ('Michelle Moore', 'mitchellsteven@yahoo.com', 'kVzHhvnuWsHxmzJmkSJj');
INSERT INTO LABORATORY_ASSISTANT (name, email, password) VALUES ('Michelle Moore', 'mitchellsteven@yahoo.com', 'kVzHhvnuWsHxmzJmkSJj');
INSERT INTO ACCOUNTANT (name, email, password) VALUES ('Tara Jones', 'gmartin@yahoo.com', 'iCnlldZSd');
INSERT INTO LABORATORY_ASSISTANT (name, email, password) VALUES ('Tara Jones', 'gmartin@yahoo.com', 'iCnlldZSd');
INSERT INTO ACCOUNTANT (name, email, password) VALUES ('Jose Archer', 'francokimberly@gmail.com', 'libxZoUvLGLTvFkqEuev');
INSERT INTO LABORATORY_ASSISTANT (name, email, password) VALUES ('Jose Archer', 'francokimberly@gmail.com', 'libxZoUvLGLTvFkqEuev');
INSERT INTO ACCOUNTANT (name, email, password) VALUES ('Janet Hawkins', 'randyliu@gmail.com', 'RawrRAbNxokMfqgXuMAc');
INSERT INTO LABORATORY_ASSISTANT (name, email, password) VALUES ('Janet Hawkins', 'randyliu@gmail.com', 'RawrRAbNxokMfqgXuMAc');
INSERT INTO ACCOUNTANT (name, email, password) VALUES ('Nathan Baldwin', 'rosssara@gmail.com', 'hWzspJqnEsLOcTgRy');
INSERT INTO LABORATORY_ASSISTANT (name, email, password) VALUES ('Nathan Baldwin', 'rosssara@gmail.com', 'hWzspJqnEsLOcTgRy');
INSERT INTO ACCOUNTANT (name, email, password) VALUES ('Kimberly Campbell DDS', 'jeremy14@hotmail.com', 'hDmaZpSgPIZv');
INSERT INTO LABORATORY_ASSISTANT (name, email, password) VALUES ('Kimberly Campbell DDS', 'jeremy14@hotmail.com', 'hDmaZpSgPIZv');
INSERT INTO ACCOUNTANT (name, email, password) VALUES ('Scott Stephens', 'teresamathis@yahoo.com', 'YaNNfCblJMsaoSEhFZu');
INSERT INTO LABORATORY_ASSISTANT (name, email, password) VALUES ('Scott Stephens', 'teresamathis@yahoo.com', 'YaNNfCblJMsaoSEhFZu');
INSERT INTO ACCOUNTANT (name, email, password) VALUES ('Candace Johnson', 'andrewgutierrez@hotmail.com', 'KZjTsutVJJAZFEoQdxhr');
INSERT INTO LABORATORY_ASSISTANT (name, email, password) VALUES ('Candace Johnson', 'andrewgutierrez@hotmail.com', 'KZjTsutVJJAZFEoQdxhr');
INSERT INTO ACCOUNTANT (name, email, password) VALUES ('Sarah Ward', 'jeremy82@yahoo.com', 'xRpMCZgAHbnHH');
INSERT INTO LABORATORY_ASSISTANT (name, email, password) VALUES ('Sarah Ward', 'jeremy82@yahoo.com', 'xRpMCZgAHbnHH');
INSERT INTO ACCOUNTANT (name, email, password) VALUES ('Tammy Melton', 'godom@yahoo.com', 'SJxEGTnRF');
INSERT INTO LABORATORY_ASSISTANT (name, email, password) VALUES ('Tammy Melton', 'godom@yahoo.com', 'SJxEGTnRF');
INSERT INTO ACCOUNTANT (name, email, password) VALUES ('Javier Ortega', 'andersonamanda@gmail.com', 'LkOpYljAtVDQFJUZ');
INSERT INTO LABORATORY_ASSISTANT (name, email, password) VALUES ('Javier Ortega', 'andersonamanda@gmail.com', 'LkOpYljAtVDQFJUZ');
INSERT INTO ACCOUNTANT (name, email, password) VALUES ('Brianna Thomas', 'jeffreyhicks@hotmail.com', 'DmyhWMwocxKTqRSq');
INSERT INTO LABORATORY_ASSISTANT (name, email, password) VALUES ('Brianna Thomas', 'jeffreyhicks@hotmail.com', 'DmyhWMwocxKTqRSq');
INSERT INTO ACCOUNTANT (name, email, password) VALUES ('Joseph Williams', 'chaneyjenna@gmail.com', 'gEgWOABbHhLvBEstKgB');
INSERT INTO LABORATORY_ASSISTANT (name, email, password) VALUES ('Joseph Williams', 'chaneyjenna@gmail.com', 'gEgWOABbHhLvBEstKgB');
INSERT INTO ACCOUNTANT (name, email, password) VALUES ('James Wilson', 'jenniferpadilla@yahoo.com', 'zNSAQNNxumVpHmF');
INSERT INTO LABORATORY_ASSISTANT (name, email, password) VALUES ('James Wilson', 'jenniferpadilla@yahoo.com', 'zNSAQNNxumVpHmF');
INSERT INTO ACCOUNTANT (name, email, password) VALUES ('Jennifer Adams', 'mboone@gmail.com', 'IYyoBvPQGvRCzFGuBMal');
INSERT INTO LABORATORY_ASSISTANT (name, email, password) VALUES ('Jennifer Adams', 'mboone@gmail.com', 'IYyoBvPQGvRCzFGuBMal');
INSERT INTO ACCOUNTANT (name, email, password) VALUES ('Jennifer Logan', 'umays@gmail.com', 'YGuOciZGalh');
INSERT INTO LABORATORY_ASSISTANT (name, email, password) VALUES ('Jennifer Logan', 'umays@gmail.com', 'YGuOciZGalh');
INSERT INTO ACCOUNTANT (name, email, password) VALUES ('Stephanie Chavez', 'thompsonsarah@yahoo.com', 'RMilQBdFLIdB');
INSERT INTO LABORATORY_ASSISTANT (name, email, password) VALUES ('Stephanie Chavez', 'thompsonsarah@yahoo.com', 'RMilQBdFLIdB');
INSERT INTO ACCOUNTANT (name, email, password) VALUES ('Matthew Ryan', 'hdavis@gmail.com', 'tIQPkLnmHFzLTKgzOPas');
INSERT INTO LABORATORY_ASSISTANT (name, email, password) VALUES ('Matthew Ryan', 'hdavis@gmail.com', 'tIQPkLnmHFzLTKgzOPas');
INSERT INTO ACCOUNTANT (name, email, password) VALUES ('Donna Payne', 'kurtstout@gmail.com', 'UixXroJUXfYMnjIOTlz');
INSERT INTO LABORATORY_ASSISTANT (name, email, password) VALUES ('Donna Payne', 'kurtstout@gmail.com', 'UixXroJUXfYMnjIOTlz');
INSERT INTO ACCOUNTANT (name, email, password) VALUES ('Alexandra Guerrero', 'qsavage@gmail.com', 'ZqeIsbhRLGEMYRcxYM');
INSERT INTO LABORATORY_ASSISTANT (name, email, password) VALUES ('Alexandra Guerrero', 'qsavage@gmail.com', 'ZqeIsbhRLGEMYRcxYM');
INSERT INTO ACCOUNTANT (name, email, password) VALUES ('Jennifer West', 'gibsondaniel@gmail.com', 'WigpzWNqiaxdxQiVWceW');
INSERT INTO LABORATORY_ASSISTANT (name, email, password) VALUES ('Jennifer West', 'gibsondaniel@gmail.com', 'WigpzWNqiaxdxQiVWceW');
INSERT INTO ACCOUNTANT (name, email, password) VALUES ('Mrs. Jennifer Bryant MD', 'hoffmanwilliam@gmail.com', 'hmjUqoWcvmpp');
INSERT INTO LABORATORY_ASSISTANT (name, email, password) VALUES ('Mrs. Jennifer Bryant MD', 'hoffmanwilliam@gmail.com', 'hmjUqoWcvmpp');
INSERT INTO ACCOUNTANT (name, email, password) VALUES ('Ann Marquez', 'ahansen@gmail.com', 'JLGUgcSuQw');
INSERT INTO LABORATORY_ASSISTANT (name, email, password) VALUES ('Ann Marquez', 'ahansen@gmail.com', 'JLGUgcSuQw');
INSERT INTO ACCOUNTANT (name, email, password) VALUES ('Renee Bradley', 'salasamanda@yahoo.com', 'sXHPaNBZWhustyEw');
INSERT INTO LABORATORY_ASSISTANT (name, email, password) VALUES ('Renee Bradley', 'salasamanda@yahoo.com', 'sXHPaNBZWhustyEw');
INSERT INTO ACCOUNTANT (name, email, password) VALUES ('Bryan Murphy', 'fowlerdanny@hotmail.com', 'DGVAbeJZEMOCcWMhPYrS');
INSERT INTO LABORATORY_ASSISTANT (name, email, password) VALUES ('Bryan Murphy', 'fowlerdanny@hotmail.com', 'DGVAbeJZEMOCcWMhPYrS');
INSERT INTO ACCOUNTANT (name, email, password) VALUES ('Matthew Warren', 'kari67@yahoo.com', 'PMhItTDb');
INSERT INTO LABORATORY_ASSISTANT (name, email, password) VALUES ('Matthew Warren', 'kari67@yahoo.com', 'PMhItTDb');
INSERT INTO ACCOUNTANT (name, email, password) VALUES ('Michael Fields', 'nrichardson@hotmail.com', 'JsQSlNTEZEHNabveZ');
INSERT INTO LABORATORY_ASSISTANT (name, email, password) VALUES ('Michael Fields', 'nrichardson@hotmail.com', 'JsQSlNTEZEHNabveZ');
INSERT INTO ACCOUNTANT (name, email, password) VALUES ('Daniel Willis', 'gbowen@hotmail.com', 'OrUmCSDfBrYVjzHlrf');
INSERT INTO LABORATORY_ASSISTANT (name, email, password) VALUES ('Daniel Willis', 'gbowen@hotmail.com', 'OrUmCSDfBrYVjzHlrf');
INSERT INTO ACCOUNTANT (name, email, password) VALUES ('Dr. Edward Frank', 'laura43@yahoo.com', 'MeGHZBRUSLYsunhSOk');
INSERT INTO LABORATORY_ASSISTANT (name, email, password) VALUES ('Dr. Edward Frank', 'laura43@yahoo.com', 'MeGHZBRUSLYsunhSOk');
INSERT INTO ACCOUNTANT (name, email, password) VALUES ('Christine Adkins', 'jjohnson@gmail.com', 'vYAnFzSSUuHRcD');
INSERT INTO LABORATORY_ASSISTANT (name, email, password) VALUES ('Christine Adkins', 'jjohnson@gmail.com', 'vYAnFzSSUuHRcD');
INSERT INTO ACCOUNTANT (name, email, password) VALUES ('Jesse Zimmerman', 'ugriffith@gmail.com', 'DQZXCuoSROSZlpzMF');
INSERT INTO LABORATORY_ASSISTANT (name, email, password) VALUES ('Jesse Zimmerman', 'ugriffith@gmail.com', 'DQZXCuoSROSZlpzMF');
INSERT INTO ACCOUNTANT (name, email, password) VALUES ('David Brown', 'johnsonemily@yahoo.com', 'PtYBxyJdaPO');
INSERT INTO LABORATORY_ASSISTANT (name, email, password) VALUES ('David Brown', 'johnsonemily@yahoo.com', 'PtYBxyJdaPO');
INSERT INTO ACCOUNTANT (name, email, password) VALUES ('Mrs. Sarah Mcdonald', 'dylanwoodard@gmail.com', 'zxjMpVVSLwDrYPHGO');
INSERT INTO LABORATORY_ASSISTANT (name, email, password) VALUES ('Mrs. Sarah Mcdonald', 'dylanwoodard@gmail.com', 'zxjMpVVSLwDrYPHGO');
INSERT INTO ACCOUNTANT (name, email, password) VALUES ('Renee Davis', 'lisamendez@hotmail.com', 'qeolUntdeJHPTju');
INSERT INTO LABORATORY_ASSISTANT (name, email, password) VALUES ('Renee Davis', 'lisamendez@hotmail.com', 'qeolUntdeJHPTju');
INSERT INTO ACCOUNTANT (name, email, password) VALUES ('Diane Patel', 'reginaldwatson@gmail.com', 'LLarjrJChotgpmV');
INSERT INTO LABORATORY_ASSISTANT (name, email, password) VALUES ('Diane Patel', 'reginaldwatson@gmail.com', 'LLarjrJChotgpmV');
INSERT INTO ACCOUNTANT (name, email, password) VALUES ('Katherine Stone', 'powellamanda@yahoo.com', 'XoXTpZtp');
INSERT INTO LABORATORY_ASSISTANT (name, email, password) VALUES ('Katherine Stone', 'powellamanda@yahoo.com', 'XoXTpZtp');
INSERT INTO ACCOUNTANT (name, email, password) VALUES ('Janice Newman', 'mgraham@yahoo.com', 'UdsyLnSxd');
INSERT INTO LABORATORY_ASSISTANT (name, email, password) VALUES ('Janice Newman', 'mgraham@yahoo.com', 'UdsyLnSxd');
INSERT INTO ACCOUNTANT (name, email, password) VALUES ('Edward Brown', 'cevans@hotmail.com', 'MfIjnPVeWqoMrMY');
INSERT INTO LABORATORY_ASSISTANT (name, email, password) VALUES ('Edward Brown', 'cevans@hotmail.com', 'MfIjnPVeWqoMrMY');
INSERT INTO ACCOUNTANT (name, email, password) VALUES ('Tanya Schmitt', 'jennifersimmons@yahoo.com', 'tunkOOsPUvnAgiwWz');
INSERT INTO LABORATORY_ASSISTANT (name, email, password) VALUES ('Tanya Schmitt', 'jennifersimmons@yahoo.com', 'tunkOOsPUvnAgiwWz');
INSERT INTO ACCOUNTANT (name, email, password) VALUES ('Lawrence Smith', 'mahoneykevin@gmail.com', 'tLNhujsmXCOLxgyGy');
INSERT INTO LABORATORY_ASSISTANT (name, email, password) VALUES ('Lawrence Smith', 'mahoneykevin@gmail.com', 'tLNhujsmXCOLxgyGy');
INSERT INTO ACCOUNTANT (name, email, password) VALUES ('Meredith Watson', 'rossdavid@gmail.com', 'FOwlzYHTNbtG');
INSERT INTO LABORATORY_ASSISTANT (name, email, password) VALUES ('Meredith Watson', 'rossdavid@gmail.com', 'FOwlzYHTNbtG');
INSERT INTO ACCOUNTANT (name, email, password) VALUES ('Jonathan Young', 'xwright@hotmail.com', 'pfDrUEItMDepOn');
INSERT INTO LABORATORY_ASSISTANT (name, email, password) VALUES ('Jonathan Young', 'xwright@hotmail.com', 'pfDrUEItMDepOn');
INSERT INTO ACCOUNTANT (name, email, password) VALUES ('Jorge Lyons', 'morgan90@gmail.com', 'WRHoyQsHIWEjHMJi');
INSERT INTO LABORATORY_ASSISTANT (name, email, password) VALUES ('Jorge Lyons', 'morgan90@gmail.com', 'WRHoyQsHIWEjHMJi');
INSERT INTO ACCOUNTANT (name, email, password) VALUES ('Tabitha Myers', 'ronnie74@yahoo.com', 'RkyofXgsK');
INSERT INTO LABORATORY_ASSISTANT (name, email, password) VALUES ('Tabitha Myers', 'ronnie74@yahoo.com', 'RkyofXgsK');
INSERT INTO ACCOUNTANT (name, email, password) VALUES ('Lori Vargas', 'brenda80@hotmail.com', 'ldVIQSJqzrIMsZhBSPjL');
INSERT INTO LABORATORY_ASSISTANT (name, email, password) VALUES ('Lori Vargas', 'brenda80@hotmail.com', 'ldVIQSJqzrIMsZhBSPjL');
INSERT INTO ACCOUNTANT (name, email, password) VALUES ('Edwin Taylor', 'christinemueller@gmail.com', 'adPmdFPeAhljWBRu');
INSERT INTO LABORATORY_ASSISTANT (name, email, password) VALUES ('Edwin Taylor', 'christinemueller@gmail.com', 'adPmdFPeAhljWBRu');
INSERT INTO ACCOUNTANT (name, email, password) VALUES ('Jeremy Mendoza', 'simonjessica@hotmail.com', 'VUGpUsfFpbBJqRn');
INSERT INTO LABORATORY_ASSISTANT (name, email, password) VALUES ('Jeremy Mendoza', 'simonjessica@hotmail.com', 'VUGpUsfFpbBJqRn');
INSERT INTO ACCOUNTANT (name, email, password) VALUES ('Tom Padilla', 'bpayne@hotmail.com', 'ZFMxTYPHIl');
INSERT INTO LABORATORY_ASSISTANT (name, email, password) VALUES ('Tom Padilla', 'bpayne@hotmail.com', 'ZFMxTYPHIl');
INSERT INTO ACCOUNTANT (name, email, password) VALUES ('Stephanie Winters', 'timothyvillegas@gmail.com', 'JqMTzAkNfatKfd');
INSERT INTO LABORATORY_ASSISTANT (name, email, password) VALUES ('Stephanie Winters', 'timothyvillegas@gmail.com', 'JqMTzAkNfatKfd');
INSERT INTO ACCOUNTANT (name, email, password) VALUES ('Kelly Smith', 'stephen26@yahoo.com', 'xFROghZadweLOgUxgfRJ');
INSERT INTO LABORATORY_ASSISTANT (name, email, password) VALUES ('Kelly Smith', 'stephen26@yahoo.com', 'xFROghZadweLOgUxgfRJ');
INSERT INTO ACCOUNTANT (name, email, password) VALUES ('Tammie Miranda', 'robertsmith@hotmail.com', 'WMrgcRrLs');
INSERT INTO LABORATORY_ASSISTANT (name, email, password) VALUES ('Tammie Miranda', 'robertsmith@hotmail.com', 'WMrgcRrLs');
INSERT INTO ACCOUNTANT (name, email, password) VALUES ('Laurie Tucker', 'erichayes@yahoo.com', 'dKZgigHNXWgJ');
INSERT INTO LABORATORY_ASSISTANT (name, email, password) VALUES ('Laurie Tucker', 'erichayes@yahoo.com', 'dKZgigHNXWgJ');
INSERT INTO ACCOUNTANT (name, email, password) VALUES ('Gina Martinez', 'james17@yahoo.com', 'TWNoUHbNkaiPnQhZG');
INSERT INTO LABORATORY_ASSISTANT (name, email, password) VALUES ('Gina Martinez', 'james17@yahoo.com', 'TWNoUHbNkaiPnQhZG');
INSERT INTO ACCOUNTANT (name, email, password) VALUES ('Anna Carter', 'hvasquez@yahoo.com', 'kQWgZWGhpQSjNw');
INSERT INTO LABORATORY_ASSISTANT (name, email, password) VALUES ('Anna Carter', 'hvasquez@yahoo.com', 'kQWgZWGhpQSjNw');
INSERT INTO ACCOUNTANT (name, email, password) VALUES ('Christopher Baker', 'afields@yahoo.com', 'fGtRNBKqVhcXsWpCVdne');
INSERT INTO LABORATORY_ASSISTANT (name, email, password) VALUES ('Christopher Baker', 'afields@yahoo.com', 'fGtRNBKqVhcXsWpCVdne');
INSERT INTO ACCOUNTANT (name, email, password) VALUES ('Caitlin Hoffman', 'jasondelacruz@hotmail.com', 'FpaszlRQHjkiGh');
INSERT INTO LABORATORY_ASSISTANT (name, email, password) VALUES ('Caitlin Hoffman', 'jasondelacruz@hotmail.com', 'FpaszlRQHjkiGh');
INSERT INTO ACCOUNTANT (name, email, password) VALUES ('Brian Banks', 'kristinsimmons@gmail.com', 'vttFFlfnOyUvVqMvEREM');
INSERT INTO LABORATORY_ASSISTANT (name, email, password) VALUES ('Brian Banks', 'kristinsimmons@gmail.com', 'vttFFlfnOyUvVqMvEREM');
INSERT INTO ACCOUNTANT (name, email, password) VALUES ('Jacob Gay', 'vaughandavid@hotmail.com', 'TzNrFRaxcpgujF');
INSERT INTO LABORATORY_ASSISTANT (name, email, password) VALUES ('Jacob Gay', 'vaughandavid@hotmail.com', 'TzNrFRaxcpgujF');
INSERT INTO ACCOUNTANT (name, email, password) VALUES ('William Alvarez', 'andrew58@yahoo.com', 'gBKVJnrsygBidrzNU');
INSERT INTO LABORATORY_ASSISTANT (name, email, password) VALUES ('William Alvarez', 'andrew58@yahoo.com', 'gBKVJnrsygBidrzNU');
INSERT INTO ACCOUNTANT (name, email, password) VALUES ('Adam Davis', 'tmoore@gmail.com', 'dFdzKdkpzgBPkrZB');
INSERT INTO LABORATORY_ASSISTANT (name, email, password) VALUES ('Adam Davis', 'tmoore@gmail.com', 'dFdzKdkpzgBPkrZB');
INSERT INTO ACCOUNTANT (name, email, password) VALUES ('Michael Kennedy', 'laralaura@yahoo.com', 'efldQPbjzUNQP');
INSERT INTO LABORATORY_ASSISTANT (name, email, password) VALUES ('Michael Kennedy', 'laralaura@yahoo.com', 'efldQPbjzUNQP');
INSERT INTO ACCOUNTANT (name, email, password) VALUES ('Mark Gomez', 'rwilliams@yahoo.com', 'CoxuNDZawWkxqodsoTa');
INSERT INTO LABORATORY_ASSISTANT (name, email, password) VALUES ('Mark Gomez', 'rwilliams@yahoo.com', 'CoxuNDZawWkxqodsoTa');
INSERT INTO ACCOUNTANT (name, email, password) VALUES ('Vanessa Keller', 'smithnatalie@gmail.com', 'KuLZiUFqiXfoAtV');
INSERT INTO LABORATORY_ASSISTANT (name, email, password) VALUES ('Vanessa Keller', 'smithnatalie@gmail.com', 'KuLZiUFqiXfoAtV');
INSERT INTO ACCOUNTANT (name, email, password) VALUES ('Gregory Green', 'jschmitt@yahoo.com', 'GCEqUMgVNFgGgRWrAVXy');
INSERT INTO LABORATORY_ASSISTANT (name, email, password) VALUES ('Gregory Green', 'jschmitt@yahoo.com', 'GCEqUMgVNFgGgRWrAVXy');
INSERT INTO ACCOUNTANT (name, email, password) VALUES ('Roy Owens', 'sarah84@hotmail.com', 'ZuLWZYfGNPJbL');
INSERT INTO LABORATORY_ASSISTANT (name, email, password) VALUES ('Roy Owens', 'sarah84@hotmail.com', 'ZuLWZYfGNPJbL');
INSERT INTO ACCOUNTANT (name, email, password) VALUES ('Matthew Herrera', 'abrown@hotmail.com', 'oFICOGJnapGsWUmN');
INSERT INTO LABORATORY_ASSISTANT (name, email, password) VALUES ('Matthew Herrera', 'abrown@hotmail.com', 'oFICOGJnapGsWUmN');
INSERT INTO ACCOUNTANT (name, email, password) VALUES ('Miss Amanda Brown', 'kshaw@gmail.com', 'iKgBXbdvVhyqLxTsQ');
INSERT INTO LABORATORY_ASSISTANT (name, email, password) VALUES ('Miss Amanda Brown', 'kshaw@gmail.com', 'iKgBXbdvVhyqLxTsQ');
INSERT INTO ACCOUNTANT (name, email, password) VALUES ('Cheryl Freeman', 'chaneyemily@yahoo.com', 'qGyCEhqgP');
INSERT INTO LABORATORY_ASSISTANT (name, email, password) VALUES ('Cheryl Freeman', 'chaneyemily@yahoo.com', 'qGyCEhqgP');
INSERT INTO ACCOUNTANT (name, email, password) VALUES ('Philip Owens', 'patrickthompson@yahoo.com', 'kWuFkzHlwSByUjgcRoK');
INSERT INTO LABORATORY_ASSISTANT (name, email, password) VALUES ('Philip Owens', 'patrickthompson@yahoo.com', 'kWuFkzHlwSByUjgcRoK');
INSERT INTO ACCOUNTANT (name, email, password) VALUES ('Andrea Simpson', 'wigginsgabriel@yahoo.com', 'FXvJZPusmmfipPHqSY');
INSERT INTO LABORATORY_ASSISTANT (name, email, password) VALUES ('Andrea Simpson', 'wigginsgabriel@yahoo.com', 'FXvJZPusmmfipPHqSY');
INSERT INTO ACCOUNTANT (name, email, password) VALUES ('Heather Villegas', 'stevenchapman@gmail.com', 'IRwBMPEFVWHNyAXbhH');
INSERT INTO LABORATORY_ASSISTANT (name, email, password) VALUES ('Heather Villegas', 'stevenchapman@gmail.com', 'IRwBMPEFVWHNyAXbhH');
INSERT INTO ACCOUNTANT (name, email, password) VALUES ('Alexis Alexander', 'josephgardner@hotmail.com', 'CnhbKbnftSBgcSa');
INSERT INTO LABORATORY_ASSISTANT (name, email, password) VALUES ('Alexis Alexander', 'josephgardner@hotmail.com', 'CnhbKbnftSBgcSa');
INSERT INTO ACCOUNTANT (name, email, password) VALUES ('Thomas Combs', 'hansencynthia@gmail.com', 'ROJmfRnnWVGFGpgnAaG');
INSERT INTO LABORATORY_ASSISTANT (name, email, password) VALUES ('Thomas Combs', 'hansencynthia@gmail.com', 'ROJmfRnnWVGFGpgnAaG');
INSERT INTO ACCOUNTANT (name, email, password) VALUES ('Denise Young', 'byoung@yahoo.com', 'eldqtIwyTBlbnj');
INSERT INTO LABORATORY_ASSISTANT (name, email, password) VALUES ('Denise Young', 'byoung@yahoo.com', 'eldqtIwyTBlbnj');
INSERT INTO ACCOUNTANT (name, email, password) VALUES ('Michael Anderson', 'andrewruiz@gmail.com', 'ZrfHeXVitg');
INSERT INTO LABORATORY_ASSISTANT (name, email, password) VALUES ('Michael Anderson', 'andrewruiz@gmail.com', 'ZrfHeXVitg');
INSERT INTO ACCOUNTANT (name, email, password) VALUES ('Briana Nicholson', 'erik01@hotmail.com', 'YMvwHiwNhuKurgu');
INSERT INTO LABORATORY_ASSISTANT (name, email, password) VALUES ('Briana Nicholson', 'erik01@hotmail.com', 'YMvwHiwNhuKurgu');
INSERT INTO ACCOUNTANT (name, email, password) VALUES ('Zachary Smith', 'jacksonjohn@hotmail.com', 'WYLKmYGPWCirn');
INSERT INTO LABORATORY_ASSISTANT (name, email, password) VALUES ('Zachary Smith', 'jacksonjohn@hotmail.com', 'WYLKmYGPWCirn');
INSERT INTO ACCOUNTANT (name, email, password) VALUES ('Marissa Wright', 'kimberlygarcia@gmail.com', 'kgpAaRMEzKgvVcyVAkUu');
INSERT INTO SYSTEM_ADMINISTRATOR (name, email, password) VALUES ('Marissa Wright', 'kimberlygarcia@gmail.com', 'kgpAaRMEzKgvVcyVAkUu');
INSERT INTO ACCOUNTANT (name, email, password) VALUES ('Shawn Weber', 'zbarnes@hotmail.com', 'sYgnyWwOllgPrxCaZNs');
INSERT INTO SYSTEM_ADMINISTRATOR (name, email, password) VALUES ('Shawn Weber', 'zbarnes@hotmail.com', 'sYgnyWwOllgPrxCaZNs');
INSERT INTO ACCOUNTANT (name, email, password) VALUES ('Emily Hughes', 'billy23@hotmail.com', 'srhnoiYlVsPQeHKWook');
INSERT INTO SYSTEM_ADMINISTRATOR (name, email, password) VALUES ('Emily Hughes', 'billy23@hotmail.com', 'srhnoiYlVsPQeHKWook');
INSERT INTO ACCOUNTANT (name, email, password) VALUES ('Anthony Bates', 'ulynch@gmail.com', 'aviurWdwDOZ');
INSERT INTO SYSTEM_ADMINISTRATOR (name, email, password) VALUES ('Anthony Bates', 'ulynch@gmail.com', 'aviurWdwDOZ');
INSERT INTO ACCOUNTANT (name, email, password) VALUES ('Jennifer Morrow', 'lauranewton@yahoo.com', 'HyQtoHPFyOWFhuymDKMO');
INSERT INTO SYSTEM_ADMINISTRATOR (name, email, password) VALUES ('Jennifer Morrow', 'lauranewton@yahoo.com', 'HyQtoHPFyOWFhuymDKMO');
INSERT INTO ACCOUNTANT (name, email, password) VALUES ('Christopher Wilson', 'gsantiago@gmail.com', 'TTVpGJgwlwDJfVYyxc');
INSERT INTO SYSTEM_ADMINISTRATOR (name, email, password) VALUES ('Christopher Wilson', 'gsantiago@gmail.com', 'TTVpGJgwlwDJfVYyxc');
INSERT INTO ACCOUNTANT (name, email, password) VALUES ('Derek Wolf', 'bethmartin@gmail.com', 'oXEPfEgxqDcqnwRFR');
INSERT INTO SYSTEM_ADMINISTRATOR (name, email, password) VALUES ('Derek Wolf', 'bethmartin@gmail.com', 'oXEPfEgxqDcqnwRFR');
INSERT INTO ACCOUNTANT (name, email, password) VALUES ('Richard Harris', 'nicholsonkristen@gmail.com', 'qEnBvTwopkfYX');
INSERT INTO SYSTEM_ADMINISTRATOR (name, email, password) VALUES ('Richard Harris', 'nicholsonkristen@gmail.com', 'qEnBvTwopkfYX');
INSERT INTO ACCOUNTANT (name, email, password) VALUES ('Michael Nelson', 'connorwilliams@yahoo.com', 'taqASjKUcCTKSyKccufx');
INSERT INTO SYSTEM_ADMINISTRATOR (name, email, password) VALUES ('Michael Nelson', 'connorwilliams@yahoo.com', 'taqASjKUcCTKSyKccufx');
INSERT INTO ACCOUNTANT (name, email, password) VALUES ('Melissa Boyd', 'sbowen@gmail.com', 'MKJJZyXwLXc');
INSERT INTO SYSTEM_ADMINISTRATOR (name, email, password) VALUES ('Melissa Boyd', 'sbowen@gmail.com', 'MKJJZyXwLXc');
INSERT INTO ACCOUNTANT (name, email, password) VALUES ('Elizabeth Mclaughlin', 'josebarron@gmail.com', 'OtRWMVINsIqpFp');
INSERT INTO SYSTEM_ADMINISTRATOR (name, email, password) VALUES ('Elizabeth Mclaughlin', 'josebarron@gmail.com', 'OtRWMVINsIqpFp');
INSERT INTO ACCOUNTANT (name, email, password) VALUES ('Patricia Figueroa', 'thomasmorris@gmail.com', 'caAceMiDGinXDXhzwQTh');
INSERT INTO SYSTEM_ADMINISTRATOR (name, email, password) VALUES ('Patricia Figueroa', 'thomasmorris@gmail.com', 'caAceMiDGinXDXhzwQTh');
INSERT INTO ACCOUNTANT (name, email, password) VALUES ('Scott Powell', 'ngillespie@gmail.com', 'vWVCPqumbSVR');
INSERT INTO SYSTEM_ADMINISTRATOR (name, email, password) VALUES ('Scott Powell', 'ngillespie@gmail.com', 'vWVCPqumbSVR');
INSERT INTO ACCOUNTANT (name, email, password) VALUES ('Matthew Flores', 'joshua21@gmail.com', 'HfKbYhcZffnYJzEDiZ');
INSERT INTO SYSTEM_ADMINISTRATOR (name, email, password) VALUES ('Matthew Flores', 'joshua21@gmail.com', 'HfKbYhcZffnYJzEDiZ');
INSERT INTO ACCOUNTANT (name, email, password) VALUES ('James Burns', 'vevans@yahoo.com', 'pHmDBoBsyBJqbBrWae');
INSERT INTO SYSTEM_ADMINISTRATOR (name, email, password) VALUES ('James Burns', 'vevans@yahoo.com', 'pHmDBoBsyBJqbBrWae');
INSERT INTO ACCOUNTANT (name, email, password) VALUES ('Matthew Olsen', 'vdelgado@yahoo.com', 'mySIxCkMPWcezmzP');
INSERT INTO SYSTEM_ADMINISTRATOR (name, email, password) VALUES ('Matthew Olsen', 'vdelgado@yahoo.com', 'mySIxCkMPWcezmzP');
INSERT INTO ACCOUNTANT (name, email, password) VALUES ('Alexa Tucker', 'bswanson@gmail.com', 'DyyLSLKLX');
INSERT INTO SYSTEM_ADMINISTRATOR (name, email, password) VALUES ('Alexa Tucker', 'bswanson@gmail.com', 'DyyLSLKLX');
INSERT INTO ACCOUNTANT (name, email, password) VALUES ('Deborah Perkins', 'james84@hotmail.com', 'kyrUtxeUzm');
INSERT INTO SYSTEM_ADMINISTRATOR (name, email, password) VALUES ('Deborah Perkins', 'james84@hotmail.com', 'kyrUtxeUzm');
INSERT INTO ACCOUNTANT (name, email, password) VALUES ('John Garcia', 'scottkidd@hotmail.com', 'etnaAYuRaC');
INSERT INTO SYSTEM_ADMINISTRATOR (name, email, password) VALUES ('John Garcia', 'scottkidd@hotmail.com', 'etnaAYuRaC');
INSERT INTO ACCOUNTANT (name, email, password) VALUES ('Lisa Cook', 'joannthomas@gmail.com', 'LFOHeqVobbTkQIsXB');
INSERT INTO SYSTEM_ADMINISTRATOR (name, email, password) VALUES ('Lisa Cook', 'joannthomas@gmail.com', 'LFOHeqVobbTkQIsXB');
INSERT INTO ACCOUNTANT (name, email, password) VALUES ('Suzanne Juarez', 'garciakatie@hotmail.com', 'yVrowAZnNslVhtPbs');
INSERT INTO SYSTEM_ADMINISTRATOR (name, email, password) VALUES ('Suzanne Juarez', 'garciakatie@hotmail.com', 'yVrowAZnNslVhtPbs');
INSERT INTO ACCOUNTANT (name, email, password) VALUES ('Cody Willis', 'laura00@gmail.com', 'OYPYVvBXWK');
INSERT INTO SYSTEM_ADMINISTRATOR (name, email, password) VALUES ('Cody Willis', 'laura00@gmail.com', 'OYPYVvBXWK');
INSERT INTO ACCOUNTANT (name, email, password) VALUES ('Erica Lamb', 'fevans@hotmail.com', 'deLMadhcrDex');
INSERT INTO SYSTEM_ADMINISTRATOR (name, email, password) VALUES ('Erica Lamb', 'fevans@hotmail.com', 'deLMadhcrDex');
INSERT INTO ACCOUNTANT (name, email, password) VALUES ('Matthew Gallegos Jr.', 'xkane@hotmail.com', 'AiRmJsUiCml');
INSERT INTO SYSTEM_ADMINISTRATOR (name, email, password) VALUES ('Matthew Gallegos Jr.', 'xkane@hotmail.com', 'AiRmJsUiCml');
INSERT INTO ACCOUNTANT (name, email, password) VALUES ('Philip Foster', 'rogersjessica@hotmail.com', 'ufkEAdYSADGWDTc');
INSERT INTO SYSTEM_ADMINISTRATOR (name, email, password) VALUES ('Philip Foster', 'rogersjessica@hotmail.com', 'ufkEAdYSADGWDTc');
INSERT INTO ACCOUNTANT (name, email, password) VALUES ('Vanessa Richardson', 'elizabeth64@yahoo.com', 'spYFcGDeJpDeBQev');
INSERT INTO SYSTEM_ADMINISTRATOR (name, email, password) VALUES ('Vanessa Richardson', 'elizabeth64@yahoo.com', 'spYFcGDeJpDeBQev');
INSERT INTO ACCOUNTANT (name, email, password) VALUES ('Steven Bass', 'diane53@hotmail.com', 'XpUTKZiC');
INSERT INTO SYSTEM_ADMINISTRATOR (name, email, password) VALUES ('Steven Bass', 'diane53@hotmail.com', 'XpUTKZiC');
INSERT INTO ACCOUNTANT (name, email, password) VALUES ('James Reyes', 'wguerrero@yahoo.com', 'MZVYxkmuSpqVRohjph');
INSERT INTO SYSTEM_ADMINISTRATOR (name, email, password) VALUES ('James Reyes', 'wguerrero@yahoo.com', 'MZVYxkmuSpqVRohjph');
INSERT INTO ACCOUNTANT (name, email, password) VALUES ('Gail Brown', 'travissamantha@hotmail.com', 'ufXRSWrr');
INSERT INTO SYSTEM_ADMINISTRATOR (name, email, password) VALUES ('Gail Brown', 'travissamantha@hotmail.com', 'ufXRSWrr');
INSERT INTO ACCOUNTANT (name, email, password) VALUES ('Craig Monroe', 'christygreen@gmail.com', 'sczqiFOsykbnPCgh');
INSERT INTO SYSTEM_ADMINISTRATOR (name, email, password) VALUES ('Craig Monroe', 'christygreen@gmail.com', 'sczqiFOsykbnPCgh');
INSERT INTO ACCOUNTANT (name, email, password) VALUES ('Megan Shelton', 'anewman@hotmail.com', 'rTgxwpQotOYP');
INSERT INTO SYSTEM_ADMINISTRATOR (name, email, password) VALUES ('Megan Shelton', 'anewman@hotmail.com', 'rTgxwpQotOYP');
INSERT INTO ACCOUNTANT (name, email, password) VALUES ('Heather Woods', 'longrenee@hotmail.com', 'eJFBWsWaevVtLZ');
INSERT INTO SYSTEM_ADMINISTRATOR (name, email, password) VALUES ('Heather Woods', 'longrenee@hotmail.com', 'eJFBWsWaevVtLZ');
INSERT INTO ACCOUNTANT (name, email, password) VALUES ('Cindy Robinson', 'mrodriguez@hotmail.com', 'krMvaIjG');
INSERT INTO SYSTEM_ADMINISTRATOR (name, email, password) VALUES ('Cindy Robinson', 'mrodriguez@hotmail.com', 'krMvaIjG');
INSERT INTO ACCOUNTANT (name, email, password) VALUES ('Corey Newton', 'nicholas95@gmail.com', 'BfYhvRKN');
INSERT INTO SYSTEM_ADMINISTRATOR (name, email, password) VALUES ('Corey Newton', 'nicholas95@gmail.com', 'BfYhvRKN');
INSERT INTO ACCOUNTANT (name, email, password) VALUES ('Joshua Olson', 'umorgan@gmail.com', 'uwYHeOwfQjmGMLTT');
INSERT INTO SYSTEM_ADMINISTRATOR (name, email, password) VALUES ('Joshua Olson', 'umorgan@gmail.com', 'uwYHeOwfQjmGMLTT');
INSERT INTO ACCOUNTANT (name, email, password) VALUES ('Ruben Benson', 'coreybowman@yahoo.com', 'OYFJdniwNH');
INSERT INTO SYSTEM_ADMINISTRATOR (name, email, password) VALUES ('Ruben Benson', 'coreybowman@yahoo.com', 'OYFJdniwNH');
INSERT INTO ACCOUNTANT (name, email, password) VALUES ('Angela Grant', 'fisherjennifer@gmail.com', 'pusvLPAZZNkeONMuXrXE');
INSERT INTO SYSTEM_ADMINISTRATOR (name, email, password) VALUES ('Angela Grant', 'fisherjennifer@gmail.com', 'pusvLPAZZNkeONMuXrXE');
INSERT INTO ACCOUNTANT (name, email, password) VALUES ('James Baldwin', 'carpenterjoseph@gmail.com', 'dzMHIdXIzQFVzeMnvR');
INSERT INTO SYSTEM_ADMINISTRATOR (name, email, password) VALUES ('James Baldwin', 'carpenterjoseph@gmail.com', 'dzMHIdXIzQFVzeMnvR');
INSERT INTO ACCOUNTANT (name, email, password) VALUES ('Jason Taylor', 'jenniferjackson@gmail.com', 'EDoKmklpOW');
INSERT INTO SYSTEM_ADMINISTRATOR (name, email, password) VALUES ('Jason Taylor', 'jenniferjackson@gmail.com', 'EDoKmklpOW');
INSERT INTO ACCOUNTANT (name, email, password) VALUES ('Daniel Walker', 'vickie72@gmail.com', 'QiEjVQLdKRxwhIOnCso');
INSERT INTO SYSTEM_ADMINISTRATOR (name, email, password) VALUES ('Daniel Walker', 'vickie72@gmail.com', 'QiEjVQLdKRxwhIOnCso');
INSERT INTO ACCOUNTANT (name, email, password) VALUES ('Miss Victoria Villegas', 'stevemckinney@yahoo.com', 'DlypgarUDrHl');
INSERT INTO SYSTEM_ADMINISTRATOR (name, email, password) VALUES ('Miss Victoria Villegas', 'stevemckinney@yahoo.com', 'DlypgarUDrHl');
INSERT INTO ACCOUNTANT (name, email, password) VALUES ('Felicia Serrano', 'brooke15@yahoo.com', 'iYiKaItaaK');
INSERT INTO SYSTEM_ADMINISTRATOR (name, email, password) VALUES ('Felicia Serrano', 'brooke15@yahoo.com', 'iYiKaItaaK');
INSERT INTO ACCOUNTANT (name, email, password) VALUES ('Ann Jones', 'xlewis@hotmail.com', 'xWfeqERmnNCBbsSlJj');
INSERT INTO SYSTEM_ADMINISTRATOR (name, email, password) VALUES ('Ann Jones', 'xlewis@hotmail.com', 'xWfeqERmnNCBbsSlJj');
INSERT INTO ACCOUNTANT (name, email, password) VALUES ('Sharon Pierce', 'phillipgriffith@gmail.com', 'FxuIEHJq');
INSERT INTO SYSTEM_ADMINISTRATOR (name, email, password) VALUES ('Sharon Pierce', 'phillipgriffith@gmail.com', 'FxuIEHJq');
INSERT INTO ACCOUNTANT (name, email, password) VALUES ('Candice Sharp', 'julie24@hotmail.com', 'ewcVQQClEplfxUQT');
INSERT INTO SYSTEM_ADMINISTRATOR (name, email, password) VALUES ('Candice Sharp', 'julie24@hotmail.com', 'ewcVQQClEplfxUQT');
INSERT INTO ACCOUNTANT (name, email, password) VALUES ('Stacy Smith', 'valdezabigail@yahoo.com', 'XZKDmSTvXMnTX');
INSERT INTO SYSTEM_ADMINISTRATOR (name, email, password) VALUES ('Stacy Smith', 'valdezabigail@yahoo.com', 'XZKDmSTvXMnTX');
INSERT INTO ACCOUNTANT (name, email, password) VALUES ('Rachel Patterson', 'danielsantos@gmail.com', 'cydHprHFA');
INSERT INTO SYSTEM_ADMINISTRATOR (name, email, password) VALUES ('Rachel Patterson', 'danielsantos@gmail.com', 'cydHprHFA');
INSERT INTO ACCOUNTANT (name, email, password) VALUES ('Emily Zamora', 'bowmanmatthew@hotmail.com', 'tYPInzNidAeZNTqV');
INSERT INTO SYSTEM_ADMINISTRATOR (name, email, password) VALUES ('Emily Zamora', 'bowmanmatthew@hotmail.com', 'tYPInzNidAeZNTqV');
INSERT INTO ACCOUNTANT (name, email, password) VALUES ('Devin Stein', 'dbrown@hotmail.com', 'fjPctyWf');
INSERT INTO SYSTEM_ADMINISTRATOR (name, email, password) VALUES ('Devin Stein', 'dbrown@hotmail.com', 'fjPctyWf');
INSERT INTO ACCOUNTANT (name, email, password) VALUES ('Jacob Gordon', 'meganmoore@yahoo.com', 'ADoKhKJngrSWq');
INSERT INTO SYSTEM_ADMINISTRATOR (name, email, password) VALUES ('Jacob Gordon', 'meganmoore@yahoo.com', 'ADoKhKJngrSWq');
INSERT INTO ACCOUNTANT (name, email, password) VALUES ('Lisa Hernandez', 'jacobweaver@hotmail.com', 'efbptDZgObndo');
INSERT INTO SYSTEM_ADMINISTRATOR (name, email, password) VALUES ('Lisa Hernandez', 'jacobweaver@hotmail.com', 'efbptDZgObndo');
INSERT INTO ACCOUNTANT (name, email, password) VALUES ('Kyle Davis', 'abennett@hotmail.com', 'AOsZhykZ');
INSERT INTO SYSTEM_ADMINISTRATOR (name, email, password) VALUES ('Kyle Davis', 'abennett@hotmail.com', 'AOsZhykZ');
INSERT INTO ACCOUNTANT (name, email, password) VALUES ('Frank Armstrong', 'williamsjill@yahoo.com', 'FfNKVMIU');
INSERT INTO SYSTEM_ADMINISTRATOR (name, email, password) VALUES ('Frank Armstrong', 'williamsjill@yahoo.com', 'FfNKVMIU');
INSERT INTO ACCOUNTANT (name, email, password) VALUES ('Sabrina Lucas', 'mperry@gmail.com', 'NkmfaMTvwMYVZlUtkAHu');
INSERT INTO SYSTEM_ADMINISTRATOR (name, email, password) VALUES ('Sabrina Lucas', 'mperry@gmail.com', 'NkmfaMTvwMYVZlUtkAHu');
INSERT INTO ACCOUNTANT (name, email, password) VALUES ('Angela Oliver DVM', 'reneenorris@gmail.com', 'ILWhCwHGAzctNhmHaZ');
INSERT INTO SYSTEM_ADMINISTRATOR (name, email, password) VALUES ('Angela Oliver DVM', 'reneenorris@gmail.com', 'ILWhCwHGAzctNhmHaZ');
INSERT INTO ACCOUNTANT (name, email, password) VALUES ('William Ray', 'drakekathleen@hotmail.com', 'MrbGucMTJM');
INSERT INTO SYSTEM_ADMINISTRATOR (name, email, password) VALUES ('William Ray', 'drakekathleen@hotmail.com', 'MrbGucMTJM');
INSERT INTO ACCOUNTANT (name, email, password) VALUES ('Alejandra Porter', 'chelsearowe@yahoo.com', 'NEGbbtRMp');
INSERT INTO SYSTEM_ADMINISTRATOR (name, email, password) VALUES ('Alejandra Porter', 'chelsearowe@yahoo.com', 'NEGbbtRMp');
INSERT INTO ACCOUNTANT (name, email, password) VALUES ('Thomas Blanchard', 'uwilson@hotmail.com', 'SQfxLAVDFKFZYdEH');
INSERT INTO SYSTEM_ADMINISTRATOR (name, email, password) VALUES ('Thomas Blanchard', 'uwilson@hotmail.com', 'SQfxLAVDFKFZYdEH');
INSERT INTO ACCOUNTANT (name, email, password) VALUES ('Rebecca Boyd', 'littlebrianna@gmail.com', 'OJvdSbUsFvEQ');
INSERT INTO SYSTEM_ADMINISTRATOR (name, email, password) VALUES ('Rebecca Boyd', 'littlebrianna@gmail.com', 'OJvdSbUsFvEQ');
INSERT INTO ACCOUNTANT (name, email, password) VALUES ('Tony Smith', 'mary35@gmail.com', 'dtzewdYYzQhEnC');
INSERT INTO SYSTEM_ADMINISTRATOR (name, email, password) VALUES ('Tony Smith', 'mary35@gmail.com', 'dtzewdYYzQhEnC');
INSERT INTO ACCOUNTANT (name, email, password) VALUES ('Jesse Watson', 'tmiller@yahoo.com', 'ESCSSLhk');
INSERT INTO SYSTEM_ADMINISTRATOR (name, email, password) VALUES ('Jesse Watson', 'tmiller@yahoo.com', 'ESCSSLhk');
INSERT INTO ACCOUNTANT (name, email, password) VALUES ('Veronica Blankenship', 'dennis58@yahoo.com', 'RheCLLjxhGGNatTjwIB');
INSERT INTO SYSTEM_ADMINISTRATOR (name, email, password) VALUES ('Veronica Blankenship', 'dennis58@yahoo.com', 'RheCLLjxhGGNatTjwIB');
INSERT INTO ACCOUNTANT (name, email, password) VALUES ('Andrew Phillips', 'jared50@hotmail.com', 'EAJdZAcFSWFTSqNLG');
INSERT INTO SYSTEM_ADMINISTRATOR (name, email, password) VALUES ('Andrew Phillips', 'jared50@hotmail.com', 'EAJdZAcFSWFTSqNLG');
INSERT INTO ACCOUNTANT (name, email, password) VALUES ('Michael Burns', 'washingtonsteven@yahoo.com', 'qGiCwwJvMWLoN');
INSERT INTO SYSTEM_ADMINISTRATOR (name, email, password) VALUES ('Michael Burns', 'washingtonsteven@yahoo.com', 'qGiCwwJvMWLoN');
INSERT INTO ACCOUNTANT (name, email, password) VALUES ('Timothy Moore', 'heatherbrown@yahoo.com', 'tKKAmQOFs');
INSERT INTO SYSTEM_ADMINISTRATOR (name, email, password) VALUES ('Timothy Moore', 'heatherbrown@yahoo.com', 'tKKAmQOFs');
INSERT INTO ACCOUNTANT (name, email, password) VALUES ('Mary Ferguson', 'apaul@yahoo.com', 'MDDHTMmilTqMSdEBQRi');
INSERT INTO SYSTEM_ADMINISTRATOR (name, email, password) VALUES ('Mary Ferguson', 'apaul@yahoo.com', 'MDDHTMmilTqMSdEBQRi');
INSERT INTO ACCOUNTANT (name, email, password) VALUES ('Samantha Benton', 'mark89@hotmail.com', 'UqXHtNXjn');
INSERT INTO SYSTEM_ADMINISTRATOR (name, email, password) VALUES ('Samantha Benton', 'mark89@hotmail.com', 'UqXHtNXjn');
INSERT INTO ACCOUNTANT (name, email, password) VALUES ('Johnny Jones', 'nperez@hotmail.com', 'gnukPdXKDEt');
INSERT INTO SYSTEM_ADMINISTRATOR (name, email, password) VALUES ('Johnny Jones', 'nperez@hotmail.com', 'gnukPdXKDEt');
INSERT INTO ACCOUNTANT (name, email, password) VALUES ('Brian Norton', 'clittle@gmail.com', 'OGhDswNWQaPPpwS');
INSERT INTO SYSTEM_ADMINISTRATOR (name, email, password) VALUES ('Brian Norton', 'clittle@gmail.com', 'OGhDswNWQaPPpwS');
INSERT INTO ACCOUNTANT (name, email, password) VALUES ('Ian Mendez', 'qmccarty@gmail.com', 'KwCUCEhelsMQRYA');
INSERT INTO SYSTEM_ADMINISTRATOR (name, email, password) VALUES ('Ian Mendez', 'qmccarty@gmail.com', 'KwCUCEhelsMQRYA');
INSERT INTO ACCOUNTANT (name, email, password) VALUES ('Marie Estrada', 'pconner@gmail.com', 'BjqlTbqnS');
INSERT INTO SYSTEM_ADMINISTRATOR (name, email, password) VALUES ('Marie Estrada', 'pconner@gmail.com', 'BjqlTbqnS');
INSERT INTO ACCOUNTANT (name, email, password) VALUES ('Angela Howell', 'upierce@yahoo.com', 'MQAHpbcGFurCAkMKt');
INSERT INTO SYSTEM_ADMINISTRATOR (name, email, password) VALUES ('Angela Howell', 'upierce@yahoo.com', 'MQAHpbcGFurCAkMKt');
INSERT INTO ACCOUNTANT (name, email, password) VALUES ('Blake Conner', 'todd78@hotmail.com', 'RdvfrdsRImAjGxbvNyV');
INSERT INTO SYSTEM_ADMINISTRATOR (name, email, password) VALUES ('Blake Conner', 'todd78@hotmail.com', 'RdvfrdsRImAjGxbvNyV');
INSERT INTO ACCOUNTANT (name, email, password) VALUES ('Charles Shaw', 'mwhite@gmail.com', 'wtqqAnatnSb');
INSERT INTO SYSTEM_ADMINISTRATOR (name, email, password) VALUES ('Charles Shaw', 'mwhite@gmail.com', 'wtqqAnatnSb');
INSERT INTO ACCOUNTANT (name, email, password) VALUES ('Ashley Sutton', 'abrown@yahoo.com', 'HxewcpGOscwFCWEN');
INSERT INTO SYSTEM_ADMINISTRATOR (name, email, password) VALUES ('Ashley Sutton', 'abrown@yahoo.com', 'HxewcpGOscwFCWEN');
INSERT INTO ACCOUNTANT (name, email, password) VALUES ('Patricia Brown', 'brownjoshua@gmail.com', 'UURJPVCuNKpvCz');
INSERT INTO SYSTEM_ADMINISTRATOR (name, email, password) VALUES ('Patricia Brown', 'brownjoshua@gmail.com', 'UURJPVCuNKpvCz');
INSERT INTO ACCOUNTANT (name, email, password) VALUES ('Zachary White', 'gregwilliams@gmail.com', 'CqCuAGPBJQOoEiH');
INSERT INTO SYSTEM_ADMINISTRATOR (name, email, password) VALUES ('Zachary White', 'gregwilliams@gmail.com', 'CqCuAGPBJQOoEiH');
INSERT INTO ACCOUNTANT (name, email, password) VALUES ('Martin Watson', 'eking@gmail.com', 'XKhmJnfW');
INSERT INTO SYSTEM_ADMINISTRATOR (name, email, password) VALUES ('Martin Watson', 'eking@gmail.com', 'XKhmJnfW');
INSERT INTO ACCOUNTANT (name, email, password) VALUES ('Jenna Leon', 'laurenknox@yahoo.com', 'KsMpqseXebwHmPd');
INSERT INTO SYSTEM_ADMINISTRATOR (name, email, password) VALUES ('Jenna Leon', 'laurenknox@yahoo.com', 'KsMpqseXebwHmPd');
INSERT INTO ACCOUNTANT (name, email, password) VALUES ('Gary Mcfarland', 'kimberly54@yahoo.com', 'ykuWciovqBp');
INSERT INTO SYSTEM_ADMINISTRATOR (name, email, password) VALUES ('Gary Mcfarland', 'kimberly54@yahoo.com', 'ykuWciovqBp');
INSERT INTO ACCOUNTANT (name, email, password) VALUES ('Lori Hernandez', 'vcervantes@hotmail.com', 'AwwAUeLdleJBaqMpX');
INSERT INTO SYSTEM_ADMINISTRATOR (name, email, password) VALUES ('Lori Hernandez', 'vcervantes@hotmail.com', 'AwwAUeLdleJBaqMpX');
INSERT INTO ACCOUNTANT (name, email, password) VALUES ('Michael Richardson', 'tara57@hotmail.com', 'QEEsqvTtQMgPfIvX');
INSERT INTO SYSTEM_ADMINISTRATOR (name, email, password) VALUES ('Michael Richardson', 'tara57@hotmail.com', 'QEEsqvTtQMgPfIvX');
INSERT INTO ACCOUNTANT (name, email, password) VALUES ('Sara Willis', 'lhuber@gmail.com', 'szcbiBVGRC');
INSERT INTO SYSTEM_ADMINISTRATOR (name, email, password) VALUES ('Sara Willis', 'lhuber@gmail.com', 'szcbiBVGRC');
INSERT INTO ACCOUNTANT (name, email, password) VALUES ('William Oliver', 'ian88@yahoo.com', 'xcVmKZKaq');
INSERT INTO SYSTEM_ADMINISTRATOR (name, email, password) VALUES ('William Oliver', 'ian88@yahoo.com', 'xcVmKZKaq');
INSERT INTO ACCOUNTANT (name, email, password) VALUES ('Jessica Bush', 'medinamatthew@hotmail.com', 'OmMuzLoz');
INSERT INTO SYSTEM_ADMINISTRATOR (name, email, password) VALUES ('Jessica Bush', 'medinamatthew@hotmail.com', 'OmMuzLoz');
INSERT INTO ACCOUNTANT (name, email, password) VALUES ('Jay Brown', 'nrodriguez@gmail.com', 'bXolzskM');
INSERT INTO SYSTEM_ADMINISTRATOR (name, email, password) VALUES ('Jay Brown', 'nrodriguez@gmail.com', 'bXolzskM');
INSERT INTO ACCOUNTANT (name, email, password) VALUES ('Christopher Walker', 'jacobhowell@hotmail.com', 'jvcYzyNKwnC');
INSERT INTO SYSTEM_ADMINISTRATOR (name, email, password) VALUES ('Christopher Walker', 'jacobhowell@hotmail.com', 'jvcYzyNKwnC');
INSERT INTO ACCOUNTANT (name, email, password) VALUES ('Alexander Herrera', 'nadams@gmail.com', 'LwEmGQHezCnXpNow');
INSERT INTO SYSTEM_ADMINISTRATOR (name, email, password) VALUES ('Alexander Herrera', 'nadams@gmail.com', 'LwEmGQHezCnXpNow');
INSERT INTO ACCOUNTANT (name, email, password) VALUES ('Sara Miller', 'sally93@yahoo.com', 'KUEdLjZGUbGNoxyfg');
INSERT INTO SYSTEM_ADMINISTRATOR (name, email, password) VALUES ('Sara Miller', 'sally93@yahoo.com', 'KUEdLjZGUbGNoxyfg');
INSERT INTO ACCOUNTANT (name, email, password) VALUES ('Michelle Delacruz', 'charlesbarnes@gmail.com', 'bUFUsxYHIzpVmnoV');
INSERT INTO SYSTEM_ADMINISTRATOR (name, email, password) VALUES ('Michelle Delacruz', 'charlesbarnes@gmail.com', 'bUFUsxYHIzpVmnoV');
INSERT INTO ACCOUNTANT (name, email, password) VALUES ('Joshua Davila', 'ogordon@yahoo.com', 'nUsNhZSjK');
INSERT INTO SYSTEM_ADMINISTRATOR (name, email, password) VALUES ('Joshua Davila', 'ogordon@yahoo.com', 'nUsNhZSjK');
INSERT INTO ACCOUNTANT (name, email, password) VALUES ('Charles Mccullough', 'taylorwilliams@yahoo.com', 'rBjkvauthxrRsD');
INSERT INTO SYSTEM_ADMINISTRATOR (name, email, password) VALUES ('Charles Mccullough', 'taylorwilliams@yahoo.com', 'rBjkvauthxrRsD');
INSERT INTO ACCOUNTANT (name, email, password) VALUES ('Kathleen Bradley', 'alvarezelizabeth@yahoo.com', 'zLvMhEjkJLRPdkwZZjN');
INSERT INTO SYSTEM_ADMINISTRATOR (name, email, password) VALUES ('Kathleen Bradley', 'alvarezelizabeth@yahoo.com', 'zLvMhEjkJLRPdkwZZjN');
INSERT INTO ACCOUNTANT (name, email, password) VALUES ('Lisa Young', 'btaylor@yahoo.com', 'TyUkUsQzzFPIWZs');
INSERT INTO SYSTEM_ADMINISTRATOR (name, email, password) VALUES ('Lisa Young', 'btaylor@yahoo.com', 'TyUkUsQzzFPIWZs');
INSERT INTO ACCOUNTANT (name, email, password) VALUES ('Seth Green', 'cody95@yahoo.com', 'oUPQUEDVPj');
INSERT INTO SYSTEM_ADMINISTRATOR (name, email, password) VALUES ('Seth Green', 'cody95@yahoo.com', 'oUPQUEDVPj');
INSERT INTO ACCOUNTANT (name, email, password) VALUES ('James Garcia', 'rodriguezcheryl@gmail.com', 'xqdeLRLFPJZMQpLeSw');
INSERT INTO SYSTEM_ADMINISTRATOR (name, email, password) VALUES ('James Garcia', 'rodriguezcheryl@gmail.com', 'xqdeLRLFPJZMQpLeSw');
INSERT INTO ACCOUNTANT (name, email, password) VALUES ('Nancy Ali', 'benjamin52@hotmail.com', 'QdRBcsiNUkKQNgnf');
INSERT INTO SYSTEM_ADMINISTRATOR (name, email, password) VALUES ('Nancy Ali', 'benjamin52@hotmail.com', 'QdRBcsiNUkKQNgnf');
INSERT INTO ACCOUNTANT (name, email, password) VALUES ('Chelsea Manning', 'cooperwilliam@gmail.com', 'QNeIWgRhyVKteaGwonC');
INSERT INTO SYSTEM_ADMINISTRATOR (name, email, password) VALUES ('Chelsea Manning', 'cooperwilliam@gmail.com', 'QNeIWgRhyVKteaGwonC');
INSERT INTO ACCOUNTANT (name, email, password) VALUES ('Janice Brown', 'burnsphillip@hotmail.com', 'EXoSGaONucBoQq');
INSERT INTO SYSTEM_ADMINISTRATOR (name, email, password) VALUES ('Janice Brown', 'burnsphillip@hotmail.com', 'EXoSGaONucBoQq');
INSERT INTO ACCOUNTANT (name, email, password) VALUES ('Patricia Dougherty', 'adam34@yahoo.com', 'jHjQOqYiVqIgaZGbOExP');
INSERT INTO SYSTEM_ADMINISTRATOR (name, email, password) VALUES ('Patricia Dougherty', 'adam34@yahoo.com', 'jHjQOqYiVqIgaZGbOExP');
INSERT INTO ACCOUNTANT (name, email, password) VALUES ('Theresa Bennett', 'tfoster@hotmail.com', 'jkVevafUqVZlstqntwXT');
INSERT INTO SYSTEM_ADMINISTRATOR (name, email, password) VALUES ('Theresa Bennett', 'tfoster@hotmail.com', 'jkVevafUqVZlstqntwXT');
INSERT INTO ACCOUNTANT (name, email, password) VALUES ('Steven Miles', 'jtate@yahoo.com', 'dHgdqxaVJvTeBUam');
INSERT INTO SYSTEM_ADMINISTRATOR (name, email, password) VALUES ('Steven Miles', 'jtate@yahoo.com', 'dHgdqxaVJvTeBUam');
INSERT INTO ACCOUNTANT (name, email, password) VALUES ('Karla Mahoney', 'matthewserica@yahoo.com', 'THGZWsVCJS');
INSERT INTO SYSTEM_ADMINISTRATOR (name, email, password) VALUES ('Karla Mahoney', 'matthewserica@yahoo.com', 'THGZWsVCJS');
INSERT INTO ACCOUNTANT (name, email, password) VALUES ('Carol Smith', 'cruzangel@gmail.com', 'GRMkRCHJuPoqDCrg');
INSERT INTO SYSTEM_ADMINISTRATOR (name, email, password) VALUES ('Carol Smith', 'cruzangel@gmail.com', 'GRMkRCHJuPoqDCrg');
INSERT INTO ACCOUNTANT (name, email, password) VALUES ('Michael Fry', 'tanya24@hotmail.com', 'YMnPLWiiyMCWuWYH');
INSERT INTO SYSTEM_ADMINISTRATOR (name, email, password) VALUES ('Michael Fry', 'tanya24@hotmail.com', 'YMnPLWiiyMCWuWYH');
INSERT INTO ACCOUNTANT (name, email, password) VALUES ('Sharon Williams', 'andreasnyder@hotmail.com', 'xmtxlviiSqiNGIYnb');
INSERT INTO SYSTEM_ADMINISTRATOR (name, email, password) VALUES ('Sharon Williams', 'andreasnyder@hotmail.com', 'xmtxlviiSqiNGIYnb');
INSERT INTO ACCOUNTANT (name, email, password) VALUES ('April Dixon', 'elizabeththomas@hotmail.com', 'NBtdyzcudjsoFRAt');
INSERT INTO SYSTEM_ADMINISTRATOR (name, email, password) VALUES ('April Dixon', 'elizabeththomas@hotmail.com', 'NBtdyzcudjsoFRAt');
INSERT INTO ACCOUNTANT (name, email, password) VALUES ('Alan Jackson', 'cheryldixon@hotmail.com', 'XeBOZyDmHznWIUcsM');
INSERT INTO SYSTEM_ADMINISTRATOR (name, email, password) VALUES ('Alan Jackson', 'cheryldixon@hotmail.com', 'XeBOZyDmHznWIUcsM');
INSERT INTO ACCOUNTANT (name, email, password) VALUES ('Kimberly Harvey', 'jasonrodriguez@hotmail.com', 'ynPwLtwfxNKW');
INSERT INTO SYSTEM_ADMINISTRATOR (name, email, password) VALUES ('Kimberly Harvey', 'jasonrodriguez@hotmail.com', 'ynPwLtwfxNKW');
INSERT INTO ACCOUNTANT (name, email, password) VALUES ('Brittney Mendoza', 'michaelhansen@yahoo.com', 'WxlgFBAdZsqbkBzBMuP');
INSERT INTO SYSTEM_ADMINISTRATOR (name, email, password) VALUES ('Brittney Mendoza', 'michaelhansen@yahoo.com', 'WxlgFBAdZsqbkBzBMuP');
INSERT INTO ACCOUNTANT (name, email, password) VALUES ('Amanda Velasquez', 'bellraymond@yahoo.com', 'ZxZaWxTtUzItjNwW');
INSERT INTO SYSTEM_ADMINISTRATOR (name, email, password) VALUES ('Amanda Velasquez', 'bellraymond@yahoo.com', 'ZxZaWxTtUzItjNwW');
INSERT INTO ACCOUNTANT (name, email, password) VALUES ('Mrs. Tracy Boone MD', 'hayesryan@yahoo.com', 'XolMqjszxKG');
INSERT INTO SYSTEM_ADMINISTRATOR (name, email, password) VALUES ('Mrs. Tracy Boone MD', 'hayesryan@yahoo.com', 'XolMqjszxKG');
INSERT INTO ACCOUNTANT (name, email, password) VALUES ('Stephanie Smith', 'ewilliams@yahoo.com', 'ndbAWoalNUlegQpZPFEX');
INSERT INTO SYSTEM_ADMINISTRATOR (name, email, password) VALUES ('Stephanie Smith', 'ewilliams@yahoo.com', 'ndbAWoalNUlegQpZPFEX');
INSERT INTO ACCOUNTANT (name, email, password) VALUES ('Martin Hale', 'chloe74@gmail.com', 'ukkahkfDlPoVDuLKPmF');
INSERT INTO SYSTEM_ADMINISTRATOR (name, email, password) VALUES ('Martin Hale', 'chloe74@gmail.com', 'ukkahkfDlPoVDuLKPmF');
INSERT INTO ACCOUNTANT (name, email, password) VALUES ('Robert Silva', 'millsdaniel@gmail.com', 'HocycKnMyyzXx');
INSERT INTO SYSTEM_ADMINISTRATOR (name, email, password) VALUES ('Robert Silva', 'millsdaniel@gmail.com', 'HocycKnMyyzXx');
INSERT INTO ACCOUNTANT (name, email, password) VALUES ('Melissa French', 'rmorris@hotmail.com', 'hJHdpXsLDcF');
INSERT INTO SYSTEM_ADMINISTRATOR (name, email, password) VALUES ('Melissa French', 'rmorris@hotmail.com', 'hJHdpXsLDcF');
INSERT INTO ACCOUNTANT (name, email, password) VALUES ('Kimberly Brooks', 'steelejeffrey@gmail.com', 'HegdTWIODfQoidO');
INSERT INTO SYSTEM_ADMINISTRATOR (name, email, password) VALUES ('Kimberly Brooks', 'steelejeffrey@gmail.com', 'HegdTWIODfQoidO');
INSERT INTO ACCOUNTANT (name, email, password) VALUES ('Carla Kelly', 'angela69@hotmail.com', 'BxMeTJUvvfD');
INSERT INTO SYSTEM_ADMINISTRATOR (name, email, password) VALUES ('Carla Kelly', 'angela69@hotmail.com', 'BxMeTJUvvfD');
INSERT INTO ACCOUNTANT (name, email, password) VALUES ('Kathryn Martin', 'williamskelly@yahoo.com', 'bPCmanRI');
INSERT INTO SYSTEM_ADMINISTRATOR (name, email, password) VALUES ('Kathryn Martin', 'williamskelly@yahoo.com', 'bPCmanRI');
INSERT INTO ACCOUNTANT (name, email, password) VALUES ('Amanda Blankenship', 'brookspamela@gmail.com', 'jWuAHrvKQd');
INSERT INTO SYSTEM_ADMINISTRATOR (name, email, password) VALUES ('Amanda Blankenship', 'brookspamela@gmail.com', 'jWuAHrvKQd');
INSERT INTO ACCOUNTANT (name, email, password) VALUES ('Thomas Hobbs', 'ishaffer@hotmail.com', 'OgwheBaHhuTSiEcUjBkp');
INSERT INTO SYSTEM_ADMINISTRATOR (name, email, password) VALUES ('Thomas Hobbs', 'ishaffer@hotmail.com', 'OgwheBaHhuTSiEcUjBkp');
INSERT INTO ACCOUNTANT (name, email, password) VALUES ('Stephen Horton', 'christyjohnson@yahoo.com', 'aJucNTgRlV');
INSERT INTO SYSTEM_ADMINISTRATOR (name, email, password) VALUES ('Stephen Horton', 'christyjohnson@yahoo.com', 'aJucNTgRlV');
INSERT INTO ACCOUNTANT (name, email, password) VALUES ('Brooke Dunn', 'jskinner@yahoo.com', 'ySAlucrKjrnoAMdP');
INSERT INTO SYSTEM_ADMINISTRATOR (name, email, password) VALUES ('Brooke Dunn', 'jskinner@yahoo.com', 'ySAlucrKjrnoAMdP');
INSERT INTO ACCOUNTANT (name, email, password) VALUES ('Anne Murray', 'samanthatran@hotmail.com', 'CavWYezGaEXh');
INSERT INTO SYSTEM_ADMINISTRATOR (name, email, password) VALUES ('Anne Murray', 'samanthatran@hotmail.com', 'CavWYezGaEXh');
INSERT INTO ACCOUNTANT (name, email, password) VALUES ('Joseph Miller', 'mcdonaldbilly@gmail.com', 'uetWAPzQpcRLgEanskTM');
INSERT INTO SYSTEM_ADMINISTRATOR (name, email, password) VALUES ('Joseph Miller', 'mcdonaldbilly@gmail.com', 'uetWAPzQpcRLgEanskTM');
INSERT INTO ACCOUNTANT (name, email, password) VALUES ('Connie Sanchez', 'smithmichelle@gmail.com', 'gpQEBGjlV');
INSERT INTO SYSTEM_ADMINISTRATOR (name, email, password) VALUES ('Connie Sanchez', 'smithmichelle@gmail.com', 'gpQEBGjlV');
INSERT INTO ACCOUNTANT (name, email, password) VALUES ('Sean Warner', 'maypatty@gmail.com', 'FBWeUUSWbwy');
INSERT INTO SYSTEM_ADMINISTRATOR (name, email, password) VALUES ('Sean Warner', 'maypatty@gmail.com', 'FBWeUUSWbwy');
INSERT INTO ACCOUNTANT (name, email, password) VALUES ('Gregory Leblanc', 'holson@gmail.com', 'hoADJnluwJiao');
INSERT INTO SYSTEM_ADMINISTRATOR (name, email, password) VALUES ('Gregory Leblanc', 'holson@gmail.com', 'hoADJnluwJiao');
INSERT INTO ACCOUNTANT (name, email, password) VALUES ('Matthew Rice', 'teresa06@yahoo.com', 'wvxCtWjcXzUSOfzeB');
INSERT INTO SYSTEM_ADMINISTRATOR (name, email, password) VALUES ('Matthew Rice', 'teresa06@yahoo.com', 'wvxCtWjcXzUSOfzeB');
INSERT INTO ACCOUNTANT (name, email, password) VALUES ('Jessica Meyers', 'xglover@gmail.com', 'JlVquAGmPcF');
INSERT INTO SYSTEM_ADMINISTRATOR (name, email, password) VALUES ('Jessica Meyers', 'xglover@gmail.com', 'JlVquAGmPcF');
INSERT INTO ACCOUNTANT (name, email, password) VALUES ('Emily Rodriguez', 'whiteeric@gmail.com', 'ClDHaCLEPvifLjtyXeI');
INSERT INTO SYSTEM_ADMINISTRATOR (name, email, password) VALUES ('Emily Rodriguez', 'whiteeric@gmail.com', 'ClDHaCLEPvifLjtyXeI');
INSERT INTO ACCOUNTANT (name, email, password) VALUES ('Todd Molina', 'jeffrey25@gmail.com', 'CrxbtKhxAWqfYAlL');
INSERT INTO SYSTEM_ADMINISTRATOR (name, email, password) VALUES ('Todd Molina', 'jeffrey25@gmail.com', 'CrxbtKhxAWqfYAlL');
INSERT INTO ACCOUNTANT (name, email, password) VALUES ('Bryan Garcia', 'phillipsjohn@yahoo.com', 'oEWJriHLqzJlZs');
INSERT INTO SYSTEM_ADMINISTRATOR (name, email, password) VALUES ('Bryan Garcia', 'phillipsjohn@yahoo.com', 'oEWJriHLqzJlZs');
INSERT INTO ACCOUNTANT (name, email, password) VALUES ('Michael Johnson', 'heather03@yahoo.com', 'wLPQsFbG');
INSERT INTO SYSTEM_ADMINISTRATOR (name, email, password) VALUES ('Michael Johnson', 'heather03@yahoo.com', 'wLPQsFbG');
INSERT INTO ACCOUNTANT (name, email, password) VALUES ('Tina Weaver MD', 'fhernandez@gmail.com', 'gfZVuQxSlMVBecXaxBz');
INSERT INTO SYSTEM_ADMINISTRATOR (name, email, password) VALUES ('Tina Weaver MD', 'fhernandez@gmail.com', 'gfZVuQxSlMVBecXaxBz');
INSERT INTO ACCOUNTANT (name, email, password) VALUES ('Michelle Reed', 'nicole50@gmail.com', 'UdeRBXEonHbxFUUM');
INSERT INTO SYSTEM_ADMINISTRATOR (name, email, password) VALUES ('Michelle Reed', 'nicole50@gmail.com', 'UdeRBXEonHbxFUUM');
INSERT INTO ACCOUNTANT (name, email, password) VALUES ('Robert Ball', 'marytaylor@hotmail.com', 'IBlQnagApXMdqtXLfEEI');
INSERT INTO SYSTEM_ADMINISTRATOR (name, email, password) VALUES ('Robert Ball', 'marytaylor@hotmail.com', 'IBlQnagApXMdqtXLfEEI');
INSERT INTO ACCOUNTANT (name, email, password) VALUES ('Samuel Sexton', 'sgardner@hotmail.com', 'mRjaTZdKJmDAhRq');
INSERT INTO SYSTEM_ADMINISTRATOR (name, email, password) VALUES ('Samuel Sexton', 'sgardner@hotmail.com', 'mRjaTZdKJmDAhRq');
INSERT INTO ACCOUNTANT (name, email, password) VALUES ('David Hickman', 'smithjanet@yahoo.com', 'tnSbCVfzrVW');
INSERT INTO SYSTEM_ADMINISTRATOR (name, email, password) VALUES ('David Hickman', 'smithjanet@yahoo.com', 'tnSbCVfzrVW');
INSERT INTO ACCOUNTANT (name, email, password) VALUES ('Troy Ramirez', 'ramseylaura@hotmail.com', 'hVQKObZHfYkkIPyn');
INSERT INTO SYSTEM_ADMINISTRATOR (name, email, password) VALUES ('Troy Ramirez', 'ramseylaura@hotmail.com', 'hVQKObZHfYkkIPyn');
INSERT INTO ACCOUNTANT (name, email, password) VALUES ('James Fleming', 'amandanewton@hotmail.com', 'qntogukV');
INSERT INTO SYSTEM_ADMINISTRATOR (name, email, password) VALUES ('James Fleming', 'amandanewton@hotmail.com', 'qntogukV');
INSERT INTO ACCOUNTANT (name, email, password) VALUES ('Mary Weaver', 'gregoryortiz@gmail.com', 'WKDfqnId');
INSERT INTO SYSTEM_ADMINISTRATOR (name, email, password) VALUES ('Mary Weaver', 'gregoryortiz@gmail.com', 'WKDfqnId');
INSERT INTO ACCOUNTANT (name, email, password) VALUES ('Robert Martinez', 'cynthia40@yahoo.com', 'SEEugBIEbzgdSU');
INSERT INTO SYSTEM_ADMINISTRATOR (name, email, password) VALUES ('Robert Martinez', 'cynthia40@yahoo.com', 'SEEugBIEbzgdSU');
INSERT INTO ACCOUNTANT (name, email, password) VALUES ('Spencer Carr', 'kristy89@gmail.com', 'PJeRwnVan');
INSERT INTO SYSTEM_ADMINISTRATOR (name, email, password) VALUES ('Spencer Carr', 'kristy89@gmail.com', 'PJeRwnVan');
INSERT INTO ACCOUNTANT (name, email, password) VALUES ('Gerald Willis', 'fitzpatricknicholas@yahoo.com', 'decAruLEFnBVwDWC');
INSERT INTO SYSTEM_ADMINISTRATOR (name, email, password) VALUES ('Gerald Willis', 'fitzpatricknicholas@yahoo.com', 'decAruLEFnBVwDWC');
INSERT INTO ACCOUNTANT (name, email, password) VALUES ('Wanda Erickson', 'johncalhoun@hotmail.com', 'dFwfICJQPHB');
INSERT INTO SYSTEM_ADMINISTRATOR (name, email, password) VALUES ('Wanda Erickson', 'johncalhoun@hotmail.com', 'dFwfICJQPHB');
INSERT INTO ACCOUNTANT (name, email, password) VALUES ('Joseph Watkins', 'vdaniels@gmail.com', 'RCthEMNcaTUxbfBeA');
INSERT INTO SYSTEM_ADMINISTRATOR (name, email, password) VALUES ('Joseph Watkins', 'vdaniels@gmail.com', 'RCthEMNcaTUxbfBeA');
INSERT INTO ACCOUNTANT (name, email, password) VALUES ('Tommy Gonzales', 'nbeasley@gmail.com', 'FsLgnnlAXKVYYfkR');
INSERT INTO SYSTEM_ADMINISTRATOR (name, email, password) VALUES ('Tommy Gonzales', 'nbeasley@gmail.com', 'FsLgnnlAXKVYYfkR');
INSERT INTO ACCOUNTANT (name, email, password) VALUES ('Kathy Marsh', 'sperez@yahoo.com', 'OhdgWNzebi');
INSERT INTO SYSTEM_ADMINISTRATOR (name, email, password) VALUES ('Kathy Marsh', 'sperez@yahoo.com', 'OhdgWNzebi');
INSERT INTO ACCOUNTANT (name, email, password) VALUES ('Kristen Jackson', 'jamesswanson@hotmail.com', 'EypbEEhmgr');
INSERT INTO SYSTEM_ADMINISTRATOR (name, email, password) VALUES ('Kristen Jackson', 'jamesswanson@hotmail.com', 'EypbEEhmgr');
INSERT INTO ACCOUNTANT (name, email, password) VALUES ('Joseph Arellano', 'thickman@yahoo.com', 'prnzyFDsOU');
INSERT INTO SYSTEM_ADMINISTRATOR (name, email, password) VALUES ('Joseph Arellano', 'thickman@yahoo.com', 'prnzyFDsOU');
INSERT INTO ACCOUNTANT (name, email, password) VALUES ('Tina Richardson', 'lwalker@yahoo.com', 'rsKVSASbT');
INSERT INTO SYSTEM_ADMINISTRATOR (name, email, password) VALUES ('Tina Richardson', 'lwalker@yahoo.com', 'rsKVSASbT');
INSERT INTO ACCOUNTANT (name, email, password) VALUES ('Amber Conner', 'urodriguez@hotmail.com', 'TLMlcdwOdUhRGYz');
INSERT INTO SYSTEM_ADMINISTRATOR (name, email, password) VALUES ('Amber Conner', 'urodriguez@hotmail.com', 'TLMlcdwOdUhRGYz');
INSERT INTO ACCOUNTANT (name, email, password) VALUES ('Mr. Jeffrey Frank', 'ycollins@gmail.com', 'WFWtSXpjnWmi');
INSERT INTO SYSTEM_ADMINISTRATOR (name, email, password) VALUES ('Mr. Jeffrey Frank', 'ycollins@gmail.com', 'WFWtSXpjnWmi');
INSERT INTO ACCOUNTANT (name, email, password) VALUES ('Beth Lewis', 'nicholaswilson@hotmail.com', 'dxAvQTNrq');
INSERT INTO SYSTEM_ADMINISTRATOR (name, email, password) VALUES ('Beth Lewis', 'nicholaswilson@hotmail.com', 'dxAvQTNrq');
INSERT INTO ACCOUNTANT (name, email, password) VALUES ('Brendan Coleman', 'brucenorton@hotmail.com', 'YBoUhHVVxLyfdi');
INSERT INTO SYSTEM_ADMINISTRATOR (name, email, password) VALUES ('Brendan Coleman', 'brucenorton@hotmail.com', 'YBoUhHVVxLyfdi');
INSERT INTO ACCOUNTANT (name, email, password) VALUES ('Miranda Booth', 'caldwelltimothy@hotmail.com', 'YdgauhynzhlyKbPDH');
INSERT INTO SYSTEM_ADMINISTRATOR (name, email, password) VALUES ('Miranda Booth', 'caldwelltimothy@hotmail.com', 'YdgauhynzhlyKbPDH');
INSERT INTO ACCOUNTANT (name, email, password) VALUES ('Jose Lee', 'john59@gmail.com', 'DTdUYXdZzYqxiqz');
INSERT INTO SYSTEM_ADMINISTRATOR (name, email, password) VALUES ('Jose Lee', 'john59@gmail.com', 'DTdUYXdZzYqxiqz');
INSERT INTO ACCOUNTANT (name, email, password) VALUES ('Chris Rosario', 'sandersjoseph@gmail.com', 'EjDzHIhSVUVNjNQAUQ');
INSERT INTO SYSTEM_ADMINISTRATOR (name, email, password) VALUES ('Chris Rosario', 'sandersjoseph@gmail.com', 'EjDzHIhSVUVNjNQAUQ');
INSERT INTO ACCOUNTANT (name, email, password) VALUES ('William Martin', 'harveyjustin@hotmail.com', 'teLpqVsVU');
INSERT INTO SYSTEM_ADMINISTRATOR (name, email, password) VALUES ('William Martin', 'harveyjustin@hotmail.com', 'teLpqVsVU');
INSERT INTO ACCOUNTANT (name, email, password) VALUES ('Tracy Roth', 'jennyterry@gmail.com', 'IjNntnfdoruOJ');
INSERT INTO SYSTEM_ADMINISTRATOR (name, email, password) VALUES ('Tracy Roth', 'jennyterry@gmail.com', 'IjNntnfdoruOJ');
INSERT INTO ACCOUNTANT (name, email, password) VALUES ('Rebecca Harris', 'alexismorales@yahoo.com', 'RsNVuULe');
INSERT INTO SYSTEM_ADMINISTRATOR (name, email, password) VALUES ('Rebecca Harris', 'alexismorales@yahoo.com', 'RsNVuULe');
INSERT INTO ACCOUNTANT (name, email, password) VALUES ('Robert Miller', 'mooremichael@hotmail.com', 'CeWZogZJSInlw');
INSERT INTO SYSTEM_ADMINISTRATOR (name, email, password) VALUES ('Robert Miller', 'mooremichael@hotmail.com', 'CeWZogZJSInlw');
INSERT INTO ACCOUNTANT (name, email, password) VALUES ('Kayla Johnson', 'mjohnston@gmail.com', 'LIPkByTkiwefVgRg');
INSERT INTO SYSTEM_ADMINISTRATOR (name, email, password) VALUES ('Kayla Johnson', 'mjohnston@gmail.com', 'LIPkByTkiwefVgRg');
INSERT INTO ACCOUNTANT (name, email, password) VALUES ('Emily Watson', 'jason77@hotmail.com', 'wWKhxodUVXaBpxHQYXLd');
INSERT INTO SYSTEM_ADMINISTRATOR (name, email, password) VALUES ('Emily Watson', 'jason77@hotmail.com', 'wWKhxodUVXaBpxHQYXLd');
INSERT INTO ACCOUNTANT (name, email, password) VALUES ('Barbara Sanchez', 'dianafrederick@hotmail.com', 'XEatUdGUW');
INSERT INTO SYSTEM_ADMINISTRATOR (name, email, password) VALUES ('Barbara Sanchez', 'dianafrederick@hotmail.com', 'XEatUdGUW');
INSERT INTO ACCOUNTANT (name, email, password) VALUES ('Bruce James', 'klewis@yahoo.com', 'ixZbKqSoL');
INSERT INTO SYSTEM_ADMINISTRATOR (name, email, password) VALUES ('Bruce James', 'klewis@yahoo.com', 'ixZbKqSoL');
INSERT INTO ACCOUNTANT (name, email, password) VALUES ('Ms. Kelli Young DDS', 'traci79@hotmail.com', 'bdFKaVgrURUUdAQ');
INSERT INTO SYSTEM_ADMINISTRATOR (name, email, password) VALUES ('Ms. Kelli Young DDS', 'traci79@hotmail.com', 'bdFKaVgrURUUdAQ');
INSERT INTO ACCOUNTANT (name, email, password) VALUES ('Marisa Green', 'sandra19@hotmail.com', 'UFdgBYHatXaACoWJ');
INSERT INTO SYSTEM_ADMINISTRATOR (name, email, password) VALUES ('Marisa Green', 'sandra19@hotmail.com', 'UFdgBYHatXaACoWJ');
INSERT INTO ACCOUNTANT (name, email, password) VALUES ('Tiffany Underwood', 'wabbott@gmail.com', 'QJQDDnbgJUiCCjdj');
INSERT INTO SYSTEM_ADMINISTRATOR (name, email, password) VALUES ('Tiffany Underwood', 'wabbott@gmail.com', 'QJQDDnbgJUiCCjdj');
INSERT INTO ACCOUNTANT (name, email, password) VALUES ('Travis Holmes', 'david38@yahoo.com', 'vmrBPsTzTvfMSzmLTe');
INSERT INTO SYSTEM_ADMINISTRATOR (name, email, password) VALUES ('Travis Holmes', 'david38@yahoo.com', 'vmrBPsTzTvfMSzmLTe');
INSERT INTO ACCOUNTANT (name, email, password) VALUES ('Christopher Mckinney', 'alexandraphillips@yahoo.com', 'JpfsRhzGJJIkoMW');
INSERT INTO SYSTEM_ADMINISTRATOR (name, email, password) VALUES ('Christopher Mckinney', 'alexandraphillips@yahoo.com', 'JpfsRhzGJJIkoMW');
INSERT INTO ACCOUNTANT (name, email, password) VALUES ('Shannon Love', 'jacqueline82@gmail.com', 'KICJjYFvosB');
INSERT INTO SYSTEM_ADMINISTRATOR (name, email, password) VALUES ('Shannon Love', 'jacqueline82@gmail.com', 'KICJjYFvosB');
INSERT INTO ACCOUNTANT (name, email, password) VALUES ('Ricky Garcia', 'tanner79@gmail.com', 'zNiiPyHR');
INSERT INTO SYSTEM_ADMINISTRATOR (name, email, password) VALUES ('Ricky Garcia', 'tanner79@gmail.com', 'zNiiPyHR');
INSERT INTO ACCOUNTANT (name, email, password) VALUES ('Michael Franco', 'vshelton@yahoo.com', 'HmumsDNaGsBRRBu');
INSERT INTO SYSTEM_ADMINISTRATOR (name, email, password) VALUES ('Michael Franco', 'vshelton@yahoo.com', 'HmumsDNaGsBRRBu');
INSERT INTO ACCOUNTANT (name, email, password) VALUES ('Miss Tracy Collins', 'zachary93@hotmail.com', 'ZDiZMtLpsTXGk');
INSERT INTO SYSTEM_ADMINISTRATOR (name, email, password) VALUES ('Miss Tracy Collins', 'zachary93@hotmail.com', 'ZDiZMtLpsTXGk');
INSERT INTO ACCOUNTANT (name, email, password) VALUES ('David Jones', 'araymond@yahoo.com', 'AmBrSDDnYdCmRfOAa');
INSERT INTO SYSTEM_ADMINISTRATOR (name, email, password) VALUES ('David Jones', 'araymond@yahoo.com', 'AmBrSDDnYdCmRfOAa');
INSERT INTO ACCOUNTANT (name, email, password) VALUES ('Patricia Chang', 'ribarra@gmail.com', 'fgCuRPxmMozIFJjUt');
INSERT INTO SYSTEM_ADMINISTRATOR (name, email, password) VALUES ('Patricia Chang', 'ribarra@gmail.com', 'fgCuRPxmMozIFJjUt');
INSERT INTO ACCOUNTANT (name, email, password) VALUES ('Larry Gibson', 'jared14@hotmail.com', 'pVbhRzpXPxXVvQDrb');
INSERT INTO SYSTEM_ADMINISTRATOR (name, email, password) VALUES ('Larry Gibson', 'jared14@hotmail.com', 'pVbhRzpXPxXVvQDrb');
INSERT INTO ACCOUNTANT (name, email, password) VALUES ('Joseph Stanley', 'smithmadison@hotmail.com', 'UzLnifZaKFbSFGWeVp');
INSERT INTO SYSTEM_ADMINISTRATOR (name, email, password) VALUES ('Joseph Stanley', 'smithmadison@hotmail.com', 'UzLnifZaKFbSFGWeVp');
INSERT INTO ACCOUNTANT (name, email, password) VALUES ('Jeanne Rodriguez', 'hillrebekah@hotmail.com', 'DvTglANysPHOcGfekr');
INSERT INTO SYSTEM_ADMINISTRATOR (name, email, password) VALUES ('Jeanne Rodriguez', 'hillrebekah@hotmail.com', 'DvTglANysPHOcGfekr');
INSERT INTO ACCOUNTANT (name, email, password) VALUES ('Jeff Brown', 'jacobsevan@gmail.com', 'WiIXLVwAvMS');
INSERT INTO SYSTEM_ADMINISTRATOR (name, email, password) VALUES ('Jeff Brown', 'jacobsevan@gmail.com', 'WiIXLVwAvMS');
INSERT INTO ACCOUNTANT (name, email, password) VALUES ('Kathy Rodriguez', 'ibowen@hotmail.com', 'dGejqCWc');
INSERT INTO SYSTEM_ADMINISTRATOR (name, email, password) VALUES ('Kathy Rodriguez', 'ibowen@hotmail.com', 'dGejqCWc');
INSERT INTO ACCOUNTANT (name, email, password) VALUES ('Colleen Carter', 'justin82@hotmail.com', 'iGcLeMRuqOfemHBDk');
INSERT INTO SYSTEM_ADMINISTRATOR (name, email, password) VALUES ('Colleen Carter', 'justin82@hotmail.com', 'iGcLeMRuqOfemHBDk');
INSERT INTO ACCOUNTANT (name, email, password) VALUES ('Jenny Landry', 'jennifercallahan@gmail.com', 'goxiTOVFYppCWihGcJO');
INSERT INTO SYSTEM_ADMINISTRATOR (name, email, password) VALUES ('Jenny Landry', 'jennifercallahan@gmail.com', 'goxiTOVFYppCWihGcJO');
INSERT INTO ACCOUNTANT (name, email, password) VALUES ('Laura Hudson', 'andrewhurley@hotmail.com', 'nqNRtWJcieJnKUYmMAXY');
INSERT INTO SYSTEM_ADMINISTRATOR (name, email, password) VALUES ('Laura Hudson', 'andrewhurley@hotmail.com', 'nqNRtWJcieJnKUYmMAXY');
INSERT INTO ACCOUNTANT (name, email, password) VALUES ('Gabriel Thomas', 'lawrencerebecca@gmail.com', 'wuTrXABNPOtn');
INSERT INTO SYSTEM_ADMINISTRATOR (name, email, password) VALUES ('Gabriel Thomas', 'lawrencerebecca@gmail.com', 'wuTrXABNPOtn');
INSERT INTO ACCOUNTANT (name, email, password) VALUES ('David Mack', 'kevin89@yahoo.com', 'kdFItBCFekQmrQfXaRZj');
INSERT INTO SYSTEM_ADMINISTRATOR (name, email, password) VALUES ('David Mack', 'kevin89@yahoo.com', 'kdFItBCFekQmrQfXaRZj');
INSERT INTO ACCOUNTANT (name, email, password) VALUES ('Ricardo Thompson', 'katrina03@hotmail.com', 'JUkvANZarEBUMEw');
INSERT INTO SYSTEM_ADMINISTRATOR (name, email, password) VALUES ('Ricardo Thompson', 'katrina03@hotmail.com', 'JUkvANZarEBUMEw');
INSERT INTO ACCOUNTANT (name, email, password) VALUES ('Jessica Ward', 'yjones@hotmail.com', 'zcAxsZGbkCIiysq');
INSERT INTO SYSTEM_ADMINISTRATOR (name, email, password) VALUES ('Jessica Ward', 'yjones@hotmail.com', 'zcAxsZGbkCIiysq');
INSERT INTO ACCOUNTANT (name, email, password) VALUES ('David Lucero', 'daviddickson@hotmail.com', 'PaIXJsuPdpWxWyMYo');
INSERT INTO SYSTEM_ADMINISTRATOR (name, email, password) VALUES ('David Lucero', 'daviddickson@hotmail.com', 'PaIXJsuPdpWxWyMYo');
INSERT INTO ACCOUNTANT (name, email, password) VALUES ('Sandra Figueroa', 'olivianorton@gmail.com', 'zYHGvAYdnWRaUjaG');
INSERT INTO SYSTEM_ADMINISTRATOR (name, email, password) VALUES ('Sandra Figueroa', 'olivianorton@gmail.com', 'zYHGvAYdnWRaUjaG');
INSERT INTO ACCOUNTANT (name, email, password) VALUES ('Amy Nelson', 'emilyjames@gmail.com', 'iUtxzJBRQytMUgZBp');
INSERT INTO SYSTEM_ADMINISTRATOR (name, email, password) VALUES ('Amy Nelson', 'emilyjames@gmail.com', 'iUtxzJBRQytMUgZBp');
INSERT INTO ACCOUNTANT (name, email, password) VALUES ('Charles Wood', 'peterhill@gmail.com', 'ejSZCbrvEJx');
INSERT INTO SYSTEM_ADMINISTRATOR (name, email, password) VALUES ('Charles Wood', 'peterhill@gmail.com', 'ejSZCbrvEJx');
INSERT INTO ACCOUNTANT (name, email, password) VALUES ('Andre Avila', 'scordova@hotmail.com', 'FUqvkzGvtyb');
INSERT INTO SYSTEM_ADMINISTRATOR (name, email, password) VALUES ('Andre Avila', 'scordova@hotmail.com', 'FUqvkzGvtyb');
INSERT INTO ACCOUNTANT (name, email, password) VALUES ('Blake Richardson', 'millerpaul@yahoo.com', 'FXGXUgVNhzE');
INSERT INTO SYSTEM_ADMINISTRATOR (name, email, password) VALUES ('Blake Richardson', 'millerpaul@yahoo.com', 'FXGXUgVNhzE');
INSERT INTO ACCOUNTANT (name, email, password) VALUES ('Abigail Johnson', 'mitchellberger@hotmail.com', 'PTRKJznIqr');
INSERT INTO SYSTEM_ADMINISTRATOR (name, email, password) VALUES ('Abigail Johnson', 'mitchellberger@hotmail.com', 'PTRKJznIqr');
INSERT INTO ACCOUNTANT (name, email, password) VALUES ('Erik Morris', 'parkerkatie@hotmail.com', 'DNHVPKGGSZIFqY');
INSERT INTO SYSTEM_ADMINISTRATOR (name, email, password) VALUES ('Erik Morris', 'parkerkatie@hotmail.com', 'DNHVPKGGSZIFqY');
INSERT INTO ACCOUNTANT (name, email, password) VALUES ('Brandon Young', 'ogiles@hotmail.com', 'JmiOOulbuoYOSOvj');
INSERT INTO SYSTEM_ADMINISTRATOR (name, email, password) VALUES ('Brandon Young', 'ogiles@hotmail.com', 'JmiOOulbuoYOSOvj');
INSERT INTO ACCOUNTANT (name, email, password) VALUES ('Mr. Andrew Webb', 'cbrowning@hotmail.com', 'BfAligAOPbDERATcrW');
INSERT INTO SYSTEM_ADMINISTRATOR (name, email, password) VALUES ('Mr. Andrew Webb', 'cbrowning@hotmail.com', 'BfAligAOPbDERATcrW');
INSERT INTO ACCOUNTANT (name, email, password) VALUES ('Destiny Morrison', 'gatesmichael@hotmail.com', 'HWGuQpcLQpOfAtkYIXN');
INSERT INTO SYSTEM_ADMINISTRATOR (name, email, password) VALUES ('Destiny Morrison', 'gatesmichael@hotmail.com', 'HWGuQpcLQpOfAtkYIXN');
INSERT INTO ACCOUNTANT (name, email, password) VALUES ('David Reed Jr.', 'alvinbranch@hotmail.com', 'sTWBfHxWstHxdyOOgxN');
INSERT INTO SYSTEM_ADMINISTRATOR (name, email, password) VALUES ('David Reed Jr.', 'alvinbranch@hotmail.com', 'sTWBfHxWstHxdyOOgxN');
INSERT INTO ACCOUNTANT (name, email, password) VALUES ('Shannon Simmons', 'stricklanddestiny@yahoo.com', 'sYnWuFxFqLiagbvfjJNR');
INSERT INTO SYSTEM_ADMINISTRATOR (name, email, password) VALUES ('Shannon Simmons', 'stricklanddestiny@yahoo.com', 'sYnWuFxFqLiagbvfjJNR');
INSERT INTO ACCOUNTANT (name, email, password) VALUES ('Regina Jordan', 'susan41@gmail.com', 'kcjeQqhZDlmins');
INSERT INTO SYSTEM_ADMINISTRATOR (name, email, password) VALUES ('Regina Jordan', 'susan41@gmail.com', 'kcjeQqhZDlmins');
INSERT INTO ACCOUNTANT (name, email, password) VALUES ('Jessica Martinez', 'valerie85@yahoo.com', 'WVwOhPkQqqBq');
INSERT INTO SYSTEM_ADMINISTRATOR (name, email, password) VALUES ('Jessica Martinez', 'valerie85@yahoo.com', 'WVwOhPkQqqBq');
INSERT INTO ACCOUNTANT (name, email, password) VALUES ('Daniel Mcdonald', 'kimberlyhenry@yahoo.com', 'hMEvRlxRZKctEvrrWil');
INSERT INTO SYSTEM_ADMINISTRATOR (name, email, password) VALUES ('Daniel Mcdonald', 'kimberlyhenry@yahoo.com', 'hMEvRlxRZKctEvrrWil');
INSERT INTO ACCOUNTANT (name, email, password) VALUES ('Debra Reyes', 'michael04@gmail.com', 'bRAzOlTqpWog');
INSERT INTO SYSTEM_ADMINISTRATOR (name, email, password) VALUES ('Debra Reyes', 'michael04@gmail.com', 'bRAzOlTqpWog');
INSERT INTO ACCOUNTANT (name, email, password) VALUES ('Kristine Bell', 'xpowers@hotmail.com', 'DnSipaFhIeUU');
INSERT INTO SYSTEM_ADMINISTRATOR (name, email, password) VALUES ('Kristine Bell', 'xpowers@hotmail.com', 'DnSipaFhIeUU');
INSERT INTO ACCOUNTANT (name, email, password) VALUES ('Deborah Flores', 'thomas28@hotmail.com', 'tWnKmamGgDGhv');
INSERT INTO SYSTEM_ADMINISTRATOR (name, email, password) VALUES ('Deborah Flores', 'thomas28@hotmail.com', 'tWnKmamGgDGhv');
INSERT INTO ACCOUNTANT (name, email, password) VALUES ('John Adams', 'robertwagner@hotmail.com', 'NitBJUJrQuYVokcbEJ');
INSERT INTO SYSTEM_ADMINISTRATOR (name, email, password) VALUES ('John Adams', 'robertwagner@hotmail.com', 'NitBJUJrQuYVokcbEJ');
INSERT INTO ACCOUNTANT (name, email, password) VALUES ('Laura Murphy', 'nmoore@yahoo.com', 'hFWNiSyRiddOGdFyC');
INSERT INTO SYSTEM_ADMINISTRATOR (name, email, password) VALUES ('Laura Murphy', 'nmoore@yahoo.com', 'hFWNiSyRiddOGdFyC');
INSERT INTO ACCOUNTANT (name, email, password) VALUES ('Wayne Ramos', 'joelfuller@hotmail.com', 'FJVRGSCQmsfFDytmxzuR');
INSERT INTO SYSTEM_ADMINISTRATOR (name, email, password) VALUES ('Wayne Ramos', 'joelfuller@hotmail.com', 'FJVRGSCQmsfFDytmxzuR');
INSERT INTO ACCOUNTANT (name, email, password) VALUES ('Gerald Osborn', 'samanthajohnson@gmail.com', 'AChmOHuHF');
INSERT INTO SYSTEM_ADMINISTRATOR (name, email, password) VALUES ('Gerald Osborn', 'samanthajohnson@gmail.com', 'AChmOHuHF');
INSERT INTO ACCOUNTANT (name, email, password) VALUES ('Carol Howard', 'arnoldjohn@gmail.com', 'noIDDJFqKWNICYf');
INSERT INTO SYSTEM_ADMINISTRATOR (name, email, password) VALUES ('Carol Howard', 'arnoldjohn@gmail.com', 'noIDDJFqKWNICYf');
INSERT INTO ACCOUNTANT (name, email, password) VALUES ('Shannon Myers', 'jhernandez@gmail.com', 'VnlUPOsCd');
INSERT INTO SYSTEM_ADMINISTRATOR (name, email, password) VALUES ('Shannon Myers', 'jhernandez@gmail.com', 'VnlUPOsCd');
INSERT INTO ACCOUNTANT (name, email, password) VALUES ('Kenneth Frost', 'wendy67@gmail.com', 'GsslrdqD');
INSERT INTO SYSTEM_ADMINISTRATOR (name, email, password) VALUES ('Kenneth Frost', 'wendy67@gmail.com', 'GsslrdqD');
INSERT INTO ACCOUNTANT (name, email, password) VALUES ('Aaron Johnson', 'tiffany97@yahoo.com', 'TberZADWyhlXzndfR');
INSERT INTO SYSTEM_ADMINISTRATOR (name, email, password) VALUES ('Aaron Johnson', 'tiffany97@yahoo.com', 'TberZADWyhlXzndfR');
INSERT INTO ACCOUNTANT (name, email, password) VALUES ('Jessica Porter', 'cody48@yahoo.com', 'jWRtPMpwVECglrO');
INSERT INTO SYSTEM_ADMINISTRATOR (name, email, password) VALUES ('Jessica Porter', 'cody48@yahoo.com', 'jWRtPMpwVECglrO');
INSERT INTO ACCOUNTANT (name, email, password) VALUES ('Bianca Mays', 'clarence25@hotmail.com', 'WoYOdyIGol');
INSERT INTO SYSTEM_ADMINISTRATOR (name, email, password) VALUES ('Bianca Mays', 'clarence25@hotmail.com', 'WoYOdyIGol');
INSERT INTO ACCOUNTANT (name, email, password) VALUES ('Kristi Berry', 'jeannegilbert@yahoo.com', 'YZFxJXbhZcIEAdCB');
INSERT INTO SYSTEM_ADMINISTRATOR (name, email, password) VALUES ('Kristi Berry', 'jeannegilbert@yahoo.com', 'YZFxJXbhZcIEAdCB');
INSERT INTO ACCOUNTANT (name, email, password) VALUES ('Caroline Flowers', 'grantchad@hotmail.com', 'cMRUJRfjNFlkFzASus');
INSERT INTO SYSTEM_ADMINISTRATOR (name, email, password) VALUES ('Caroline Flowers', 'grantchad@hotmail.com', 'cMRUJRfjNFlkFzASus');
INSERT INTO ACCOUNTANT (name, email, password) VALUES ('David Watson', 'pmartinez@yahoo.com', 'LlsHMxHcd');
INSERT INTO SYSTEM_ADMINISTRATOR (name, email, password) VALUES ('David Watson', 'pmartinez@yahoo.com', 'LlsHMxHcd');
INSERT INTO ACCOUNTANT (name, email, password) VALUES ('Mr. Jonathan Chen', 'ycollins@yahoo.com', 'yNwRgVaEvMoOVfI');
INSERT INTO SYSTEM_ADMINISTRATOR (name, email, password) VALUES ('Mr. Jonathan Chen', 'ycollins@yahoo.com', 'yNwRgVaEvMoOVfI');
INSERT INTO ACCOUNTANT (name, email, password) VALUES ('Rachel Pierce', 'johnhicks@gmail.com', 'DxthILvzpCIcTCkEh');
INSERT INTO SYSTEM_ADMINISTRATOR (name, email, password) VALUES ('Rachel Pierce', 'johnhicks@gmail.com', 'DxthILvzpCIcTCkEh');
INSERT INTO ACCOUNTANT (name, email, password) VALUES ('Michael Nguyen', 'hlewis@hotmail.com', 'bugDOEBHlSvs');
INSERT INTO SYSTEM_ADMINISTRATOR (name, email, password) VALUES ('Michael Nguyen', 'hlewis@hotmail.com', 'bugDOEBHlSvs');
INSERT INTO ACCOUNTANT (name, email, password) VALUES ('Lindsay Aguilar', 'kfoster@yahoo.com', 'DZhyxmMnMl');
INSERT INTO SYSTEM_ADMINISTRATOR (name, email, password) VALUES ('Lindsay Aguilar', 'kfoster@yahoo.com', 'DZhyxmMnMl');
INSERT INTO ACCOUNTANT (name, email, password) VALUES ('Jorge Madden', 'amy55@gmail.com', 'mMDVDomhYWPxxFrRsCP');
INSERT INTO SYSTEM_ADMINISTRATOR (name, email, password) VALUES ('Jorge Madden', 'amy55@gmail.com', 'mMDVDomhYWPxxFrRsCP');
INSERT INTO ACCOUNTANT (name, email, password) VALUES ('Lawrence Russell', 'juliavargas@yahoo.com', 'TloovPVdoT');
INSERT INTO SYSTEM_ADMINISTRATOR (name, email, password) VALUES ('Lawrence Russell', 'juliavargas@yahoo.com', 'TloovPVdoT');
INSERT INTO ACCOUNTANT (name, email, password) VALUES ('Mitchell Hall', 'xchristian@hotmail.com', 'eRqLvHVB');
INSERT INTO SYSTEM_ADMINISTRATOR (name, email, password) VALUES ('Mitchell Hall', 'xchristian@hotmail.com', 'eRqLvHVB');
INSERT INTO ACCOUNTANT (name, email, password) VALUES ('Jacob Gonzalez', 'jacquelinefisher@yahoo.com', 'jeojAbnmhMu');
INSERT INTO SYSTEM_ADMINISTRATOR (name, email, password) VALUES ('Jacob Gonzalez', 'jacquelinefisher@yahoo.com', 'jeojAbnmhMu');
INSERT INTO ACCOUNTANT (name, email, password) VALUES ('John Valdez', 'cheyenne45@yahoo.com', 'IZvvDPHDwtppmhA');
INSERT INTO SYSTEM_ADMINISTRATOR (name, email, password) VALUES ('John Valdez', 'cheyenne45@yahoo.com', 'IZvvDPHDwtppmhA');
INSERT INTO ACCOUNTANT (name, email, password) VALUES ('Amber Rivas', 'melinda24@gmail.com', 'CDPiCrrnYEJyoVUCaCt');
INSERT INTO SYSTEM_ADMINISTRATOR (name, email, password) VALUES ('Amber Rivas', 'melinda24@gmail.com', 'CDPiCrrnYEJyoVUCaCt');
INSERT INTO ACCOUNTANT (name, email, password) VALUES ('Cheryl Monroe', 'katherinecooper@hotmail.com', 'gAYoOaKeIwJyqVMI');
INSERT INTO SYSTEM_ADMINISTRATOR (name, email, password) VALUES ('Cheryl Monroe', 'katherinecooper@hotmail.com', 'gAYoOaKeIwJyqVMI');
INSERT INTO ACCOUNTANT (name, email, password) VALUES ('Shannon James', 'christopher86@hotmail.com', 'AzQxzGOteZTqAro');
INSERT INTO SYSTEM_ADMINISTRATOR (name, email, password) VALUES ('Shannon James', 'christopher86@hotmail.com', 'AzQxzGOteZTqAro');
INSERT INTO ACCOUNTANT (name, email, password) VALUES ('Tony Warner', 'jbautista@gmail.com', 'pnLsdXcxapZkKPggv');
INSERT INTO SYSTEM_ADMINISTRATOR (name, email, password) VALUES ('Tony Warner', 'jbautista@gmail.com', 'pnLsdXcxapZkKPggv');
INSERT INTO ACCOUNTANT (name, email, password) VALUES ('Ronald Berger', 'sara87@hotmail.com', 'RSGzJZkJJuHq');
INSERT INTO SYSTEM_ADMINISTRATOR (name, email, password) VALUES ('Ronald Berger', 'sara87@hotmail.com', 'RSGzJZkJJuHq');
INSERT INTO ACCOUNTANT (name, email, password) VALUES ('Barbara Barnes', 'toni86@yahoo.com', 'CDGhmyDheHv');
INSERT INTO SYSTEM_ADMINISTRATOR (name, email, password) VALUES ('Barbara Barnes', 'toni86@yahoo.com', 'CDGhmyDheHv');
INSERT INTO ACCOUNTANT (name, email, password) VALUES ('Daniel Anderson', 'marylittle@gmail.com', 'aCmsrEylmlmbTxiuP');
INSERT INTO SYSTEM_ADMINISTRATOR (name, email, password) VALUES ('Daniel Anderson', 'marylittle@gmail.com', 'aCmsrEylmlmbTxiuP');
INSERT INTO ACCOUNTANT (name, email, password) VALUES ('James Chavez', 'farmeramanda@hotmail.com', 'fCKFKxvKqFXpBNMQT');
INSERT INTO SYSTEM_ADMINISTRATOR (name, email, password) VALUES ('James Chavez', 'farmeramanda@hotmail.com', 'fCKFKxvKqFXpBNMQT');
INSERT INTO ACCOUNTANT (name, email, password) VALUES ('Holly Allen', 'amy02@yahoo.com', 'dcRscYIVzPqaxjWKc');
INSERT INTO SYSTEM_ADMINISTRATOR (name, email, password) VALUES ('Holly Allen', 'amy02@yahoo.com', 'dcRscYIVzPqaxjWKc');
INSERT INTO ACCOUNTANT (name, email, password) VALUES ('Thomas Lucas', 'michael50@gmail.com', 'XQUYjhyVXnqVnk');
INSERT INTO SYSTEM_ADMINISTRATOR (name, email, password) VALUES ('Thomas Lucas', 'michael50@gmail.com', 'XQUYjhyVXnqVnk');
INSERT INTO ACCOUNTANT (name, email, password) VALUES ('Patricia Cunningham', 'tshelton@hotmail.com', 'tyULAXJxd');
INSERT INTO SYSTEM_ADMINISTRATOR (name, email, password) VALUES ('Patricia Cunningham', 'tshelton@hotmail.com', 'tyULAXJxd');
INSERT INTO ACCOUNTANT (name, email, password) VALUES ('Vincent Williams', 'brownrichard@gmail.com', 'EZtQfItJAPD');
INSERT INTO SYSTEM_ADMINISTRATOR (name, email, password) VALUES ('Vincent Williams', 'brownrichard@gmail.com', 'EZtQfItJAPD');
INSERT INTO ACCOUNTANT (name, email, password) VALUES ('Maria Sharp', 'iwhitney@hotmail.com', 'RGJEjmSBDGsFtKZea');
INSERT INTO SYSTEM_ADMINISTRATOR (name, email, password) VALUES ('Maria Sharp', 'iwhitney@hotmail.com', 'RGJEjmSBDGsFtKZea');
INSERT INTO ACCOUNTANT (name, email, password) VALUES ('Julie Guerrero', 'walterdeanna@hotmail.com', 'lLuNXMnXEXcjeQ');
INSERT INTO SYSTEM_ADMINISTRATOR (name, email, password) VALUES ('Julie Guerrero', 'walterdeanna@hotmail.com', 'lLuNXMnXEXcjeQ');
INSERT INTO ACCOUNTANT (name, email, password) VALUES ('James Stephens', 'nicole78@yahoo.com', 'DynvDjkIKfFo');
INSERT INTO SYSTEM_ADMINISTRATOR (name, email, password) VALUES ('James Stephens', 'nicole78@yahoo.com', 'DynvDjkIKfFo');
INSERT INTO ACCOUNTANT (name, email, password) VALUES ('Amanda Harrell', 'jamesabigail@hotmail.com', 'enhiOMlhYUpugXoW');
INSERT INTO SYSTEM_ADMINISTRATOR (name, email, password) VALUES ('Amanda Harrell', 'jamesabigail@hotmail.com', 'enhiOMlhYUpugXoW');
INSERT INTO ACCOUNTANT (name, email, password) VALUES ('Anthony Santiago', 'tamaragonzalez@gmail.com', 'DomVYAxiMUTJcJXb');
INSERT INTO SYSTEM_ADMINISTRATOR (name, email, password) VALUES ('Anthony Santiago', 'tamaragonzalez@gmail.com', 'DomVYAxiMUTJcJXb');
INSERT INTO ACCOUNTANT (name, email, password) VALUES ('Christy Lopez', 'ipatel@hotmail.com', 'bbsuiXVPOgdQNIkJ');
INSERT INTO SYSTEM_ADMINISTRATOR (name, email, password) VALUES ('Christy Lopez', 'ipatel@hotmail.com', 'bbsuiXVPOgdQNIkJ');
INSERT INTO ACCOUNTANT (name, email, password) VALUES ('Lisa Reid', 'rebecca16@yahoo.com', 'HpXZeZzZancC');
INSERT INTO SYSTEM_ADMINISTRATOR (name, email, password) VALUES ('Lisa Reid', 'rebecca16@yahoo.com', 'HpXZeZzZancC');
INSERT INTO ACCOUNTANT (name, email, password) VALUES ('Samantha Wagner', 'rivasroger@gmail.com', 'KpExIBimnqwgVQsq');
INSERT INTO SYSTEM_ADMINISTRATOR (name, email, password) VALUES ('Samantha Wagner', 'rivasroger@gmail.com', 'KpExIBimnqwgVQsq');
INSERT INTO ACCOUNTANT (name, email, password) VALUES ('Nathan Briggs', 'kellylivingston@hotmail.com', 'cncrMOliuy');
INSERT INTO SYSTEM_ADMINISTRATOR (name, email, password) VALUES ('Nathan Briggs', 'kellylivingston@hotmail.com', 'cncrMOliuy');
INSERT INTO ACCOUNTANT (name, email, password) VALUES ('Ronald Robertson', 'ramirezvictor@hotmail.com', 'YwqjaAVUgAvsNbHNuDl');
INSERT INTO SYSTEM_ADMINISTRATOR (name, email, password) VALUES ('Ronald Robertson', 'ramirezvictor@hotmail.com', 'YwqjaAVUgAvsNbHNuDl');
INSERT INTO ACCOUNTANT (name, email, password) VALUES ('Marc Gay', 'keithjackson@yahoo.com', 'VUzXvpIotgP');
INSERT INTO SYSTEM_ADMINISTRATOR (name, email, password) VALUES ('Marc Gay', 'keithjackson@yahoo.com', 'VUzXvpIotgP');
INSERT INTO ACCOUNTANT (name, email, password) VALUES ('Karen Pollard', 'hillsamantha@yahoo.com', 'rAjInlFwsEwxzub');
INSERT INTO SYSTEM_ADMINISTRATOR (name, email, password) VALUES ('Karen Pollard', 'hillsamantha@yahoo.com', 'rAjInlFwsEwxzub');
INSERT INTO ACCOUNTANT (name, email, password) VALUES ('Cathy Barnes', 'jennifer48@gmail.com', 'jKnDzETmDPufdletui');
INSERT INTO SYSTEM_ADMINISTRATOR (name, email, password) VALUES ('Cathy Barnes', 'jennifer48@gmail.com', 'jKnDzETmDPufdletui');
INSERT INTO ACCOUNTANT (name, email, password) VALUES ('Allison Sanders', 'tracy02@yahoo.com', 'xulQqYyeMqkHOdo');
INSERT INTO SYSTEM_ADMINISTRATOR (name, email, password) VALUES ('Allison Sanders', 'tracy02@yahoo.com', 'xulQqYyeMqkHOdo');
INSERT INTO ACCOUNTANT (name, email, password) VALUES ('Laura Rios', 'jrangel@yahoo.com', 'ZpEoPSUCyZJdyhdDVFFu');
INSERT INTO SYSTEM_ADMINISTRATOR (name, email, password) VALUES ('Laura Rios', 'jrangel@yahoo.com', 'ZpEoPSUCyZJdyhdDVFFu');
INSERT INTO ACCOUNTANT (name, email, password) VALUES ('Cindy Hill', 'klane@hotmail.com', 'XOgSMATOufAhiJkZ');
INSERT INTO SYSTEM_ADMINISTRATOR (name, email, password) VALUES ('Cindy Hill', 'klane@hotmail.com', 'XOgSMATOufAhiJkZ');
INSERT INTO ACCOUNTANT (name, email, password) VALUES ('Jessica Martinez', 'richardcooper@gmail.com', 'cqFSrXCfRtvZld');
INSERT INTO SYSTEM_ADMINISTRATOR (name, email, password) VALUES ('Jessica Martinez', 'richardcooper@gmail.com', 'cqFSrXCfRtvZld');
INSERT INTO ACCOUNTANT (name, email, password) VALUES ('Kathryn Bryant', 'kayla78@gmail.com', 'qRdeezQWTMPTFarpSuwq');
INSERT INTO SYSTEM_ADMINISTRATOR (name, email, password) VALUES ('Kathryn Bryant', 'kayla78@gmail.com', 'qRdeezQWTMPTFarpSuwq');
INSERT INTO ACCOUNTANT (name, email, password) VALUES ('Tina Nguyen', 'mitchelllinda@gmail.com', 'oVVBRhNJtvPkSoK');
INSERT INTO SYSTEM_ADMINISTRATOR (name, email, password) VALUES ('Tina Nguyen', 'mitchelllinda@gmail.com', 'oVVBRhNJtvPkSoK');
INSERT INTO ACCOUNTANT (name, email, password) VALUES ('Isaiah Brewer', 'ibrown@hotmail.com', 'ZRZpMXhvpdsLZELguIQ');
INSERT INTO SYSTEM_ADMINISTRATOR (name, email, password) VALUES ('Isaiah Brewer', 'ibrown@hotmail.com', 'ZRZpMXhvpdsLZELguIQ');
INSERT INTO ACCOUNTANT (name, email, password) VALUES ('Kimberly Adams', 'angelaboyd@yahoo.com', 'iRDBVUwYKVPbxmyKPgVN');
INSERT INTO SYSTEM_ADMINISTRATOR (name, email, password) VALUES ('Kimberly Adams', 'angelaboyd@yahoo.com', 'iRDBVUwYKVPbxmyKPgVN');
INSERT INTO ACCOUNTANT (name, email, password) VALUES ('Jamie Hoffman', 'jaime46@hotmail.com', 'EAcgDDGUzMkzXu');
INSERT INTO SYSTEM_ADMINISTRATOR (name, email, password) VALUES ('Jamie Hoffman', 'jaime46@hotmail.com', 'EAcgDDGUzMkzXu');
INSERT INTO ACCOUNTANT (name, email, password) VALUES ('Taylor Hester', 'thomasdylan@yahoo.com', 'siAAJaMy');
INSERT INTO SYSTEM_ADMINISTRATOR (name, email, password) VALUES ('Taylor Hester', 'thomasdylan@yahoo.com', 'siAAJaMy');
INSERT INTO ACCOUNTANT (name, email, password) VALUES ('Thomas Leblanc', 'greenbelinda@gmail.com', 'oeuvcDaELkOP');
INSERT INTO SYSTEM_ADMINISTRATOR (name, email, password) VALUES ('Thomas Leblanc', 'greenbelinda@gmail.com', 'oeuvcDaELkOP');
INSERT INTO ACCOUNTANT (name, email, password) VALUES ('William Taylor', 'ujohnson@gmail.com', 'UbTiXgaFjaqzsISFld');
INSERT INTO SYSTEM_ADMINISTRATOR (name, email, password) VALUES ('William Taylor', 'ujohnson@gmail.com', 'UbTiXgaFjaqzsISFld');
INSERT INTO ACCOUNTANT (name, email, password) VALUES ('Sally Richards', 'nicolerogers@hotmail.com', 'qgJCvKBKPoZuFSIcZumn');
INSERT INTO SYSTEM_ADMINISTRATOR (name, email, password) VALUES ('Sally Richards', 'nicolerogers@hotmail.com', 'qgJCvKBKPoZuFSIcZumn');
INSERT INTO ACCOUNTANT (name, email, password) VALUES ('Julie Tran', 'william31@yahoo.com', 'akyGAsaxP');
INSERT INTO SYSTEM_ADMINISTRATOR (name, email, password) VALUES ('Julie Tran', 'william31@yahoo.com', 'akyGAsaxP');
INSERT INTO ACCOUNTANT (name, email, password) VALUES ('Tamara Flores', 'christopherclark@hotmail.com', 'aKGWzvvXTIqFdtOrhr');
INSERT INTO SYSTEM_ADMINISTRATOR (name, email, password) VALUES ('Tamara Flores', 'christopherclark@hotmail.com', 'aKGWzvvXTIqFdtOrhr');
INSERT INTO ACCOUNTANT (name, email, password) VALUES ('Brenda Allen', 'wardmonica@hotmail.com', 'FNQOqBrbvfIekbXBbc');
INSERT INTO SYSTEM_ADMINISTRATOR (name, email, password) VALUES ('Brenda Allen', 'wardmonica@hotmail.com', 'FNQOqBrbvfIekbXBbc');
INSERT INTO ACCOUNTANT (name, email, password) VALUES ('Jennifer Kidd', 'richardmartin@hotmail.com', 'MoXSrUnKruPrEbLDeNas');
INSERT INTO SYSTEM_ADMINISTRATOR (name, email, password) VALUES ('Jennifer Kidd', 'richardmartin@hotmail.com', 'MoXSrUnKruPrEbLDeNas');
INSERT INTO ACCOUNTANT (name, email, password) VALUES ('Shawn Cox', 'mccormickjustin@yahoo.com', 'jwNJMhlxNCklTBFqSD');
INSERT INTO SYSTEM_ADMINISTRATOR (name, email, password) VALUES ('Shawn Cox', 'mccormickjustin@yahoo.com', 'jwNJMhlxNCklTBFqSD');
INSERT INTO ACCOUNTANT (name, email, password) VALUES ('Timothy Hunt', 'heatherbaker@gmail.com', 'hvgoRIiniGDJoFZDBkGW');
INSERT INTO SYSTEM_ADMINISTRATOR (name, email, password) VALUES ('Timothy Hunt', 'heatherbaker@gmail.com', 'hvgoRIiniGDJoFZDBkGW');
INSERT INTO ACCOUNTANT (name, email, password) VALUES ('Maria Mayer', 'allison54@gmail.com', 'rGPQoUSKCOYkKHNVAuC');
INSERT INTO SYSTEM_ADMINISTRATOR (name, email, password) VALUES ('Maria Mayer', 'allison54@gmail.com', 'rGPQoUSKCOYkKHNVAuC');
INSERT INTO ACCOUNTANT (name, email, password) VALUES ('Michael Gordon', 'whitecharles@yahoo.com', 'fgCBtcuktDooKQB');
INSERT INTO SYSTEM_ADMINISTRATOR (name, email, password) VALUES ('Michael Gordon', 'whitecharles@yahoo.com', 'fgCBtcuktDooKQB');
INSERT INTO ACCOUNTANT (name, email, password) VALUES ('Jeremy Patel', 'nanderson@yahoo.com', 'huYuWxFEQqmuksmP');
INSERT INTO SYSTEM_ADMINISTRATOR (name, email, password) VALUES ('Jeremy Patel', 'nanderson@yahoo.com', 'huYuWxFEQqmuksmP');
INSERT INTO ACCOUNTANT (name, email, password) VALUES ('Bobby Reynolds', 'cunninghamjessica@hotmail.com', 'kVSlzlHGOxBi');
INSERT INTO SYSTEM_ADMINISTRATOR (name, email, password) VALUES ('Bobby Reynolds', 'cunninghamjessica@hotmail.com', 'kVSlzlHGOxBi');
INSERT INTO ACCOUNTANT (name, email, password) VALUES ('William Harris', 'mark40@gmail.com', 'lQotOLamHcpGZPfCDm');
INSERT INTO SYSTEM_ADMINISTRATOR (name, email, password) VALUES ('William Harris', 'mark40@gmail.com', 'lQotOLamHcpGZPfCDm');
INSERT INTO ACCOUNTANT (name, email, password) VALUES ('Jimmy Hernandez', 'john53@hotmail.com', 'RNPIitEwO');
INSERT INTO SYSTEM_ADMINISTRATOR (name, email, password) VALUES ('Jimmy Hernandez', 'john53@hotmail.com', 'RNPIitEwO');
INSERT INTO ACCOUNTANT (name, email, password) VALUES ('Joe Mejia', 'jenniferadams@yahoo.com', 'fYwfcwSvwtSGfcqLeYE');
INSERT INTO SYSTEM_ADMINISTRATOR (name, email, password) VALUES ('Joe Mejia', 'jenniferadams@yahoo.com', 'fYwfcwSvwtSGfcqLeYE');
INSERT INTO ACCOUNTANT (name, email, password) VALUES ('Dawn Rubio', 'gcarlson@gmail.com', 'DRVfsLGOfLDCHKteex');
INSERT INTO SYSTEM_ADMINISTRATOR (name, email, password) VALUES ('Dawn Rubio', 'gcarlson@gmail.com', 'DRVfsLGOfLDCHKteex');
INSERT INTO ACCOUNTANT (name, email, password) VALUES ('Brian Moran', 'anthonyknight@gmail.com', 'qRYxTwAgaMJzkmFJJSm');
INSERT INTO SYSTEM_ADMINISTRATOR (name, email, password) VALUES ('Brian Moran', 'anthonyknight@gmail.com', 'qRYxTwAgaMJzkmFJJSm');
INSERT INTO ACCOUNTANT (name, email, password) VALUES ('Robert Smith', 'obradford@yahoo.com', 'GmyJbcFqqF');
INSERT INTO SYSTEM_ADMINISTRATOR (name, email, password) VALUES ('Robert Smith', 'obradford@yahoo.com', 'GmyJbcFqqF');
INSERT INTO ACCOUNTANT (name, email, password) VALUES ('Tammy Patterson', 'melissa53@hotmail.com', 'jAUNGTikHbGuRquJCHQ');
INSERT INTO SYSTEM_ADMINISTRATOR (name, email, password) VALUES ('Tammy Patterson', 'melissa53@hotmail.com', 'jAUNGTikHbGuRquJCHQ');
INSERT INTO ACCOUNTANT (name, email, password) VALUES ('Michael Vincent', 'danielmueller@gmail.com', 'AUDFHcFjxXEjf');
INSERT INTO SYSTEM_ADMINISTRATOR (name, email, password) VALUES ('Michael Vincent', 'danielmueller@gmail.com', 'AUDFHcFjxXEjf');
INSERT INTO ACCOUNTANT (name, email, password) VALUES ('Joanne Hoover', 'mgordon@gmail.com', 'DMMOUWdxryFSBpDTPle');
INSERT INTO SYSTEM_ADMINISTRATOR (name, email, password) VALUES ('Joanne Hoover', 'mgordon@gmail.com', 'DMMOUWdxryFSBpDTPle');
INSERT INTO ACCOUNTANT (name, email, password) VALUES ('Jonathan Ryan', 'destinyirwin@yahoo.com', 'HndxRuuXNyWuOb');
INSERT INTO SYSTEM_ADMINISTRATOR (name, email, password) VALUES ('Jonathan Ryan', 'destinyirwin@yahoo.com', 'HndxRuuXNyWuOb');
INSERT INTO ACCOUNTANT (name, email, password) VALUES ('Ryan Jones', 'kathryn96@gmail.com', 'aWxBAXnpMbLTfym');
INSERT INTO SYSTEM_ADMINISTRATOR (name, email, password) VALUES ('Ryan Jones', 'kathryn96@gmail.com', 'aWxBAXnpMbLTfym');
INSERT INTO ACCOUNTANT (name, email, password) VALUES ('Michael Thomas', 'pamela08@yahoo.com', 'YLkWBZcScaVxK');
INSERT INTO SYSTEM_ADMINISTRATOR (name, email, password) VALUES ('Michael Thomas', 'pamela08@yahoo.com', 'YLkWBZcScaVxK');
INSERT INTO ACCOUNTANT (name, email, password) VALUES ('Cindy Salas', 'bakerian@gmail.com', 'VLCJzfsWQDzJlRBpftzW');
INSERT INTO SYSTEM_ADMINISTRATOR (name, email, password) VALUES ('Cindy Salas', 'bakerian@gmail.com', 'VLCJzfsWQDzJlRBpftzW');
INSERT INTO ACCOUNTANT (name, email, password) VALUES ('Nancy Sullivan', 'marthaward@gmail.com', 'eDBYJVuuUFwryYEL');
INSERT INTO SYSTEM_ADMINISTRATOR (name, email, password) VALUES ('Nancy Sullivan', 'marthaward@gmail.com', 'eDBYJVuuUFwryYEL');
INSERT INTO ACCOUNTANT (name, email, password) VALUES ('Jo Montgomery', 'harrisonangela@gmail.com', 'IdGCbmKUsRwJmV');
INSERT INTO SYSTEM_ADMINISTRATOR (name, email, password) VALUES ('Jo Montgomery', 'harrisonangela@gmail.com', 'IdGCbmKUsRwJmV');
INSERT INTO ACCOUNTANT (name, email, password) VALUES ('Emily Harris', 'jennifer25@yahoo.com', 'BbindDPsr');
INSERT INTO SYSTEM_ADMINISTRATOR (name, email, password) VALUES ('Emily Harris', 'jennifer25@yahoo.com', 'BbindDPsr');
INSERT INTO ACCOUNTANT (name, email, password) VALUES ('Angela Morris', 'qallen@gmail.com', 'riPKhYFQHDEoZCUQQknc');
INSERT INTO SYSTEM_ADMINISTRATOR (name, email, password) VALUES ('Angela Morris', 'qallen@gmail.com', 'riPKhYFQHDEoZCUQQknc');
INSERT INTO ACCOUNTANT (name, email, password) VALUES ('Tamara Davila', 'ricardo77@hotmail.com', 'FfGDwQskGRz');
INSERT INTO SYSTEM_ADMINISTRATOR (name, email, password) VALUES ('Tamara Davila', 'ricardo77@hotmail.com', 'FfGDwQskGRz');
INSERT INTO ACCOUNTANT (name, email, password) VALUES ('Robert Blair', 'zacharygarza@gmail.com', 'GSvoYwtuhYnyLLRPoNbR');
INSERT INTO SYSTEM_ADMINISTRATOR (name, email, password) VALUES ('Robert Blair', 'zacharygarza@gmail.com', 'GSvoYwtuhYnyLLRPoNbR');
INSERT INTO ACCOUNTANT (name, email, password) VALUES ('Brittany Richards', 'chavezstephanie@hotmail.com', 'dXOOBomXOePxbbILIfrW');
INSERT INTO SYSTEM_ADMINISTRATOR (name, email, password) VALUES ('Brittany Richards', 'chavezstephanie@hotmail.com', 'dXOOBomXOePxbbILIfrW');
INSERT INTO ACCOUNTANT (name, email, password) VALUES ('Jonathan Warner', 'gmurphy@hotmail.com', 'qvvdgGZuS');
INSERT INTO SYSTEM_ADMINISTRATOR (name, email, password) VALUES ('Jonathan Warner', 'gmurphy@hotmail.com', 'qvvdgGZuS');
INSERT INTO ACCOUNTANT (name, email, password) VALUES ('Amanda Smith', 'cmartinez@hotmail.com', 'wHLHmIXoxsYR');
INSERT INTO SYSTEM_ADMINISTRATOR (name, email, password) VALUES ('Amanda Smith', 'cmartinez@hotmail.com', 'wHLHmIXoxsYR');
INSERT INTO ACCOUNTANT (name, email, password) VALUES ('Heidi Williams', 'jeremycarter@gmail.com', 'XHXdPLBPHTfGGfwJ');
INSERT INTO SYSTEM_ADMINISTRATOR (name, email, password) VALUES ('Heidi Williams', 'jeremycarter@gmail.com', 'XHXdPLBPHTfGGfwJ');
INSERT INTO ACCOUNTANT (name, email, password) VALUES ('Alex Ramirez', 'rsanders@hotmail.com', 'zxFSZjFHRbR');
INSERT INTO SYSTEM_ADMINISTRATOR (name, email, password) VALUES ('Alex Ramirez', 'rsanders@hotmail.com', 'zxFSZjFHRbR');
INSERT INTO ACCOUNTANT (name, email, password) VALUES ('Stacy Aguilar', 'williamsangela@gmail.com', 'lslxItlMfOMJUl');
INSERT INTO SYSTEM_ADMINISTRATOR (name, email, password) VALUES ('Stacy Aguilar', 'williamsangela@gmail.com', 'lslxItlMfOMJUl');
INSERT INTO ACCOUNTANT (name, email, password) VALUES ('Robert Jackson', 'marie86@hotmail.com', 'QWjTZMubjWjcPVLLU');
INSERT INTO SYSTEM_ADMINISTRATOR (name, email, password) VALUES ('Robert Jackson', 'marie86@hotmail.com', 'QWjTZMubjWjcPVLLU');
INSERT INTO ACCOUNTANT (name, email, password) VALUES ('Justin Cobb', 'bradley74@yahoo.com', 'kQXnXLWaUM');
INSERT INTO SYSTEM_ADMINISTRATOR (name, email, password) VALUES ('Justin Cobb', 'bradley74@yahoo.com', 'kQXnXLWaUM');
INSERT INTO ACCOUNTANT (name, email, password) VALUES ('Karen Sawyer', 'spencenancy@gmail.com', 'JpKHvpMvdeFyqN');
INSERT INTO SYSTEM_ADMINISTRATOR (name, email, password) VALUES ('Karen Sawyer', 'spencenancy@gmail.com', 'JpKHvpMvdeFyqN');
INSERT INTO ACCOUNTANT (name, email, password) VALUES ('Christina Wilson', 'kimberlyjones@hotmail.com', 'VvWLyjDxZ');
INSERT INTO SYSTEM_ADMINISTRATOR (name, email, password) VALUES ('Christina Wilson', 'kimberlyjones@hotmail.com', 'VvWLyjDxZ');
INSERT INTO ACCOUNTANT (name, email, password) VALUES ('Natasha Murray', 'andrew92@yahoo.com', 'NKHfvZGZS');
INSERT INTO SYSTEM_ADMINISTRATOR (name, email, password) VALUES ('Natasha Murray', 'andrew92@yahoo.com', 'NKHfvZGZS');
INSERT INTO ACCOUNTANT (name, email, password) VALUES ('Tara Shaffer', 'jamesdiaz@yahoo.com', 'ENofyhPNS');
INSERT INTO SYSTEM_ADMINISTRATOR (name, email, password) VALUES ('Tara Shaffer', 'jamesdiaz@yahoo.com', 'ENofyhPNS');
INSERT INTO ACCOUNTANT (name, email, password) VALUES ('Tracey Martinez', 'peter40@hotmail.com', 'NfeOhlZjGBwqahPfC');
INSERT INTO SYSTEM_ADMINISTRATOR (name, email, password) VALUES ('Tracey Martinez', 'peter40@hotmail.com', 'NfeOhlZjGBwqahPfC');
INSERT INTO ACCOUNTANT (name, email, password) VALUES ('Bradley Mora', 'davisdaniel@hotmail.com', 'TvoOIsRpzgeJYXxeUfbt');
INSERT INTO SYSTEM_ADMINISTRATOR (name, email, password) VALUES ('Bradley Mora', 'davisdaniel@hotmail.com', 'TvoOIsRpzgeJYXxeUfbt');
INSERT INTO ACCOUNTANT (name, email, password) VALUES ('Lisa Beard', 'wcampbell@hotmail.com', 'zGvjlqBkVGsXTVjEA');
INSERT INTO SYSTEM_ADMINISTRATOR (name, email, password) VALUES ('Lisa Beard', 'wcampbell@hotmail.com', 'zGvjlqBkVGsXTVjEA');
INSERT INTO ACCOUNTANT (name, email, password) VALUES ('Lorraine Scott', 'suarezlindsay@yahoo.com', 'gHCvtCJQWGEdlSMfnKaT');
INSERT INTO SYSTEM_ADMINISTRATOR (name, email, password) VALUES ('Lorraine Scott', 'suarezlindsay@yahoo.com', 'gHCvtCJQWGEdlSMfnKaT');
INSERT INTO ACCOUNTANT (name, email, password) VALUES ('Robert Sloan', 'ewells@yahoo.com', 'UuUyaVcopzGQenMQWl');
INSERT INTO SYSTEM_ADMINISTRATOR (name, email, password) VALUES ('Robert Sloan', 'ewells@yahoo.com', 'UuUyaVcopzGQenMQWl');
INSERT INTO ACCOUNTANT (name, email, password) VALUES ('Meredith Rivera', 'rodriguezkimberly@yahoo.com', 'kNkMWNCIRguN');
INSERT INTO SYSTEM_ADMINISTRATOR (name, email, password) VALUES ('Meredith Rivera', 'rodriguezkimberly@yahoo.com', 'kNkMWNCIRguN');
INSERT INTO ACCOUNTANT (name, email, password) VALUES ('Stephanie Johnston', 'kevin37@gmail.com', 'gPvwYnUlrZ');
INSERT INTO SYSTEM_ADMINISTRATOR (name, email, password) VALUES ('Stephanie Johnston', 'kevin37@gmail.com', 'gPvwYnUlrZ');
INSERT INTO ACCOUNTANT (name, email, password) VALUES ('Nicholas Ross', 'lhale@hotmail.com', 'QrgUYLPUTMsag');
INSERT INTO SYSTEM_ADMINISTRATOR (name, email, password) VALUES ('Nicholas Ross', 'lhale@hotmail.com', 'QrgUYLPUTMsag');
INSERT INTO ACCOUNTANT (name, email, password) VALUES ('Ronald Mitchell', 'greenjames@hotmail.com', 'XotMDxWtALphMCRNAIBc');
INSERT INTO SYSTEM_ADMINISTRATOR (name, email, password) VALUES ('Ronald Mitchell', 'greenjames@hotmail.com', 'XotMDxWtALphMCRNAIBc');
INSERT INTO ACCOUNTANT (name, email, password) VALUES ('Tammy Parker', 'whiteelizabeth@yahoo.com', 'EoDdEEjykNLAGur');
INSERT INTO SYSTEM_ADMINISTRATOR (name, email, password) VALUES ('Tammy Parker', 'whiteelizabeth@yahoo.com', 'EoDdEEjykNLAGur');
INSERT INTO ACCOUNTANT (name, email, password) VALUES ('Michael Cherry', 'lawrencematthew@yahoo.com', 'pVgBuVIZrCOtfhuqH');
INSERT INTO SYSTEM_ADMINISTRATOR (name, email, password) VALUES ('Michael Cherry', 'lawrencematthew@yahoo.com', 'pVgBuVIZrCOtfhuqH');
INSERT INTO ACCOUNTANT (name, email, password) VALUES ('Garrett Watson', 'laura62@gmail.com', 'jUYHEubTEWkhp');
INSERT INTO SYSTEM_ADMINISTRATOR (name, email, password) VALUES ('Garrett Watson', 'laura62@gmail.com', 'jUYHEubTEWkhp');
INSERT INTO ACCOUNTANT (name, email, password) VALUES ('Joshua Rodriguez', 'asavage@gmail.com', 'RURzqxRl');
INSERT INTO SYSTEM_ADMINISTRATOR (name, email, password) VALUES ('Joshua Rodriguez', 'asavage@gmail.com', 'RURzqxRl');
INSERT INTO ACCOUNTANT (name, email, password) VALUES ('Darrell Gill', 'mcclainandrew@hotmail.com', 'dDihAlxGBx');
INSERT INTO SYSTEM_ADMINISTRATOR (name, email, password) VALUES ('Darrell Gill', 'mcclainandrew@hotmail.com', 'dDihAlxGBx');
INSERT INTO ACCOUNTANT (name, email, password) VALUES ('Nancy Cordova', 'ninaadams@gmail.com', 'JxBTwsyqKqrRgWY');
INSERT INTO SYSTEM_ADMINISTRATOR (name, email, password) VALUES ('Nancy Cordova', 'ninaadams@gmail.com', 'JxBTwsyqKqrRgWY');
INSERT INTO ACCOUNTANT (name, email, password) VALUES ('Nancy Wilson', 'omoore@gmail.com', 'mnCXAyyNs');
INSERT INTO SYSTEM_ADMINISTRATOR (name, email, password) VALUES ('Nancy Wilson', 'omoore@gmail.com', 'mnCXAyyNs');
INSERT INTO ACCOUNTANT (name, email, password) VALUES ('Derek Perkins', 'vchapman@gmail.com', 'wViHcEcXHRktkWFX');
INSERT INTO SYSTEM_ADMINISTRATOR (name, email, password) VALUES ('Derek Perkins', 'vchapman@gmail.com', 'wViHcEcXHRktkWFX');
INSERT INTO ACCOUNTANT (name, email, password) VALUES ('Ian Murphy', 'christina20@gmail.com', 'TchDadfarPkkRAntlb');
INSERT INTO SYSTEM_ADMINISTRATOR (name, email, password) VALUES ('Ian Murphy', 'christina20@gmail.com', 'TchDadfarPkkRAntlb');
INSERT INTO ACCOUNTANT (name, email, password) VALUES ('Erika Salazar', 'jennifer63@hotmail.com', 'LdgQZOgwMzaluirRe');
INSERT INTO SYSTEM_ADMINISTRATOR (name, email, password) VALUES ('Erika Salazar', 'jennifer63@hotmail.com', 'LdgQZOgwMzaluirRe');
INSERT INTO ACCOUNTANT (name, email, password) VALUES ('Tammy Frazier', 'ryanrobert@gmail.com', 'ZPXlXZNKtIptrQPyj');
INSERT INTO SYSTEM_ADMINISTRATOR (name, email, password) VALUES ('Tammy Frazier', 'ryanrobert@gmail.com', 'ZPXlXZNKtIptrQPyj');
INSERT INTO ACCOUNTANT (name, email, password) VALUES ('Michelle Stevens', 'linda12@gmail.com', 'BfLnPiyMZnbK');
INSERT INTO SYSTEM_ADMINISTRATOR (name, email, password) VALUES ('Michelle Stevens', 'linda12@gmail.com', 'BfLnPiyMZnbK');
INSERT INTO ACCOUNTANT (name, email, password) VALUES ('Gail Wright', 'mccartyleslie@hotmail.com', 'XdkyHzawyfQXgqQONUU');
INSERT INTO SYSTEM_ADMINISTRATOR (name, email, password) VALUES ('Gail Wright', 'mccartyleslie@hotmail.com', 'XdkyHzawyfQXgqQONUU');
INSERT INTO ACCOUNTANT (name, email, password) VALUES ('Timothy Zhang', 'leslie28@gmail.com', 'BueBEwYtRWy');
INSERT INTO SYSTEM_ADMINISTRATOR (name, email, password) VALUES ('Timothy Zhang', 'leslie28@gmail.com', 'BueBEwYtRWy');
INSERT INTO ACCOUNTANT (name, email, password) VALUES ('Sara Mills', 'valentinetravis@hotmail.com', 'tGgltOWLtCWBzykFPsA');
INSERT INTO SYSTEM_ADMINISTRATOR (name, email, password) VALUES ('Sara Mills', 'valentinetravis@hotmail.com', 'tGgltOWLtCWBzykFPsA');
INSERT INTO ACCOUNTANT (name, email, password) VALUES ('Patricia Blair', 'millermary@yahoo.com', 'fOgMLqiGfLsJnjBuq');
INSERT INTO SYSTEM_ADMINISTRATOR (name, email, password) VALUES ('Patricia Blair', 'millermary@yahoo.com', 'fOgMLqiGfLsJnjBuq');
INSERT INTO ACCOUNTANT (name, email, password) VALUES ('Cameron Spears', 'qhughes@yahoo.com', 'aCZcXvuvlsho');
INSERT INTO SYSTEM_ADMINISTRATOR (name, email, password) VALUES ('Cameron Spears', 'qhughes@yahoo.com', 'aCZcXvuvlsho');
INSERT INTO ACCOUNTANT (name, email, password) VALUES ('Matthew Cervantes', 'kimberly61@yahoo.com', 'IuaNPgTRWiwb');
INSERT INTO SYSTEM_ADMINISTRATOR (name, email, password) VALUES ('Matthew Cervantes', 'kimberly61@yahoo.com', 'IuaNPgTRWiwb');
INSERT INTO ACCOUNTANT (name, email, password) VALUES ('Sandra Clark', 'laurasmith@yahoo.com', 'wYYgJMvKWlSEMzWyl');
INSERT INTO SYSTEM_ADMINISTRATOR (name, email, password) VALUES ('Sandra Clark', 'laurasmith@yahoo.com', 'wYYgJMvKWlSEMzWyl');
INSERT INTO ACCOUNTANT (name, email, password) VALUES ('Marilyn Mahoney', 'christianwilliams@yahoo.com', 'quGRUDNpOsxvX');
INSERT INTO SYSTEM_ADMINISTRATOR (name, email, password) VALUES ('Marilyn Mahoney', 'christianwilliams@yahoo.com', 'quGRUDNpOsxvX');
INSERT INTO ACCOUNTANT (name, email, password) VALUES ('Angelica Guzman', 'brownjessica@gmail.com', 'qbuBefCmAhtQfyMREyKR');
INSERT INTO SYSTEM_ADMINISTRATOR (name, email, password) VALUES ('Angelica Guzman', 'brownjessica@gmail.com', 'qbuBefCmAhtQfyMREyKR');
INSERT INTO ACCOUNTANT (name, email, password) VALUES ('Matthew Turner', 'rodneypatterson@hotmail.com', 'vWvnmYTvc');
INSERT INTO SYSTEM_ADMINISTRATOR (name, email, password) VALUES ('Matthew Turner', 'rodneypatterson@hotmail.com', 'vWvnmYTvc');
INSERT INTO ACCOUNTANT (name, email, password) VALUES ('Scott Newman', 'fcabrera@yahoo.com', 'irngfkFkUFJkgq');
INSERT INTO SYSTEM_ADMINISTRATOR (name, email, password) VALUES ('Scott Newman', 'fcabrera@yahoo.com', 'irngfkFkUFJkgq');
INSERT INTO ACCOUNTANT (name, email, password) VALUES ('Mrs. Samantha Oliver', 'fstewart@yahoo.com', 'yIfLmGOSfrjbKApJxojA');
INSERT INTO SYSTEM_ADMINISTRATOR (name, email, password) VALUES ('Mrs. Samantha Oliver', 'fstewart@yahoo.com', 'yIfLmGOSfrjbKApJxojA');
INSERT INTO ACCOUNTANT (name, email, password) VALUES ('Justin Miller', 'theresawallace@gmail.com', 'hVzJlzcz');
INSERT INTO SYSTEM_ADMINISTRATOR (name, email, password) VALUES ('Justin Miller', 'theresawallace@gmail.com', 'hVzJlzcz');
INSERT INTO ACCOUNTANT (name, email, password) VALUES ('Edward Reeves', 'davidstark@gmail.com', 'iEMNdNCjTjjUaQN');
INSERT INTO SYSTEM_ADMINISTRATOR (name, email, password) VALUES ('Edward Reeves', 'davidstark@gmail.com', 'iEMNdNCjTjjUaQN');
INSERT INTO ACCOUNTANT (name, email, password) VALUES ('Michelle Simmons', 'ahorton@gmail.com', 'qCPadAIbKdltXo');
INSERT INTO SYSTEM_ADMINISTRATOR (name, email, password) VALUES ('Michelle Simmons', 'ahorton@gmail.com', 'qCPadAIbKdltXo');
INSERT INTO ACCOUNTANT (name, email, password) VALUES ('Susan Rivera', 'landrysheri@hotmail.com', 'TdLvGmCFjLYbRfzEd');
INSERT INTO SYSTEM_ADMINISTRATOR (name, email, password) VALUES ('Susan Rivera', 'landrysheri@hotmail.com', 'TdLvGmCFjLYbRfzEd');
INSERT INTO ACCOUNTANT (name, email, password) VALUES ('Angela Kelley', 'meverett@gmail.com', 'xtaHkuviFNsOy');
INSERT INTO SYSTEM_ADMINISTRATOR (name, email, password) VALUES ('Angela Kelley', 'meverett@gmail.com', 'xtaHkuviFNsOy');
INSERT INTO ACCOUNTANT (name, email, password) VALUES ('Sharon Newman', 'monica28@gmail.com', 'HHcsEsaJgeoSmCKNvLGm');
INSERT INTO SYSTEM_ADMINISTRATOR (name, email, password) VALUES ('Sharon Newman', 'monica28@gmail.com', 'HHcsEsaJgeoSmCKNvLGm');
INSERT INTO ACCOUNTANT (name, email, password) VALUES ('David Ingram', 'susan26@gmail.com', 'xrYBNhNcuq');
INSERT INTO SYSTEM_ADMINISTRATOR (name, email, password) VALUES ('David Ingram', 'susan26@gmail.com', 'xrYBNhNcuq');
INSERT INTO ACCOUNTANT (name, email, password) VALUES ('Wayne Ingram', 'romerojasmine@yahoo.com', 'EjEKTqUd');
INSERT INTO SYSTEM_ADMINISTRATOR (name, email, password) VALUES ('Wayne Ingram', 'romerojasmine@yahoo.com', 'EjEKTqUd');
INSERT INTO ACCOUNTANT (name, email, password) VALUES ('Ms. Tammy Davis', 'melissahansen@hotmail.com', 'YDUgxYGpDaZm');
INSERT INTO SYSTEM_ADMINISTRATOR (name, email, password) VALUES ('Ms. Tammy Davis', 'melissahansen@hotmail.com', 'YDUgxYGpDaZm');
INSERT INTO ACCOUNTANT (name, email, password) VALUES ('Tony Martinez', 'rubiosara@gmail.com', 'ePNNzQDBBARw');
INSERT INTO SYSTEM_ADMINISTRATOR (name, email, password) VALUES ('Tony Martinez', 'rubiosara@gmail.com', 'ePNNzQDBBARw');
INSERT INTO ACCOUNTANT (name, email, password) VALUES ('Melissa Hernandez', 'oharris@hotmail.com', 'dOhLcAqufGfrsZq');
INSERT INTO SYSTEM_ADMINISTRATOR (name, email, password) VALUES ('Melissa Hernandez', 'oharris@hotmail.com', 'dOhLcAqufGfrsZq');
INSERT INTO ACCOUNTANT (name, email, password) VALUES ('Suzanne West', 'wwilliams@hotmail.com', 'NnPJdMlWpoKmURQe');
INSERT INTO SYSTEM_ADMINISTRATOR (name, email, password) VALUES ('Suzanne West', 'wwilliams@hotmail.com', 'NnPJdMlWpoKmURQe');
INSERT INTO ACCOUNTANT (name, email, password) VALUES ('Kristina Davis', 'tina35@yahoo.com', 'lfllXPgKPAK');
INSERT INTO SYSTEM_ADMINISTRATOR (name, email, password) VALUES ('Kristina Davis', 'tina35@yahoo.com', 'lfllXPgKPAK');
INSERT INTO ACCOUNTANT (name, email, password) VALUES ('Andrew Moore', 'jeremycook@yahoo.com', 'dsBqNfYozA');
INSERT INTO SYSTEM_ADMINISTRATOR (name, email, password) VALUES ('Andrew Moore', 'jeremycook@yahoo.com', 'dsBqNfYozA');
INSERT INTO ACCOUNTANT (name, email, password) VALUES ('Monique Barber', 'westaaron@yahoo.com', 'eFDgoyLexVIibDjwE');
INSERT INTO SYSTEM_ADMINISTRATOR (name, email, password) VALUES ('Monique Barber', 'westaaron@yahoo.com', 'eFDgoyLexVIibDjwE');
INSERT INTO ACCOUNTANT (name, email, password) VALUES ('Kathleen Floyd', 'timothy17@gmail.com', 'ePvALCJDBvPKGqCJn');
INSERT INTO SYSTEM_ADMINISTRATOR (name, email, password) VALUES ('Kathleen Floyd', 'timothy17@gmail.com', 'ePvALCJDBvPKGqCJn');
INSERT INTO ACCOUNTANT (name, email, password) VALUES ('Kristen Jenkins', 'jared47@hotmail.com', 'SZxhpvcMmVrfalSMTlpl');
INSERT INTO SYSTEM_ADMINISTRATOR (name, email, password) VALUES ('Kristen Jenkins', 'jared47@hotmail.com', 'SZxhpvcMmVrfalSMTlpl');
INSERT INTO ACCOUNTANT (name, email, password) VALUES ('Stephanie Williams', 'rachel95@yahoo.com', 'EiJYLIzyfgrLAPEeuMR');
INSERT INTO SYSTEM_ADMINISTRATOR (name, email, password) VALUES ('Stephanie Williams', 'rachel95@yahoo.com', 'EiJYLIzyfgrLAPEeuMR');
INSERT INTO ACCOUNTANT (name, email, password) VALUES ('Richard Rivera', 'brownlindsey@gmail.com', 'xMHxDzOSnq');
INSERT INTO SYSTEM_ADMINISTRATOR (name, email, password) VALUES ('Richard Rivera', 'brownlindsey@gmail.com', 'xMHxDzOSnq');
INSERT INTO ACCOUNTANT (name, email, password) VALUES ('Brandon Owens', 'cbailey@hotmail.com', 'WUJxXwauLlhmfQYe');
INSERT INTO SYSTEM_ADMINISTRATOR (name, email, password) VALUES ('Brandon Owens', 'cbailey@hotmail.com', 'WUJxXwauLlhmfQYe');
INSERT INTO ACCOUNTANT (name, email, password) VALUES ('Nicholas Underwood', 'christinakrueger@hotmail.com', 'cuuIMnXLkwShor');
INSERT INTO SYSTEM_ADMINISTRATOR (name, email, password) VALUES ('Nicholas Underwood', 'christinakrueger@hotmail.com', 'cuuIMnXLkwShor');
INSERT INTO ACCOUNTANT (name, email, password) VALUES ('Seth Davis', 'norma04@yahoo.com', 'LzUrToRGMPWSWu');
INSERT INTO SYSTEM_ADMINISTRATOR (name, email, password) VALUES ('Seth Davis', 'norma04@yahoo.com', 'LzUrToRGMPWSWu');
INSERT INTO ACCOUNTANT (name, email, password) VALUES ('Lori Carter', 'conneralexa@yahoo.com', 'yvrYZzXPql');
INSERT INTO SYSTEM_ADMINISTRATOR (name, email, password) VALUES ('Lori Carter', 'conneralexa@yahoo.com', 'yvrYZzXPql');
INSERT INTO ACCOUNTANT (name, email, password) VALUES ('Ronald Rose', 'yyang@gmail.com', 'hwPpMMzuY');
INSERT INTO SYSTEM_ADMINISTRATOR (name, email, password) VALUES ('Ronald Rose', 'yyang@gmail.com', 'hwPpMMzuY');
INSERT INTO ACCOUNTANT (name, email, password) VALUES ('Alexis Cox', 'ajones@hotmail.com', 'cNhEZgLWprhp');
INSERT INTO SYSTEM_ADMINISTRATOR (name, email, password) VALUES ('Alexis Cox', 'ajones@hotmail.com', 'cNhEZgLWprhp');
INSERT INTO ACCOUNTANT (name, email, password) VALUES ('Christopher Johnson', 'rachael65@gmail.com', 'eNbAavnLZif');
INSERT INTO SYSTEM_ADMINISTRATOR (name, email, password) VALUES ('Christopher Johnson', 'rachael65@gmail.com', 'eNbAavnLZif');
INSERT INTO ACCOUNTANT (name, email, password) VALUES ('Jeremy Compton', 'dsingh@yahoo.com', 'MOUgRwQVXsRYq');
INSERT INTO SYSTEM_ADMINISTRATOR (name, email, password) VALUES ('Jeremy Compton', 'dsingh@yahoo.com', 'MOUgRwQVXsRYq');
INSERT INTO ACCOUNTANT (name, email, password) VALUES ('Greg Hamilton', 'melanie77@hotmail.com', 'gGCmTvlqr');
INSERT INTO SYSTEM_ADMINISTRATOR (name, email, password) VALUES ('Greg Hamilton', 'melanie77@hotmail.com', 'gGCmTvlqr');
INSERT INTO ACCOUNTANT (name, email, password) VALUES ('Jackson Gonzalez', 'chase30@yahoo.com', 'sbewuzOtLSqCwwwH');
INSERT INTO SYSTEM_ADMINISTRATOR (name, email, password) VALUES ('Jackson Gonzalez', 'chase30@yahoo.com', 'sbewuzOtLSqCwwwH');
INSERT INTO ACCOUNTANT (name, email, password) VALUES ('Carol Nelson', 'tabitha21@yahoo.com', 'eYqUAnkhZdTbSPTAj');
INSERT INTO SYSTEM_ADMINISTRATOR (name, email, password) VALUES ('Carol Nelson', 'tabitha21@yahoo.com', 'eYqUAnkhZdTbSPTAj');
INSERT INTO ACCOUNTANT (name, email, password) VALUES ('Amy Norman', 'cruzdaniel@hotmail.com', 'PzJhMMCieG');
INSERT INTO SYSTEM_ADMINISTRATOR (name, email, password) VALUES ('Amy Norman', 'cruzdaniel@hotmail.com', 'PzJhMMCieG');
INSERT INTO ACCOUNTANT (name, email, password) VALUES ('Kimberly Wilson', 'milleranthony@hotmail.com', 'wPhfjhCOQDEOcZFSaLd');
INSERT INTO SYSTEM_ADMINISTRATOR (name, email, password) VALUES ('Kimberly Wilson', 'milleranthony@hotmail.com', 'wPhfjhCOQDEOcZFSaLd');
INSERT INTO ACCOUNTANT (name, email, password) VALUES ('Ronald Bryant', 'bellshannon@hotmail.com', 'fssVIcRAszfnWb');
INSERT INTO SYSTEM_ADMINISTRATOR (name, email, password) VALUES ('Ronald Bryant', 'bellshannon@hotmail.com', 'fssVIcRAszfnWb');
INSERT INTO ACCOUNTANT (name, email, password) VALUES ('Erika Thompson', 'iweber@hotmail.com', 'zRGvYpZdIDRWS');
INSERT INTO SYSTEM_ADMINISTRATOR (name, email, password) VALUES ('Erika Thompson', 'iweber@hotmail.com', 'zRGvYpZdIDRWS');
INSERT INTO ACCOUNTANT (name, email, password) VALUES ('Adam Bowen', 'williamszoe@yahoo.com', 'kCnGFFUMYlIgvSfJ');
INSERT INTO SYSTEM_ADMINISTRATOR (name, email, password) VALUES ('Adam Bowen', 'williamszoe@yahoo.com', 'kCnGFFUMYlIgvSfJ');
INSERT INTO ACCOUNTANT (name, email, password) VALUES ('Cheryl Miller', 'larryramirez@gmail.com', 'TVyDvLlRCFbNDmz');
INSERT INTO SYSTEM_ADMINISTRATOR (name, email, password) VALUES ('Cheryl Miller', 'larryramirez@gmail.com', 'TVyDvLlRCFbNDmz');
INSERT INTO ACCOUNTANT (name, email, password) VALUES ('Eric Pena', 'brianalvarado@yahoo.com', 'vluSxAzaKxNCBoSho');
INSERT INTO SYSTEM_ADMINISTRATOR (name, email, password) VALUES ('Eric Pena', 'brianalvarado@yahoo.com', 'vluSxAzaKxNCBoSho');
INSERT INTO ACCOUNTANT (name, email, password) VALUES ('Steven Garcia', 'kgarza@yahoo.com', 'qVBgTLbBEGVUmCyGzYa');
INSERT INTO SYSTEM_ADMINISTRATOR (name, email, password) VALUES ('Steven Garcia', 'kgarza@yahoo.com', 'qVBgTLbBEGVUmCyGzYa');
INSERT INTO ACCOUNTANT (name, email, password) VALUES ('Travis Johnson', 'rjenkins@hotmail.com', 'AfKDEYRCFgfbIGE');
INSERT INTO SYSTEM_ADMINISTRATOR (name, email, password) VALUES ('Travis Johnson', 'rjenkins@hotmail.com', 'AfKDEYRCFgfbIGE');
INSERT INTO ACCOUNTANT (name, email, password) VALUES ('Justin Stafford', 'elizabeth87@hotmail.com', 'owfnkPfEifCRCHdqx');
INSERT INTO SYSTEM_ADMINISTRATOR (name, email, password) VALUES ('Justin Stafford', 'elizabeth87@hotmail.com', 'owfnkPfEifCRCHdqx');
INSERT INTO ACCOUNTANT (name, email, password) VALUES ('Sarah Casey', 'ewilson@hotmail.com', 'LAGxYzqyzNNKkVrqt');
INSERT INTO SYSTEM_ADMINISTRATOR (name, email, password) VALUES ('Sarah Casey', 'ewilson@hotmail.com', 'LAGxYzqyzNNKkVrqt');
INSERT INTO ACCOUNTANT (name, email, password) VALUES ('Justin Franklin', 'melissa25@yahoo.com', 'QdHxUZPvad');
INSERT INTO SYSTEM_ADMINISTRATOR (name, email, password) VALUES ('Justin Franklin', 'melissa25@yahoo.com', 'QdHxUZPvad');
INSERT INTO ACCOUNTANT (name, email, password) VALUES ('Sandra Cox', 'danielsamanda@gmail.com', 'iMIAGWlCXNmapHm');
INSERT INTO SYSTEM_ADMINISTRATOR (name, email, password) VALUES ('Sandra Cox', 'danielsamanda@gmail.com', 'iMIAGWlCXNmapHm');
INSERT INTO ACCOUNTANT (name, email, password) VALUES ('Valerie Saunders', 'hcarpenter@yahoo.com', 'EIypKzEWhPZuaqU');
INSERT INTO SYSTEM_ADMINISTRATOR (name, email, password) VALUES ('Valerie Saunders', 'hcarpenter@yahoo.com', 'EIypKzEWhPZuaqU');
INSERT INTO ACCOUNTANT (name, email, password) VALUES ('Shelly Stone', 'bbarrera@gmail.com', 'SgPkFAywtHqtQuv');
INSERT INTO SYSTEM_ADMINISTRATOR (name, email, password) VALUES ('Shelly Stone', 'bbarrera@gmail.com', 'SgPkFAywtHqtQuv');
INSERT INTO ACCOUNTANT (name, email, password) VALUES ('Ricky Collins', 'pollardjeffery@gmail.com', 'uamkBCUbT');
INSERT INTO SYSTEM_ADMINISTRATOR (name, email, password) VALUES ('Ricky Collins', 'pollardjeffery@gmail.com', 'uamkBCUbT');
INSERT INTO ACCOUNTANT (name, email, password) VALUES ('Alicia Wright', 'david08@hotmail.com', 'QZUnluslv');
INSERT INTO SYSTEM_ADMINISTRATOR (name, email, password) VALUES ('Alicia Wright', 'david08@hotmail.com', 'QZUnluslv');
INSERT INTO ACCOUNTANT (name, email, password) VALUES ('Alexis Chavez', 'richardgriffin@yahoo.com', 'IuaGDErFUIfUSnAIsN');
INSERT INTO SYSTEM_ADMINISTRATOR (name, email, password) VALUES ('Alexis Chavez', 'richardgriffin@yahoo.com', 'IuaGDErFUIfUSnAIsN');
INSERT INTO ACCOUNTANT (name, email, password) VALUES ('Rachel Davis', 'dclarke@yahoo.com', 'DhRrNADqoTjEmgpz');
INSERT INTO SYSTEM_ADMINISTRATOR (name, email, password) VALUES ('Rachel Davis', 'dclarke@yahoo.com', 'DhRrNADqoTjEmgpz');
INSERT INTO ACCOUNTANT (name, email, password) VALUES ('Brian Terry', 'julie31@yahoo.com', 'EuPTBXnjzJsdnch');
INSERT INTO SYSTEM_ADMINISTRATOR (name, email, password) VALUES ('Brian Terry', 'julie31@yahoo.com', 'EuPTBXnjzJsdnch');
INSERT INTO ACCOUNTANT (name, email, password) VALUES ('Michael Roberts', 'jjohnson@gmail.com', 'yeVxtsPYegKIE');
INSERT INTO SYSTEM_ADMINISTRATOR (name, email, password) VALUES ('Michael Roberts', 'jjohnson@gmail.com', 'yeVxtsPYegKIE');
INSERT INTO ACCOUNTANT (name, email, password) VALUES ('Scott Spencer', 'opotter@hotmail.com', 'lyqZpaANo');
INSERT INTO SYSTEM_ADMINISTRATOR (name, email, password) VALUES ('Scott Spencer', 'opotter@hotmail.com', 'lyqZpaANo');
INSERT INTO ACCOUNTANT (name, email, password) VALUES ('Katelyn Davis', 'stephanie86@gmail.com', 'CIlUlYbEXO');
INSERT INTO SYSTEM_ADMINISTRATOR (name, email, password) VALUES ('Katelyn Davis', 'stephanie86@gmail.com', 'CIlUlYbEXO');
INSERT INTO ACCOUNTANT (name, email, password) VALUES ('Pamela Davis', 'carnold@hotmail.com', 'aMJZGFXExaLwB');
INSERT INTO SYSTEM_ADMINISTRATOR (name, email, password) VALUES ('Pamela Davis', 'carnold@hotmail.com', 'aMJZGFXExaLwB');
INSERT INTO ACCOUNTANT (name, email, password) VALUES ('Kathryn Gilbert', 'jonesheidi@hotmail.com', 'ESAZBJnARRieYoG');
INSERT INTO SYSTEM_ADMINISTRATOR (name, email, password) VALUES ('Kathryn Gilbert', 'jonesheidi@hotmail.com', 'ESAZBJnARRieYoG');
INSERT INTO ACCOUNTANT (name, email, password) VALUES ('Kristina Rosario', 'duncandavid@yahoo.com', 'VrJuzzGxsQoMTSh');
INSERT INTO SYSTEM_ADMINISTRATOR (name, email, password) VALUES ('Kristina Rosario', 'duncandavid@yahoo.com', 'VrJuzzGxsQoMTSh');
INSERT INTO ACCOUNTANT (name, email, password) VALUES ('Elizabeth Medina', 'kramerjohn@hotmail.com', 'VaQqrrzXcjkuKpPgrY');
INSERT INTO SYSTEM_ADMINISTRATOR (name, email, password) VALUES ('Elizabeth Medina', 'kramerjohn@hotmail.com', 'VaQqrrzXcjkuKpPgrY');
INSERT INTO ACCOUNTANT (name, email, password) VALUES ('Michael Francis', 'kennethbishop@hotmail.com', 'STGQhUDYYedrEkAfFDS');
INSERT INTO SYSTEM_ADMINISTRATOR (name, email, password) VALUES ('Michael Francis', 'kennethbishop@hotmail.com', 'STGQhUDYYedrEkAfFDS');
INSERT INTO ACCOUNTANT (name, email, password) VALUES ('Adam Long', 'sara13@hotmail.com', 'tESDjqaVfPsSwQPuXuxs');
INSERT INTO SYSTEM_ADMINISTRATOR (name, email, password) VALUES ('Adam Long', 'sara13@hotmail.com', 'tESDjqaVfPsSwQPuXuxs');
INSERT INTO ACCOUNTANT (name, email, password) VALUES ('Stanley Jones', 'laura11@hotmail.com', 'NtfABSxCpHm');
INSERT INTO SYSTEM_ADMINISTRATOR (name, email, password) VALUES ('Stanley Jones', 'laura11@hotmail.com', 'NtfABSxCpHm');
INSERT INTO ACCOUNTANT (name, email, password) VALUES ('Lindsey Green', 'brooke99@gmail.com', 'dJlDJBIMSKWjbEdTsI');
INSERT INTO SYSTEM_ADMINISTRATOR (name, email, password) VALUES ('Lindsey Green', 'brooke99@gmail.com', 'dJlDJBIMSKWjbEdTsI');
INSERT INTO ACCOUNTANT (name, email, password) VALUES ('Monica Garcia', 'howardcody@yahoo.com', 'WeUsfTBvV');
INSERT INTO SYSTEM_ADMINISTRATOR (name, email, password) VALUES ('Monica Garcia', 'howardcody@yahoo.com', 'WeUsfTBvV');
INSERT INTO ACCOUNTANT (name, email, password) VALUES ('Patrick Barr Jr.', 'jerry23@gmail.com', 'EXuVtEVqWOpCUVFQw');
INSERT INTO SYSTEM_ADMINISTRATOR (name, email, password) VALUES ('Patrick Barr Jr.', 'jerry23@gmail.com', 'EXuVtEVqWOpCUVFQw');
INSERT INTO ACCOUNTANT (name, email, password) VALUES ('Dr. Sharon Walker', 'stephen99@hotmail.com', 'IpIAOzwGTbPVUPKa');
INSERT INTO SYSTEM_ADMINISTRATOR (name, email, password) VALUES ('Dr. Sharon Walker', 'stephen99@hotmail.com', 'IpIAOzwGTbPVUPKa');
INSERT INTO ACCOUNTANT (name, email, password) VALUES ('Mark Elliott', 'williamswilliam@yahoo.com', 'bRAVWrOSijWiE');
INSERT INTO SYSTEM_ADMINISTRATOR (name, email, password) VALUES ('Mark Elliott', 'williamswilliam@yahoo.com', 'bRAVWrOSijWiE');
INSERT INTO ACCOUNTANT (name, email, password) VALUES ('Candice Johnson', 'mark42@yahoo.com', 'kTpIDqUfgAVL');
INSERT INTO SYSTEM_ADMINISTRATOR (name, email, password) VALUES ('Candice Johnson', 'mark42@yahoo.com', 'kTpIDqUfgAVL');
INSERT INTO ACCOUNTANT (name, email, password) VALUES ('Matthew Singh', 'ljones@hotmail.com', 'bkpzZmuuS');
INSERT INTO SYSTEM_ADMINISTRATOR (name, email, password) VALUES ('Matthew Singh', 'ljones@hotmail.com', 'bkpzZmuuS');
INSERT INTO ACCOUNTANT (name, email, password) VALUES ('Jacqueline Carey', 'michael84@yahoo.com', 'VFbEpBqXNsPAbMnp');
INSERT INTO SYSTEM_ADMINISTRATOR (name, email, password) VALUES ('Jacqueline Carey', 'michael84@yahoo.com', 'VFbEpBqXNsPAbMnp');
INSERT INTO ACCOUNTANT (name, email, password) VALUES ('James Nelson', 'patricia34@yahoo.com', 'oXJGLPIhgy');
INSERT INTO SYSTEM_ADMINISTRATOR (name, email, password) VALUES ('James Nelson', 'patricia34@yahoo.com', 'oXJGLPIhgy');
INSERT INTO ACCOUNTANT (name, email, password) VALUES ('Ryan Pena', 'yrogers@hotmail.com', 'CAAOwbznKoONYaXFl');
INSERT INTO SYSTEM_ADMINISTRATOR (name, email, password) VALUES ('Ryan Pena', 'yrogers@hotmail.com', 'CAAOwbznKoONYaXFl');
INSERT INTO ACCOUNTANT (name, email, password) VALUES ('Elizabeth Smith', 'brittany76@gmail.com', 'zZOCbpUCgipxamBmLlxv');
INSERT INTO SYSTEM_ADMINISTRATOR (name, email, password) VALUES ('Elizabeth Smith', 'brittany76@gmail.com', 'zZOCbpUCgipxamBmLlxv');
INSERT INTO ACCOUNTANT (name, email, password) VALUES ('Joseph Guerrero', 'zburgess@hotmail.com', 'dghctALIIcKONugziYxG');
INSERT INTO SYSTEM_ADMINISTRATOR (name, email, password) VALUES ('Joseph Guerrero', 'zburgess@hotmail.com', 'dghctALIIcKONugziYxG');
INSERT INTO ACCOUNTANT (name, email, password) VALUES ('Alyssa Gilmore', 'santanajustin@yahoo.com', 'epTiLqAidl');
INSERT INTO SYSTEM_ADMINISTRATOR (name, email, password) VALUES ('Alyssa Gilmore', 'santanajustin@yahoo.com', 'epTiLqAidl');
INSERT INTO ACCOUNTANT (name, email, password) VALUES ('Kayla Martin', 'jamie97@yahoo.com', 'fwwwfPPWSUpCUkicO');
INSERT INTO SYSTEM_ADMINISTRATOR (name, email, password) VALUES ('Kayla Martin', 'jamie97@yahoo.com', 'fwwwfPPWSUpCUkicO');
INSERT INTO ACCOUNTANT (name, email, password) VALUES ('Linda Caldwell', 'harmonashley@gmail.com', 'UlAXFuwbEXcVFR');
INSERT INTO SYSTEM_ADMINISTRATOR (name, email, password) VALUES ('Linda Caldwell', 'harmonashley@gmail.com', 'UlAXFuwbEXcVFR');
INSERT INTO ACCOUNTANT (name, email, password) VALUES ('Linda Vargas', 'daviscory@yahoo.com', 'PtahMdpHGleq');
INSERT INTO SYSTEM_ADMINISTRATOR (name, email, password) VALUES ('Linda Vargas', 'daviscory@yahoo.com', 'PtahMdpHGleq');
INSERT INTO ACCOUNTANT (name, email, password) VALUES ('Robert Brown', 'richard50@yahoo.com', 'xJDuDCThhainkAXVqVP');
INSERT INTO SYSTEM_ADMINISTRATOR (name, email, password) VALUES ('Robert Brown', 'richard50@yahoo.com', 'xJDuDCThhainkAXVqVP');
INSERT INTO ACCOUNTANT (name, email, password) VALUES ('Maria Thomas', 'ywade@yahoo.com', 'TRlDwRPZNUSFf');
INSERT INTO SYSTEM_ADMINISTRATOR (name, email, password) VALUES ('Maria Thomas', 'ywade@yahoo.com', 'TRlDwRPZNUSFf');
INSERT INTO ACCOUNTANT (name, email, password) VALUES ('Thomas Thomas', 'williammartin@yahoo.com', 'YSubywzyzBpcrpRNtn');
INSERT INTO SYSTEM_ADMINISTRATOR (name, email, password) VALUES ('Thomas Thomas', 'williammartin@yahoo.com', 'YSubywzyzBpcrpRNtn');
INSERT INTO ACCOUNTANT (name, email, password) VALUES ('Diamond Coleman', 'lisa94@hotmail.com', 'dFDOHTZJlnUPBP');
INSERT INTO SYSTEM_ADMINISTRATOR (name, email, password) VALUES ('Diamond Coleman', 'lisa94@hotmail.com', 'dFDOHTZJlnUPBP');
INSERT INTO ACCOUNTANT (name, email, password) VALUES ('Douglas Thomas', 'nancy22@yahoo.com', 'ntdNhfdHTfKZchdSoGEo');
INSERT INTO SYSTEM_ADMINISTRATOR (name, email, password) VALUES ('Douglas Thomas', 'nancy22@yahoo.com', 'ntdNhfdHTfKZchdSoGEo');
INSERT INTO ACCOUNTANT (name, email, password) VALUES ('Michelle Donovan', 'pmartinez@hotmail.com', 'ikRrgWUluKrPcheK');
INSERT INTO SYSTEM_ADMINISTRATOR (name, email, password) VALUES ('Michelle Donovan', 'pmartinez@hotmail.com', 'ikRrgWUluKrPcheK');
INSERT INTO ACCOUNTANT (name, email, password) VALUES ('Arthur Ingram', 'cparker@yahoo.com', 'oqGuuAFoTRBJTDcCBn');
INSERT INTO SYSTEM_ADMINISTRATOR (name, email, password) VALUES ('Arthur Ingram', 'cparker@yahoo.com', 'oqGuuAFoTRBJTDcCBn');
INSERT INTO ACCOUNTANT (name, email, password) VALUES ('Richard Wang', 'lindajones@hotmail.com', 'hyoBBnta');
INSERT INTO SYSTEM_ADMINISTRATOR (name, email, password) VALUES ('Richard Wang', 'lindajones@hotmail.com', 'hyoBBnta');
INSERT INTO ACCOUNTANT (name, email, password) VALUES ('Jacob Hernandez', 'lambertjustin@hotmail.com', 'rThcUbIeFoUID');
INSERT INTO SYSTEM_ADMINISTRATOR (name, email, password) VALUES ('Jacob Hernandez', 'lambertjustin@hotmail.com', 'rThcUbIeFoUID');
INSERT INTO ACCOUNTANT (name, email, password) VALUES ('Kenneth Davis', 'obrown@yahoo.com', 'PMpDHzeHqldzwWDp');
INSERT INTO SYSTEM_ADMINISTRATOR (name, email, password) VALUES ('Kenneth Davis', 'obrown@yahoo.com', 'PMpDHzeHqldzwWDp');
INSERT INTO ACCOUNTANT (name, email, password) VALUES ('Sarah Mcgrath', 'briannacampbell@gmail.com', 'CjjwiOfffkEg');
INSERT INTO SYSTEM_ADMINISTRATOR (name, email, password) VALUES ('Sarah Mcgrath', 'briannacampbell@gmail.com', 'CjjwiOfffkEg');
INSERT INTO ACCOUNTANT (name, email, password) VALUES ('Dawn Douglas', 'murphyelizabeth@gmail.com', 'fDCItmklOeVQrtWuwqZ');
INSERT INTO SYSTEM_ADMINISTRATOR (name, email, password) VALUES ('Dawn Douglas', 'murphyelizabeth@gmail.com', 'fDCItmklOeVQrtWuwqZ');
INSERT INTO ACCOUNTANT (name, email, password) VALUES ('Christopher Hammond MD', 'jessicabennett@hotmail.com', 'GLXgRBQt');
INSERT INTO SYSTEM_ADMINISTRATOR (name, email, password) VALUES ('Christopher Hammond MD', 'jessicabennett@hotmail.com', 'GLXgRBQt');
INSERT INTO ACCOUNTANT (name, email, password) VALUES ('Nicholas Ramirez', 'rsawyer@hotmail.com', 'LdnVOzhAy');
INSERT INTO SYSTEM_ADMINISTRATOR (name, email, password) VALUES ('Nicholas Ramirez', 'rsawyer@hotmail.com', 'LdnVOzhAy');
INSERT INTO ACCOUNTANT (name, email, password) VALUES ('Crystal Johnson', 'millerscott@yahoo.com', 'teQCylJUvxepgheA');
INSERT INTO SYSTEM_ADMINISTRATOR (name, email, password) VALUES ('Crystal Johnson', 'millerscott@yahoo.com', 'teQCylJUvxepgheA');
INSERT INTO ACCOUNTANT (name, email, password) VALUES ('Autumn Villegas', 'chad91@yahoo.com', 'JAgwdKgdaICYoXjn');
INSERT INTO SYSTEM_ADMINISTRATOR (name, email, password) VALUES ('Autumn Villegas', 'chad91@yahoo.com', 'JAgwdKgdaICYoXjn');
INSERT INTO ACCOUNTANT (name, email, password) VALUES ('John Hamilton', 'kristin02@yahoo.com', 'DgtszyPhCk');
INSERT INTO SYSTEM_ADMINISTRATOR (name, email, password) VALUES ('John Hamilton', 'kristin02@yahoo.com', 'DgtszyPhCk');
INSERT INTO ACCOUNTANT (name, email, password) VALUES ('David Rivera', 'johnsjoseph@gmail.com', 'CRkqwRANznbtEOsfBqK');
INSERT INTO SYSTEM_ADMINISTRATOR (name, email, password) VALUES ('David Rivera', 'johnsjoseph@gmail.com', 'CRkqwRANznbtEOsfBqK');
INSERT INTO ACCOUNTANT (name, email, password) VALUES ('Danielle White', 'christophertaylor@hotmail.com', 'KGCYCyrL');
INSERT INTO SYSTEM_ADMINISTRATOR (name, email, password) VALUES ('Danielle White', 'christophertaylor@hotmail.com', 'KGCYCyrL');
INSERT INTO ACCOUNTANT (name, email, password) VALUES ('Christopher Davis', 'campbellnicholas@gmail.com', 'AfsUCIBXeNyWy');
INSERT INTO SYSTEM_ADMINISTRATOR (name, email, password) VALUES ('Christopher Davis', 'campbellnicholas@gmail.com', 'AfsUCIBXeNyWy');
INSERT INTO ACCOUNTANT (name, email, password) VALUES ('Thomas Pruitt', 'christopher45@gmail.com', 'DjjAsqxPT');
INSERT INTO SYSTEM_ADMINISTRATOR (name, email, password) VALUES ('Thomas Pruitt', 'christopher45@gmail.com', 'DjjAsqxPT');
INSERT INTO ACCOUNTANT (name, email, password) VALUES ('Kevin Brown', 'joliver@gmail.com', 'BjgGfkVPhIsfCiVpg');
INSERT INTO SYSTEM_ADMINISTRATOR (name, email, password) VALUES ('Kevin Brown', 'joliver@gmail.com', 'BjgGfkVPhIsfCiVpg');
INSERT INTO ACCOUNTANT (name, email, password) VALUES ('Nathan Taylor', 'wchen@hotmail.com', 'SALXLBrAY');
INSERT INTO SYSTEM_ADMINISTRATOR (name, email, password) VALUES ('Nathan Taylor', 'wchen@hotmail.com', 'SALXLBrAY');
INSERT INTO ACCOUNTANT (name, email, password) VALUES ('David Harmon', 'kathleenbrown@hotmail.com', 'XNemjdWKweTzWQyj');
INSERT INTO SYSTEM_ADMINISTRATOR (name, email, password) VALUES ('David Harmon', 'kathleenbrown@hotmail.com', 'XNemjdWKweTzWQyj');
INSERT INTO ACCOUNTANT (name, email, password) VALUES ('Matthew Bennett', 'roachjonathan@hotmail.com', 'kzJxYszonTiR');
INSERT INTO SYSTEM_ADMINISTRATOR (name, email, password) VALUES ('Matthew Bennett', 'roachjonathan@hotmail.com', 'kzJxYszonTiR');
INSERT INTO ACCOUNTANT (name, email, password) VALUES ('Charles Cruz', 'mathew79@gmail.com', 'ubYfOBoyA');
INSERT INTO SYSTEM_ADMINISTRATOR (name, email, password) VALUES ('Charles Cruz', 'mathew79@gmail.com', 'ubYfOBoyA');
INSERT INTO ACCOUNTANT (name, email, password) VALUES ('Michele Williams', 'ncollier@hotmail.com', 'kxUZjRavZYqZtzE');
INSERT INTO SYSTEM_ADMINISTRATOR (name, email, password) VALUES ('Michele Williams', 'ncollier@hotmail.com', 'kxUZjRavZYqZtzE');
INSERT INTO ACCOUNTANT (name, email, password) VALUES ('Kristen Owens', 'dawn76@hotmail.com', 'QYytvzTGBEdHzaDKg');
INSERT INTO SYSTEM_ADMINISTRATOR (name, email, password) VALUES ('Kristen Owens', 'dawn76@hotmail.com', 'QYytvzTGBEdHzaDKg');
INSERT INTO ACCOUNTANT (name, email, password) VALUES ('Matthew Mckinney', 'bbradley@hotmail.com', 'KvnSKAbUXsEuGtgsx');
INSERT INTO SYSTEM_ADMINISTRATOR (name, email, password) VALUES ('Matthew Mckinney', 'bbradley@hotmail.com', 'KvnSKAbUXsEuGtgsx');
INSERT INTO ACCOUNTANT (name, email, password) VALUES ('Matthew Ayala', 'steven67@hotmail.com', 'yBpskvOAZuihpSuaYhMT');
INSERT INTO SYSTEM_ADMINISTRATOR (name, email, password) VALUES ('Matthew Ayala', 'steven67@hotmail.com', 'yBpskvOAZuihpSuaYhMT');
INSERT INTO ACCOUNTANT (name, email, password) VALUES ('Phillip Hart', 'marquezamanda@yahoo.com', 'amcZvihxrmnuhTkR');
INSERT INTO SYSTEM_ADMINISTRATOR (name, email, password) VALUES ('Phillip Hart', 'marquezamanda@yahoo.com', 'amcZvihxrmnuhTkR');
INSERT INTO ACCOUNTANT (name, email, password) VALUES ('Rachel Oneill DDS', 'shane69@hotmail.com', 'JDSDSqAIHEu');
INSERT INTO SYSTEM_ADMINISTRATOR (name, email, password) VALUES ('Rachel Oneill DDS', 'shane69@hotmail.com', 'JDSDSqAIHEu');
INSERT INTO ACCOUNTANT (name, email, password) VALUES ('Caleb Brown', 'hamptondeborah@gmail.com', 'ucsePwSGAiDrIGmrj');
INSERT INTO SYSTEM_ADMINISTRATOR (name, email, password) VALUES ('Caleb Brown', 'hamptondeborah@gmail.com', 'ucsePwSGAiDrIGmrj');
INSERT INTO ACCOUNTANT (name, email, password) VALUES ('Willie Khan', 'davidhill@yahoo.com', 'NNveDSCSftRUY');
INSERT INTO SYSTEM_ADMINISTRATOR (name, email, password) VALUES ('Willie Khan', 'davidhill@yahoo.com', 'NNveDSCSftRUY');
INSERT INTO ACCOUNTANT (name, email, password) VALUES ('Kayla Forbes', 'kimberly49@yahoo.com', 'LwdwUZhK');
INSERT INTO SYSTEM_ADMINISTRATOR (name, email, password) VALUES ('Kayla Forbes', 'kimberly49@yahoo.com', 'LwdwUZhK');
INSERT INTO ACCOUNTANT (name, email, password) VALUES ('Ashley Smith', 'robertparker@hotmail.com', 'ujBmgrpW');
INSERT INTO SYSTEM_ADMINISTRATOR (name, email, password) VALUES ('Ashley Smith', 'robertparker@hotmail.com', 'ujBmgrpW');
INSERT INTO ACCOUNTANT (name, email, password) VALUES ('Christopher Wilson', 'smithlori@gmail.com', 'WcAmKZWve');
INSERT INTO SYSTEM_ADMINISTRATOR (name, email, password) VALUES ('Christopher Wilson', 'smithlori@gmail.com', 'WcAmKZWve');
INSERT INTO ACCOUNTANT (name, email, password) VALUES ('Alyssa Bean', 'handerson@hotmail.com', 'WAsASXwMKsRGRmNkk');
INSERT INTO SYSTEM_ADMINISTRATOR (name, email, password) VALUES ('Alyssa Bean', 'handerson@hotmail.com', 'WAsASXwMKsRGRmNkk');
INSERT INTO ACCOUNTANT (name, email, password) VALUES ('Cody Lewis', 'martinezadam@hotmail.com', 'yxzhpxcW');
INSERT INTO SYSTEM_ADMINISTRATOR (name, email, password) VALUES ('Cody Lewis', 'martinezadam@hotmail.com', 'yxzhpxcW');
INSERT INTO ACCOUNTANT (name, email, password) VALUES ('Brent Miller', 'opowers@yahoo.com', 'yBlwQLLxSbexpypP');
INSERT INTO SYSTEM_ADMINISTRATOR (name, email, password) VALUES ('Brent Miller', 'opowers@yahoo.com', 'yBlwQLLxSbexpypP');
INSERT INTO ACCOUNTANT (name, email, password) VALUES ('Rachel Harris', 'jennifer36@hotmail.com', 'RoZACRAZPcawPaCEorM');
INSERT INTO SYSTEM_ADMINISTRATOR (name, email, password) VALUES ('Rachel Harris', 'jennifer36@hotmail.com', 'RoZACRAZPcawPaCEorM');
INSERT INTO ACCOUNTANT (name, email, password) VALUES ('Brenda Freeman MD', 'gwright@hotmail.com', 'WrySlENdfsrL');
INSERT INTO SYSTEM_ADMINISTRATOR (name, email, password) VALUES ('Brenda Freeman MD', 'gwright@hotmail.com', 'WrySlENdfsrL');
INSERT INTO ACCOUNTANT (name, email, password) VALUES ('Trevor Bell', 'felicia58@yahoo.com', 'ToESykTSvn');
INSERT INTO SYSTEM_ADMINISTRATOR (name, email, password) VALUES ('Trevor Bell', 'felicia58@yahoo.com', 'ToESykTSvn');
INSERT INTO ACCOUNTANT (name, email, password) VALUES ('Michael Gamble', 'sally23@gmail.com', 'qmsjgcnF');
INSERT INTO SYSTEM_ADMINISTRATOR (name, email, password) VALUES ('Michael Gamble', 'sally23@gmail.com', 'qmsjgcnF');
INSERT INTO ACCOUNTANT (name, email, password) VALUES ('Matthew Jackson', 'istrong@yahoo.com', 'rlGbNzsBq');
INSERT INTO SYSTEM_ADMINISTRATOR (name, email, password) VALUES ('Matthew Jackson', 'istrong@yahoo.com', 'rlGbNzsBq');
INSERT INTO ACCOUNTANT (name, email, password) VALUES ('Rebekah Green', 'melissa87@gmail.com', 'wyONupteGhbvk');
INSERT INTO SYSTEM_ADMINISTRATOR (name, email, password) VALUES ('Rebekah Green', 'melissa87@gmail.com', 'wyONupteGhbvk');
INSERT INTO ACCOUNTANT (name, email, password) VALUES ('Shawn Patterson', 'trankenneth@gmail.com', 'jCTTwjLLuzlZWFRbkDHI');
INSERT INTO SYSTEM_ADMINISTRATOR (name, email, password) VALUES ('Shawn Patterson', 'trankenneth@gmail.com', 'jCTTwjLLuzlZWFRbkDHI');
INSERT INTO ACCOUNTANT (name, email, password) VALUES ('Stephen Brown', 'marckline@hotmail.com', 'ZXvdeTufo');
INSERT INTO SYSTEM_ADMINISTRATOR (name, email, password) VALUES ('Stephen Brown', 'marckline@hotmail.com', 'ZXvdeTufo');
INSERT INTO ACCOUNTANT (name, email, password) VALUES ('Javier Carlson', 'bartonzachary@hotmail.com', 'dKUXEAPSQRuGAJcEzav');
INSERT INTO SYSTEM_ADMINISTRATOR (name, email, password) VALUES ('Javier Carlson', 'bartonzachary@hotmail.com', 'dKUXEAPSQRuGAJcEzav');
INSERT INTO ACCOUNTANT (name, email, password) VALUES ('Jeffrey Riley', 'iweber@yahoo.com', 'VKMzhpQZBeuIaBi');
INSERT INTO SYSTEM_ADMINISTRATOR (name, email, password) VALUES ('Jeffrey Riley', 'iweber@yahoo.com', 'VKMzhpQZBeuIaBi');
INSERT INTO ACCOUNTANT (name, email, password) VALUES ('Michelle Gonzalez', 'thompsonmichelle@hotmail.com', 'DNVUEfXjRLmkL');
INSERT INTO SYSTEM_ADMINISTRATOR (name, email, password) VALUES ('Michelle Gonzalez', 'thompsonmichelle@hotmail.com', 'DNVUEfXjRLmkL');
INSERT INTO ACCOUNTANT (name, email, password) VALUES ('Kathryn Parker', 'ellisfrank@yahoo.com', 'GXBLPdoodWuSBxwrUm');
INSERT INTO SYSTEM_ADMINISTRATOR (name, email, password) VALUES ('Kathryn Parker', 'ellisfrank@yahoo.com', 'GXBLPdoodWuSBxwrUm');
INSERT INTO ACCOUNTANT (name, email, password) VALUES ('James Nichols', 'meganpeterson@yahoo.com', 'ahqIeNjEdD');
INSERT INTO SYSTEM_ADMINISTRATOR (name, email, password) VALUES ('James Nichols', 'meganpeterson@yahoo.com', 'ahqIeNjEdD');
INSERT INTO ACCOUNTANT (name, email, password) VALUES ('Zachary Cole', 'tracy12@hotmail.com', 'otGMsvuQAJJUlgkgrSN');
INSERT INTO SYSTEM_ADMINISTRATOR (name, email, password) VALUES ('Zachary Cole', 'tracy12@hotmail.com', 'otGMsvuQAJJUlgkgrSN');
INSERT INTO ACCOUNTANT (name, email, password) VALUES ('Donna Harris', 'graylaura@hotmail.com', 'SllUtFDsnTKGHfz');
INSERT INTO SYSTEM_ADMINISTRATOR (name, email, password) VALUES ('Donna Harris', 'graylaura@hotmail.com', 'SllUtFDsnTKGHfz');
INSERT INTO ACCOUNTANT (name, email, password) VALUES ('Benjamin Caldwell', 'fmays@hotmail.com', 'vQPslQWfg');
INSERT INTO SYSTEM_ADMINISTRATOR (name, email, password) VALUES ('Benjamin Caldwell', 'fmays@hotmail.com', 'vQPslQWfg');
INSERT INTO ACCOUNTANT (name, email, password) VALUES ('Kristina Walker', 'tara92@yahoo.com', 'wiRhxIeTyHlnT');
INSERT INTO SYSTEM_ADMINISTRATOR (name, email, password) VALUES ('Kristina Walker', 'tara92@yahoo.com', 'wiRhxIeTyHlnT');
INSERT INTO ACCOUNTANT (name, email, password) VALUES ('Robert Sherman', 'brooksvalerie@yahoo.com', 'OimXkEeptMwWxaSn');
INSERT INTO SYSTEM_ADMINISTRATOR (name, email, password) VALUES ('Robert Sherman', 'brooksvalerie@yahoo.com', 'OimXkEeptMwWxaSn');
INSERT INTO ACCOUNTANT (name, email, password) VALUES ('Melissa Perez', 'christineward@gmail.com', 'RFqxarJXygUPaB');
INSERT INTO SYSTEM_ADMINISTRATOR (name, email, password) VALUES ('Melissa Perez', 'christineward@gmail.com', 'RFqxarJXygUPaB');
INSERT INTO ACCOUNTANT (name, email, password) VALUES ('Brandon Hill', 'olawson@hotmail.com', 'zhJXTdgU');
INSERT INTO SYSTEM_ADMINISTRATOR (name, email, password) VALUES ('Brandon Hill', 'olawson@hotmail.com', 'zhJXTdgU');
INSERT INTO ACCOUNTANT (name, email, password) VALUES ('Tara Martin', 'lopezstephanie@yahoo.com', 'rMaJGEfgsTIVhDWrcn');
INSERT INTO SYSTEM_ADMINISTRATOR (name, email, password) VALUES ('Tara Martin', 'lopezstephanie@yahoo.com', 'rMaJGEfgsTIVhDWrcn');
INSERT INTO ACCOUNTANT (name, email, password) VALUES ('Melinda Peterson', 'jessicajoyce@gmail.com', 'ZlBmJLOIHgyLaPL');
INSERT INTO SYSTEM_ADMINISTRATOR (name, email, password) VALUES ('Melinda Peterson', 'jessicajoyce@gmail.com', 'ZlBmJLOIHgyLaPL');
INSERT INTO ACCOUNTANT (name, email, password) VALUES ('Tina Crane', 'brewerbradley@yahoo.com', 'fQFjZzpMSRCeucASTm');
INSERT INTO SYSTEM_ADMINISTRATOR (name, email, password) VALUES ('Tina Crane', 'brewerbradley@yahoo.com', 'fQFjZzpMSRCeucASTm');
INSERT INTO ACCOUNTANT (name, email, password) VALUES ('Jose Acosta', 'susan53@gmail.com', 'wRwvcKoHZHWDq');
INSERT INTO SYSTEM_ADMINISTRATOR (name, email, password) VALUES ('Jose Acosta', 'susan53@gmail.com', 'wRwvcKoHZHWDq');
INSERT INTO ACCOUNTANT (name, email, password) VALUES ('Anthony Smith', 'iwells@yahoo.com', 'NcQpAcofr');
INSERT INTO SYSTEM_ADMINISTRATOR (name, email, password) VALUES ('Anthony Smith', 'iwells@yahoo.com', 'NcQpAcofr');
INSERT INTO ACCOUNTANT (name, email, password) VALUES ('Rebecca Hancock', 'michaelmiller@hotmail.com', 'dDpIDlFPB');
INSERT INTO SYSTEM_ADMINISTRATOR (name, email, password) VALUES ('Rebecca Hancock', 'michaelmiller@hotmail.com', 'dDpIDlFPB');
INSERT INTO ACCOUNTANT (name, email, password) VALUES ('Amy Yang', 'mjones@yahoo.com', 'QLsbOsIIaND');
INSERT INTO SYSTEM_ADMINISTRATOR (name, email, password) VALUES ('Amy Yang', 'mjones@yahoo.com', 'QLsbOsIIaND');
INSERT INTO ACCOUNTANT (name, email, password) VALUES ('Gregory Rogers', 'rodriguezcourtney@hotmail.com', 'WNjhoziihcqOxkrQD');
INSERT INTO SYSTEM_ADMINISTRATOR (name, email, password) VALUES ('Gregory Rogers', 'rodriguezcourtney@hotmail.com', 'WNjhoziihcqOxkrQD');
INSERT INTO ACCOUNTANT (name, email, password) VALUES ('Walter Allison', 'dbailey@gmail.com', 'CwzqsAuXL');
INSERT INTO SYSTEM_ADMINISTRATOR (name, email, password) VALUES ('Walter Allison', 'dbailey@gmail.com', 'CwzqsAuXL');
INSERT INTO ACCOUNTANT (name, email, password) VALUES ('Bryan Hernandez', 'michael50@hotmail.com', 'qxZEazrfGnbaf');
INSERT INTO SYSTEM_ADMINISTRATOR (name, email, password) VALUES ('Bryan Hernandez', 'michael50@hotmail.com', 'qxZEazrfGnbaf');
INSERT INTO ACCOUNTANT (name, email, password) VALUES ('Charles Barrett', 'chasematthews@yahoo.com', 'UkMUIszlbchDXR');
INSERT INTO SYSTEM_ADMINISTRATOR (name, email, password) VALUES ('Charles Barrett', 'chasematthews@yahoo.com', 'UkMUIszlbchDXR');
INSERT INTO ACCOUNTANT (name, email, password) VALUES ('Victoria Clark', 'danny92@gmail.com', 'FxwtGrWYOyJT');
INSERT INTO SYSTEM_ADMINISTRATOR (name, email, password) VALUES ('Victoria Clark', 'danny92@gmail.com', 'FxwtGrWYOyJT');
INSERT INTO ACCOUNTANT (name, email, password) VALUES ('Lisa Brown', 'cory05@hotmail.com', 'bnNdXBvDjThYI');
INSERT INTO SYSTEM_ADMINISTRATOR (name, email, password) VALUES ('Lisa Brown', 'cory05@hotmail.com', 'bnNdXBvDjThYI');
INSERT INTO ACCOUNTANT (name, email, password) VALUES ('Michelle Schultz', 'dustin22@hotmail.com', 'boNyCcrzbhrZfaOO');
INSERT INTO SYSTEM_ADMINISTRATOR (name, email, password) VALUES ('Michelle Schultz', 'dustin22@hotmail.com', 'boNyCcrzbhrZfaOO');
INSERT INTO ACCOUNTANT (name, email, password) VALUES ('Thomas Yates', 'peter07@hotmail.com', 'WOnRFoOfnYpbWU');
INSERT INTO SYSTEM_ADMINISTRATOR (name, email, password) VALUES ('Thomas Yates', 'peter07@hotmail.com', 'WOnRFoOfnYpbWU');
INSERT INTO ACCOUNTANT (name, email, password) VALUES ('Cathy Wright', 'douglas93@yahoo.com', 'cGgAsfzdxhWvd');
INSERT INTO SYSTEM_ADMINISTRATOR (name, email, password) VALUES ('Cathy Wright', 'douglas93@yahoo.com', 'cGgAsfzdxhWvd');
INSERT INTO ACCOUNTANT (name, email, password) VALUES ('Sara Briggs', 'patricia55@gmail.com', 'NWLspESsekBYdjkbM');
INSERT INTO SYSTEM_ADMINISTRATOR (name, email, password) VALUES ('Sara Briggs', 'patricia55@gmail.com', 'NWLspESsekBYdjkbM');
INSERT INTO ACCOUNTANT (name, email, password) VALUES ('Earl Moore', 'privera@yahoo.com', 'oHddsFIo');
INSERT INTO SYSTEM_ADMINISTRATOR (name, email, password) VALUES ('Earl Moore', 'privera@yahoo.com', 'oHddsFIo');
INSERT INTO ACCOUNTANT (name, email, password) VALUES ('Matthew Eaton', 'vanessanunez@hotmail.com', 'UidEzyYaYCioVzRbDy');
INSERT INTO SYSTEM_ADMINISTRATOR (name, email, password) VALUES ('Matthew Eaton', 'vanessanunez@hotmail.com', 'UidEzyYaYCioVzRbDy');
INSERT INTO ACCOUNTANT (name, email, password) VALUES ('Paula Cochran', 'alexanderzavala@yahoo.com', 'TDiUeEsHvIAldzzFEVHR');
INSERT INTO SYSTEM_ADMINISTRATOR (name, email, password) VALUES ('Paula Cochran', 'alexanderzavala@yahoo.com', 'TDiUeEsHvIAldzzFEVHR');
INSERT INTO ACCOUNTANT (name, email, password) VALUES ('Anthony Long', 'george89@hotmail.com', 'TmwXdwIDbiUyhmHw');
INSERT INTO SYSTEM_ADMINISTRATOR (name, email, password) VALUES ('Anthony Long', 'george89@hotmail.com', 'TmwXdwIDbiUyhmHw');
INSERT INTO ACCOUNTANT (name, email, password) VALUES ('Jennifer Turner', 'rachel47@yahoo.com', 'TioiYMZRq');
INSERT INTO SYSTEM_ADMINISTRATOR (name, email, password) VALUES ('Jennifer Turner', 'rachel47@yahoo.com', 'TioiYMZRq');
INSERT INTO ACCOUNTANT (name, email, password) VALUES ('Brandy Evans', 'christophervelasquez@yahoo.com', 'jQItyyXqw');
INSERT INTO SYSTEM_ADMINISTRATOR (name, email, password) VALUES ('Brandy Evans', 'christophervelasquez@yahoo.com', 'jQItyyXqw');
INSERT INTO ACCOUNTANT (name, email, password) VALUES ('Hannah Anderson', 'terriperez@hotmail.com', 'QNHSWMSOUgkziLwIIm');
INSERT INTO SYSTEM_ADMINISTRATOR (name, email, password) VALUES ('Hannah Anderson', 'terriperez@hotmail.com', 'QNHSWMSOUgkziLwIIm');
INSERT INTO ACCOUNTANT (name, email, password) VALUES ('Nancy Hensley', 'hopkinscynthia@hotmail.com', 'MqtmRtUPzdL');
INSERT INTO SYSTEM_ADMINISTRATOR (name, email, password) VALUES ('Nancy Hensley', 'hopkinscynthia@hotmail.com', 'MqtmRtUPzdL');
INSERT INTO ACCOUNTANT (name, email, password) VALUES ('John Brown', 'tjohnson@gmail.com', 'rgQebUYSQqFCg');
INSERT INTO SYSTEM_ADMINISTRATOR (name, email, password) VALUES ('John Brown', 'tjohnson@gmail.com', 'rgQebUYSQqFCg');
INSERT INTO ACCOUNTANT (name, email, password) VALUES ('James Christensen', 'jeremyhayes@gmail.com', 'iAyKdQBkAzGxzmG');
INSERT INTO SYSTEM_ADMINISTRATOR (name, email, password) VALUES ('James Christensen', 'jeremyhayes@gmail.com', 'iAyKdQBkAzGxzmG');
INSERT INTO ACCOUNTANT (name, email, password) VALUES ('Michelle Anderson', 'christinacarrillo@yahoo.com', 'sEalOkdADIruJMMh');
INSERT INTO SYSTEM_ADMINISTRATOR (name, email, password) VALUES ('Michelle Anderson', 'christinacarrillo@yahoo.com', 'sEalOkdADIruJMMh');
INSERT INTO ACCOUNTANT (name, email, password) VALUES ('Michael Brown', 'tracy84@hotmail.com', 'vxuHTpKgQFmQwAPqSCti');
INSERT INTO SYSTEM_ADMINISTRATOR (name, email, password) VALUES ('Michael Brown', 'tracy84@hotmail.com', 'vxuHTpKgQFmQwAPqSCti');
INSERT INTO ACCOUNTANT (name, email, password) VALUES ('Henry Meyers', 'glenndennis@hotmail.com', 'CGrEhrXdzPzfmlNjIDTx');
INSERT INTO SYSTEM_ADMINISTRATOR (name, email, password) VALUES ('Henry Meyers', 'glenndennis@hotmail.com', 'CGrEhrXdzPzfmlNjIDTx');
INSERT INTO ACCOUNTANT (name, email, password) VALUES ('James Johnson', 'david37@hotmail.com', 'OGFGqoRWwSFdRiieS');
INSERT INTO SYSTEM_ADMINISTRATOR (name, email, password) VALUES ('James Johnson', 'david37@hotmail.com', 'OGFGqoRWwSFdRiieS');
INSERT INTO ACCOUNTANT (name, email, password) VALUES ('Michael Dennis', 'guerrajoseph@gmail.com', 'SrnULEJhNKEQJDBlqRIA');
INSERT INTO SYSTEM_ADMINISTRATOR (name, email, password) VALUES ('Michael Dennis', 'guerrajoseph@gmail.com', 'SrnULEJhNKEQJDBlqRIA');
INSERT INTO ACCOUNTANT (name, email, password) VALUES ('Ashley Lewis', 'mckenzie51@hotmail.com', 'SrpsqzNSwSG');
INSERT INTO SYSTEM_ADMINISTRATOR (name, email, password) VALUES ('Ashley Lewis', 'mckenzie51@hotmail.com', 'SrpsqzNSwSG');
INSERT INTO ACCOUNTANT (name, email, password) VALUES ('Kathleen Duran', 'howebrianna@yahoo.com', 'yOiVFziwGMMVFFEYIzi');
INSERT INTO SYSTEM_ADMINISTRATOR (name, email, password) VALUES ('Kathleen Duran', 'howebrianna@yahoo.com', 'yOiVFziwGMMVFFEYIzi');
INSERT INTO ACCOUNTANT (name, email, password) VALUES ('Sara Miller', 'agonzalez@hotmail.com', 'neGkogZxyAd');
INSERT INTO SYSTEM_ADMINISTRATOR (name, email, password) VALUES ('Sara Miller', 'agonzalez@hotmail.com', 'neGkogZxyAd');
INSERT INTO ACCOUNTANT (name, email, password) VALUES ('Zachary Walls', 'gabrielleevans@yahoo.com', 'EeEeTCqCRRFqDkjb');
INSERT INTO SYSTEM_ADMINISTRATOR (name, email, password) VALUES ('Zachary Walls', 'gabrielleevans@yahoo.com', 'EeEeTCqCRRFqDkjb');
INSERT INTO ACCOUNTANT (name, email, password) VALUES ('Crystal Ingram', 'lknight@gmail.com', 'gDHEnMgoxwaHEf');
INSERT INTO SYSTEM_ADMINISTRATOR (name, email, password) VALUES ('Crystal Ingram', 'lknight@gmail.com', 'gDHEnMgoxwaHEf');
INSERT INTO ACCOUNTANT (name, email, password) VALUES ('Tracy Turner', 'williskevin@gmail.com', 'sRFDfQSSZafrK');
INSERT INTO SYSTEM_ADMINISTRATOR (name, email, password) VALUES ('Tracy Turner', 'williskevin@gmail.com', 'sRFDfQSSZafrK');
INSERT INTO ACCOUNTANT (name, email, password) VALUES ('Martin Walker', 'melissaflynn@hotmail.com', 'iUbcEegLHLFfSPv');
INSERT INTO SYSTEM_ADMINISTRATOR (name, email, password) VALUES ('Martin Walker', 'melissaflynn@hotmail.com', 'iUbcEegLHLFfSPv');
INSERT INTO ACCOUNTANT (name, email, password) VALUES ('Mrs. Kathleen Robertson', 'dana48@hotmail.com', 'FZjaHGDomEdyyWE');
INSERT INTO SYSTEM_ADMINISTRATOR (name, email, password) VALUES ('Mrs. Kathleen Robertson', 'dana48@hotmail.com', 'FZjaHGDomEdyyWE');
INSERT INTO ACCOUNTANT (name, email, password) VALUES ('Christopher Maynard', 'kylewalton@hotmail.com', 'HCxNpyUaLZoMDcSjUQX');
INSERT INTO SYSTEM_ADMINISTRATOR (name, email, password) VALUES ('Christopher Maynard', 'kylewalton@hotmail.com', 'HCxNpyUaLZoMDcSjUQX');
INSERT INTO ACCOUNTANT (name, email, password) VALUES ('Kelly Stafford', 'amberhughes@yahoo.com', 'GdeCneLnIN');
INSERT INTO SYSTEM_ADMINISTRATOR (name, email, password) VALUES ('Kelly Stafford', 'amberhughes@yahoo.com', 'GdeCneLnIN');
INSERT INTO ACCOUNTANT (name, email, password) VALUES ('Jose Lynn', 'qthompson@gmail.com', 'ZzDHFGZw');
INSERT INTO SYSTEM_ADMINISTRATOR (name, email, password) VALUES ('Jose Lynn', 'qthompson@gmail.com', 'ZzDHFGZw');
INSERT INTO ACCOUNTANT (name, email, password) VALUES ('Jennifer Taylor', 'cliffordlogan@hotmail.com', 'qubhmXYHKDjwLni');
INSERT INTO SYSTEM_ADMINISTRATOR (name, email, password) VALUES ('Jennifer Taylor', 'cliffordlogan@hotmail.com', 'qubhmXYHKDjwLni');
INSERT INTO ACCOUNTANT (name, email, password) VALUES ('William Wilson', 'ashley39@gmail.com', 'FWkgqlqHjYTUdyb');
INSERT INTO SYSTEM_ADMINISTRATOR (name, email, password) VALUES ('William Wilson', 'ashley39@gmail.com', 'FWkgqlqHjYTUdyb');
INSERT INTO ACCOUNTANT (name, email, password) VALUES ('Ryan King', 'vargasdavid@hotmail.com', 'KIuQZNYQYCzFQR');
INSERT INTO SYSTEM_ADMINISTRATOR (name, email, password) VALUES ('Ryan King', 'vargasdavid@hotmail.com', 'KIuQZNYQYCzFQR');
INSERT INTO ACCOUNTANT (name, email, password) VALUES ('Michael Nelson', 'agray@hotmail.com', 'EhsoIXHgSZqQ');
INSERT INTO SYSTEM_ADMINISTRATOR (name, email, password) VALUES ('Michael Nelson', 'agray@hotmail.com', 'EhsoIXHgSZqQ');
INSERT INTO ACCOUNTANT (name, email, password) VALUES ('Anthony Nicholson', 'coxchristopher@yahoo.com', 'IWwuXbHXEzsmojKTTdq');
INSERT INTO SYSTEM_ADMINISTRATOR (name, email, password) VALUES ('Anthony Nicholson', 'coxchristopher@yahoo.com', 'IWwuXbHXEzsmojKTTdq');
INSERT INTO ACCOUNTANT (name, email, password) VALUES ('Kevin Stewart', 'aphillips@gmail.com', 'wxVwSpXYm');
INSERT INTO SYSTEM_ADMINISTRATOR (name, email, password) VALUES ('Kevin Stewart', 'aphillips@gmail.com', 'wxVwSpXYm');
INSERT INTO ACCOUNTANT (name, email, password) VALUES ('Steve Matthews', 'gravesanthony@yahoo.com', 'WXWvpAQoV');
INSERT INTO SYSTEM_ADMINISTRATOR (name, email, password) VALUES ('Steve Matthews', 'gravesanthony@yahoo.com', 'WXWvpAQoV');
INSERT INTO ACCOUNTANT (name, email, password) VALUES ('Travis Castro', 'reedapril@gmail.com', 'xLzPvyJMZUnGOtCGw');
INSERT INTO SYSTEM_ADMINISTRATOR (name, email, password) VALUES ('Travis Castro', 'reedapril@gmail.com', 'xLzPvyJMZUnGOtCGw');
INSERT INTO ACCOUNTANT (name, email, password) VALUES ('Nicholas Hughes', 'shunt@yahoo.com', 'dohOLEio');
INSERT INTO SYSTEM_ADMINISTRATOR (name, email, password) VALUES ('Nicholas Hughes', 'shunt@yahoo.com', 'dohOLEio');
INSERT INTO ACCOUNTANT (name, email, password) VALUES ('Patricia Jones', 'johnsonricky@yahoo.com', 'rpxuiVZcOwzFUS');
INSERT INTO SYSTEM_ADMINISTRATOR (name, email, password) VALUES ('Patricia Jones', 'johnsonricky@yahoo.com', 'rpxuiVZcOwzFUS');
INSERT INTO ACCOUNTANT (name, email, password) VALUES ('Christina Moore', 'josephcarlson@gmail.com', 'pYCPBdfkLioR');
INSERT INTO SYSTEM_ADMINISTRATOR (name, email, password) VALUES ('Christina Moore', 'josephcarlson@gmail.com', 'pYCPBdfkLioR');
INSERT INTO ACCOUNTANT (name, email, password) VALUES ('Jeffrey Logan', 'pmcdowell@yahoo.com', 'CYhqaDpoIclPkMCOlQBG');
INSERT INTO SYSTEM_ADMINISTRATOR (name, email, password) VALUES ('Jeffrey Logan', 'pmcdowell@yahoo.com', 'CYhqaDpoIclPkMCOlQBG');
INSERT INTO ACCOUNTANT (name, email, password) VALUES ('Mary Smith', 'kristina28@yahoo.com', 'bmHkJoOQ');
INSERT INTO SYSTEM_ADMINISTRATOR (name, email, password) VALUES ('Mary Smith', 'kristina28@yahoo.com', 'bmHkJoOQ');
INSERT INTO ACCOUNTANT (name, email, password) VALUES ('Charles Molina', 'jean75@gmail.com', 'HBbxoYHNfyEFGiQRBcE');
INSERT INTO SYSTEM_ADMINISTRATOR (name, email, password) VALUES ('Charles Molina', 'jean75@gmail.com', 'HBbxoYHNfyEFGiQRBcE');
INSERT INTO ACCOUNTANT (name, email, password) VALUES ('Brooke Joyce', 'maldonadopaige@yahoo.com', 'eKtYbJRLnsZTpFlWbLy');
INSERT INTO SYSTEM_ADMINISTRATOR (name, email, password) VALUES ('Brooke Joyce', 'maldonadopaige@yahoo.com', 'eKtYbJRLnsZTpFlWbLy');
INSERT INTO ACCOUNTANT (name, email, password) VALUES ('David Mendoza', 'vherring@hotmail.com', 'FxlNMdCK');
INSERT INTO SYSTEM_ADMINISTRATOR (name, email, password) VALUES ('David Mendoza', 'vherring@hotmail.com', 'FxlNMdCK');
INSERT INTO ACCOUNTANT (name, email, password) VALUES ('Tiffany Johnson MD', 'kristina90@hotmail.com', 'xeGagHimQrJTnaJKEnbk');
INSERT INTO SYSTEM_ADMINISTRATOR (name, email, password) VALUES ('Tiffany Johnson MD', 'kristina90@hotmail.com', 'xeGagHimQrJTnaJKEnbk');
INSERT INTO ACCOUNTANT (name, email, password) VALUES ('Benjamin Harrison', 'kennedyryan@yahoo.com', 'BJtPnCwbvw');
INSERT INTO SYSTEM_ADMINISTRATOR (name, email, password) VALUES ('Benjamin Harrison', 'kennedyryan@yahoo.com', 'BJtPnCwbvw');
INSERT INTO ACCOUNTANT (name, email, password) VALUES ('Candice Bailey', 'eperkins@hotmail.com', 'hZaXNTDPdWolCMh');
INSERT INTO SYSTEM_ADMINISTRATOR (name, email, password) VALUES ('Candice Bailey', 'eperkins@hotmail.com', 'hZaXNTDPdWolCMh');
INSERT INTO ACCOUNTANT (name, email, password) VALUES ('Peter Brown', 'alexander31@hotmail.com', 'UeSdhEVhdXh');
INSERT INTO SYSTEM_ADMINISTRATOR (name, email, password) VALUES ('Peter Brown', 'alexander31@hotmail.com', 'UeSdhEVhdXh');
INSERT INTO ACCOUNTANT (name, email, password) VALUES ('Erika Jones', 'barrerakrystal@yahoo.com', 'tNEpPSUHOXH');
INSERT INTO SYSTEM_ADMINISTRATOR (name, email, password) VALUES ('Erika Jones', 'barrerakrystal@yahoo.com', 'tNEpPSUHOXH');
INSERT INTO ACCOUNTANT (name, email, password) VALUES ('James Day', 'esparzadaniel@gmail.com', 'GHEYDGtdpmfU');
INSERT INTO SYSTEM_ADMINISTRATOR (name, email, password) VALUES ('James Day', 'esparzadaniel@gmail.com', 'GHEYDGtdpmfU');
INSERT INTO ACCOUNTANT (name, email, password) VALUES ('Sara Bryant', 'rebeccaharper@yahoo.com', 'qVCxmNgPRQQwl');
INSERT INTO SYSTEM_ADMINISTRATOR (name, email, password) VALUES ('Sara Bryant', 'rebeccaharper@yahoo.com', 'qVCxmNgPRQQwl');
INSERT INTO ACCOUNTANT (name, email, password) VALUES ('Carla Gonzalez', 'xallen@yahoo.com', 'DTMRUkALPcSqZOnkO');
INSERT INTO SYSTEM_ADMINISTRATOR (name, email, password) VALUES ('Carla Gonzalez', 'xallen@yahoo.com', 'DTMRUkALPcSqZOnkO');
INSERT INTO ACCOUNTANT (name, email, password) VALUES ('Robert Dyer', 'qkeller@yahoo.com', 'DIdAesXYsDvzfyIK');
INSERT INTO SYSTEM_ADMINISTRATOR (name, email, password) VALUES ('Robert Dyer', 'qkeller@yahoo.com', 'DIdAesXYsDvzfyIK');
INSERT INTO ACCOUNTANT (name, email, password) VALUES ('Alicia Richardson', 'xdouglas@gmail.com', 'gtFrwESlXJzlT');
INSERT INTO SYSTEM_ADMINISTRATOR (name, email, password) VALUES ('Alicia Richardson', 'xdouglas@gmail.com', 'gtFrwESlXJzlT');
INSERT INTO ACCOUNTANT (name, email, password) VALUES ('Charles Phillips', 'omorton@gmail.com', 'vdelqGvcMBBUs');
INSERT INTO SYSTEM_ADMINISTRATOR (name, email, password) VALUES ('Charles Phillips', 'omorton@gmail.com', 'vdelqGvcMBBUs');
INSERT INTO ACCOUNTANT (name, email, password) VALUES ('Travis Mack', 'jasonsmith@hotmail.com', 'ZBRbqoZJbdNhQy');
INSERT INTO SYSTEM_ADMINISTRATOR (name, email, password) VALUES ('Travis Mack', 'jasonsmith@hotmail.com', 'ZBRbqoZJbdNhQy');
INSERT INTO ACCOUNTANT (name, email, password) VALUES ('Evan Wheeler', 'yfischer@gmail.com', 'FWfMWoKMSiFbfpB');
INSERT INTO SYSTEM_ADMINISTRATOR (name, email, password) VALUES ('Evan Wheeler', 'yfischer@gmail.com', 'FWfMWoKMSiFbfpB');
INSERT INTO ACCOUNTANT (name, email, password) VALUES ('Nicole Morrow', 'denise17@yahoo.com', 'AaRIucNbr');
INSERT INTO SYSTEM_ADMINISTRATOR (name, email, password) VALUES ('Nicole Morrow', 'denise17@yahoo.com', 'AaRIucNbr');
INSERT INTO ACCOUNTANT (name, email, password) VALUES ('Michele Wagner', 'qthompson@yahoo.com', 'ukozauwgmj');
INSERT INTO SYSTEM_ADMINISTRATOR (name, email, password) VALUES ('Michele Wagner', 'qthompson@yahoo.com', 'ukozauwgmj');
INSERT INTO ACCOUNTANT (name, email, password) VALUES ('Tammy Owens', 'barbara53@gmail.com', 'WdXFkbLZjRl');
INSERT INTO SYSTEM_ADMINISTRATOR (name, email, password) VALUES ('Tammy Owens', 'barbara53@gmail.com', 'WdXFkbLZjRl');
INSERT INTO ACCOUNTANT (name, email, password) VALUES ('Stefanie Zuniga', 'edward95@gmail.com', 'BMsceZpGBZuT');
INSERT INTO SYSTEM_ADMINISTRATOR (name, email, password) VALUES ('Stefanie Zuniga', 'edward95@gmail.com', 'BMsceZpGBZuT');
INSERT INTO ACCOUNTANT (name, email, password) VALUES ('Alison Russell DDS', 'doylepatty@yahoo.com', 'KAauNFSfELmD');
INSERT INTO SYSTEM_ADMINISTRATOR (name, email, password) VALUES ('Alison Russell DDS', 'doylepatty@yahoo.com', 'KAauNFSfELmD');
INSERT INTO ACCOUNTANT (name, email, password) VALUES ('Elizabeth Miranda', 'ericharris@yahoo.com', 'AcMTCHZFdwiXlkOThxL');
INSERT INTO SYSTEM_ADMINISTRATOR (name, email, password) VALUES ('Elizabeth Miranda', 'ericharris@yahoo.com', 'AcMTCHZFdwiXlkOThxL');
INSERT INTO ACCOUNTANT (name, email, password) VALUES ('Samuel Floyd', 'hollandstephanie@hotmail.com', 'pfauHNyaqmtMoU');
INSERT INTO SYSTEM_ADMINISTRATOR (name, email, password) VALUES ('Samuel Floyd', 'hollandstephanie@hotmail.com', 'pfauHNyaqmtMoU');
INSERT INTO ACCOUNTANT (name, email, password) VALUES ('Janice Washington', 'gregory48@gmail.com', 'MRhHrskFcVvrQZkyPWF');
INSERT INTO SYSTEM_ADMINISTRATOR (name, email, password) VALUES ('Janice Washington', 'gregory48@gmail.com', 'MRhHrskFcVvrQZkyPWF');
INSERT INTO ACCOUNTANT (name, email, password) VALUES ('Madison Barker', 'william38@gmail.com', 'fJHodsxhtwdihM');
INSERT INTO SYSTEM_ADMINISTRATOR (name, email, password) VALUES ('Madison Barker', 'william38@gmail.com', 'fJHodsxhtwdihM');
INSERT INTO ACCOUNTANT (name, email, password) VALUES ('Jonathan Garcia', 'finleytracy@yahoo.com', 'FYfanDIYDOvFUNzai');
INSERT INTO SYSTEM_ADMINISTRATOR (name, email, password) VALUES ('Jonathan Garcia', 'finleytracy@yahoo.com', 'FYfanDIYDOvFUNzai');
INSERT INTO ACCOUNTANT (name, email, password) VALUES ('Joseph Patton', 'justinhernandez@gmail.com', 'CXVPNoQZFLerzRmuVQU');
INSERT INTO SYSTEM_ADMINISTRATOR (name, email, password) VALUES ('Joseph Patton', 'justinhernandez@gmail.com', 'CXVPNoQZFLerzRmuVQU');
INSERT INTO ACCOUNTANT (name, email, password) VALUES ('Heather Carpenter', 'suttonlori@gmail.com', 'TdninjHJ');
INSERT INTO SYSTEM_ADMINISTRATOR (name, email, password) VALUES ('Heather Carpenter', 'suttonlori@gmail.com', 'TdninjHJ');
INSERT INTO ACCOUNTANT (name, email, password) VALUES ('Kevin Oneal', 'johnsonsamuel@gmail.com', 'cJqMuajh');
INSERT INTO SYSTEM_ADMINISTRATOR (name, email, password) VALUES ('Kevin Oneal', 'johnsonsamuel@gmail.com', 'cJqMuajh');
INSERT INTO ACCOUNTANT (name, email, password) VALUES ('Greg Allen', 'anna98@hotmail.com', 'MljvyZEvGnPArJZP');
INSERT INTO SYSTEM_ADMINISTRATOR (name, email, password) VALUES ('Greg Allen', 'anna98@hotmail.com', 'MljvyZEvGnPArJZP');
INSERT INTO ACCOUNTANT (name, email, password) VALUES ('Ann Wolfe', 'roytiffany@yahoo.com', 'PYcshvTCbMpc');
INSERT INTO SYSTEM_ADMINISTRATOR (name, email, password) VALUES ('Ann Wolfe', 'roytiffany@yahoo.com', 'PYcshvTCbMpc');
INSERT INTO ACCOUNTANT (name, email, password) VALUES ('Jodi Price', 'brownmichael@gmail.com', 'iESwaDflmySWAD');
INSERT INTO SYSTEM_ADMINISTRATOR (name, email, password) VALUES ('Jodi Price', 'brownmichael@gmail.com', 'iESwaDflmySWAD');
INSERT INTO ACCOUNTANT (name, email, password) VALUES ('Michael Anderson', 'andrewgarcia@gmail.com', 'ineSMgNtnqkGY');
INSERT INTO SYSTEM_ADMINISTRATOR (name, email, password) VALUES ('Michael Anderson', 'andrewgarcia@gmail.com', 'ineSMgNtnqkGY');
INSERT INTO ACCOUNTANT (name, email, password) VALUES ('Deborah Smith', 'tlopez@hotmail.com', 'wSGyXUTAVTBwVHZ');
INSERT INTO SYSTEM_ADMINISTRATOR (name, email, password) VALUES ('Deborah Smith', 'tlopez@hotmail.com', 'wSGyXUTAVTBwVHZ');
INSERT INTO ACCOUNTANT (name, email, password) VALUES ('Cheryl Castro', 'cindymorrow@gmail.com', 'EYjEQHyXpTUFbEfiyHK');
INSERT INTO SYSTEM_ADMINISTRATOR (name, email, password) VALUES ('Cheryl Castro', 'cindymorrow@gmail.com', 'EYjEQHyXpTUFbEfiyHK');
INSERT INTO ACCOUNTANT (name, email, password) VALUES ('Richard King', 'robertbenson@gmail.com', 'IlUmMDzLoKxlbaHV');
INSERT INTO SYSTEM_ADMINISTRATOR (name, email, password) VALUES ('Richard King', 'robertbenson@gmail.com', 'IlUmMDzLoKxlbaHV');
INSERT INTO ACCOUNTANT (name, email, password) VALUES ('Dennis Fisher', 'james92@gmail.com', 'xUPKVGwICCbvcrCi');
INSERT INTO SYSTEM_ADMINISTRATOR (name, email, password) VALUES ('Dennis Fisher', 'james92@gmail.com', 'xUPKVGwICCbvcrCi');
INSERT INTO ACCOUNTANT (name, email, password) VALUES ('Anthony Robbins', 'sramirez@gmail.com', 'JYhSykBzYlSstCWpyx');
INSERT INTO SYSTEM_ADMINISTRATOR (name, email, password) VALUES ('Anthony Robbins', 'sramirez@gmail.com', 'JYhSykBzYlSstCWpyx');
INSERT INTO ACCOUNTANT (name, email, password) VALUES ('Molly Davis', 'smcdaniel@hotmail.com', 'DEfCgdIiFygDYYccbC');
INSERT INTO SYSTEM_ADMINISTRATOR (name, email, password) VALUES ('Molly Davis', 'smcdaniel@hotmail.com', 'DEfCgdIiFygDYYccbC');
INSERT INTO ACCOUNTANT (name, email, password) VALUES ('Benjamin Miller', 'reedtimothy@hotmail.com', 'reLjNZJpIL');
INSERT INTO SYSTEM_ADMINISTRATOR (name, email, password) VALUES ('Benjamin Miller', 'reedtimothy@hotmail.com', 'reLjNZJpIL');
INSERT INTO ACCOUNTANT (name, email, password) VALUES ('Samantha Holland', 'nguyenwilliam@gmail.com', 'THGbguBjt');
INSERT INTO SYSTEM_ADMINISTRATOR (name, email, password) VALUES ('Samantha Holland', 'nguyenwilliam@gmail.com', 'THGbguBjt');
INSERT INTO ACCOUNTANT (name, email, password) VALUES ('Brian Banks', 'tporter@hotmail.com', 'BrYVPXUQBBKMlHxhh');
INSERT INTO SYSTEM_ADMINISTRATOR (name, email, password) VALUES ('Brian Banks', 'tporter@hotmail.com', 'BrYVPXUQBBKMlHxhh');
INSERT INTO ACCOUNTANT (name, email, password) VALUES ('Megan Waller', 'eric17@gmail.com', 'olZHSySCcZWvyERJk');
INSERT INTO SYSTEM_ADMINISTRATOR (name, email, password) VALUES ('Megan Waller', 'eric17@gmail.com', 'olZHSySCcZWvyERJk');
INSERT INTO ACCOUNTANT (name, email, password) VALUES ('Erica Jefferson DDS', 'jacob03@gmail.com', 'LwRMJVcwWUfrdESKZl');
INSERT INTO SYSTEM_ADMINISTRATOR (name, email, password) VALUES ('Erica Jefferson DDS', 'jacob03@gmail.com', 'LwRMJVcwWUfrdESKZl');
INSERT INTO ACCOUNTANT (name, email, password) VALUES ('Robert Espinoza', 'davisbruce@gmail.com', 'HXcqPJuLog');
INSERT INTO SYSTEM_ADMINISTRATOR (name, email, password) VALUES ('Robert Espinoza', 'davisbruce@gmail.com', 'HXcqPJuLog');
INSERT INTO ACCOUNTANT (name, email, password) VALUES ('Victoria Martinez', 'nathan99@yahoo.com', 'zJHIKflWdnLcx');
INSERT INTO SYSTEM_ADMINISTRATOR (name, email, password) VALUES ('Victoria Martinez', 'nathan99@yahoo.com', 'zJHIKflWdnLcx');
INSERT INTO ACCOUNTANT (name, email, password) VALUES ('William Aguilar', 'andrea97@yahoo.com', 'QJOgyUdowoZW');
INSERT INTO SYSTEM_ADMINISTRATOR (name, email, password) VALUES ('William Aguilar', 'andrea97@yahoo.com', 'QJOgyUdowoZW');
INSERT INTO ACCOUNTANT (name, email, password) VALUES ('Steven Gilmore', 'rachaelgarrett@yahoo.com', 'OtxYxjADZNNmhQK');
INSERT INTO SYSTEM_ADMINISTRATOR (name, email, password) VALUES ('Steven Gilmore', 'rachaelgarrett@yahoo.com', 'OtxYxjADZNNmhQK');
INSERT INTO ACCOUNTANT (name, email, password) VALUES ('Karen Scott', 'beardrebecca@hotmail.com', 'LbmwxzomW');
INSERT INTO SYSTEM_ADMINISTRATOR (name, email, password) VALUES ('Karen Scott', 'beardrebecca@hotmail.com', 'LbmwxzomW');
INSERT INTO ACCOUNTANT (name, email, password) VALUES ('Dawn Chapman', 'andrew37@gmail.com', 'KrTgoLraUSnziubOZ');
INSERT INTO SYSTEM_ADMINISTRATOR (name, email, password) VALUES ('Dawn Chapman', 'andrew37@gmail.com', 'KrTgoLraUSnziubOZ');
INSERT INTO ACCOUNTANT (name, email, password) VALUES ('Edward Thomas', 'blackholly@yahoo.com', 'FGQSAaqxmBbHcfJgMiab');
INSERT INTO SYSTEM_ADMINISTRATOR (name, email, password) VALUES ('Edward Thomas', 'blackholly@yahoo.com', 'FGQSAaqxmBbHcfJgMiab');
INSERT INTO ACCOUNTANT (name, email, password) VALUES ('Daniel Jensen', 'davidpatel@hotmail.com', 'kZhkyUUZQmQ');
INSERT INTO SYSTEM_ADMINISTRATOR (name, email, password) VALUES ('Daniel Jensen', 'davidpatel@hotmail.com', 'kZhkyUUZQmQ');
INSERT INTO ACCOUNTANT (name, email, password) VALUES ('Amy Ortiz', 'awhite@gmail.com', 'PZfHIoEfrhrGnczbe');
INSERT INTO SYSTEM_ADMINISTRATOR (name, email, password) VALUES ('Amy Ortiz', 'awhite@gmail.com', 'PZfHIoEfrhrGnczbe');
INSERT INTO ACCOUNTANT (name, email, password) VALUES ('Nathan Thompson', 'wrivera@hotmail.com', 'PaDXvkYPZyKXx');
INSERT INTO SYSTEM_ADMINISTRATOR (name, email, password) VALUES ('Nathan Thompson', 'wrivera@hotmail.com', 'PaDXvkYPZyKXx');
INSERT INTO ACCOUNTANT (name, email, password) VALUES ('Susan Meyer', 'biancalong@yahoo.com', 'xDWKkwFdKMDnJBfB');
INSERT INTO SYSTEM_ADMINISTRATOR (name, email, password) VALUES ('Susan Meyer', 'biancalong@yahoo.com', 'xDWKkwFdKMDnJBfB');
INSERT INTO ACCOUNTANT (name, email, password) VALUES ('David Rodriguez', 'bradley30@hotmail.com', 'pmblbihGonYmSaTyzjJg');
INSERT INTO SYSTEM_ADMINISTRATOR (name, email, password) VALUES ('David Rodriguez', 'bradley30@hotmail.com', 'pmblbihGonYmSaTyzjJg');
INSERT INTO ACCOUNTANT (name, email, password) VALUES ('Sharon Cross', 'caldwelljonathan@hotmail.com', 'BxILrPhstgaVvLluxH');
INSERT INTO SYSTEM_ADMINISTRATOR (name, email, password) VALUES ('Sharon Cross', 'caldwelljonathan@hotmail.com', 'BxILrPhstgaVvLluxH');
INSERT INTO ACCOUNTANT (name, email, password) VALUES ('Kristina Baker', 'nathancallahan@hotmail.com', 'omLnrtutQRcg');
INSERT INTO SYSTEM_ADMINISTRATOR (name, email, password) VALUES ('Kristina Baker', 'nathancallahan@hotmail.com', 'omLnrtutQRcg');
INSERT INTO ACCOUNTANT (name, email, password) VALUES ('Michael Jones', 'bryandennis@yahoo.com', 'xnLOulHTTjSErrQx');
INSERT INTO SYSTEM_ADMINISTRATOR (name, email, password) VALUES ('Michael Jones', 'bryandennis@yahoo.com', 'xnLOulHTTjSErrQx');
INSERT INTO ACCOUNTANT (name, email, password) VALUES ('Emily Howe', 'isherman@hotmail.com', 'yJsOMfEMgkxPOJ');
INSERT INTO SYSTEM_ADMINISTRATOR (name, email, password) VALUES ('Emily Howe', 'isherman@hotmail.com', 'yJsOMfEMgkxPOJ');
INSERT INTO ACCOUNTANT (name, email, password) VALUES ('Donald Brown', 'asalazar@hotmail.com', 'tJQknwoXsAwk');
INSERT INTO SYSTEM_ADMINISTRATOR (name, email, password) VALUES ('Donald Brown', 'asalazar@hotmail.com', 'tJQknwoXsAwk');
INSERT INTO ACCOUNTANT (name, email, password) VALUES ('Scott Pierce', 'miranda37@yahoo.com', 'CkgOaWrF');
INSERT INTO SYSTEM_ADMINISTRATOR (name, email, password) VALUES ('Scott Pierce', 'miranda37@yahoo.com', 'CkgOaWrF');
INSERT INTO ACCOUNTANT (name, email, password) VALUES ('Amy Johnson', 'johnny33@hotmail.com', 'ejhUZLITBiWjwxx');
INSERT INTO SYSTEM_ADMINISTRATOR (name, email, password) VALUES ('Amy Johnson', 'johnny33@hotmail.com', 'ejhUZLITBiWjwxx');
INSERT INTO ACCOUNTANT (name, email, password) VALUES ('Eric Hill', 'kevin51@hotmail.com', 'PbDZLFTXIVUBdJGKG');
INSERT INTO SYSTEM_ADMINISTRATOR (name, email, password) VALUES ('Eric Hill', 'kevin51@hotmail.com', 'PbDZLFTXIVUBdJGKG');
INSERT INTO ACCOUNTANT (name, email, password) VALUES ('Ebony Williams', 'kathleenhill@yahoo.com', 'UvyXoKqCX');
INSERT INTO SYSTEM_ADMINISTRATOR (name, email, password) VALUES ('Ebony Williams', 'kathleenhill@yahoo.com', 'UvyXoKqCX');
INSERT INTO ACCOUNTANT (name, email, password) VALUES ('Philip Lewis', 'vjohnson@gmail.com', 'RXCfDlYYFjoOR');
INSERT INTO SYSTEM_ADMINISTRATOR (name, email, password) VALUES ('Philip Lewis', 'vjohnson@gmail.com', 'RXCfDlYYFjoOR');
INSERT INTO ACCOUNTANT (name, email, password) VALUES ('Alyssa Roberson', 'bennettrachel@hotmail.com', 'okVpEFYtpQvd');
INSERT INTO SYSTEM_ADMINISTRATOR (name, email, password) VALUES ('Alyssa Roberson', 'bennettrachel@hotmail.com', 'okVpEFYtpQvd');
INSERT INTO ACCOUNTANT (name, email, password) VALUES ('Rachel Huang', 'lroberts@hotmail.com', 'aknvSKSRLtBeWBvSsC');
INSERT INTO SYSTEM_ADMINISTRATOR (name, email, password) VALUES ('Rachel Huang', 'lroberts@hotmail.com', 'aknvSKSRLtBeWBvSsC');
INSERT INTO ACCOUNTANT (name, email, password) VALUES ('Angelica Carter', 'petersmith@hotmail.com', 'NtgOBRUAudBUQxTA');
INSERT INTO SYSTEM_ADMINISTRATOR (name, email, password) VALUES ('Angelica Carter', 'petersmith@hotmail.com', 'NtgOBRUAudBUQxTA');
INSERT INTO ACCOUNTANT (name, email, password) VALUES ('Peter Sanchez', 'megan25@hotmail.com', 'DOiExRUKJblXC');
INSERT INTO SYSTEM_ADMINISTRATOR (name, email, password) VALUES ('Peter Sanchez', 'megan25@hotmail.com', 'DOiExRUKJblXC');
INSERT INTO ACCOUNTANT (name, email, password) VALUES ('Mark Benitez', 'wanda67@gmail.com', 'OgizPtkIZJjebjbNpTc');
INSERT INTO SYSTEM_ADMINISTRATOR (name, email, password) VALUES ('Mark Benitez', 'wanda67@gmail.com', 'OgizPtkIZJjebjbNpTc');
INSERT INTO ACCOUNTANT (name, email, password) VALUES ('Eric Owen', 'boyercassandra@gmail.com', 'fvZCKhYGtGuq');
INSERT INTO SYSTEM_ADMINISTRATOR (name, email, password) VALUES ('Eric Owen', 'boyercassandra@gmail.com', 'fvZCKhYGtGuq');
INSERT INTO ACCOUNTANT (name, email, password) VALUES ('Suzanne Grant', 'benjamin70@yahoo.com', 'zYKcHuraTimp');
INSERT INTO SYSTEM_ADMINISTRATOR (name, email, password) VALUES ('Suzanne Grant', 'benjamin70@yahoo.com', 'zYKcHuraTimp');
INSERT INTO ACCOUNTANT (name, email, password) VALUES ('Michelle Walsh', 'rjohnson@gmail.com', 'peoTNsDLcvlkMeHaPLR');
INSERT INTO SYSTEM_ADMINISTRATOR (name, email, password) VALUES ('Michelle Walsh', 'rjohnson@gmail.com', 'peoTNsDLcvlkMeHaPLR');
INSERT INTO ACCOUNTANT (name, email, password) VALUES ('Tammy Lyons', 'james90@yahoo.com', 'hajbbQSwdGYGJ');
INSERT INTO SYSTEM_ADMINISTRATOR (name, email, password) VALUES ('Tammy Lyons', 'james90@yahoo.com', 'hajbbQSwdGYGJ');
INSERT INTO ACCOUNTANT (name, email, password) VALUES ('Karen Tyler', 'jason24@yahoo.com', 'AZlWkBWsrEfrf');
INSERT INTO SYSTEM_ADMINISTRATOR (name, email, password) VALUES ('Karen Tyler', 'jason24@yahoo.com', 'AZlWkBWsrEfrf');
INSERT INTO ACCOUNTANT (name, email, password) VALUES ('Dalton Ramirez', 'ashleylee@gmail.com', 'BRBuDYYee');
INSERT INTO SYSTEM_ADMINISTRATOR (name, email, password) VALUES ('Dalton Ramirez', 'ashleylee@gmail.com', 'BRBuDYYee');
INSERT INTO ACCOUNTANT (name, email, password) VALUES ('Stephanie Thompson', 'alexandria75@gmail.com', 'UwqWdtqDuSBhnqGfJlfY');
INSERT INTO SYSTEM_ADMINISTRATOR (name, email, password) VALUES ('Stephanie Thompson', 'alexandria75@gmail.com', 'UwqWdtqDuSBhnqGfJlfY');
INSERT INTO ACCOUNTANT (name, email, password) VALUES ('Kelly Diaz', 'odalton@gmail.com', 'qXVwKZKMXq');
INSERT INTO SYSTEM_ADMINISTRATOR (name, email, password) VALUES ('Kelly Diaz', 'odalton@gmail.com', 'qXVwKZKMXq');
INSERT INTO ACCOUNTANT (name, email, password) VALUES ('Jamie Young', 'meghan03@yahoo.com', 'jokDmjqLipbnZoPRjtND');
INSERT INTO SYSTEM_ADMINISTRATOR (name, email, password) VALUES ('Jamie Young', 'meghan03@yahoo.com', 'jokDmjqLipbnZoPRjtND');
INSERT INTO ACCOUNTANT (name, email, password) VALUES ('Lisa Holder', 'harrisonmckenzie@yahoo.com', 'PLaeSXPf');
INSERT INTO SYSTEM_ADMINISTRATOR (name, email, password) VALUES ('Lisa Holder', 'harrisonmckenzie@yahoo.com', 'PLaeSXPf');
INSERT INTO ACCOUNTANT (name, email, password) VALUES ('Douglas Murphy', 'suemartin@hotmail.com', 'paayqAvoev');
INSERT INTO SYSTEM_ADMINISTRATOR (name, email, password) VALUES ('Douglas Murphy', 'suemartin@hotmail.com', 'paayqAvoev');
INSERT INTO ACCOUNTANT (name, email, password) VALUES ('Michele Greene', 'emily06@hotmail.com', 'nSnjPXkXGGzA');
INSERT INTO SYSTEM_ADMINISTRATOR (name, email, password) VALUES ('Michele Greene', 'emily06@hotmail.com', 'nSnjPXkXGGzA');
INSERT INTO ACCOUNTANT (name, email, password) VALUES ('Diane Ward', 'theresaprice@gmail.com', 'TreGooBpcnZNxdXB');
INSERT INTO SYSTEM_ADMINISTRATOR (name, email, password) VALUES ('Diane Ward', 'theresaprice@gmail.com', 'TreGooBpcnZNxdXB');
INSERT INTO ACCOUNTANT (name, email, password) VALUES ('Adam Bowman', 'jeffreygonzalez@hotmail.com', 'URHVWmBbUYjZ');
INSERT INTO SYSTEM_ADMINISTRATOR (name, email, password) VALUES ('Adam Bowman', 'jeffreygonzalez@hotmail.com', 'URHVWmBbUYjZ');
INSERT INTO ACCOUNTANT (name, email, password) VALUES ('Derek Mora', 'ylynn@gmail.com', 'DftpZottDIoNj');
INSERT INTO SYSTEM_ADMINISTRATOR (name, email, password) VALUES ('Derek Mora', 'ylynn@gmail.com', 'DftpZottDIoNj');
INSERT INTO ACCOUNTANT (name, email, password) VALUES ('Courtney Harris', 'montoyajoyce@gmail.com', 'EFtfejqUnkqE');
INSERT INTO SYSTEM_ADMINISTRATOR (name, email, password) VALUES ('Courtney Harris', 'montoyajoyce@gmail.com', 'EFtfejqUnkqE');
INSERT INTO ACCOUNTANT (name, email, password) VALUES ('Abigail Valenzuela', 'xthomas@hotmail.com', 'uAKdtebeFFgmmeqtdAM');
INSERT INTO SYSTEM_ADMINISTRATOR (name, email, password) VALUES ('Abigail Valenzuela', 'xthomas@hotmail.com', 'uAKdtebeFFgmmeqtdAM');
INSERT INTO ACCOUNTANT (name, email, password) VALUES ('Gary Lane', 'dmartinez@gmail.com', 'gGGMISgCyIXXhag');
INSERT INTO SYSTEM_ADMINISTRATOR (name, email, password) VALUES ('Gary Lane', 'dmartinez@gmail.com', 'gGGMISgCyIXXhag');
INSERT INTO ACCOUNTANT (name, email, password) VALUES ('Cathy Salinas', 'joseph69@yahoo.com', 'YFPooJgsKsnby');
INSERT INTO SYSTEM_ADMINISTRATOR (name, email, password) VALUES ('Cathy Salinas', 'joseph69@yahoo.com', 'YFPooJgsKsnby');
INSERT INTO ACCOUNTANT (name, email, password) VALUES ('Tammy Hayes', 'loriperez@yahoo.com', 'xeZJvvCJRuFzommX');
INSERT INTO SYSTEM_ADMINISTRATOR (name, email, password) VALUES ('Tammy Hayes', 'loriperez@yahoo.com', 'xeZJvvCJRuFzommX');
INSERT INTO ACCOUNTANT (name, email, password) VALUES ('Michele Boyd', 'melanieburns@gmail.com', 'fmhunPAXhhphqj');
INSERT INTO SYSTEM_ADMINISTRATOR (name, email, password) VALUES ('Michele Boyd', 'melanieburns@gmail.com', 'fmhunPAXhhphqj');
INSERT INTO ACCOUNTANT (name, email, password) VALUES ('Jennifer Mcfarland', 'rachelmiller@hotmail.com', 'EyHUKJzmEoXjJnrh');
INSERT INTO SYSTEM_ADMINISTRATOR (name, email, password) VALUES ('Jennifer Mcfarland', 'rachelmiller@hotmail.com', 'EyHUKJzmEoXjJnrh');
INSERT INTO ACCOUNTANT (name, email, password) VALUES ('James Welch', 'harriseric@gmail.com', 'ABfCvLkPlGaymESbSRHr');
INSERT INTO SYSTEM_ADMINISTRATOR (name, email, password) VALUES ('James Welch', 'harriseric@gmail.com', 'ABfCvLkPlGaymESbSRHr');
INSERT INTO ACCOUNTANT (name, email, password) VALUES ('Adam Nixon', 'allison00@gmail.com', 'iFMrxoLdLOL');
INSERT INTO SYSTEM_ADMINISTRATOR (name, email, password) VALUES ('Adam Nixon', 'allison00@gmail.com', 'iFMrxoLdLOL');
INSERT INTO ACCOUNTANT (name, email, password) VALUES ('Michael Phillips', 'michaelcoffey@yahoo.com', 'DMiToaxFobNdhTyINYPb');
INSERT INTO SYSTEM_ADMINISTRATOR (name, email, password) VALUES ('Michael Phillips', 'michaelcoffey@yahoo.com', 'DMiToaxFobNdhTyINYPb');
INSERT INTO ACCOUNTANT (name, email, password) VALUES ('Amanda Gonzalez', 'banksvictoria@gmail.com', 'hAAeXlsaiysYKNWS');
INSERT INTO SYSTEM_ADMINISTRATOR (name, email, password) VALUES ('Amanda Gonzalez', 'banksvictoria@gmail.com', 'hAAeXlsaiysYKNWS');
INSERT INTO ACCOUNTANT (name, email, password) VALUES ('Michael Collier', 'lisa39@gmail.com', 'tjHQArLFJXkW');
INSERT INTO SYSTEM_ADMINISTRATOR (name, email, password) VALUES ('Michael Collier', 'lisa39@gmail.com', 'tjHQArLFJXkW');
INSERT INTO ACCOUNTANT (name, email, password) VALUES ('Ashley Green', 'sgarcia@yahoo.com', 'WIcfcuhd');
INSERT INTO SYSTEM_ADMINISTRATOR (name, email, password) VALUES ('Ashley Green', 'sgarcia@yahoo.com', 'WIcfcuhd');
INSERT INTO ACCOUNTANT (name, email, password) VALUES ('Raymond Atkins', 'kingluis@hotmail.com', 'IdNGYZeFp');
INSERT INTO SYSTEM_ADMINISTRATOR (name, email, password) VALUES ('Raymond Atkins', 'kingluis@hotmail.com', 'IdNGYZeFp');
INSERT INTO ACCOUNTANT (name, email, password) VALUES ('Diana Mendoza', 'ryansanchez@yahoo.com', 'RwodiNrXXiTvNZNiZeRT');
INSERT INTO SYSTEM_ADMINISTRATOR (name, email, password) VALUES ('Diana Mendoza', 'ryansanchez@yahoo.com', 'RwodiNrXXiTvNZNiZeRT');
INSERT INTO ACCOUNTANT (name, email, password) VALUES ('Richard Romero', 'ibennett@yahoo.com', 'IzvjLlZNGeDQdv');
INSERT INTO SYSTEM_ADMINISTRATOR (name, email, password) VALUES ('Richard Romero', 'ibennett@yahoo.com', 'IzvjLlZNGeDQdv');
INSERT INTO ACCOUNTANT (name, email, password) VALUES ('Roger Jenkins', 'bendermathew@hotmail.com', 'hAuSOEurpHeky');
INSERT INTO SYSTEM_ADMINISTRATOR (name, email, password) VALUES ('Roger Jenkins', 'bendermathew@hotmail.com', 'hAuSOEurpHeky');
INSERT INTO ACCOUNTANT (name, email, password) VALUES ('Lauren Walker', 'michaelbrown@yahoo.com', 'zOnqXstMbgwFsJ');
INSERT INTO SYSTEM_ADMINISTRATOR (name, email, password) VALUES ('Lauren Walker', 'michaelbrown@yahoo.com', 'zOnqXstMbgwFsJ');
INSERT INTO ACCOUNTANT (name, email, password) VALUES ('Keith Hoffman', 'megan88@yahoo.com', 'WVZXKvlbGMkULzO');
INSERT INTO SYSTEM_ADMINISTRATOR (name, email, password) VALUES ('Keith Hoffman', 'megan88@yahoo.com', 'WVZXKvlbGMkULzO');
INSERT INTO ACCOUNTANT (name, email, password) VALUES ('Cynthia King', 'bschmidt@gmail.com', 'DAOiYmeYoxHDfehMrY');
INSERT INTO SYSTEM_ADMINISTRATOR (name, email, password) VALUES ('Cynthia King', 'bschmidt@gmail.com', 'DAOiYmeYoxHDfehMrY');
INSERT INTO ACCOUNTANT (name, email, password) VALUES ('Jenny Torres', 'tinanielsen@gmail.com', 'EyqDBIDeCVCmfFY');
INSERT INTO SYSTEM_ADMINISTRATOR (name, email, password) VALUES ('Jenny Torres', 'tinanielsen@gmail.com', 'EyqDBIDeCVCmfFY');
INSERT INTO ACCOUNTANT (name, email, password) VALUES ('Kathleen Bradley', 'espinozasuzanne@yahoo.com', 'idpOJFlvyWIMvyTjtri');
INSERT INTO SYSTEM_ADMINISTRATOR (name, email, password) VALUES ('Kathleen Bradley', 'espinozasuzanne@yahoo.com', 'idpOJFlvyWIMvyTjtri');
INSERT INTO ACCOUNTANT (name, email, password) VALUES ('Tyler Cox', 'elizabeth57@yahoo.com', 'eyZWyjdWxyuXakXZePS');
INSERT INTO SYSTEM_ADMINISTRATOR (name, email, password) VALUES ('Tyler Cox', 'elizabeth57@yahoo.com', 'eyZWyjdWxyuXakXZePS');
INSERT INTO ACCOUNTANT (name, email, password) VALUES ('Robert Rodriguez', 'robertsmith@yahoo.com', 'HYUCQgtJIIlm');
INSERT INTO SYSTEM_ADMINISTRATOR (name, email, password) VALUES ('Robert Rodriguez', 'robertsmith@yahoo.com', 'HYUCQgtJIIlm');
INSERT INTO ACCOUNTANT (name, email, password) VALUES ('Christopher Marks', 'perrywendy@gmail.com', 'iqRyeULuIgKwuCDWJRI');
INSERT INTO SYSTEM_ADMINISTRATOR (name, email, password) VALUES ('Christopher Marks', 'perrywendy@gmail.com', 'iqRyeULuIgKwuCDWJRI');
INSERT INTO ACCOUNTANT (name, email, password) VALUES ('Carrie Henry', 'wodom@hotmail.com', 'uGrJBAgTdQjcMdKXxW');
INSERT INTO SYSTEM_ADMINISTRATOR (name, email, password) VALUES ('Carrie Henry', 'wodom@hotmail.com', 'uGrJBAgTdQjcMdKXxW');
INSERT INTO ACCOUNTANT (name, email, password) VALUES ('Troy Cooper', 'tiffany68@hotmail.com', 'faeSAbWbsOFPrGbRy');
INSERT INTO SYSTEM_ADMINISTRATOR (name, email, password) VALUES ('Troy Cooper', 'tiffany68@hotmail.com', 'faeSAbWbsOFPrGbRy');
INSERT INTO ACCOUNTANT (name, email, password) VALUES ('Ryan Hill', 'nhart@yahoo.com', 'chlcVJFnhQzf');
INSERT INTO SYSTEM_ADMINISTRATOR (name, email, password) VALUES ('Ryan Hill', 'nhart@yahoo.com', 'chlcVJFnhQzf');
INSERT INTO ACCOUNTANT (name, email, password) VALUES ('Emily Underwood', 'daniel35@gmail.com', 'wRpPuksXNTjpqp');
INSERT INTO SYSTEM_ADMINISTRATOR (name, email, password) VALUES ('Emily Underwood', 'daniel35@gmail.com', 'wRpPuksXNTjpqp');
INSERT INTO ACCOUNTANT (name, email, password) VALUES ('Natalie Sullivan', 'kristinvillegas@hotmail.com', 'YiWdOybXrF');
INSERT INTO SYSTEM_ADMINISTRATOR (name, email, password) VALUES ('Natalie Sullivan', 'kristinvillegas@hotmail.com', 'YiWdOybXrF');
INSERT INTO ACCOUNTANT (name, email, password) VALUES ('Frank Scott', 'davidrose@yahoo.com', 'wymEiuPFLYYnggDUrn');
INSERT INTO SYSTEM_ADMINISTRATOR (name, email, password) VALUES ('Frank Scott', 'davidrose@yahoo.com', 'wymEiuPFLYYnggDUrn');
INSERT INTO ACCOUNTANT (name, email, password) VALUES ('Matthew Sharp', 'sriggs@hotmail.com', 'JyfBUkEaCISVV');
INSERT INTO SYSTEM_ADMINISTRATOR (name, email, password) VALUES ('Matthew Sharp', 'sriggs@hotmail.com', 'JyfBUkEaCISVV');
INSERT INTO ACCOUNTANT (name, email, password) VALUES ('Colin Williams', 'andersonjeremy@yahoo.com', 'yCSFmkQTCUR');
INSERT INTO SYSTEM_ADMINISTRATOR (name, email, password) VALUES ('Colin Williams', 'andersonjeremy@yahoo.com', 'yCSFmkQTCUR');
INSERT INTO ACCOUNTANT (name, email, password) VALUES ('Shannon Hooper', 'cynthiamoore@hotmail.com', 'NoAWrskKTagLyEAqSd');
INSERT INTO SYSTEM_ADMINISTRATOR (name, email, password) VALUES ('Shannon Hooper', 'cynthiamoore@hotmail.com', 'NoAWrskKTagLyEAqSd');
INSERT INTO ACCOUNTANT (name, email, password) VALUES ('Anthony Rodriguez', 'shawmiguel@hotmail.com', 'VbrNPBUm');
INSERT INTO SYSTEM_ADMINISTRATOR (name, email, password) VALUES ('Anthony Rodriguez', 'shawmiguel@hotmail.com', 'VbrNPBUm');
INSERT INTO ACCOUNTANT (name, email, password) VALUES ('Monica Lee', 'ashley39@yahoo.com', 'lYccZhagNBE');
INSERT INTO SYSTEM_ADMINISTRATOR (name, email, password) VALUES ('Monica Lee', 'ashley39@yahoo.com', 'lYccZhagNBE');
INSERT INTO ACCOUNTANT (name, email, password) VALUES ('Steven Bruce', 'andrea12@gmail.com', 'cHfBesnyqZfEexmgjlz');
INSERT INTO SYSTEM_ADMINISTRATOR (name, email, password) VALUES ('Steven Bruce', 'andrea12@gmail.com', 'cHfBesnyqZfEexmgjlz');
INSERT INTO ACCOUNTANT (name, email, password) VALUES ('Katherine Duran', 'jamesalexandra@gmail.com', 'hJrBNzRXELizVDyBZr');
INSERT INTO SYSTEM_ADMINISTRATOR (name, email, password) VALUES ('Katherine Duran', 'jamesalexandra@gmail.com', 'hJrBNzRXELizVDyBZr');
INSERT INTO ACCOUNTANT (name, email, password) VALUES ('Grace Mahoney', 'fhall@yahoo.com', 'RFlSuRqUPfbP');
INSERT INTO SYSTEM_ADMINISTRATOR (name, email, password) VALUES ('Grace Mahoney', 'fhall@yahoo.com', 'RFlSuRqUPfbP');
INSERT INTO ACCOUNTANT (name, email, password) VALUES ('Melissa Garcia', 'elizabethtaylor@hotmail.com', 'zWyCVBLKmyDz');
INSERT INTO SYSTEM_ADMINISTRATOR (name, email, password) VALUES ('Melissa Garcia', 'elizabethtaylor@hotmail.com', 'zWyCVBLKmyDz');
INSERT INTO ACCOUNTANT (name, email, password) VALUES ('Susan Smith', 'gonzalezjudy@gmail.com', 'WBWzEWschKkSRBVPZ');
INSERT INTO SYSTEM_ADMINISTRATOR (name, email, password) VALUES ('Susan Smith', 'gonzalezjudy@gmail.com', 'WBWzEWschKkSRBVPZ');
INSERT INTO ACCOUNTANT (name, email, password) VALUES ('Shawn Weber', 'jonathan62@hotmail.com', 'cSrXakSGjG');
INSERT INTO SYSTEM_ADMINISTRATOR (name, email, password) VALUES ('Shawn Weber', 'jonathan62@hotmail.com', 'cSrXakSGjG');
INSERT INTO ACCOUNTANT (name, email, password) VALUES ('Sarah White', 'xhall@gmail.com', 'tUIVqivrTpToiA');
INSERT INTO SYSTEM_ADMINISTRATOR (name, email, password) VALUES ('Sarah White', 'xhall@gmail.com', 'tUIVqivrTpToiA');
INSERT INTO ACCOUNTANT (name, email, password) VALUES ('Maria Reed DDS', 'ymitchell@gmail.com', 'hdYpJFPqTBFzrqMOCEe');
INSERT INTO SYSTEM_ADMINISTRATOR (name, email, password) VALUES ('Maria Reed DDS', 'ymitchell@gmail.com', 'hdYpJFPqTBFzrqMOCEe');
INSERT INTO ACCOUNTANT (name, email, password) VALUES ('Tina Olson', 'stephenjones@hotmail.com', 'DuxWuBrgIOfJ');
INSERT INTO SYSTEM_ADMINISTRATOR (name, email, password) VALUES ('Tina Olson', 'stephenjones@hotmail.com', 'DuxWuBrgIOfJ');
INSERT INTO ACCOUNTANT (name, email, password) VALUES ('Amy Barnett', 'smithnicholas@yahoo.com', 'bDkSPgxWMMyrYOhMCr');
INSERT INTO SYSTEM_ADMINISTRATOR (name, email, password) VALUES ('Amy Barnett', 'smithnicholas@yahoo.com', 'bDkSPgxWMMyrYOhMCr');
INSERT INTO ACCOUNTANT (name, email, password) VALUES ('Rita Jenkins', 'powelldiane@yahoo.com', 'VtuqxezbynpHLSpQm');
INSERT INTO SYSTEM_ADMINISTRATOR (name, email, password) VALUES ('Rita Jenkins', 'powelldiane@yahoo.com', 'VtuqxezbynpHLSpQm');
INSERT INTO ACCOUNTANT (name, email, password) VALUES ('Martha Esparza', 'smithsandra@gmail.com', 'OpDypvFVOdOnCrC');
INSERT INTO SYSTEM_ADMINISTRATOR (name, email, password) VALUES ('Martha Esparza', 'smithsandra@gmail.com', 'OpDypvFVOdOnCrC');
INSERT INTO ACCOUNTANT (name, email, password) VALUES ('Kathy Moran', 'jason51@gmail.com', 'NZcypDoLFObbwy');
INSERT INTO SYSTEM_ADMINISTRATOR (name, email, password) VALUES ('Kathy Moran', 'jason51@gmail.com', 'NZcypDoLFObbwy');
INSERT INTO ACCOUNTANT (name, email, password) VALUES ('James Stewart', 'susancampbell@hotmail.com', 'xIjwcJekzfK');
INSERT INTO SYSTEM_ADMINISTRATOR (name, email, password) VALUES ('James Stewart', 'susancampbell@hotmail.com', 'xIjwcJekzfK');
INSERT INTO ACCOUNTANT (name, email, password) VALUES ('Jerry King', 'zolsen@yahoo.com', 'aYUPfTuupMCifYdzmU');
INSERT INTO SYSTEM_ADMINISTRATOR (name, email, password) VALUES ('Jerry King', 'zolsen@yahoo.com', 'aYUPfTuupMCifYdzmU');
INSERT INTO ACCOUNTANT (name, email, password) VALUES ('Cassandra Roach', 'skinnerkayla@gmail.com', 'tDnZUUEIbyDwMqPudKx');
INSERT INTO SYSTEM_ADMINISTRATOR (name, email, password) VALUES ('Cassandra Roach', 'skinnerkayla@gmail.com', 'tDnZUUEIbyDwMqPudKx');
INSERT INTO ACCOUNTANT (name, email, password) VALUES ('Kenneth Weeks', 'briannapope@yahoo.com', 'dXMoikLyWuNADskYYO');
INSERT INTO SYSTEM_ADMINISTRATOR (name, email, password) VALUES ('Kenneth Weeks', 'briannapope@yahoo.com', 'dXMoikLyWuNADskYYO');
INSERT INTO ACCOUNTANT (name, email, password) VALUES ('Jenna Collins', 'hmcdonald@yahoo.com', 'moFGbqoUt');
INSERT INTO SYSTEM_ADMINISTRATOR (name, email, password) VALUES ('Jenna Collins', 'hmcdonald@yahoo.com', 'moFGbqoUt');
INSERT INTO ACCOUNTANT (name, email, password) VALUES ('Tim Russell', 'pbecker@gmail.com', 'sAtcFsZXdkhPDiFD');
INSERT INTO SYSTEM_ADMINISTRATOR (name, email, password) VALUES ('Tim Russell', 'pbecker@gmail.com', 'sAtcFsZXdkhPDiFD');
INSERT INTO ACCOUNTANT (name, email, password) VALUES ('Isaiah Miles', 'reyesaudrey@gmail.com', 'hyGbPEEKiKW');
INSERT INTO SYSTEM_ADMINISTRATOR (name, email, password) VALUES ('Isaiah Miles', 'reyesaudrey@gmail.com', 'hyGbPEEKiKW');
INSERT INTO ACCOUNTANT (name, email, password) VALUES ('Melissa Johnson', 'rpadilla@hotmail.com', 'OBvjbuOzRipZHBKp');
INSERT INTO SYSTEM_ADMINISTRATOR (name, email, password) VALUES ('Melissa Johnson', 'rpadilla@hotmail.com', 'OBvjbuOzRipZHBKp');
INSERT INTO ACCOUNTANT (name, email, password) VALUES ('Lori Clark', 'cheryl48@hotmail.com', 'jwNOlJwECNstrI');
INSERT INTO SYSTEM_ADMINISTRATOR (name, email, password) VALUES ('Lori Clark', 'cheryl48@hotmail.com', 'jwNOlJwECNstrI');
INSERT INTO ACCOUNTANT (name, email, password) VALUES ('Monique Miller', 'randynichols@yahoo.com', 'nYhscYLWPsKtpCMvVXSA');
INSERT INTO SYSTEM_ADMINISTRATOR (name, email, password) VALUES ('Monique Miller', 'randynichols@yahoo.com', 'nYhscYLWPsKtpCMvVXSA');
INSERT INTO ACCOUNTANT (name, email, password) VALUES ('Lisa Smith', 'karen52@hotmail.com', 'JFyBBUpRHbYquRVDSL');
INSERT INTO SYSTEM_ADMINISTRATOR (name, email, password) VALUES ('Lisa Smith', 'karen52@hotmail.com', 'JFyBBUpRHbYquRVDSL');
INSERT INTO ACCOUNTANT (name, email, password) VALUES ('Whitney Porter', 'torresjennifer@gmail.com', 'nZkXOcwBwcH');
INSERT INTO SYSTEM_ADMINISTRATOR (name, email, password) VALUES ('Whitney Porter', 'torresjennifer@gmail.com', 'nZkXOcwBwcH');
INSERT INTO ACCOUNTANT (name, email, password) VALUES ('Anthony Jacobs', 'hernandezjill@hotmail.com', 'dhUDEjEjLpUMriffT');
INSERT INTO SYSTEM_ADMINISTRATOR (name, email, password) VALUES ('Anthony Jacobs', 'hernandezjill@hotmail.com', 'dhUDEjEjLpUMriffT');
INSERT INTO ACCOUNTANT (name, email, password) VALUES ('Randall Miranda', 'markharris@gmail.com', 'chJXFWCFwCij');
INSERT INTO SYSTEM_ADMINISTRATOR (name, email, password) VALUES ('Randall Miranda', 'markharris@gmail.com', 'chJXFWCFwCij');
INSERT INTO ACCOUNTANT (name, email, password) VALUES ('Christina Levy', 'danderson@gmail.com', 'tYWrFgVGdcIdzBvjPYC');
INSERT INTO SYSTEM_ADMINISTRATOR (name, email, password) VALUES ('Christina Levy', 'danderson@gmail.com', 'tYWrFgVGdcIdzBvjPYC');
INSERT INTO ACCOUNTANT (name, email, password) VALUES ('John Norris', 'ronaldbrown@hotmail.com', 'EqcbtlqnWF');
INSERT INTO SYSTEM_ADMINISTRATOR (name, email, password) VALUES ('John Norris', 'ronaldbrown@hotmail.com', 'EqcbtlqnWF');
INSERT INTO ACCOUNTANT (name, email, password) VALUES ('Theresa Scott', 'rclayton@gmail.com', 'TvTylaugHfJgrvx');
INSERT INTO SYSTEM_ADMINISTRATOR (name, email, password) VALUES ('Theresa Scott', 'rclayton@gmail.com', 'TvTylaugHfJgrvx');
INSERT INTO ACCOUNTANT (name, email, password) VALUES ('Vincent Wyatt', 'lortiz@hotmail.com', 'FVEhexkjR');
INSERT INTO SYSTEM_ADMINISTRATOR (name, email, password) VALUES ('Vincent Wyatt', 'lortiz@hotmail.com', 'FVEhexkjR');
INSERT INTO ACCOUNTANT (name, email, password) VALUES ('Paul Silva', 'websterjoshua@yahoo.com', 'cTPrZrSLXlklCl');
INSERT INTO SYSTEM_ADMINISTRATOR (name, email, password) VALUES ('Paul Silva', 'websterjoshua@yahoo.com', 'cTPrZrSLXlklCl');
INSERT INTO ACCOUNTANT (name, email, password) VALUES ('Stephen Harper', 'syoung@gmail.com', 'abijWNoe');
INSERT INTO SYSTEM_ADMINISTRATOR (name, email, password) VALUES ('Stephen Harper', 'syoung@gmail.com', 'abijWNoe');
INSERT INTO ACCOUNTANT (name, email, password) VALUES ('Brian Hester', 'fordtyler@yahoo.com', 'jZUrzIri');
INSERT INTO SYSTEM_ADMINISTRATOR (name, email, password) VALUES ('Brian Hester', 'fordtyler@yahoo.com', 'jZUrzIri');
INSERT INTO ACCOUNTANT (name, email, password) VALUES ('John Smith', 'michael99@hotmail.com', 'bhGkdHVhFxhCwc');
INSERT INTO SYSTEM_ADMINISTRATOR (name, email, password) VALUES ('John Smith', 'michael99@hotmail.com', 'bhGkdHVhFxhCwc');
INSERT INTO ACCOUNTANT (name, email, password) VALUES ('Audrey Turner', 'brookesutton@yahoo.com', 'wwLjxCQXWnvqTs');
INSERT INTO SYSTEM_ADMINISTRATOR (name, email, password) VALUES ('Audrey Turner', 'brookesutton@yahoo.com', 'wwLjxCQXWnvqTs');
INSERT INTO ACCOUNTANT (name, email, password) VALUES ('Melissa Santiago', 'cnelson@gmail.com', 'vfcEIAiYzxRwtHESE');
INSERT INTO SYSTEM_ADMINISTRATOR (name, email, password) VALUES ('Melissa Santiago', 'cnelson@gmail.com', 'vfcEIAiYzxRwtHESE');
INSERT INTO ACCOUNTANT (name, email, password) VALUES ('Sean Barnes', 'sward@yahoo.com', 'HvkJLwLH');
INSERT INTO SYSTEM_ADMINISTRATOR (name, email, password) VALUES ('Sean Barnes', 'sward@yahoo.com', 'HvkJLwLH');
INSERT INTO ACCOUNTANT (name, email, password) VALUES ('Michael Carrillo', 'johnsonapril@yahoo.com', 'NiLolntitWfiBeAnlnH');
INSERT INTO SYSTEM_ADMINISTRATOR (name, email, password) VALUES ('Michael Carrillo', 'johnsonapril@yahoo.com', 'NiLolntitWfiBeAnlnH');
INSERT INTO ACCOUNTANT (name, email, password) VALUES ('Jeffery Charles', 'joshuarodriguez@hotmail.com', 'XyvbYLWtLg');
INSERT INTO SYSTEM_ADMINISTRATOR (name, email, password) VALUES ('Jeffery Charles', 'joshuarodriguez@hotmail.com', 'XyvbYLWtLg');
INSERT INTO ACCOUNTANT (name, email, password) VALUES ('Richard Mcdaniel', 'lawrencemary@gmail.com', 'loMUAiBYBkrmrNBpwL');
INSERT INTO SYSTEM_ADMINISTRATOR (name, email, password) VALUES ('Richard Mcdaniel', 'lawrencemary@gmail.com', 'loMUAiBYBkrmrNBpwL');
INSERT INTO ACCOUNTANT (name, email, password) VALUES ('Denise Atkins', 'jonathan97@gmail.com', 'cWNKRuum');
INSERT INTO SYSTEM_ADMINISTRATOR (name, email, password) VALUES ('Denise Atkins', 'jonathan97@gmail.com', 'cWNKRuum');
INSERT INTO ACCOUNTANT (name, email, password) VALUES ('Gail Clayton', 'holly86@gmail.com', 'EnjSMtUpkamOZMeGh');
INSERT INTO SYSTEM_ADMINISTRATOR (name, email, password) VALUES ('Gail Clayton', 'holly86@gmail.com', 'EnjSMtUpkamOZMeGh');
INSERT INTO ACCOUNTANT (name, email, password) VALUES ('Christopher Briggs', 'brett69@yahoo.com', 'aabYgSdRxznOAd');
INSERT INTO SYSTEM_ADMINISTRATOR (name, email, password) VALUES ('Christopher Briggs', 'brett69@yahoo.com', 'aabYgSdRxznOAd');
INSERT INTO ACCOUNTANT (name, email, password) VALUES ('Michael Rogers', 'savannah63@hotmail.com', 'KztYZyPFqGCzGRDJNJe');
INSERT INTO SYSTEM_ADMINISTRATOR (name, email, password) VALUES ('Michael Rogers', 'savannah63@hotmail.com', 'KztYZyPFqGCzGRDJNJe');
INSERT INTO ACCOUNTANT (name, email, password) VALUES ('John Terry', 'nancy70@yahoo.com', 'bcQOPwZDzHFcAuLacEPv');
INSERT INTO SYSTEM_ADMINISTRATOR (name, email, password) VALUES ('John Terry', 'nancy70@yahoo.com', 'bcQOPwZDzHFcAuLacEPv');
INSERT INTO ACCOUNTANT (name, email, password) VALUES ('Zachary Thomas', 'gordonthomas@gmail.com', 'HZUzkQLfauOyBWrjs');
INSERT INTO SYSTEM_ADMINISTRATOR (name, email, password) VALUES ('Zachary Thomas', 'gordonthomas@gmail.com', 'HZUzkQLfauOyBWrjs');
INSERT INTO ACCOUNTANT (name, email, password) VALUES ('Kaitlin Carter', 'benjamin04@hotmail.com', 'lzzQqRcDP');
INSERT INTO SYSTEM_ADMINISTRATOR (name, email, password) VALUES ('Kaitlin Carter', 'benjamin04@hotmail.com', 'lzzQqRcDP');
INSERT INTO ACCOUNTANT (name, email, password) VALUES ('Jonathan Haney', 'yball@yahoo.com', 'THNXXfRKzRVbhpA');
INSERT INTO SYSTEM_ADMINISTRATOR (name, email, password) VALUES ('Jonathan Haney', 'yball@yahoo.com', 'THNXXfRKzRVbhpA');
INSERT INTO ACCOUNTANT (name, email, password) VALUES ('Darren Ball', 'vancecheryl@gmail.com', 'tJwWLvrwugaZ');
INSERT INTO SYSTEM_ADMINISTRATOR (name, email, password) VALUES ('Darren Ball', 'vancecheryl@gmail.com', 'tJwWLvrwugaZ');
INSERT INTO ACCOUNTANT (name, email, password) VALUES ('Randy Kim', 'james20@yahoo.com', 'BOrFdwwPUVXvbB');
INSERT INTO SYSTEM_ADMINISTRATOR (name, email, password) VALUES ('Randy Kim', 'james20@yahoo.com', 'BOrFdwwPUVXvbB');
INSERT INTO ACCOUNTANT (name, email, password) VALUES ('Michael Thompson', 'cunninghamstephanie@yahoo.com', 'OWKRRqzZWRJsVf');
INSERT INTO SYSTEM_ADMINISTRATOR (name, email, password) VALUES ('Michael Thompson', 'cunninghamstephanie@yahoo.com', 'OWKRRqzZWRJsVf');
INSERT INTO ACCOUNTANT (name, email, password) VALUES ('Robert Carter', 'dominique50@hotmail.com', 'DdeSNaDuVgVy');
INSERT INTO SYSTEM_ADMINISTRATOR (name, email, password) VALUES ('Robert Carter', 'dominique50@hotmail.com', 'DdeSNaDuVgVy');
INSERT INTO ACCOUNTANT (name, email, password) VALUES ('Roger Reyes', 'brandonhernandez@hotmail.com', 'yyDfPUhHdZmPpAxsKWNL');
INSERT INTO SYSTEM_ADMINISTRATOR (name, email, password) VALUES ('Roger Reyes', 'brandonhernandez@hotmail.com', 'yyDfPUhHdZmPpAxsKWNL');
INSERT INTO ACCOUNTANT (name, email, password) VALUES ('Dustin Guerrero', 'davidwade@hotmail.com', 'vitatYqCpcvfncBuJ');
INSERT INTO SYSTEM_ADMINISTRATOR (name, email, password) VALUES ('Dustin Guerrero', 'davidwade@hotmail.com', 'vitatYqCpcvfncBuJ');
INSERT INTO ACCOUNTANT (name, email, password) VALUES ('Robyn Grimes', 'christopher72@yahoo.com', 'hkoLBBRvKjpkh');
INSERT INTO SYSTEM_ADMINISTRATOR (name, email, password) VALUES ('Robyn Grimes', 'christopher72@yahoo.com', 'hkoLBBRvKjpkh');
INSERT INTO ACCOUNTANT (name, email, password) VALUES ('James Jones', 'diamondgreen@gmail.com', 'IoTwfxmfyMhx');
INSERT INTO SYSTEM_ADMINISTRATOR (name, email, password) VALUES ('James Jones', 'diamondgreen@gmail.com', 'IoTwfxmfyMhx');
INSERT INTO ACCOUNTANT (name, email, password) VALUES ('Aaron Martin', 'ashley71@gmail.com', 'UPihcCsyPcNdgcMwlJ');
INSERT INTO SYSTEM_ADMINISTRATOR (name, email, password) VALUES ('Aaron Martin', 'ashley71@gmail.com', 'UPihcCsyPcNdgcMwlJ');
INSERT INTO ACCOUNTANT (name, email, password) VALUES ('Victoria Jones', 'thomas72@gmail.com', 'XdSgnHBsKJCqcp');
INSERT INTO SYSTEM_ADMINISTRATOR (name, email, password) VALUES ('Victoria Jones', 'thomas72@gmail.com', 'XdSgnHBsKJCqcp');
INSERT INTO ACCOUNTANT (name, email, password) VALUES ('Rodney Guerrero', 'ekim@yahoo.com', 'nrrbQFLeghan');
INSERT INTO SYSTEM_ADMINISTRATOR (name, email, password) VALUES ('Rodney Guerrero', 'ekim@yahoo.com', 'nrrbQFLeghan');
INSERT INTO ACCOUNTANT (name, email, password) VALUES ('Kathy Page', 'ryanrollins@yahoo.com', 'VAuWauJluWoPIUGqOPm');
INSERT INTO SYSTEM_ADMINISTRATOR (name, email, password) VALUES ('Kathy Page', 'ryanrollins@yahoo.com', 'VAuWauJluWoPIUGqOPm');
INSERT INTO ACCOUNTANT (name, email, password) VALUES ('Justin Hickman', 'sara36@hotmail.com', 'dpkexUOwmNsguNZLo');
INSERT INTO SYSTEM_ADMINISTRATOR (name, email, password) VALUES ('Justin Hickman', 'sara36@hotmail.com', 'dpkexUOwmNsguNZLo');
INSERT INTO ACCOUNTANT (name, email, password) VALUES ('Stephen Jenkins', 'davidlarson@gmail.com', 'HhbAdJEyfBakwy');
INSERT INTO SYSTEM_ADMINISTRATOR (name, email, password) VALUES ('Stephen Jenkins', 'davidlarson@gmail.com', 'HhbAdJEyfBakwy');
INSERT INTO ACCOUNTANT (name, email, password) VALUES ('William Rogers', 'katherine86@hotmail.com', 'RwHeRdSgnjbAJMyG');
INSERT INTO SYSTEM_ADMINISTRATOR (name, email, password) VALUES ('William Rogers', 'katherine86@hotmail.com', 'RwHeRdSgnjbAJMyG');
INSERT INTO ACCOUNTANT (name, email, password) VALUES ('Timothy Palmer', 'xjohnson@yahoo.com', 'ryHabOey');
INSERT INTO SYSTEM_ADMINISTRATOR (name, email, password) VALUES ('Timothy Palmer', 'xjohnson@yahoo.com', 'ryHabOey');
INSERT INTO ACCOUNTANT (name, email, password) VALUES ('David White', 'dtaylor@hotmail.com', 'AtWXqHAeqjfs');
INSERT INTO SYSTEM_ADMINISTRATOR (name, email, password) VALUES ('David White', 'dtaylor@hotmail.com', 'AtWXqHAeqjfs');
INSERT INTO ACCOUNTANT (name, email, password) VALUES ('Ellen Ramsey', 'yhowell@yahoo.com', 'CEovmgJKDP');
INSERT INTO SYSTEM_ADMINISTRATOR (name, email, password) VALUES ('Ellen Ramsey', 'yhowell@yahoo.com', 'CEovmgJKDP');
INSERT INTO ACCOUNTANT (name, email, password) VALUES ('Mr. Gerald Williamson', 'alyssa62@yahoo.com', 'wQKgDSlVIiCQzTokHg');
INSERT INTO SYSTEM_ADMINISTRATOR (name, email, password) VALUES ('Mr. Gerald Williamson', 'alyssa62@yahoo.com', 'wQKgDSlVIiCQzTokHg');
INSERT INTO ACCOUNTANT (name, email, password) VALUES ('Brandy Pacheco', 'richard38@gmail.com', 'ClwNYcFHfzEdtc');
INSERT INTO SYSTEM_ADMINISTRATOR (name, email, password) VALUES ('Brandy Pacheco', 'richard38@gmail.com', 'ClwNYcFHfzEdtc');
INSERT INTO ACCOUNTANT (name, email, password) VALUES ('Lynn Vargas', 'kylekline@yahoo.com', 'nbAHuKoiDfRFvJ');
INSERT INTO SYSTEM_ADMINISTRATOR (name, email, password) VALUES ('Lynn Vargas', 'kylekline@yahoo.com', 'nbAHuKoiDfRFvJ');
INSERT INTO ACCOUNTANT (name, email, password) VALUES ('Renee Hughes', 'dylanbarber@hotmail.com', 'LvSfYlyQpGWmtOqm');
INSERT INTO SYSTEM_ADMINISTRATOR (name, email, password) VALUES ('Renee Hughes', 'dylanbarber@hotmail.com', 'LvSfYlyQpGWmtOqm');
INSERT INTO ACCOUNTANT (name, email, password) VALUES ('Charles Martinez', 'waderobert@gmail.com', 'mHFNusKHbIREju');
INSERT INTO SYSTEM_ADMINISTRATOR (name, email, password) VALUES ('Charles Martinez', 'waderobert@gmail.com', 'mHFNusKHbIREju');
INSERT INTO ACCOUNTANT (name, email, password) VALUES ('Justin Potter', 'brittneywood@hotmail.com', 'uxFMGbJYHTtMsUeYihHd');
INSERT INTO SYSTEM_ADMINISTRATOR (name, email, password) VALUES ('Justin Potter', 'brittneywood@hotmail.com', 'uxFMGbJYHTtMsUeYihHd');
INSERT INTO ACCOUNTANT (name, email, password) VALUES ('Charles Schroeder', 'patrick06@hotmail.com', 'GYjpyeGxpSzCt');
INSERT INTO SYSTEM_ADMINISTRATOR (name, email, password) VALUES ('Charles Schroeder', 'patrick06@hotmail.com', 'GYjpyeGxpSzCt');
INSERT INTO ACCOUNTANT (name, email, password) VALUES ('Daniel Lee', 'jasonjones@hotmail.com', 'dsHPpuXeRcmJHPD');
INSERT INTO SYSTEM_ADMINISTRATOR (name, email, password) VALUES ('Daniel Lee', 'jasonjones@hotmail.com', 'dsHPpuXeRcmJHPD');
INSERT INTO ACCOUNTANT (name, email, password) VALUES ('John Ford', 'xkrause@gmail.com', 'QgCzyQDMvfXEejmZ');
INSERT INTO SYSTEM_ADMINISTRATOR (name, email, password) VALUES ('John Ford', 'xkrause@gmail.com', 'QgCzyQDMvfXEejmZ');
INSERT INTO ACCOUNTANT (name, email, password) VALUES ('Jennifer Mckenzie', 'umercer@yahoo.com', 'NglrdCVuggWYjTCYqYLx');
INSERT INTO SYSTEM_ADMINISTRATOR (name, email, password) VALUES ('Jennifer Mckenzie', 'umercer@yahoo.com', 'NglrdCVuggWYjTCYqYLx');
INSERT INTO ACCOUNTANT (name, email, password) VALUES ('David Stevenson', 'eric69@yahoo.com', 'BYcDZCDGjFnmy');
INSERT INTO SYSTEM_ADMINISTRATOR (name, email, password) VALUES ('David Stevenson', 'eric69@yahoo.com', 'BYcDZCDGjFnmy');
INSERT INTO ACCOUNTANT (name, email, password) VALUES ('John Crawford', 'matthew77@yahoo.com', 'uNBqPARda');
INSERT INTO SYSTEM_ADMINISTRATOR (name, email, password) VALUES ('John Crawford', 'matthew77@yahoo.com', 'uNBqPARda');
INSERT INTO ACCOUNTANT (name, email, password) VALUES ('Amy Moon', 'brandon07@hotmail.com', 'xGgzIXlPPKiJEaPMxPr');
INSERT INTO SYSTEM_ADMINISTRATOR (name, email, password) VALUES ('Amy Moon', 'brandon07@hotmail.com', 'xGgzIXlPPKiJEaPMxPr');
INSERT INTO ACCOUNTANT (name, email, password) VALUES ('Amber Brandt', 'stephensimmons@hotmail.com', 'DFsCrSUjvPtS');
INSERT INTO SYSTEM_ADMINISTRATOR (name, email, password) VALUES ('Amber Brandt', 'stephensimmons@hotmail.com', 'DFsCrSUjvPtS');
INSERT INTO ACCOUNTANT (name, email, password) VALUES ('John Walker', 'michaelrichard@gmail.com', 'ytyxWvGzAYMmnDfeR');
INSERT INTO SYSTEM_ADMINISTRATOR (name, email, password) VALUES ('John Walker', 'michaelrichard@gmail.com', 'ytyxWvGzAYMmnDfeR');
INSERT INTO ACCOUNTANT (name, email, password) VALUES ('Harry Burch', 'lcolon@yahoo.com', 'ScLAbetszKtALzX');
INSERT INTO SYSTEM_ADMINISTRATOR (name, email, password) VALUES ('Harry Burch', 'lcolon@yahoo.com', 'ScLAbetszKtALzX');
INSERT INTO ACCOUNTANT (name, email, password) VALUES ('Luis Williams', 'antoniobennett@yahoo.com', 'dNvTfNkAAfKuYg');
INSERT INTO SYSTEM_ADMINISTRATOR (name, email, password) VALUES ('Luis Williams', 'antoniobennett@yahoo.com', 'dNvTfNkAAfKuYg');
INSERT INTO ACCOUNTANT (name, email, password) VALUES ('Jordan Norton', 'bsullivan@hotmail.com', 'szGYXbfyqFpva');
INSERT INTO SYSTEM_ADMINISTRATOR (name, email, password) VALUES ('Jordan Norton', 'bsullivan@hotmail.com', 'szGYXbfyqFpva');
INSERT INTO ACCOUNTANT (name, email, password) VALUES ('Carol Mitchell', 'dlin@yahoo.com', 'fjKivYlNsGnPW');
INSERT INTO SYSTEM_ADMINISTRATOR (name, email, password) VALUES ('Carol Mitchell', 'dlin@yahoo.com', 'fjKivYlNsGnPW');
INSERT INTO ACCOUNTANT (name, email, password) VALUES ('Lawrence Fletcher Jr.', 'amber75@gmail.com', 'TnFLJZegqlPQiNLMiSH');
INSERT INTO SYSTEM_ADMINISTRATOR (name, email, password) VALUES ('Lawrence Fletcher Jr.', 'amber75@gmail.com', 'TnFLJZegqlPQiNLMiSH');
INSERT INTO ACCOUNTANT (name, email, password) VALUES ('Lisa Fitzpatrick', 'nicolemyers@yahoo.com', 'nTdGGGZpVtuYwMas');
INSERT INTO SYSTEM_ADMINISTRATOR (name, email, password) VALUES ('Lisa Fitzpatrick', 'nicolemyers@yahoo.com', 'nTdGGGZpVtuYwMas');
INSERT INTO ACCOUNTANT (name, email, password) VALUES ('Carol Smith', 'bradley32@hotmail.com', 'DYPIixzqHUebsCXwT');
INSERT INTO SYSTEM_ADMINISTRATOR (name, email, password) VALUES ('Carol Smith', 'bradley32@hotmail.com', 'DYPIixzqHUebsCXwT');
INSERT INTO ACCOUNTANT (name, email, password) VALUES ('Douglas Murray', 'dcook@hotmail.com', 'vlENnxFnjXMcMVzodhLW');
INSERT INTO SYSTEM_ADMINISTRATOR (name, email, password) VALUES ('Douglas Murray', 'dcook@hotmail.com', 'vlENnxFnjXMcMVzodhLW');
INSERT INTO ACCOUNTANT (name, email, password) VALUES ('Roger Smith', 'sheiladiaz@yahoo.com', 'UFkTkUtpWjtUOMaothPb');
INSERT INTO SYSTEM_ADMINISTRATOR (name, email, password) VALUES ('Roger Smith', 'sheiladiaz@yahoo.com', 'UFkTkUtpWjtUOMaothPb');
INSERT INTO ACCOUNTANT (name, email, password) VALUES ('Joseph Stephens', 'turnerchristine@yahoo.com', 'waGpQcJDCqicBjsjDv');
INSERT INTO SYSTEM_ADMINISTRATOR (name, email, password) VALUES ('Joseph Stephens', 'turnerchristine@yahoo.com', 'waGpQcJDCqicBjsjDv');
INSERT INTO ACCOUNTANT (name, email, password) VALUES ('Mindy Harrell', 'elizabeth78@yahoo.com', 'zdfNYDNRF');
INSERT INTO SYSTEM_ADMINISTRATOR (name, email, password) VALUES ('Mindy Harrell', 'elizabeth78@yahoo.com', 'zdfNYDNRF');
INSERT INTO ACCOUNTANT (name, email, password) VALUES ('Carrie Acosta', 'qsmith@hotmail.com', 'OzQzhYZgHvUX');
INSERT INTO SYSTEM_ADMINISTRATOR (name, email, password) VALUES ('Carrie Acosta', 'qsmith@hotmail.com', 'OzQzhYZgHvUX');
INSERT INTO ACCOUNTANT (name, email, password) VALUES ('Kari Rodriguez', 'awagner@hotmail.com', 'WejPyJKomUH');
INSERT INTO SYSTEM_ADMINISTRATOR (name, email, password) VALUES ('Kari Rodriguez', 'awagner@hotmail.com', 'WejPyJKomUH');
INSERT INTO ACCOUNTANT (name, email, password) VALUES ('Rose Anthony', 'gonzalezwilliam@yahoo.com', 'pJPQgOLUyefpG');
INSERT INTO SYSTEM_ADMINISTRATOR (name, email, password) VALUES ('Rose Anthony', 'gonzalezwilliam@yahoo.com', 'pJPQgOLUyefpG');
INSERT INTO ACCOUNTANT (name, email, password) VALUES ('Stephen Daniels', 'courtneywilson@gmail.com', 'MAgkAnomultGmTikWcX');
INSERT INTO SYSTEM_ADMINISTRATOR (name, email, password) VALUES ('Stephen Daniels', 'courtneywilson@gmail.com', 'MAgkAnomultGmTikWcX');
INSERT INTO ACCOUNTANT (name, email, password) VALUES ('Christopher Knight', 'rguzman@yahoo.com', 'PtgiXVTBpBdpbcJewLC');
INSERT INTO SYSTEM_ADMINISTRATOR (name, email, password) VALUES ('Christopher Knight', 'rguzman@yahoo.com', 'PtgiXVTBpBdpbcJewLC');
INSERT INTO ACCOUNTANT (name, email, password) VALUES ('Justin Sanchez', 'leonard74@gmail.com', 'RxMuaVKPGzHgZr');
INSERT INTO SYSTEM_ADMINISTRATOR (name, email, password) VALUES ('Justin Sanchez', 'leonard74@gmail.com', 'RxMuaVKPGzHgZr');
INSERT INTO ACCOUNTANT (name, email, password) VALUES ('John Benitez', 'bnguyen@gmail.com', 'bzpJBUSPY');
INSERT INTO SYSTEM_ADMINISTRATOR (name, email, password) VALUES ('John Benitez', 'bnguyen@gmail.com', 'bzpJBUSPY');
INSERT INTO ACCOUNTANT (name, email, password) VALUES ('Shelby Howard', 'justinsmith@yahoo.com', 'iftfBdyDRwvZs');
INSERT INTO SYSTEM_ADMINISTRATOR (name, email, password) VALUES ('Shelby Howard', 'justinsmith@yahoo.com', 'iftfBdyDRwvZs');
INSERT INTO ACCOUNTANT (name, email, password) VALUES ('Richard Duarte', 'loganjill@hotmail.com', 'aGeYOKKGMDBapgNAKxU');
INSERT INTO SYSTEM_ADMINISTRATOR (name, email, password) VALUES ('Richard Duarte', 'loganjill@hotmail.com', 'aGeYOKKGMDBapgNAKxU');
INSERT INTO ACCOUNTANT (name, email, password) VALUES ('Scott Garrison', 'michaelsweeney@gmail.com', 'tlGGzGwG');
INSERT INTO SYSTEM_ADMINISTRATOR (name, email, password) VALUES ('Scott Garrison', 'michaelsweeney@gmail.com', 'tlGGzGwG');
INSERT INTO ACCOUNTANT (name, email, password) VALUES ('James Garcia', 'ljones@hotmail.com', 'UOhwgEVuXKsdORGBtJSU');
INSERT INTO SYSTEM_ADMINISTRATOR (name, email, password) VALUES ('James Garcia', 'ljones@hotmail.com', 'UOhwgEVuXKsdORGBtJSU');
INSERT INTO ACCOUNTANT (name, email, password) VALUES ('Thomas Rowland', 'margaretbuchanan@gmail.com', 'xcNfQiJoovkmxrLdPcZh');
INSERT INTO SYSTEM_ADMINISTRATOR (name, email, password) VALUES ('Thomas Rowland', 'margaretbuchanan@gmail.com', 'xcNfQiJoovkmxrLdPcZh');
INSERT INTO ACCOUNTANT (name, email, password) VALUES ('Thomas Morgan', 'ejohnson@yahoo.com', 'CUlWKYALq');
INSERT INTO SYSTEM_ADMINISTRATOR (name, email, password) VALUES ('Thomas Morgan', 'ejohnson@yahoo.com', 'CUlWKYALq');
INSERT INTO ACCOUNTANT (name, email, password) VALUES ('Paul White', 'barnesnatalie@hotmail.com', 'dGIjedWexnvjQE');
INSERT INTO SYSTEM_ADMINISTRATOR (name, email, password) VALUES ('Paul White', 'barnesnatalie@hotmail.com', 'dGIjedWexnvjQE');
INSERT INTO ACCOUNTANT (name, email, password) VALUES ('Miranda Peterson', 'gina04@yahoo.com', 'bdRzsTWiEobPxNMVWQ');
INSERT INTO SYSTEM_ADMINISTRATOR (name, email, password) VALUES ('Miranda Peterson', 'gina04@yahoo.com', 'bdRzsTWiEobPxNMVWQ');
INSERT INTO ACCOUNTANT (name, email, password) VALUES ('Brandon Patel', 'jamesgarza@gmail.com', 'UppjqBBFGFGCaiqeATl');
INSERT INTO SYSTEM_ADMINISTRATOR (name, email, password) VALUES ('Brandon Patel', 'jamesgarza@gmail.com', 'UppjqBBFGFGCaiqeATl');
INSERT INTO ACCOUNTANT (name, email, password) VALUES ('James Mcdonald', 'chrishernandez@gmail.com', 'hiUSdeNePOlda');
INSERT INTO SYSTEM_ADMINISTRATOR (name, email, password) VALUES ('James Mcdonald', 'chrishernandez@gmail.com', 'hiUSdeNePOlda');
INSERT INTO ACCOUNTANT (name, email, password) VALUES ('Brian Wood', 'sierra23@yahoo.com', 'UYARHNFAitucdtFSaF');
INSERT INTO SYSTEM_ADMINISTRATOR (name, email, password) VALUES ('Brian Wood', 'sierra23@yahoo.com', 'UYARHNFAitucdtFSaF');
INSERT INTO ACCOUNTANT (name, email, password) VALUES ('Pedro Ryan', 'robert73@hotmail.com', 'vMApVgaB');
INSERT INTO SYSTEM_ADMINISTRATOR (name, email, password) VALUES ('Pedro Ryan', 'robert73@hotmail.com', 'vMApVgaB');
INSERT INTO ACCOUNTANT (name, email, password) VALUES ('Kathryn Lynch', 'paigethompson@yahoo.com', 'tXFaDbcYjESqkb');
INSERT INTO SYSTEM_ADMINISTRATOR (name, email, password) VALUES ('Kathryn Lynch', 'paigethompson@yahoo.com', 'tXFaDbcYjESqkb');
INSERT INTO ACCOUNTANT (name, email, password) VALUES ('Kimberly Allen', 'ishields@yahoo.com', 'ehpSvvmK');
INSERT INTO SYSTEM_ADMINISTRATOR (name, email, password) VALUES ('Kimberly Allen', 'ishields@yahoo.com', 'ehpSvvmK');
INSERT INTO ACCOUNTANT (name, email, password) VALUES ('Lisa Collier', 'xking@hotmail.com', 'whiuQIFnVb');
INSERT INTO SYSTEM_ADMINISTRATOR (name, email, password) VALUES ('Lisa Collier', 'xking@hotmail.com', 'whiuQIFnVb');
INSERT INTO ACCOUNTANT (name, email, password) VALUES ('Kristy Gaines', 'robertryan@gmail.com', 'wbqaArQSw');
INSERT INTO SYSTEM_ADMINISTRATOR (name, email, password) VALUES ('Kristy Gaines', 'robertryan@gmail.com', 'wbqaArQSw');
INSERT INTO ACCOUNTANT (name, email, password) VALUES ('Mark Owens', 'kimberlybrown@yahoo.com', 'NTyRrweYgarCMPKRL');
INSERT INTO SYSTEM_ADMINISTRATOR (name, email, password) VALUES ('Mark Owens', 'kimberlybrown@yahoo.com', 'NTyRrweYgarCMPKRL');
INSERT INTO ACCOUNTANT (name, email, password) VALUES ('Shawn Williams', 'michaelowens@hotmail.com', 'vHfDRovadwR');
INSERT INTO SYSTEM_ADMINISTRATOR (name, email, password) VALUES ('Shawn Williams', 'michaelowens@hotmail.com', 'vHfDRovadwR');
INSERT INTO ACCOUNTANT (name, email, password) VALUES ('Robin Harris', 'hollybrown@gmail.com', 'XjqzeEhejNWKcR');
INSERT INTO SYSTEM_ADMINISTRATOR (name, email, password) VALUES ('Robin Harris', 'hollybrown@gmail.com', 'XjqzeEhejNWKcR');
INSERT INTO ACCOUNTANT (name, email, password) VALUES ('Crystal Jones', 'shernandez@gmail.com', 'dhbdotozp');
INSERT INTO SYSTEM_ADMINISTRATOR (name, email, password) VALUES ('Crystal Jones', 'shernandez@gmail.com', 'dhbdotozp');
INSERT INTO ACCOUNTANT (name, email, password) VALUES ('Deanna Reed', 'tylererin@yahoo.com', 'PecbgKdUJcLyLQA');
INSERT INTO SYSTEM_ADMINISTRATOR (name, email, password) VALUES ('Deanna Reed', 'tylererin@yahoo.com', 'PecbgKdUJcLyLQA');
INSERT INTO ACCOUNTANT (name, email, password) VALUES ('Richard Bautista', 'jwilliams@hotmail.com', 'PYUqCCVZvcuOuHe');
INSERT INTO SYSTEM_ADMINISTRATOR (name, email, password) VALUES ('Richard Bautista', 'jwilliams@hotmail.com', 'PYUqCCVZvcuOuHe');
INSERT INTO ACCOUNTANT (name, email, password) VALUES ('Amanda Joseph', 'jnelson@gmail.com', 'coTydCyLHsSe');
INSERT INTO SYSTEM_ADMINISTRATOR (name, email, password) VALUES ('Amanda Joseph', 'jnelson@gmail.com', 'coTydCyLHsSe');
INSERT INTO ACCOUNTANT (name, email, password) VALUES ('Gabriel Lester', 'kenneth22@yahoo.com', 'OPfOOXAjiAOSYuJ');
INSERT INTO SYSTEM_ADMINISTRATOR (name, email, password) VALUES ('Gabriel Lester', 'kenneth22@yahoo.com', 'OPfOOXAjiAOSYuJ');
INSERT INTO ACCOUNTANT (name, email, password) VALUES ('Scott Boyd', 'john23@gmail.com', 'ybwDbIsJoejbPB');
INSERT INTO SYSTEM_ADMINISTRATOR (name, email, password) VALUES ('Scott Boyd', 'john23@gmail.com', 'ybwDbIsJoejbPB');
INSERT INTO ACCOUNTANT (name, email, password) VALUES ('Kenneth Le', 'kgomez@hotmail.com', 'jKKEIKGWQHTddO');
INSERT INTO SYSTEM_ADMINISTRATOR (name, email, password) VALUES ('Kenneth Le', 'kgomez@hotmail.com', 'jKKEIKGWQHTddO');
INSERT INTO ACCOUNTANT (name, email, password) VALUES ('Darlene Cross', 'turneremily@yahoo.com', 'TKzIJglf');
INSERT INTO SYSTEM_ADMINISTRATOR (name, email, password) VALUES ('Darlene Cross', 'turneremily@yahoo.com', 'TKzIJglf');
INSERT INTO ACCOUNTANT (name, email, password) VALUES ('Eric Rivera', 'thomasphelps@hotmail.com', 'GXbsJIVEOeVXQjm');
INSERT INTO SYSTEM_ADMINISTRATOR (name, email, password) VALUES ('Eric Rivera', 'thomasphelps@hotmail.com', 'GXbsJIVEOeVXQjm');
INSERT INTO ACCOUNTANT (name, email, password) VALUES ('Sharon Santos', 'zflores@hotmail.com', 'HTNSfETJcyuvqzdVAtyc');
INSERT INTO SYSTEM_ADMINISTRATOR (name, email, password) VALUES ('Sharon Santos', 'zflores@hotmail.com', 'HTNSfETJcyuvqzdVAtyc');
INSERT INTO ACCOUNTANT (name, email, password) VALUES ('Alan Levy', 'deborahbooth@hotmail.com', 'JCiBOvQSeWuUQnoMmaYO');
INSERT INTO SYSTEM_ADMINISTRATOR (name, email, password) VALUES ('Alan Levy', 'deborahbooth@hotmail.com', 'JCiBOvQSeWuUQnoMmaYO');
INSERT INTO ACCOUNTANT (name, email, password) VALUES ('Jasmine Escobar', 'suzannewade@hotmail.com', 'iPzhCJTunNfmoFXqirsi');
INSERT INTO SYSTEM_ADMINISTRATOR (name, email, password) VALUES ('Jasmine Escobar', 'suzannewade@hotmail.com', 'iPzhCJTunNfmoFXqirsi');
INSERT INTO ACCOUNTANT (name, email, password) VALUES ('Stephen Weiss', 'ojordan@gmail.com', 'AqLrGHuvOxdv');
INSERT INTO SYSTEM_ADMINISTRATOR (name, email, password) VALUES ('Stephen Weiss', 'ojordan@gmail.com', 'AqLrGHuvOxdv');
INSERT INTO ACCOUNTANT (name, email, password) VALUES ('Pamela Mercer', 'lisawhite@gmail.com', 'OiXUjVaDwyYOWQcx');
INSERT INTO SYSTEM_ADMINISTRATOR (name, email, password) VALUES ('Pamela Mercer', 'lisawhite@gmail.com', 'OiXUjVaDwyYOWQcx');
INSERT INTO ACCOUNTANT (name, email, password) VALUES ('Brenda Farrell', 'bushtracy@hotmail.com', 'vdbVMACuQtlTvRPl');
INSERT INTO SYSTEM_ADMINISTRATOR (name, email, password) VALUES ('Brenda Farrell', 'bushtracy@hotmail.com', 'vdbVMACuQtlTvRPl');
INSERT INTO ACCOUNTANT (name, email, password) VALUES ('David Thompson', 'acarlson@hotmail.com', 'CwpTGJicvDreLQBVGw');
INSERT INTO SYSTEM_ADMINISTRATOR (name, email, password) VALUES ('David Thompson', 'acarlson@hotmail.com', 'CwpTGJicvDreLQBVGw');
INSERT INTO ACCOUNTANT (name, email, password) VALUES ('Sara Humphrey DDS', 'wendy58@yahoo.com', 'cwBNCNIwRvF');
INSERT INTO SYSTEM_ADMINISTRATOR (name, email, password) VALUES ('Sara Humphrey DDS', 'wendy58@yahoo.com', 'cwBNCNIwRvF');
INSERT INTO ACCOUNTANT (name, email, password) VALUES ('Natalie Willis', 'rossbrooke@gmail.com', 'giJkIaaIQorcRhvBldTj');
INSERT INTO SYSTEM_ADMINISTRATOR (name, email, password) VALUES ('Natalie Willis', 'rossbrooke@gmail.com', 'giJkIaaIQorcRhvBldTj');
INSERT INTO ACCOUNTANT (name, email, password) VALUES ('Sarah Flores', 'jessica04@hotmail.com', 'fxFnJjSBqxN');
INSERT INTO SYSTEM_ADMINISTRATOR (name, email, password) VALUES ('Sarah Flores', 'jessica04@hotmail.com', 'fxFnJjSBqxN');
INSERT INTO ACCOUNTANT (name, email, password) VALUES ('William Vasquez', 'vrichardson@hotmail.com', 'zdHGaJJTIgHtaILdIOCp');
INSERT INTO SYSTEM_ADMINISTRATOR (name, email, password) VALUES ('William Vasquez', 'vrichardson@hotmail.com', 'zdHGaJJTIgHtaILdIOCp');
INSERT INTO ACCOUNTANT (name, email, password) VALUES ('Mark Wilson', 'steven09@hotmail.com', 'kzLZfJapPbXldCDyT');
INSERT INTO SYSTEM_ADMINISTRATOR (name, email, password) VALUES ('Mark Wilson', 'steven09@hotmail.com', 'kzLZfJapPbXldCDyT');
INSERT INTO ACCOUNTANT (name, email, password) VALUES ('Rachel Saunders', 'melindaromero@hotmail.com', 'VEZSBfCrpyJBJq');
INSERT INTO SYSTEM_ADMINISTRATOR (name, email, password) VALUES ('Rachel Saunders', 'melindaromero@hotmail.com', 'VEZSBfCrpyJBJq');
INSERT INTO ACCOUNTANT (name, email, password) VALUES ('Jesse Hall', 'rodriguezrachel@gmail.com', 'YItltQTwNMSjLpavkUNr');
INSERT INTO SYSTEM_ADMINISTRATOR (name, email, password) VALUES ('Jesse Hall', 'rodriguezrachel@gmail.com', 'YItltQTwNMSjLpavkUNr');
INSERT INTO ACCOUNTANT (name, email, password) VALUES ('Debra Lee', 'josephbrandon@hotmail.com', 'CjilEeNkMLlVi');
INSERT INTO SYSTEM_ADMINISTRATOR (name, email, password) VALUES ('Debra Lee', 'josephbrandon@hotmail.com', 'CjilEeNkMLlVi');
INSERT INTO ACCOUNTANT (name, email, password) VALUES ('Christopher Stevenson', 'ajohnson@gmail.com', 'KhCOHWtnG');
INSERT INTO SYSTEM_ADMINISTRATOR (name, email, password) VALUES ('Christopher Stevenson', 'ajohnson@gmail.com', 'KhCOHWtnG');
INSERT INTO ACCOUNTANT (name, email, password) VALUES ('Andrew Williamson', 'cleon@yahoo.com', 'cDZyYWquYgGnFAkA');
INSERT INTO SYSTEM_ADMINISTRATOR (name, email, password) VALUES ('Andrew Williamson', 'cleon@yahoo.com', 'cDZyYWquYgGnFAkA');
INSERT INTO ACCOUNTANT (name, email, password) VALUES ('Eric Zimmerman', 'kayla83@hotmail.com', 'oPXOehnRRcNza');
INSERT INTO SYSTEM_ADMINISTRATOR (name, email, password) VALUES ('Eric Zimmerman', 'kayla83@hotmail.com', 'oPXOehnRRcNza');
INSERT INTO ACCOUNTANT (name, email, password) VALUES ('Theresa Lewis', 'christopherchurch@hotmail.com', 'RQQbaQghwyuGWd');
INSERT INTO SYSTEM_ADMINISTRATOR (name, email, password) VALUES ('Theresa Lewis', 'christopherchurch@hotmail.com', 'RQQbaQghwyuGWd');
INSERT INTO ACCOUNTANT (name, email, password) VALUES ('Travis Barnett', 'tammypowell@gmail.com', 'otjXmHaVpyAu');
INSERT INTO SYSTEM_ADMINISTRATOR (name, email, password) VALUES ('Travis Barnett', 'tammypowell@gmail.com', 'otjXmHaVpyAu');
INSERT INTO ACCOUNTANT (name, email, password) VALUES ('Christopher Cline', 'amy94@yahoo.com', 'mPnmPRujzbxIKduGNesg');
INSERT INTO SYSTEM_ADMINISTRATOR (name, email, password) VALUES ('Christopher Cline', 'amy94@yahoo.com', 'mPnmPRujzbxIKduGNesg');
INSERT INTO ACCOUNTANT (name, email, password) VALUES ('Michael Miller', 'michaeltapia@yahoo.com', 'HGAkgTvnDSeakEFpqlDg');
INSERT INTO SYSTEM_ADMINISTRATOR (name, email, password) VALUES ('Michael Miller', 'michaeltapia@yahoo.com', 'HGAkgTvnDSeakEFpqlDg');
INSERT INTO ACCOUNTANT (name, email, password) VALUES ('Tyler Hernandez', 'upena@yahoo.com', 'tFsyxzsdYZ');
INSERT INTO SYSTEM_ADMINISTRATOR (name, email, password) VALUES ('Tyler Hernandez', 'upena@yahoo.com', 'tFsyxzsdYZ');
INSERT INTO ACCOUNTANT (name, email, password) VALUES ('Alex Cook', 'jeffrey70@hotmail.com', 'udozUWhwSCCscvfqG');
INSERT INTO SYSTEM_ADMINISTRATOR (name, email, password) VALUES ('Alex Cook', 'jeffrey70@hotmail.com', 'udozUWhwSCCscvfqG');
INSERT INTO ACCOUNTANT (name, email, password) VALUES ('George Keller', 'christina77@gmail.com', 'tAUPGbzTIdRkDLbJRn');
INSERT INTO SYSTEM_ADMINISTRATOR (name, email, password) VALUES ('George Keller', 'christina77@gmail.com', 'tAUPGbzTIdRkDLbJRn');
INSERT INTO ACCOUNTANT (name, email, password) VALUES ('Catherine Hall', 'underwoodbeth@gmail.com', 'IrYUcalGrQwzO');
INSERT INTO SYSTEM_ADMINISTRATOR (name, email, password) VALUES ('Catherine Hall', 'underwoodbeth@gmail.com', 'IrYUcalGrQwzO');
INSERT INTO ACCOUNTANT (name, email, password) VALUES ('Robert Hendricks Jr.', 'eileenthompson@gmail.com', 'DmRsKuwpIHmAKnbtWGI');
INSERT INTO SYSTEM_ADMINISTRATOR (name, email, password) VALUES ('Robert Hendricks Jr.', 'eileenthompson@gmail.com', 'DmRsKuwpIHmAKnbtWGI');
INSERT INTO ACCOUNTANT (name, email, password) VALUES ('Lisa Freeman', 'marshallrobert@hotmail.com', 'gDCeXqshEiDAjJR');
INSERT INTO SYSTEM_ADMINISTRATOR (name, email, password) VALUES ('Lisa Freeman', 'marshallrobert@hotmail.com', 'gDCeXqshEiDAjJR');
INSERT INTO ACCOUNTANT (name, email, password) VALUES ('John Bailey', 'ihall@hotmail.com', 'YpQQWMuXQfsVQp');
INSERT INTO SYSTEM_ADMINISTRATOR (name, email, password) VALUES ('John Bailey', 'ihall@hotmail.com', 'YpQQWMuXQfsVQp');
INSERT INTO ACCOUNTANT (name, email, password) VALUES ('Michael Tyler', 'thodge@yahoo.com', 'aGJOWggRdFZJuf');
INSERT INTO SYSTEM_ADMINISTRATOR (name, email, password) VALUES ('Michael Tyler', 'thodge@yahoo.com', 'aGJOWggRdFZJuf');
INSERT INTO ACCOUNTANT (name, email, password) VALUES ('Natasha Powell', 'frankmorris@hotmail.com', 'YcpPJppN');
INSERT INTO SYSTEM_ADMINISTRATOR (name, email, password) VALUES ('Natasha Powell', 'frankmorris@hotmail.com', 'YcpPJppN');
INSERT INTO ACCOUNTANT (name, email, password) VALUES ('Nicholas Lopez MD', 'james45@hotmail.com', 'OZknxKam');
INSERT INTO SYSTEM_ADMINISTRATOR (name, email, password) VALUES ('Nicholas Lopez MD', 'james45@hotmail.com', 'OZknxKam');
INSERT INTO ACCOUNTANT (name, email, password) VALUES ('Rachael Robbins', 'pchung@gmail.com', 'mdMxaHezpD');
INSERT INTO SYSTEM_ADMINISTRATOR (name, email, password) VALUES ('Rachael Robbins', 'pchung@gmail.com', 'mdMxaHezpD');
INSERT INTO ACCOUNTANT (name, email, password) VALUES ('Erica Hull', 'aprilmarquez@gmail.com', 'QDUGPLwOknwvcQ');
INSERT INTO SYSTEM_ADMINISTRATOR (name, email, password) VALUES ('Erica Hull', 'aprilmarquez@gmail.com', 'QDUGPLwOknwvcQ');
INSERT INTO ACCOUNTANT (name, email, password) VALUES ('Daniel Ruiz', 'pjackson@hotmail.com', 'rvrbypLhfRzbn');
INSERT INTO SYSTEM_ADMINISTRATOR (name, email, password) VALUES ('Daniel Ruiz', 'pjackson@hotmail.com', 'rvrbypLhfRzbn');
INSERT INTO ACCOUNTANT (name, email, password) VALUES ('Mary Jenkins', 'jason91@hotmail.com', 'TEemiQRcOOFBXw');
INSERT INTO SYSTEM_ADMINISTRATOR (name, email, password) VALUES ('Mary Jenkins', 'jason91@hotmail.com', 'TEemiQRcOOFBXw');
INSERT INTO ACCOUNTANT (name, email, password) VALUES ('Kevin Davis', 'kevinsuarez@gmail.com', 'NnOltcsCD');
INSERT INTO SYSTEM_ADMINISTRATOR (name, email, password) VALUES ('Kevin Davis', 'kevinsuarez@gmail.com', 'NnOltcsCD');
INSERT INTO ACCOUNTANT (name, email, password) VALUES ('Christina Chandler', 'george89@gmail.com', 'yZntzqWYy');
INSERT INTO SYSTEM_ADMINISTRATOR (name, email, password) VALUES ('Christina Chandler', 'george89@gmail.com', 'yZntzqWYy');
INSERT INTO ACCOUNTANT (name, email, password) VALUES ('Michael Molina', 'william39@hotmail.com', 'VDOXlZjhNwitqXAaJE');
INSERT INTO SYSTEM_ADMINISTRATOR (name, email, password) VALUES ('Michael Molina', 'william39@hotmail.com', 'VDOXlZjhNwitqXAaJE');
INSERT INTO ACCOUNTANT (name, email, password) VALUES ('Maria Fields', 'fordmartin@gmail.com', 'ffhbakAg');
INSERT INTO SYSTEM_ADMINISTRATOR (name, email, password) VALUES ('Maria Fields', 'fordmartin@gmail.com', 'ffhbakAg');
INSERT INTO ACCOUNTANT (name, email, password) VALUES ('Emily Taylor', 'nathan60@hotmail.com', 'syWOrOTeamgkGl');
INSERT INTO SYSTEM_ADMINISTRATOR (name, email, password) VALUES ('Emily Taylor', 'nathan60@hotmail.com', 'syWOrOTeamgkGl');
INSERT INTO ACCOUNTANT (name, email, password) VALUES ('Barbara Campos', 'wattsteresa@hotmail.com', 'ETpQXwwhlhgMHtNMEweh');
INSERT INTO SYSTEM_ADMINISTRATOR (name, email, password) VALUES ('Barbara Campos', 'wattsteresa@hotmail.com', 'ETpQXwwhlhgMHtNMEweh');
INSERT INTO ACCOUNTANT (name, email, password) VALUES ('Donna Hampton', 'qsanchez@gmail.com', 'RbVYJEkWoD');
INSERT INTO SYSTEM_ADMINISTRATOR (name, email, password) VALUES ('Donna Hampton', 'qsanchez@gmail.com', 'RbVYJEkWoD');
INSERT INTO ACCOUNTANT (name, email, password) VALUES ('George Wilson', 'terri22@hotmail.com', 'AXbWZBWecuRyGLYrK');
INSERT INTO SYSTEM_ADMINISTRATOR (name, email, password) VALUES ('George Wilson', 'terri22@hotmail.com', 'AXbWZBWecuRyGLYrK');
INSERT INTO ACCOUNTANT (name, email, password) VALUES ('Martin Kim', 'garrettluis@hotmail.com', 'rxZHnNmtxbWwu');
INSERT INTO SYSTEM_ADMINISTRATOR (name, email, password) VALUES ('Martin Kim', 'garrettluis@hotmail.com', 'rxZHnNmtxbWwu');
INSERT INTO ACCOUNTANT (name, email, password) VALUES ('Robert White', 'campbellmonica@gmail.com', 'kfywPYro');
INSERT INTO SYSTEM_ADMINISTRATOR (name, email, password) VALUES ('Robert White', 'campbellmonica@gmail.com', 'kfywPYro');
INSERT INTO ACCOUNTANT (name, email, password) VALUES ('Thomas Bowers', 'jordan52@yahoo.com', 'IAOwstmpt');
INSERT INTO SYSTEM_ADMINISTRATOR (name, email, password) VALUES ('Thomas Bowers', 'jordan52@yahoo.com', 'IAOwstmpt');
INSERT INTO ACCOUNTANT (name, email, password) VALUES ('Benjamin Shelton', 'nicholsmisty@hotmail.com', 'vanfRgTUwtqjwCgKaG');
INSERT INTO SYSTEM_ADMINISTRATOR (name, email, password) VALUES ('Benjamin Shelton', 'nicholsmisty@hotmail.com', 'vanfRgTUwtqjwCgKaG');
INSERT INTO ACCOUNTANT (name, email, password) VALUES ('Michael Floyd', 'danielstevens@yahoo.com', 'bgejxmaotNF');
INSERT INTO SYSTEM_ADMINISTRATOR (name, email, password) VALUES ('Michael Floyd', 'danielstevens@yahoo.com', 'bgejxmaotNF');
INSERT INTO ACCOUNTANT (name, email, password) VALUES ('Janet Velez', 'steve48@yahoo.com', 'PFbRVvwEs');
INSERT INTO SYSTEM_ADMINISTRATOR (name, email, password) VALUES ('Janet Velez', 'steve48@yahoo.com', 'PFbRVvwEs');
INSERT INTO ACCOUNTANT (name, email, password) VALUES ('Curtis Johnson', 'vanessa36@gmail.com', 'IAAWQoGFGKNfHHvtm');
INSERT INTO SYSTEM_ADMINISTRATOR (name, email, password) VALUES ('Curtis Johnson', 'vanessa36@gmail.com', 'IAAWQoGFGKNfHHvtm');
INSERT INTO ACCOUNTANT (name, email, password) VALUES ('Kelly Jenkins', 'james85@gmail.com', 'DxXYhHqRMLQQc');
INSERT INTO SYSTEM_ADMINISTRATOR (name, email, password) VALUES ('Kelly Jenkins', 'james85@gmail.com', 'DxXYhHqRMLQQc');
INSERT INTO ACCOUNTANT (name, email, password) VALUES ('Jeffrey Campbell', 'wilsonbrittany@yahoo.com', 'HFePuMiRlv');
INSERT INTO SYSTEM_ADMINISTRATOR (name, email, password) VALUES ('Jeffrey Campbell', 'wilsonbrittany@yahoo.com', 'HFePuMiRlv');
INSERT INTO ACCOUNTANT (name, email, password) VALUES ('Theresa Mayo', 'rayjennifer@gmail.com', 'ddaSKZHzsf');
INSERT INTO SYSTEM_ADMINISTRATOR (name, email, password) VALUES ('Theresa Mayo', 'rayjennifer@gmail.com', 'ddaSKZHzsf');
INSERT INTO ACCOUNTANT (name, email, password) VALUES ('Aaron Mayer', 'kswanson@gmail.com', 'wOLPtcQKCCRWtSL');
INSERT INTO SYSTEM_ADMINISTRATOR (name, email, password) VALUES ('Aaron Mayer', 'kswanson@gmail.com', 'wOLPtcQKCCRWtSL');
INSERT INTO ACCOUNTANT (name, email, password) VALUES ('Elizabeth Welch', 'tina59@gmail.com', 'TkWvWUKWbeyw');
INSERT INTO SYSTEM_ADMINISTRATOR (name, email, password) VALUES ('Elizabeth Welch', 'tina59@gmail.com', 'TkWvWUKWbeyw');
INSERT INTO ACCOUNTANT (name, email, password) VALUES ('John Alvarez', 'cbates@gmail.com', 'XWJAomJzGLuTqQTix');
INSERT INTO SYSTEM_ADMINISTRATOR (name, email, password) VALUES ('John Alvarez', 'cbates@gmail.com', 'XWJAomJzGLuTqQTix');
INSERT INTO ACCOUNTANT (name, email, password) VALUES ('Jonathan Burke', 'andrewmoreno@hotmail.com', 'fjVNeOkxswCAdgsOPQ');
INSERT INTO SYSTEM_ADMINISTRATOR (name, email, password) VALUES ('Jonathan Burke', 'andrewmoreno@hotmail.com', 'fjVNeOkxswCAdgsOPQ');
INSERT INTO ACCOUNTANT (name, email, password) VALUES ('Kathryn Tucker', 'porterteresa@hotmail.com', 'rJSHXLQeXIXXE');
INSERT INTO SYSTEM_ADMINISTRATOR (name, email, password) VALUES ('Kathryn Tucker', 'porterteresa@hotmail.com', 'rJSHXLQeXIXXE');
INSERT INTO ACCOUNTANT (name, email, password) VALUES ('Elizabeth Houston', 'aaron56@gmail.com', 'JUDCAlKrhBLONDxs');
INSERT INTO SYSTEM_ADMINISTRATOR (name, email, password) VALUES ('Elizabeth Houston', 'aaron56@gmail.com', 'JUDCAlKrhBLONDxs');
INSERT INTO ACCOUNTANT (name, email, password) VALUES ('Brett Waters', 'lynngilbert@yahoo.com', 'SyGGlzPODamjTMq');
INSERT INTO SYSTEM_ADMINISTRATOR (name, email, password) VALUES ('Brett Waters', 'lynngilbert@yahoo.com', 'SyGGlzPODamjTMq');
INSERT INTO ACCOUNTANT (name, email, password) VALUES ('Andrew Tran', 'gcooper@gmail.com', 'wBxFrTzRdUGcBmpETuCK');
INSERT INTO SYSTEM_ADMINISTRATOR (name, email, password) VALUES ('Andrew Tran', 'gcooper@gmail.com', 'wBxFrTzRdUGcBmpETuCK');
INSERT INTO ACCOUNTANT (name, email, password) VALUES ('Erica Smith', 'woodjohn@yahoo.com', 'BVhRZolsYqL');
INSERT INTO SYSTEM_ADMINISTRATOR (name, email, password) VALUES ('Erica Smith', 'woodjohn@yahoo.com', 'BVhRZolsYqL');
INSERT INTO ACCOUNTANT (name, email, password) VALUES ('David Taylor', 'oliviahutchinson@hotmail.com', 'nMsrNqcrXMdtMg');
INSERT INTO SYSTEM_ADMINISTRATOR (name, email, password) VALUES ('David Taylor', 'oliviahutchinson@hotmail.com', 'nMsrNqcrXMdtMg');
INSERT INTO ACCOUNTANT (name, email, password) VALUES ('Shane Edwards', 'lesliehunt@yahoo.com', 'DMracJHrQddGjIyqWlF');
INSERT INTO SYSTEM_ADMINISTRATOR (name, email, password) VALUES ('Shane Edwards', 'lesliehunt@yahoo.com', 'DMracJHrQddGjIyqWlF');
INSERT INTO ACCOUNTANT (name, email, password) VALUES ('Jennifer Patel', 'pagejeffrey@hotmail.com', 'kPbUVnvctwkLrW');
INSERT INTO SYSTEM_ADMINISTRATOR (name, email, password) VALUES ('Jennifer Patel', 'pagejeffrey@hotmail.com', 'kPbUVnvctwkLrW');
INSERT INTO ACCOUNTANT (name, email, password) VALUES ('Brian Poole', 'mason99@hotmail.com', 'KIvzHRLHpvJQ');
INSERT INTO SYSTEM_ADMINISTRATOR (name, email, password) VALUES ('Brian Poole', 'mason99@hotmail.com', 'KIvzHRLHpvJQ');
INSERT INTO ACCOUNTANT (name, email, password) VALUES ('Kelly Rios', 'rsanders@hotmail.com', 'zEVQtWoPxRklR');
INSERT INTO SYSTEM_ADMINISTRATOR (name, email, password) VALUES ('Kelly Rios', 'rsanders@hotmail.com', 'zEVQtWoPxRklR');
INSERT INTO ACCOUNTANT (name, email, password) VALUES ('Brandy Lowe', 'xmyers@hotmail.com', 'vOstnCbnaI');
INSERT INTO SYSTEM_ADMINISTRATOR (name, email, password) VALUES ('Brandy Lowe', 'xmyers@hotmail.com', 'vOstnCbnaI');
INSERT INTO ACCOUNTANT (name, email, password) VALUES ('Scott Hill', 'andersonbradley@gmail.com', 'AaPeLJUvgaeuE');
INSERT INTO SYSTEM_ADMINISTRATOR (name, email, password) VALUES ('Scott Hill', 'andersonbradley@gmail.com', 'AaPeLJUvgaeuE');
INSERT INTO ACCOUNTANT (name, email, password) VALUES ('Jamie Smith', 'john64@yahoo.com', 'mUYcoUSNprSppsixq');
INSERT INTO SYSTEM_ADMINISTRATOR (name, email, password) VALUES ('Jamie Smith', 'john64@yahoo.com', 'mUYcoUSNprSppsixq');
INSERT INTO ACCOUNTANT (name, email, password) VALUES ('William Martin', 'heathermarshall@hotmail.com', 'RSUIljOYTpIBl');
INSERT INTO SYSTEM_ADMINISTRATOR (name, email, password) VALUES ('William Martin', 'heathermarshall@hotmail.com', 'RSUIljOYTpIBl');
INSERT INTO ACCOUNTANT (name, email, password) VALUES ('Dr. Alicia Woodard', 'usimpson@yahoo.com', 'RxFkcJRfG');
INSERT INTO SYSTEM_ADMINISTRATOR (name, email, password) VALUES ('Dr. Alicia Woodard', 'usimpson@yahoo.com', 'RxFkcJRfG');
INSERT INTO ACCOUNTANT (name, email, password) VALUES ('Ian Craig', 'timothy11@gmail.com', 'fmNDSEuMDGcNwxdBACY');
INSERT INTO SYSTEM_ADMINISTRATOR (name, email, password) VALUES ('Ian Craig', 'timothy11@gmail.com', 'fmNDSEuMDGcNwxdBACY');
INSERT INTO ACCOUNTANT (name, email, password) VALUES ('Michael Edwards', 'aaronjordan@yahoo.com', 'elDGDkHPgHhnOjmtmlZa');
INSERT INTO SYSTEM_ADMINISTRATOR (name, email, password) VALUES ('Michael Edwards', 'aaronjordan@yahoo.com', 'elDGDkHPgHhnOjmtmlZa');
INSERT INTO ACCOUNTANT (name, email, password) VALUES ('Susan Hall', 'katrina28@yahoo.com', 'cRdXnDtdAwynkVKehR');
INSERT INTO SYSTEM_ADMINISTRATOR (name, email, password) VALUES ('Susan Hall', 'katrina28@yahoo.com', 'cRdXnDtdAwynkVKehR');
INSERT INTO ACCOUNTANT (name, email, password) VALUES ('Tonya Douglas', 'heatherbrooks@yahoo.com', 'TVArrQTPxdh');
INSERT INTO SYSTEM_ADMINISTRATOR (name, email, password) VALUES ('Tonya Douglas', 'heatherbrooks@yahoo.com', 'TVArrQTPxdh');
INSERT INTO ACCOUNTANT (name, email, password) VALUES ('Dr. Sandra Howard', 'ashley21@gmail.com', 'ylUqXZkAXvVeaHS');
INSERT INTO SYSTEM_ADMINISTRATOR (name, email, password) VALUES ('Dr. Sandra Howard', 'ashley21@gmail.com', 'ylUqXZkAXvVeaHS');
INSERT INTO ACCOUNTANT (name, email, password) VALUES ('Jeffrey Brooks', 'tony66@hotmail.com', 'vyIFdhCYSZwWaRMu');
INSERT INTO SYSTEM_ADMINISTRATOR (name, email, password) VALUES ('Jeffrey Brooks', 'tony66@hotmail.com', 'vyIFdhCYSZwWaRMu');
INSERT INTO ACCOUNTANT (name, email, password) VALUES ('Kimberly Briggs', 'brian93@gmail.com', 'ztHYDSLKYzTPORu');
INSERT INTO SYSTEM_ADMINISTRATOR (name, email, password) VALUES ('Kimberly Briggs', 'brian93@gmail.com', 'ztHYDSLKYzTPORu');
INSERT INTO ACCOUNTANT (name, email, password) VALUES ('Grace Sellers', 'clementscory@yahoo.com', 'pokofRduvmKpCo');
INSERT INTO SYSTEM_ADMINISTRATOR (name, email, password) VALUES ('Grace Sellers', 'clementscory@yahoo.com', 'pokofRduvmKpCo');
INSERT INTO ACCOUNTANT (name, email, password) VALUES ('Edgar Mcneil', 'mbailey@yahoo.com', 'zOUcclzVJf');
INSERT INTO SYSTEM_ADMINISTRATOR (name, email, password) VALUES ('Edgar Mcneil', 'mbailey@yahoo.com', 'zOUcclzVJf');
INSERT INTO ACCOUNTANT (name, email, password) VALUES ('Joel Carlson', 'jasonsanchez@hotmail.com', 'NkoFBwokQ');
INSERT INTO SYSTEM_ADMINISTRATOR (name, email, password) VALUES ('Joel Carlson', 'jasonsanchez@hotmail.com', 'NkoFBwokQ');
INSERT INTO ACCOUNTANT (name, email, password) VALUES ('Scott Morales', 'davidmartin@gmail.com', 'nVyFSmMq');
INSERT INTO SYSTEM_ADMINISTRATOR (name, email, password) VALUES ('Scott Morales', 'davidmartin@gmail.com', 'nVyFSmMq');
INSERT INTO ACCOUNTANT (name, email, password) VALUES ('Taylor Bennett', 'hallmolly@hotmail.com', 'UuGfqcPJshBUgK');
INSERT INTO SYSTEM_ADMINISTRATOR (name, email, password) VALUES ('Taylor Bennett', 'hallmolly@hotmail.com', 'UuGfqcPJshBUgK');
INSERT INTO ACCOUNTANT (name, email, password) VALUES ('Mrs. Amanda Cook', 'sheltonnancy@yahoo.com', 'sXMHfeFknUGRHUo');
INSERT INTO SYSTEM_ADMINISTRATOR (name, email, password) VALUES ('Mrs. Amanda Cook', 'sheltonnancy@yahoo.com', 'sXMHfeFknUGRHUo');
INSERT INTO ACCOUNTANT (name, email, password) VALUES ('Timothy Scott', 'danielwu@hotmail.com', 'QhnOwvMGJDJMdVzVCmJ');
INSERT INTO SYSTEM_ADMINISTRATOR (name, email, password) VALUES ('Timothy Scott', 'danielwu@hotmail.com', 'QhnOwvMGJDJMdVzVCmJ');
INSERT INTO ACCOUNTANT (name, email, password) VALUES ('Kathryn Lee', 'pam77@hotmail.com', 'sGsSebqovy');
INSERT INTO SYSTEM_ADMINISTRATOR (name, email, password) VALUES ('Kathryn Lee', 'pam77@hotmail.com', 'sGsSebqovy');
INSERT INTO ACCOUNTANT (name, email, password) VALUES ('Sabrina White', 'pierceann@gmail.com', 'NcARjKDnyZKI');
INSERT INTO SYSTEM_ADMINISTRATOR (name, email, password) VALUES ('Sabrina White', 'pierceann@gmail.com', 'NcARjKDnyZKI');
INSERT INTO ACCOUNTANT (name, email, password) VALUES ('Rachel Mendoza', 'janicecrawford@gmail.com', 'PfOvKETxBYJua');
INSERT INTO SYSTEM_ADMINISTRATOR (name, email, password) VALUES ('Rachel Mendoza', 'janicecrawford@gmail.com', 'PfOvKETxBYJua');
INSERT INTO ACCOUNTANT (name, email, password) VALUES ('Casey Harris', 'sarah12@hotmail.com', 'fgzeiJMPvyaybFLKVg');
INSERT INTO SYSTEM_ADMINISTRATOR (name, email, password) VALUES ('Casey Harris', 'sarah12@hotmail.com', 'fgzeiJMPvyaybFLKVg');
INSERT INTO ACCOUNTANT (name, email, password) VALUES ('Ronald Clark', 'npatton@yahoo.com', 'bfqUzsXlAMtHZ');
INSERT INTO SYSTEM_ADMINISTRATOR (name, email, password) VALUES ('Ronald Clark', 'npatton@yahoo.com', 'bfqUzsXlAMtHZ');
INSERT INTO ACCOUNTANT (name, email, password) VALUES ('Kim Nelson', 'raymond90@gmail.com', 'AdipvwLOku');
INSERT INTO SYSTEM_ADMINISTRATOR (name, email, password) VALUES ('Kim Nelson', 'raymond90@gmail.com', 'AdipvwLOku');
INSERT INTO ACCOUNTANT (name, email, password) VALUES ('Jeffrey Riley', 'xthomas@hotmail.com', 'bCFeawWHjupr');
INSERT INTO SYSTEM_ADMINISTRATOR (name, email, password) VALUES ('Jeffrey Riley', 'xthomas@hotmail.com', 'bCFeawWHjupr');
INSERT INTO ACCOUNTANT (name, email, password) VALUES ('Danielle Rojas', 'eoneill@hotmail.com', 'aYXCYIaw');
INSERT INTO SYSTEM_ADMINISTRATOR (name, email, password) VALUES ('Danielle Rojas', 'eoneill@hotmail.com', 'aYXCYIaw');
INSERT INTO ACCOUNTANT (name, email, password) VALUES ('Anna Johnston', 'erikanelson@yahoo.com', 'sSHmpuSG');
INSERT INTO SYSTEM_ADMINISTRATOR (name, email, password) VALUES ('Anna Johnston', 'erikanelson@yahoo.com', 'sSHmpuSG');
INSERT INTO ACCOUNTANT (name, email, password) VALUES ('Eric Fox', 'janice39@gmail.com', 'yfFXeSVDcHIQS');
INSERT INTO SYSTEM_ADMINISTRATOR (name, email, password) VALUES ('Eric Fox', 'janice39@gmail.com', 'yfFXeSVDcHIQS');
INSERT INTO ACCOUNTANT (name, email, password) VALUES ('Rachael Smith', 'lee36@hotmail.com', 'ReZTZTbd');
INSERT INTO SYSTEM_ADMINISTRATOR (name, email, password) VALUES ('Rachael Smith', 'lee36@hotmail.com', 'ReZTZTbd');
INSERT INTO ACCOUNTANT (name, email, password) VALUES ('Jesse Hodge', 'cmann@hotmail.com', 'LOIsxGNyBCXW');
INSERT INTO SYSTEM_ADMINISTRATOR (name, email, password) VALUES ('Jesse Hodge', 'cmann@hotmail.com', 'LOIsxGNyBCXW');
INSERT INTO ACCOUNTANT (name, email, password) VALUES ('Robert Bradley', 'matthewtate@gmail.com', 'fdvPsoOdvpDLDraFPyzi');
INSERT INTO SYSTEM_ADMINISTRATOR (name, email, password) VALUES ('Robert Bradley', 'matthewtate@gmail.com', 'fdvPsoOdvpDLDraFPyzi');
INSERT INTO ACCOUNTANT (name, email, password) VALUES ('Stephanie Osborne', 'tstephens@hotmail.com', 'UgCdSftimEWvCBvG');
INSERT INTO SYSTEM_ADMINISTRATOR (name, email, password) VALUES ('Stephanie Osborne', 'tstephens@hotmail.com', 'UgCdSftimEWvCBvG');
INSERT INTO ACCOUNTANT (name, email, password) VALUES ('Nicholas Mendez', 'reeseemily@hotmail.com', 'qkAmLnhYQbjbEVjqEw');
INSERT INTO SYSTEM_ADMINISTRATOR (name, email, password) VALUES ('Nicholas Mendez', 'reeseemily@hotmail.com', 'qkAmLnhYQbjbEVjqEw');
INSERT INTO ACCOUNTANT (name, email, password) VALUES ('Molly Taylor', 'robertburgess@hotmail.com', 'HDwkUWHvmjrHYSJUw');
INSERT INTO SYSTEM_ADMINISTRATOR (name, email, password) VALUES ('Molly Taylor', 'robertburgess@hotmail.com', 'HDwkUWHvmjrHYSJUw');
INSERT INTO ACCOUNTANT (name, email, password) VALUES ('Madeline Mccarthy', 'phillipsspencer@yahoo.com', 'jaCDNoEXex');
INSERT INTO SYSTEM_ADMINISTRATOR (name, email, password) VALUES ('Madeline Mccarthy', 'phillipsspencer@yahoo.com', 'jaCDNoEXex');
INSERT INTO ACCOUNTANT (name, email, password) VALUES ('Holly Morris', 'kevin39@yahoo.com', 'JKQdhkXHpNexbcIZBYRO');
INSERT INTO SYSTEM_ADMINISTRATOR (name, email, password) VALUES ('Holly Morris', 'kevin39@yahoo.com', 'JKQdhkXHpNexbcIZBYRO');
INSERT INTO ACCOUNTANT (name, email, password) VALUES ('Rebecca Mercado', 'simmonsapril@yahoo.com', 'DVkaYmJDwaibZaLV');
INSERT INTO SYSTEM_ADMINISTRATOR (name, email, password) VALUES ('Rebecca Mercado', 'simmonsapril@yahoo.com', 'DVkaYmJDwaibZaLV');
INSERT INTO ACCOUNTANT (name, email, password) VALUES ('Christopher Maldonado', 'baileyamy@gmail.com', 'gWVmPpvfchi');
INSERT INTO SYSTEM_ADMINISTRATOR (name, email, password) VALUES ('Christopher Maldonado', 'baileyamy@gmail.com', 'gWVmPpvfchi');
INSERT INTO ACCOUNTANT (name, email, password) VALUES ('Kevin Kim', 'rgibson@gmail.com', 'FPQwqHHGpdZzk');
INSERT INTO SYSTEM_ADMINISTRATOR (name, email, password) VALUES ('Kevin Kim', 'rgibson@gmail.com', 'FPQwqHHGpdZzk');
INSERT INTO ACCOUNTANT (name, email, password) VALUES ('Andrew Sanders', 'caleb39@hotmail.com', 'WIJWgLYzEILGq');
INSERT INTO SYSTEM_ADMINISTRATOR (name, email, password) VALUES ('Andrew Sanders', 'caleb39@hotmail.com', 'WIJWgLYzEILGq');
INSERT INTO ACCOUNTANT (name, email, password) VALUES ('Victoria Mata', 'josephbuchanan@yahoo.com', 'PIAVSMrgRrDVAdj');
INSERT INTO SYSTEM_ADMINISTRATOR (name, email, password) VALUES ('Victoria Mata', 'josephbuchanan@yahoo.com', 'PIAVSMrgRrDVAdj');
INSERT INTO ACCOUNTANT (name, email, password) VALUES ('Jonathan Marsh', 'lisamunoz@yahoo.com', 'qQmMXUgxqPzg');
INSERT INTO SYSTEM_ADMINISTRATOR (name, email, password) VALUES ('Jonathan Marsh', 'lisamunoz@yahoo.com', 'qQmMXUgxqPzg');
INSERT INTO ACCOUNTANT (name, email, password) VALUES ('Francisco Rios', 'matthewskayla@gmail.com', 'QiKWwbFfimxTv');
INSERT INTO SYSTEM_ADMINISTRATOR (name, email, password) VALUES ('Francisco Rios', 'matthewskayla@gmail.com', 'QiKWwbFfimxTv');
INSERT INTO ACCOUNTANT (name, email, password) VALUES ('Rebecca Parsons', 'sortega@hotmail.com', 'kchywlLj');
INSERT INTO SYSTEM_ADMINISTRATOR (name, email, password) VALUES ('Rebecca Parsons', 'sortega@hotmail.com', 'kchywlLj');
INSERT INTO ACCOUNTANT (name, email, password) VALUES ('Christian Hart', 'morrisonjohn@yahoo.com', 'aWxQRWJUYkKAuSNlh');
INSERT INTO SYSTEM_ADMINISTRATOR (name, email, password) VALUES ('Christian Hart', 'morrisonjohn@yahoo.com', 'aWxQRWJUYkKAuSNlh');
INSERT INTO ACCOUNTANT (name, email, password) VALUES ('James English', 'sara33@gmail.com', 'cQQBuQjklEZZuTOqcy');
INSERT INTO SYSTEM_ADMINISTRATOR (name, email, password) VALUES ('James English', 'sara33@gmail.com', 'cQQBuQjklEZZuTOqcy');
INSERT INTO ACCOUNTANT (name, email, password) VALUES ('John Brady', 'ugonzalez@hotmail.com', 'ziEaaNVujmWmcMjzEUNP');
INSERT INTO SYSTEM_ADMINISTRATOR (name, email, password) VALUES ('John Brady', 'ugonzalez@hotmail.com', 'ziEaaNVujmWmcMjzEUNP');
INSERT INTO ACCOUNTANT (name, email, password) VALUES ('Eugene Mullins MD', 'brianagarcia@gmail.com', 'RXgHfZToJhuK');
INSERT INTO SYSTEM_ADMINISTRATOR (name, email, password) VALUES ('Eugene Mullins MD', 'brianagarcia@gmail.com', 'RXgHfZToJhuK');
INSERT INTO ACCOUNTANT (name, email, password) VALUES ('Craig Cruz', 'jonathannorton@yahoo.com', 'vbEXPjhH');
INSERT INTO SYSTEM_ADMINISTRATOR (name, email, password) VALUES ('Craig Cruz', 'jonathannorton@yahoo.com', 'vbEXPjhH');
INSERT INTO ACCOUNTANT (name, email, password) VALUES ('Joseph Stein', 'mario83@hotmail.com', 'gKyiWkIfYBhQTLpBJ');
INSERT INTO SYSTEM_ADMINISTRATOR (name, email, password) VALUES ('Joseph Stein', 'mario83@hotmail.com', 'gKyiWkIfYBhQTLpBJ');
INSERT INTO ACCOUNTANT (name, email, password) VALUES ('Maria Kaiser', 'nwilliams@gmail.com', 'WnSfbNKnPGtFCWApjDTf');
INSERT INTO SYSTEM_ADMINISTRATOR (name, email, password) VALUES ('Maria Kaiser', 'nwilliams@gmail.com', 'WnSfbNKnPGtFCWApjDTf');
INSERT INTO ACCOUNTANT (name, email, password) VALUES ('Sheri Harmon MD', 'corey06@hotmail.com', 'CuczOgSTtlppYgsF');
INSERT INTO SYSTEM_ADMINISTRATOR (name, email, password) VALUES ('Sheri Harmon MD', 'corey06@hotmail.com', 'CuczOgSTtlppYgsF');
INSERT INTO ACCOUNTANT (name, email, password) VALUES ('Eric Murillo', 'browngarrett@yahoo.com', 'EPkFejfxIfi');
INSERT INTO SYSTEM_ADMINISTRATOR (name, email, password) VALUES ('Eric Murillo', 'browngarrett@yahoo.com', 'EPkFejfxIfi');
INSERT INTO ACCOUNTANT (name, email, password) VALUES ('Kevin Harper', 'waguilar@gmail.com', 'ydzJHbVdI');
INSERT INTO SYSTEM_ADMINISTRATOR (name, email, password) VALUES ('Kevin Harper', 'waguilar@gmail.com', 'ydzJHbVdI');
INSERT INTO ACCOUNTANT (name, email, password) VALUES ('Brian Aguirre', 'jesushernandez@gmail.com', 'YRtTjmyQzERW');
INSERT INTO SYSTEM_ADMINISTRATOR (name, email, password) VALUES ('Brian Aguirre', 'jesushernandez@gmail.com', 'YRtTjmyQzERW');
INSERT INTO ACCOUNTANT (name, email, password) VALUES ('Benjamin Mills', 'ricecindy@gmail.com', 'DGTGRElOJomheRvgHWig');
INSERT INTO SYSTEM_ADMINISTRATOR (name, email, password) VALUES ('Benjamin Mills', 'ricecindy@gmail.com', 'DGTGRElOJomheRvgHWig');
INSERT INTO ACCOUNTANT (name, email, password) VALUES ('Jose Kelly', 'edward59@hotmail.com', 'FsvkUlQUjBzCXi');
INSERT INTO SYSTEM_ADMINISTRATOR (name, email, password) VALUES ('Jose Kelly', 'edward59@hotmail.com', 'FsvkUlQUjBzCXi');
INSERT INTO ACCOUNTANT (name, email, password) VALUES ('Vanessa Diaz', 'jesus14@yahoo.com', 'CHIGTJpRcbUyeMUVESz');
INSERT INTO SYSTEM_ADMINISTRATOR (name, email, password) VALUES ('Vanessa Diaz', 'jesus14@yahoo.com', 'CHIGTJpRcbUyeMUVESz');
INSERT INTO ACCOUNTANT (name, email, password) VALUES ('Allison Smith', 'mark61@hotmail.com', 'RMVquVATOsG');
INSERT INTO SYSTEM_ADMINISTRATOR (name, email, password) VALUES ('Allison Smith', 'mark61@hotmail.com', 'RMVquVATOsG');
INSERT INTO ACCOUNTANT (name, email, password) VALUES ('James Rush', 'hmiller@yahoo.com', 'JTWQdMaajqO');
INSERT INTO SYSTEM_ADMINISTRATOR (name, email, password) VALUES ('James Rush', 'hmiller@yahoo.com', 'JTWQdMaajqO');
INSERT INTO ACCOUNTANT (name, email, password) VALUES ('Courtney Rodriguez', 'karen36@hotmail.com', 'nwpMxLOOnjhayYye');
INSERT INTO SYSTEM_ADMINISTRATOR (name, email, password) VALUES ('Courtney Rodriguez', 'karen36@hotmail.com', 'nwpMxLOOnjhayYye');
INSERT INTO ACCOUNTANT (name, email, password) VALUES ('Richard Patel', 'simonbrenda@gmail.com', 'OuKQvdxqyrqTq');
INSERT INTO SYSTEM_ADMINISTRATOR (name, email, password) VALUES ('Richard Patel', 'simonbrenda@gmail.com', 'OuKQvdxqyrqTq');
INSERT INTO ACCOUNTANT (name, email, password) VALUES ('Stephanie Villanueva', 'fcochran@hotmail.com', 'IipSXtRzrwKPSZoAd');
INSERT INTO SYSTEM_ADMINISTRATOR (name, email, password) VALUES ('Stephanie Villanueva', 'fcochran@hotmail.com', 'IipSXtRzrwKPSZoAd');
INSERT INTO ACCOUNTANT (name, email, password) VALUES ('Morgan Michael', 'hughesdalton@hotmail.com', 'WXYdkQrbLkWSas');
INSERT INTO SYSTEM_ADMINISTRATOR (name, email, password) VALUES ('Morgan Michael', 'hughesdalton@hotmail.com', 'WXYdkQrbLkWSas');
INSERT INTO ACCOUNTANT (name, email, password) VALUES ('Travis Edwards', 'andersonrichard@hotmail.com', 'gKAlENhkGao');
INSERT INTO SYSTEM_ADMINISTRATOR (name, email, password) VALUES ('Travis Edwards', 'andersonrichard@hotmail.com', 'gKAlENhkGao');
INSERT INTO ACCOUNTANT (name, email, password) VALUES ('Hannah Vega', 'turnerbrandon@hotmail.com', 'duFaHqIlYKtUfCVBi');
INSERT INTO SYSTEM_ADMINISTRATOR (name, email, password) VALUES ('Hannah Vega', 'turnerbrandon@hotmail.com', 'duFaHqIlYKtUfCVBi');
INSERT INTO ACCOUNTANT (name, email, password) VALUES ('Katie Robinson', 'samanthagreene@gmail.com', 'wzPhccydqyVnq');
INSERT INTO SYSTEM_ADMINISTRATOR (name, email, password) VALUES ('Katie Robinson', 'samanthagreene@gmail.com', 'wzPhccydqyVnq');
INSERT INTO ACCOUNTANT (name, email, password) VALUES ('Ray Walker', 'djimenez@yahoo.com', 'ZnJYJScuthn');
INSERT INTO SYSTEM_ADMINISTRATOR (name, email, password) VALUES ('Ray Walker', 'djimenez@yahoo.com', 'ZnJYJScuthn');
INSERT INTO ACCOUNTANT (name, email, password) VALUES ('Amanda Terrell', 'shawnastanley@gmail.com', 'NWrkquzeYxMZOBAss');
INSERT INTO SYSTEM_ADMINISTRATOR (name, email, password) VALUES ('Amanda Terrell', 'shawnastanley@gmail.com', 'NWrkquzeYxMZOBAss');
INSERT INTO ACCOUNTANT (name, email, password) VALUES ('Amy Cummings', 'zfields@gmail.com', 'ahqjIZWiWFTg');
INSERT INTO SYSTEM_ADMINISTRATOR (name, email, password) VALUES ('Amy Cummings', 'zfields@gmail.com', 'ahqjIZWiWFTg');
INSERT INTO ACCOUNTANT (name, email, password) VALUES ('Mr. Christopher Jennings', 'harringtonchristy@gmail.com', 'jxKnTPlwUr');
INSERT INTO SYSTEM_ADMINISTRATOR (name, email, password) VALUES ('Mr. Christopher Jennings', 'harringtonchristy@gmail.com', 'jxKnTPlwUr');
INSERT INTO ACCOUNTANT (name, email, password) VALUES ('Karen Wilson', 'rhenderson@hotmail.com', 'GjDMDXCLGnhDOR');
INSERT INTO SYSTEM_ADMINISTRATOR (name, email, password) VALUES ('Karen Wilson', 'rhenderson@hotmail.com', 'GjDMDXCLGnhDOR');
INSERT INTO ACCOUNTANT (name, email, password) VALUES ('Justin Clark', 'ystevenson@yahoo.com', 'jhlzQSiUyxKGbSgGw');
INSERT INTO SYSTEM_ADMINISTRATOR (name, email, password) VALUES ('Justin Clark', 'ystevenson@yahoo.com', 'jhlzQSiUyxKGbSgGw');
INSERT INTO ACCOUNTANT (name, email, password) VALUES ('Kim Moore', 'vjenkins@gmail.com', 'pPBljkkFKXOngktkyhDR');
INSERT INTO SYSTEM_ADMINISTRATOR (name, email, password) VALUES ('Kim Moore', 'vjenkins@gmail.com', 'pPBljkkFKXOngktkyhDR');
INSERT INTO ACCOUNTANT (name, email, password) VALUES ('Anna Hughes', 'christophermitchell@yahoo.com', 'PxvcYGZpWJpdqcYWuF');
INSERT INTO SYSTEM_ADMINISTRATOR (name, email, password) VALUES ('Anna Hughes', 'christophermitchell@yahoo.com', 'PxvcYGZpWJpdqcYWuF');
INSERT INTO ACCOUNTANT (name, email, password) VALUES ('Melissa Lozano', 'marcus16@hotmail.com', 'cAndesdc');
INSERT INTO SYSTEM_ADMINISTRATOR (name, email, password) VALUES ('Melissa Lozano', 'marcus16@hotmail.com', 'cAndesdc');
INSERT INTO ACCOUNTANT (name, email, password) VALUES ('Sheri Alvarado', 'lopezkathryn@gmail.com', 'zwKRgqGTfVsxKEULAiiV');
INSERT INTO SYSTEM_ADMINISTRATOR (name, email, password) VALUES ('Sheri Alvarado', 'lopezkathryn@gmail.com', 'zwKRgqGTfVsxKEULAiiV');
INSERT INTO ACCOUNTANT (name, email, password) VALUES ('Cameron Romero', 'erichughes@gmail.com', 'gdUpwxnP');
INSERT INTO SYSTEM_ADMINISTRATOR (name, email, password) VALUES ('Cameron Romero', 'erichughes@gmail.com', 'gdUpwxnP');
INSERT INTO ACCOUNTANT (name, email, password) VALUES ('Miranda Martin', 'dianabrewer@gmail.com', 'UeShTzznrvqmIFp');
INSERT INTO SYSTEM_ADMINISTRATOR (name, email, password) VALUES ('Miranda Martin', 'dianabrewer@gmail.com', 'UeShTzznrvqmIFp');
INSERT INTO ACCOUNTANT (name, email, password) VALUES ('Jessica Henry', 'ericataylor@hotmail.com', 'ApmXmAipgCTwSoF');
INSERT INTO SYSTEM_ADMINISTRATOR (name, email, password) VALUES ('Jessica Henry', 'ericataylor@hotmail.com', 'ApmXmAipgCTwSoF');
INSERT INTO ACCOUNTANT (name, email, password) VALUES ('Alisha Hill', 'sdavis@yahoo.com', 'mWOnjsgkhsWXojY');
INSERT INTO SYSTEM_ADMINISTRATOR (name, email, password) VALUES ('Alisha Hill', 'sdavis@yahoo.com', 'mWOnjsgkhsWXojY');
INSERT INTO ACCOUNTANT (name, email, password) VALUES ('Juan Martinez', 'alexandertammy@gmail.com', 'NfefzyHrF');
INSERT INTO SYSTEM_ADMINISTRATOR (name, email, password) VALUES ('Juan Martinez', 'alexandertammy@gmail.com', 'NfefzyHrF');
INSERT INTO ACCOUNTANT (name, email, password) VALUES ('Logan Sweeney', 'shawn71@gmail.com', 'GWBKMXJhrThPQjDC');
INSERT INTO SYSTEM_ADMINISTRATOR (name, email, password) VALUES ('Logan Sweeney', 'shawn71@gmail.com', 'GWBKMXJhrThPQjDC');
INSERT INTO ACCOUNTANT (name, email, password) VALUES ('Dr. Alicia Doyle', 'jeffery08@hotmail.com', 'ZOGhAxrp');
INSERT INTO SYSTEM_ADMINISTRATOR (name, email, password) VALUES ('Dr. Alicia Doyle', 'jeffery08@hotmail.com', 'ZOGhAxrp');
INSERT INTO ACCOUNTANT (name, email, password) VALUES ('Daniel Sullivan', 'ireeves@hotmail.com', 'PeJymBlhqYzNCf');
INSERT INTO SYSTEM_ADMINISTRATOR (name, email, password) VALUES ('Daniel Sullivan', 'ireeves@hotmail.com', 'PeJymBlhqYzNCf');
INSERT INTO ACCOUNTANT (name, email, password) VALUES ('Aaron Wiggins', 'odavis@hotmail.com', 'pSPrMVuvyL');
INSERT INTO SYSTEM_ADMINISTRATOR (name, email, password) VALUES ('Aaron Wiggins', 'odavis@hotmail.com', 'pSPrMVuvyL');
INSERT INTO ACCOUNTANT (name, email, password) VALUES ('Erin Cox', 'jessica57@yahoo.com', 'cQZTQGSGECDq');
INSERT INTO SYSTEM_ADMINISTRATOR (name, email, password) VALUES ('Erin Cox', 'jessica57@yahoo.com', 'cQZTQGSGECDq');
INSERT INTO ACCOUNTANT (name, email, password) VALUES ('Kelsey Spencer', 'austinmcclain@hotmail.com', 'PLcnDQygEVGkF');
INSERT INTO SYSTEM_ADMINISTRATOR (name, email, password) VALUES ('Kelsey Spencer', 'austinmcclain@hotmail.com', 'PLcnDQygEVGkF');
INSERT INTO ACCOUNTANT (name, email, password) VALUES ('Carlos Bailey', 'christophersmith@hotmail.com', 'RqWAFXxmuoRhFpQhcC');
INSERT INTO SYSTEM_ADMINISTRATOR (name, email, password) VALUES ('Carlos Bailey', 'christophersmith@hotmail.com', 'RqWAFXxmuoRhFpQhcC');
INSERT INTO ACCOUNTANT (name, email, password) VALUES ('Whitney Kim', 'thorntoncharles@yahoo.com', 'pbuTgNRZwe');
INSERT INTO SYSTEM_ADMINISTRATOR (name, email, password) VALUES ('Whitney Kim', 'thorntoncharles@yahoo.com', 'pbuTgNRZwe');
INSERT INTO ACCOUNTANT (name, email, password) VALUES ('Ashley Harris', 'tbowers@gmail.com', 'ZhQFQjKmy');
INSERT INTO SYSTEM_ADMINISTRATOR (name, email, password) VALUES ('Ashley Harris', 'tbowers@gmail.com', 'ZhQFQjKmy');
INSERT INTO ACCOUNTANT (name, email, password) VALUES ('Melissa Owens', 'kristenanderson@yahoo.com', 'VklBWtfALbcMu');
INSERT INTO SYSTEM_ADMINISTRATOR (name, email, password) VALUES ('Melissa Owens', 'kristenanderson@yahoo.com', 'VklBWtfALbcMu');
INSERT INTO ACCOUNTANT (name, email, password) VALUES ('Tracy Hawkins', 'bfarrell@hotmail.com', 'PFILAzvUTEUvBUfdIQNe');
INSERT INTO SYSTEM_ADMINISTRATOR (name, email, password) VALUES ('Tracy Hawkins', 'bfarrell@hotmail.com', 'PFILAzvUTEUvBUfdIQNe');
INSERT INTO ACCOUNTANT (name, email, password) VALUES ('Joshua Olson', 'christophervargas@gmail.com', 'fAkJRwXJHpEb');
INSERT INTO SYSTEM_ADMINISTRATOR (name, email, password) VALUES ('Joshua Olson', 'christophervargas@gmail.com', 'fAkJRwXJHpEb');
INSERT INTO ACCOUNTANT (name, email, password) VALUES ('Kevin Hopkins', 'sandrahoover@yahoo.com', 'BkmQpPRRFdCAfVKF');
INSERT INTO SYSTEM_ADMINISTRATOR (name, email, password) VALUES ('Kevin Hopkins', 'sandrahoover@yahoo.com', 'BkmQpPRRFdCAfVKF');
INSERT INTO ACCOUNTANT (name, email, password) VALUES ('Scott Richardson', 'brianlynch@yahoo.com', 'DEaaGqXZQvuWjwDyzjZL');
INSERT INTO SYSTEM_ADMINISTRATOR (name, email, password) VALUES ('Scott Richardson', 'brianlynch@yahoo.com', 'DEaaGqXZQvuWjwDyzjZL');
INSERT INTO ACCOUNTANT (name, email, password) VALUES ('David Gonzalez', 'william51@yahoo.com', 'qOsIbqVFiL');
INSERT INTO SYSTEM_ADMINISTRATOR (name, email, password) VALUES ('David Gonzalez', 'william51@yahoo.com', 'qOsIbqVFiL');
INSERT INTO ACCOUNTANT (name, email, password) VALUES ('Jasmine Daniel', 'icunningham@hotmail.com', 'nzlbVWeZSMGmt');
INSERT INTO SYSTEM_ADMINISTRATOR (name, email, password) VALUES ('Jasmine Daniel', 'icunningham@hotmail.com', 'nzlbVWeZSMGmt');
INSERT INTO ACCOUNTANT (name, email, password) VALUES ('Michael Evans', 'stephaniejones@yahoo.com', 'vnkUQRuniuSYlIKdZ');
INSERT INTO SYSTEM_ADMINISTRATOR (name, email, password) VALUES ('Michael Evans', 'stephaniejones@yahoo.com', 'vnkUQRuniuSYlIKdZ');
INSERT INTO ACCOUNTANT (name, email, password) VALUES ('Jamie Villarreal', 'juan38@gmail.com', 'vvxUvbhMmdkrOf');
INSERT INTO SYSTEM_ADMINISTRATOR (name, email, password) VALUES ('Jamie Villarreal', 'juan38@gmail.com', 'vvxUvbhMmdkrOf');
INSERT INTO ACCOUNTANT (name, email, password) VALUES ('Kristen Graham', 'vporter@hotmail.com', 'gEZmvFIAyQAl');
INSERT INTO SYSTEM_ADMINISTRATOR (name, email, password) VALUES ('Kristen Graham', 'vporter@hotmail.com', 'gEZmvFIAyQAl');
INSERT INTO ACCOUNTANT (name, email, password) VALUES ('Elizabeth Rodriguez', 'gharding@yahoo.com', 'AtbWYZjs');
INSERT INTO SYSTEM_ADMINISTRATOR (name, email, password) VALUES ('Elizabeth Rodriguez', 'gharding@yahoo.com', 'AtbWYZjs');
INSERT INTO ACCOUNTANT (name, email, password) VALUES ('Shannon Werner', 'amanda00@yahoo.com', 'dnXlEAxDVdrI');
INSERT INTO SYSTEM_ADMINISTRATOR (name, email, password) VALUES ('Shannon Werner', 'amanda00@yahoo.com', 'dnXlEAxDVdrI');
INSERT INTO ACCOUNTANT (name, email, password) VALUES ('Justin Arellano', 'thall@yahoo.com', 'VYDfiUzXqaF');
INSERT INTO SYSTEM_ADMINISTRATOR (name, email, password) VALUES ('Justin Arellano', 'thall@yahoo.com', 'VYDfiUzXqaF');
INSERT INTO ACCOUNTANT (name, email, password) VALUES ('Tina Johnson', 'nicole33@hotmail.com', 'zIXalrmtcO');
INSERT INTO SYSTEM_ADMINISTRATOR (name, email, password) VALUES ('Tina Johnson', 'nicole33@hotmail.com', 'zIXalrmtcO');
INSERT INTO ACCOUNTANT (name, email, password) VALUES ('Jason Harris', 'timothy28@hotmail.com', 'nqVxtgULPjlKTxtkbA');
INSERT INTO SYSTEM_ADMINISTRATOR (name, email, password) VALUES ('Jason Harris', 'timothy28@hotmail.com', 'nqVxtgULPjlKTxtkbA');
INSERT INTO ACCOUNTANT (name, email, password) VALUES ('Lauren Everett', 'davislisa@gmail.com', 'jSECKIbpDCZffbtUPx');
INSERT INTO SYSTEM_ADMINISTRATOR (name, email, password) VALUES ('Lauren Everett', 'davislisa@gmail.com', 'jSECKIbpDCZffbtUPx');
INSERT INTO ACCOUNTANT (name, email, password) VALUES ('David Lopez', 'carlos08@gmail.com', 'HdhXjchuVLkV');
INSERT INTO SYSTEM_ADMINISTRATOR (name, email, password) VALUES ('David Lopez', 'carlos08@gmail.com', 'HdhXjchuVLkV');
INSERT INTO ACCOUNTANT (name, email, password) VALUES ('Lisa Jones', 'grahamgregory@gmail.com', 'gizLcjhepGrwEVxWnaB');
INSERT INTO SYSTEM_ADMINISTRATOR (name, email, password) VALUES ('Lisa Jones', 'grahamgregory@gmail.com', 'gizLcjhepGrwEVxWnaB');
INSERT INTO ACCOUNTANT (name, email, password) VALUES ('Luis Greer', 'oroberts@gmail.com', 'uWssmXetqT');
INSERT INTO SYSTEM_ADMINISTRATOR (name, email, password) VALUES ('Luis Greer', 'oroberts@gmail.com', 'uWssmXetqT');
INSERT INTO ACCOUNTANT (name, email, password) VALUES ('Benjamin Rodriguez', 'martinrachel@yahoo.com', 'zKvMsarMAaZsCszQjV');
INSERT INTO SYSTEM_ADMINISTRATOR (name, email, password) VALUES ('Benjamin Rodriguez', 'martinrachel@yahoo.com', 'zKvMsarMAaZsCszQjV');
INSERT INTO ACCOUNTANT (name, email, password) VALUES ('Molly Arellano', 'hreynolds@hotmail.com', 'nwfBJAnZZowR');
INSERT INTO SYSTEM_ADMINISTRATOR (name, email, password) VALUES ('Molly Arellano', 'hreynolds@hotmail.com', 'nwfBJAnZZowR');
INSERT INTO ACCOUNTANT (name, email, password) VALUES ('Philip Moore', 'steelejennifer@gmail.com', 'gMhlmPoETnNPmudPt');
INSERT INTO SYSTEM_ADMINISTRATOR (name, email, password) VALUES ('Philip Moore', 'steelejennifer@gmail.com', 'gMhlmPoETnNPmudPt');
INSERT INTO ACCOUNTANT (name, email, password) VALUES ('Susan Owens', 'suzannebrock@gmail.com', 'nQmBCadCkMzn');
INSERT INTO SYSTEM_ADMINISTRATOR (name, email, password) VALUES ('Susan Owens', 'suzannebrock@gmail.com', 'nQmBCadCkMzn');
INSERT INTO ACCOUNTANT (name, email, password) VALUES ('Danny Bowen', 'kkaiser@hotmail.com', 'OdDOWoxPxA');
INSERT INTO SYSTEM_ADMINISTRATOR (name, email, password) VALUES ('Danny Bowen', 'kkaiser@hotmail.com', 'OdDOWoxPxA');
INSERT INTO ACCOUNTANT (name, email, password) VALUES ('Brenda Johnson', 'wyattsteven@gmail.com', 'qCALqueMGqZkcnsANQD');
INSERT INTO SYSTEM_ADMINISTRATOR (name, email, password) VALUES ('Brenda Johnson', 'wyattsteven@gmail.com', 'qCALqueMGqZkcnsANQD');
INSERT INTO ACCOUNTANT (name, email, password) VALUES ('Miguel Gonzalez', 'julie44@yahoo.com', 'MmmPEDAZJQfZk');
INSERT INTO SYSTEM_ADMINISTRATOR (name, email, password) VALUES ('Miguel Gonzalez', 'julie44@yahoo.com', 'MmmPEDAZJQfZk');
INSERT INTO ACCOUNTANT (name, email, password) VALUES ('Matthew Crawford', 'christopherlopez@gmail.com', 'jriNfHQiu');
INSERT INTO SYSTEM_ADMINISTRATOR (name, email, password) VALUES ('Matthew Crawford', 'christopherlopez@gmail.com', 'jriNfHQiu');
INSERT INTO ACCOUNTANT (name, email, password) VALUES ('Sean Stanley', 'scotttyler@hotmail.com', 'kEzVnIBcW');
INSERT INTO SYSTEM_ADMINISTRATOR (name, email, password) VALUES ('Sean Stanley', 'scotttyler@hotmail.com', 'kEzVnIBcW');
INSERT INTO ACCOUNTANT (name, email, password) VALUES ('Kathryn Bell', 'parrishbryan@hotmail.com', 'UPTjsMeglAJpypsVrj');
INSERT INTO SYSTEM_ADMINISTRATOR (name, email, password) VALUES ('Kathryn Bell', 'parrishbryan@hotmail.com', 'UPTjsMeglAJpypsVrj');
INSERT INTO ACCOUNTANT (name, email, password) VALUES ('Timothy Jackson', 'simmonsjamie@yahoo.com', 'KwhTHAtuHegxSP');
INSERT INTO SYSTEM_ADMINISTRATOR (name, email, password) VALUES ('Timothy Jackson', 'simmonsjamie@yahoo.com', 'KwhTHAtuHegxSP');
INSERT INTO ACCOUNTANT (name, email, password) VALUES ('Laura Benjamin', 'russell24@hotmail.com', 'veZhCNFbTaAGIT');
INSERT INTO SYSTEM_ADMINISTRATOR (name, email, password) VALUES ('Laura Benjamin', 'russell24@hotmail.com', 'veZhCNFbTaAGIT');
INSERT INTO ACCOUNTANT (name, email, password) VALUES ('Alexander Johnson', 'zweber@hotmail.com', 'USIjAfBWwtwgipoh');
INSERT INTO SYSTEM_ADMINISTRATOR (name, email, password) VALUES ('Alexander Johnson', 'zweber@hotmail.com', 'USIjAfBWwtwgipoh');
INSERT INTO ACCOUNTANT (name, email, password) VALUES ('William Huffman', 'lrodriguez@yahoo.com', 'KXdPUtbKeDXWOgUXaA');
INSERT INTO SYSTEM_ADMINISTRATOR (name, email, password) VALUES ('William Huffman', 'lrodriguez@yahoo.com', 'KXdPUtbKeDXWOgUXaA');
INSERT INTO ACCOUNTANT (name, email, password) VALUES ('Johnathan Stewart', 'felicia64@gmail.com', 'nGvgVyGzQabRtFJPz');
INSERT INTO SYSTEM_ADMINISTRATOR (name, email, password) VALUES ('Johnathan Stewart', 'felicia64@gmail.com', 'nGvgVyGzQabRtFJPz');
INSERT INTO ACCOUNTANT (name, email, password) VALUES ('Allen Edwards', 'erinjohnson@gmail.com', 'ptcseJiZcjBaTnBWsPNT');
INSERT INTO SYSTEM_ADMINISTRATOR (name, email, password) VALUES ('Allen Edwards', 'erinjohnson@gmail.com', 'ptcseJiZcjBaTnBWsPNT');
INSERT INTO ACCOUNTANT (name, email, password) VALUES ('Latoya Mcgee', 'jenniferrhodes@gmail.com', 'DeVgSaizIXMcf');
INSERT INTO SYSTEM_ADMINISTRATOR (name, email, password) VALUES ('Latoya Mcgee', 'jenniferrhodes@gmail.com', 'DeVgSaizIXMcf');
INSERT INTO ACCOUNTANT (name, email, password) VALUES ('Hannah Coleman', 'espinozathomas@hotmail.com', 'mwrxCzJiWUtpyzFR');
INSERT INTO SYSTEM_ADMINISTRATOR (name, email, password) VALUES ('Hannah Coleman', 'espinozathomas@hotmail.com', 'mwrxCzJiWUtpyzFR');
INSERT INTO ACCOUNTANT (name, email, password) VALUES ('Paul Brown', 'parrishheather@gmail.com', 'zFYJTJPpoWovXWBl');
INSERT INTO SYSTEM_ADMINISTRATOR (name, email, password) VALUES ('Paul Brown', 'parrishheather@gmail.com', 'zFYJTJPpoWovXWBl');
INSERT INTO ACCOUNTANT (name, email, password) VALUES ('Jessica Thompson', 'scotttaylor@gmail.com', 'qBhidoKtaEWajKFJ');
INSERT INTO SYSTEM_ADMINISTRATOR (name, email, password) VALUES ('Jessica Thompson', 'scotttaylor@gmail.com', 'qBhidoKtaEWajKFJ');
INSERT INTO ACCOUNTANT (name, email, password) VALUES ('Paul Watson', 'ywhite@gmail.com', 'OlMeHJLsWBxrPpCdi');
INSERT INTO SYSTEM_ADMINISTRATOR (name, email, password) VALUES ('Paul Watson', 'ywhite@gmail.com', 'OlMeHJLsWBxrPpCdi');
INSERT INTO ACCOUNTANT (name, email, password) VALUES ('Jesus Nguyen', 'geoffrey79@gmail.com', 'wmdAPzayHeRtvL');
INSERT INTO SYSTEM_ADMINISTRATOR (name, email, password) VALUES ('Jesus Nguyen', 'geoffrey79@gmail.com', 'wmdAPzayHeRtvL');
INSERT INTO ACCOUNTANT (name, email, password) VALUES ('Nicholas Osborn', 'dominguezronald@gmail.com', 'LclMVcFWSmWTkTri');
INSERT INTO SYSTEM_ADMINISTRATOR (name, email, password) VALUES ('Nicholas Osborn', 'dominguezronald@gmail.com', 'LclMVcFWSmWTkTri');
INSERT INTO ACCOUNTANT (name, email, password) VALUES ('Phillip Frank', 'osbornejudy@yahoo.com', 'AecvIRcDIfshinDiBf');
INSERT INTO SYSTEM_ADMINISTRATOR (name, email, password) VALUES ('Phillip Frank', 'osbornejudy@yahoo.com', 'AecvIRcDIfshinDiBf');
INSERT INTO ACCOUNTANT (name, email, password) VALUES ('Diane Potter', 'krystalball@hotmail.com', 'fkuebRiaVbdASUVekD');
INSERT INTO SYSTEM_ADMINISTRATOR (name, email, password) VALUES ('Diane Potter', 'krystalball@hotmail.com', 'fkuebRiaVbdASUVekD');
INSERT INTO ACCOUNTANT (name, email, password) VALUES ('Ernest Simmons', 'kylie92@yahoo.com', 'MaMuvavLpf');
INSERT INTO SYSTEM_ADMINISTRATOR (name, email, password) VALUES ('Ernest Simmons', 'kylie92@yahoo.com', 'MaMuvavLpf');
INSERT INTO ACCOUNTANT (name, email, password) VALUES ('Jacqueline Mendoza', 'simonian@yahoo.com', 'zWuoUihKYln');
INSERT INTO SYSTEM_ADMINISTRATOR (name, email, password) VALUES ('Jacqueline Mendoza', 'simonian@yahoo.com', 'zWuoUihKYln');
INSERT INTO ACCOUNTANT (name, email, password) VALUES ('Jason Murphy', 'piercejennifer@hotmail.com', 'zzBmjerSpWbjlx');
INSERT INTO SYSTEM_ADMINISTRATOR (name, email, password) VALUES ('Jason Murphy', 'piercejennifer@hotmail.com', 'zzBmjerSpWbjlx');
INSERT INTO ACCOUNTANT (name, email, password) VALUES ('Lori Smith', 'jessica14@hotmail.com', 'FWncykUz');
INSERT INTO SYSTEM_ADMINISTRATOR (name, email, password) VALUES ('Lori Smith', 'jessica14@hotmail.com', 'FWncykUz');
INSERT INTO ACCOUNTANT (name, email, password) VALUES ('Mackenzie Price', 'samuel39@yahoo.com', 'QIxxyfIRBtvGBR');
INSERT INTO SYSTEM_ADMINISTRATOR (name, email, password) VALUES ('Mackenzie Price', 'samuel39@yahoo.com', 'QIxxyfIRBtvGBR');
INSERT INTO ACCOUNTANT (name, email, password) VALUES ('Jessica Norton', 'pbradley@hotmail.com', 'iQTPvRtnxPMwMeZWwWBQ');
INSERT INTO SYSTEM_ADMINISTRATOR (name, email, password) VALUES ('Jessica Norton', 'pbradley@hotmail.com', 'iQTPvRtnxPMwMeZWwWBQ');
INSERT INTO ACCOUNTANT (name, email, password) VALUES ('Cassidy Shaw', 'carrolljennifer@gmail.com', 'hCHHTumzzo');
INSERT INTO SYSTEM_ADMINISTRATOR (name, email, password) VALUES ('Cassidy Shaw', 'carrolljennifer@gmail.com', 'hCHHTumzzo');
INSERT INTO ACCOUNTANT (name, email, password) VALUES ('Kimberly Montgomery', 'aaron48@yahoo.com', 'uiblbrGeOWVlRYt');
INSERT INTO SYSTEM_ADMINISTRATOR (name, email, password) VALUES ('Kimberly Montgomery', 'aaron48@yahoo.com', 'uiblbrGeOWVlRYt');
INSERT INTO ACCOUNTANT (name, email, password) VALUES ('James Jacobson', 'matthew58@yahoo.com', 'vDkDxfuqGqVgFli');
INSERT INTO SYSTEM_ADMINISTRATOR (name, email, password) VALUES ('James Jacobson', 'matthew58@yahoo.com', 'vDkDxfuqGqVgFli');
INSERT INTO ACCOUNTANT (name, email, password) VALUES ('Amanda Smith', 'becky06@hotmail.com', 'iRHNlZMhIBZLZjZYYNiG');
INSERT INTO SYSTEM_ADMINISTRATOR (name, email, password) VALUES ('Amanda Smith', 'becky06@hotmail.com', 'iRHNlZMhIBZLZjZYYNiG');
INSERT INTO ACCOUNTANT (name, email, password) VALUES ('Jose Baker', 'grace76@yahoo.com', 'PKnrnsbZYFLy');
INSERT INTO SYSTEM_ADMINISTRATOR (name, email, password) VALUES ('Jose Baker', 'grace76@yahoo.com', 'PKnrnsbZYFLy');
INSERT INTO ACCOUNTANT (name, email, password) VALUES ('Marie Rosario', 'stewartmatthew@yahoo.com', 'TbCbvJninVwU');
INSERT INTO DOCTOR (name, email, password, speciality) VALUES ('Marie Rosario', 'stewartmatthew@yahoo.com', 'TbCbvJninVwU', 'family medicine');
INSERT INTO ACCOUNTANT (name, email, password) VALUES ('Donna Williams', 'paynemichael@yahoo.com', 'sKcLuTfoJ');
INSERT INTO DOCTOR (name, email, password, speciality) VALUES ('Donna Williams', 'paynemichael@yahoo.com', 'sKcLuTfoJ', 'pediatrics');
INSERT INTO ACCOUNTANT (name, email, password) VALUES ('Robin Anderson', 'greenejessica@gmail.com', 'uBKhSRJWIM');
INSERT INTO DOCTOR (name, email, password, speciality) VALUES ('Robin Anderson', 'greenejessica@gmail.com', 'uBKhSRJWIM', 'anesthesiology');
INSERT INTO ACCOUNTANT (name, email, password) VALUES ('April Miller', 'fgentry@gmail.com', 'aHLCzzjdudegDJy');
INSERT INTO DOCTOR (name, email, password, speciality) VALUES ('April Miller', 'fgentry@gmail.com', 'aHLCzzjdudegDJy', 'diagnostic radiology');
INSERT INTO ACCOUNTANT (name, email, password) VALUES ('Claire Smith DDS', 'michelleheath@gmail.com', 'YzTfYnue');
INSERT INTO DOCTOR (name, email, password, speciality) VALUES ('Claire Smith DDS', 'michelleheath@gmail.com', 'YzTfYnue', 'emergency medicine');
INSERT INTO ACCOUNTANT (name, email, password) VALUES ('Charles Parsons', 'alexgibson@yahoo.com', 'krFBPNwZbvBbsAPZK');
INSERT INTO DOCTOR (name, email, password, speciality) VALUES ('Charles Parsons', 'alexgibson@yahoo.com', 'krFBPNwZbvBbsAPZK', 'pediatrics');
INSERT INTO ACCOUNTANT (name, email, password) VALUES ('Larry Richards', 'donna02@yahoo.com', 'oCIGhestl');
INSERT INTO DOCTOR (name, email, password, speciality) VALUES ('Larry Richards', 'donna02@yahoo.com', 'oCIGhestl', 'pediatrics');
INSERT INTO ACCOUNTANT (name, email, password) VALUES ('Jeanette Little', 'nathannorris@gmail.com', 'HnLGiFVXUnxgtmZCSM');
INSERT INTO DOCTOR (name, email, password, speciality) VALUES ('Jeanette Little', 'nathannorris@gmail.com', 'HnLGiFVXUnxgtmZCSM', 'neurology');
INSERT INTO ACCOUNTANT (name, email, password) VALUES ('Lauren Lewis', 'dawnkane@yahoo.com', 'rAtNhHzVqwCXQ');
INSERT INTO DOCTOR (name, email, password, speciality) VALUES ('Lauren Lewis', 'dawnkane@yahoo.com', 'rAtNhHzVqwCXQ', 'neurology');
INSERT INTO ACCOUNTANT (name, email, password) VALUES ('Wayne Gonzalez', 'foxnathan@hotmail.com', 'mMBldArJTHnZuFsShN');
INSERT INTO DOCTOR (name, email, password, speciality) VALUES ('Wayne Gonzalez', 'foxnathan@hotmail.com', 'mMBldArJTHnZuFsShN', 'emergency medicine');
INSERT INTO ACCOUNTANT (name, email, password) VALUES ('Brandon Jensen', 'ashleytate@hotmail.com', 'FaXgvstTVNCnweyG');
INSERT INTO DOCTOR (name, email, password, speciality) VALUES ('Brandon Jensen', 'ashleytate@hotmail.com', 'FaXgvstTVNCnweyG', 'family medicine');
INSERT INTO ACCOUNTANT (name, email, password) VALUES ('Stephanie Norris', 'zhenderson@hotmail.com', 'LPXYQjgDvvvDqPjZ');
INSERT INTO DOCTOR (name, email, password, speciality) VALUES ('Stephanie Norris', 'zhenderson@hotmail.com', 'LPXYQjgDvvvDqPjZ', 'family medicine');
INSERT INTO ACCOUNTANT (name, email, password) VALUES ('John Wright', 'cdelgado@hotmail.com', 'daSeopmUufYmvUV');
INSERT INTO DOCTOR (name, email, password, speciality) VALUES ('John Wright', 'cdelgado@hotmail.com', 'daSeopmUufYmvUV', 'pediatrics');
INSERT INTO ACCOUNTANT (name, email, password) VALUES ('Mark Acosta', 'derekmclean@yahoo.com', 'FhLTVbHxPntqnUrxa');
INSERT INTO DOCTOR (name, email, password, speciality) VALUES ('Mark Acosta', 'derekmclean@yahoo.com', 'FhLTVbHxPntqnUrxa', 'emergency medicine');
INSERT INTO ACCOUNTANT (name, email, password) VALUES ('Kevin Smith', 'rodriguezdaniel@yahoo.com', 'KzmqYxcyWuYEDuK');
INSERT INTO DOCTOR (name, email, password, speciality) VALUES ('Kevin Smith', 'rodriguezdaniel@yahoo.com', 'KzmqYxcyWuYEDuK', 'family medicine');
INSERT INTO ACCOUNTANT (name, email, password) VALUES ('Katherine Smith', 'cdavis@hotmail.com', 'jmvJxFjHdZTCsf');
INSERT INTO DOCTOR (name, email, password, speciality) VALUES ('Katherine Smith', 'cdavis@hotmail.com', 'jmvJxFjHdZTCsf', 'anesthesiology');
INSERT INTO ACCOUNTANT (name, email, password) VALUES ('Brittany Fisher', 'mmcdonald@gmail.com', 'CAvtjtHexkzfc');
INSERT INTO DOCTOR (name, email, password, speciality) VALUES ('Brittany Fisher', 'mmcdonald@gmail.com', 'CAvtjtHexkzfc', 'emergency medicine');
INSERT INTO ACCOUNTANT (name, email, password) VALUES ('Michelle Long', 'morganmary@yahoo.com', 'bYuLOhDxMfkFmLiobIIy');
INSERT INTO DOCTOR (name, email, password, speciality) VALUES ('Michelle Long', 'morganmary@yahoo.com', 'bYuLOhDxMfkFmLiobIIy', 'family medicine');
INSERT INTO ACCOUNTANT (name, email, password) VALUES ('Sandra Hughes', 'cordovapatrick@gmail.com', 'rWUOsCZAZmVwuqH');
INSERT INTO DOCTOR (name, email, password, speciality) VALUES ('Sandra Hughes', 'cordovapatrick@gmail.com', 'rWUOsCZAZmVwuqH', 'neurology');
INSERT INTO ACCOUNTANT (name, email, password) VALUES ('Jordan Burgess', 'scabrera@hotmail.com', 'lrMxQLniPF');
INSERT INTO DOCTOR (name, email, password, speciality) VALUES ('Jordan Burgess', 'scabrera@hotmail.com', 'lrMxQLniPF', 'pediatrics');
INSERT INTO ACCOUNTANT (name, email, password) VALUES ('Damon Jones', 'kathryntaylor@yahoo.com', 'VBKgVTJYtapy');
INSERT INTO DOCTOR (name, email, password, speciality) VALUES ('Damon Jones', 'kathryntaylor@yahoo.com', 'VBKgVTJYtapy', 'emergency medicine');
INSERT INTO ACCOUNTANT (name, email, password) VALUES ('Roy Wagner', 'tvargas@gmail.com', 'xmBmlQyMXZUdY');
INSERT INTO DOCTOR (name, email, password, speciality) VALUES ('Roy Wagner', 'tvargas@gmail.com', 'xmBmlQyMXZUdY', 'anesthesiology');
INSERT INTO ACCOUNTANT (name, email, password) VALUES ('Crystal Howard', 'dylanlove@yahoo.com', 'FlXnpbtTQSJoLnNGHw');
INSERT INTO DOCTOR (name, email, password, speciality) VALUES ('Crystal Howard', 'dylanlove@yahoo.com', 'FlXnpbtTQSJoLnNGHw', 'anesthesiology');
INSERT INTO ACCOUNTANT (name, email, password) VALUES ('Christopher Savage', 'juan44@gmail.com', 'ZzyITdprfw');
INSERT INTO DOCTOR (name, email, password, speciality) VALUES ('Christopher Savage', 'juan44@gmail.com', 'ZzyITdprfw', 'pediatrics');
INSERT INTO ACCOUNTANT (name, email, password) VALUES ('Teresa Eaton', 'edwardsmichael@yahoo.com', 'VjWTlbKdAU');
INSERT INTO DOCTOR (name, email, password, speciality) VALUES ('Teresa Eaton', 'edwardsmichael@yahoo.com', 'VjWTlbKdAU', 'neurology');
INSERT INTO ACCOUNTANT (name, email, password) VALUES ('Kathleen Elliott', 'annedavis@hotmail.com', 'EwwTmHvCY');
INSERT INTO DOCTOR (name, email, password, speciality) VALUES ('Kathleen Elliott', 'annedavis@hotmail.com', 'EwwTmHvCY', 'diagnostic radiology');
INSERT INTO ACCOUNTANT (name, email, password) VALUES ('Leah Miller', 'youngjustin@gmail.com', 'TZkvRtAnnhrknUrMI');
INSERT INTO DOCTOR (name, email, password, speciality) VALUES ('Leah Miller', 'youngjustin@gmail.com', 'TZkvRtAnnhrknUrMI', 'emergency medicine');
INSERT INTO ACCOUNTANT (name, email, password) VALUES ('Melissa Payne', 'emily97@gmail.com', 'QVbVysCBZaqpNf');
INSERT INTO DOCTOR (name, email, password, speciality) VALUES ('Melissa Payne', 'emily97@gmail.com', 'QVbVysCBZaqpNf', 'pediatrics');
INSERT INTO ACCOUNTANT (name, email, password) VALUES ('Michael Sexton DDS', 'kayla58@gmail.com', 'NkboPZmmshQiMQaKDp');
INSERT INTO DOCTOR (name, email, password, speciality) VALUES ('Michael Sexton DDS', 'kayla58@gmail.com', 'NkboPZmmshQiMQaKDp', 'family medicine');
INSERT INTO ACCOUNTANT (name, email, password) VALUES ('Melissa Myers', 'teresahawkins@gmail.com', 'zRrTlAScjZHlfI');
INSERT INTO DOCTOR (name, email, password, speciality) VALUES ('Melissa Myers', 'teresahawkins@gmail.com', 'zRrTlAScjZHlfI', 'dermatology');
INSERT INTO ACCOUNTANT (name, email, password) VALUES ('Pamela Koch', 'matthewmcdonald@yahoo.com', 'kXOCxPdxltB');
INSERT INTO DOCTOR (name, email, password, speciality) VALUES ('Pamela Koch', 'matthewmcdonald@yahoo.com', 'kXOCxPdxltB', 'neurology');
INSERT INTO ACCOUNTANT (name, email, password) VALUES ('Marcus Lewis', 'kerrilewis@yahoo.com', 'aNpDJlgUARIAm');
INSERT INTO DOCTOR (name, email, password, speciality) VALUES ('Marcus Lewis', 'kerrilewis@yahoo.com', 'aNpDJlgUARIAm', 'dermatology');
INSERT INTO ACCOUNTANT (name, email, password) VALUES ('Shannon Stout', 'greenmary@gmail.com', 'XstJCHpShXXPLBQFuc');
INSERT INTO DOCTOR (name, email, password, speciality) VALUES ('Shannon Stout', 'greenmary@gmail.com', 'XstJCHpShXXPLBQFuc', 'pediatrics');
INSERT INTO ACCOUNTANT (name, email, password) VALUES ('Brandon Miller', 'robersonheidi@yahoo.com', 'ZYtINnlHvoaRkSIPsLa');
INSERT INTO DOCTOR (name, email, password, speciality) VALUES ('Brandon Miller', 'robersonheidi@yahoo.com', 'ZYtINnlHvoaRkSIPsLa', 'dermatology');
INSERT INTO ACCOUNTANT (name, email, password) VALUES ('Linda Glover', 'adam14@hotmail.com', 'XGCAxgiwLqSB');
INSERT INTO DOCTOR (name, email, password, speciality) VALUES ('Linda Glover', 'adam14@hotmail.com', 'XGCAxgiwLqSB', 'emergency medicine');
INSERT INTO ACCOUNTANT (name, email, password) VALUES ('Jeff Gordon', 'stevenjenkins@yahoo.com', 'aGzXVBXtkgpAYZjwrNDa');
INSERT INTO DOCTOR (name, email, password, speciality) VALUES ('Jeff Gordon', 'stevenjenkins@yahoo.com', 'aGzXVBXtkgpAYZjwrNDa', 'family medicine');
INSERT INTO ACCOUNTANT (name, email, password) VALUES ('Courtney Walker', 'lynn05@yahoo.com', 'bpvGTxnReKiwAYXYjhUN');
INSERT INTO DOCTOR (name, email, password, speciality) VALUES ('Courtney Walker', 'lynn05@yahoo.com', 'bpvGTxnReKiwAYXYjhUN', 'pediatrics');
INSERT INTO ACCOUNTANT (name, email, password) VALUES ('Billy Fields', 'morganchristopher@yahoo.com', 'HTFBDiNhHfVzz');
INSERT INTO DOCTOR (name, email, password, speciality) VALUES ('Billy Fields', 'morganchristopher@yahoo.com', 'HTFBDiNhHfVzz', 'anesthesiology');
INSERT INTO ACCOUNTANT (name, email, password) VALUES ('Brandy Jarvis', 'jeffrey59@gmail.com', 'bAebVgyCBXiShKJ');
INSERT INTO DOCTOR (name, email, password, speciality) VALUES ('Brandy Jarvis', 'jeffrey59@gmail.com', 'bAebVgyCBXiShKJ', 'dermatology');
INSERT INTO ACCOUNTANT (name, email, password) VALUES ('Molly Lara', 'markreynolds@yahoo.com', 'LGSGIyty');
INSERT INTO DOCTOR (name, email, password, speciality) VALUES ('Molly Lara', 'markreynolds@yahoo.com', 'LGSGIyty', 'dermatology');
INSERT INTO ACCOUNTANT (name, email, password) VALUES ('David Skinner', 'andersonvictor@gmail.com', 'zspdQbCjOswJUqniv');
INSERT INTO DOCTOR (name, email, password, speciality) VALUES ('David Skinner', 'andersonvictor@gmail.com', 'zspdQbCjOswJUqniv', 'anesthesiology');
INSERT INTO ACCOUNTANT (name, email, password) VALUES ('Juan Campbell', 'williamsemily@hotmail.com', 'PSARvtITWywsNogIVHE');
INSERT INTO DOCTOR (name, email, password, speciality) VALUES ('Juan Campbell', 'williamsemily@hotmail.com', 'PSARvtITWywsNogIVHE', 'dermatology');
INSERT INTO ACCOUNTANT (name, email, password) VALUES ('Michael Anderson', 'danielwebb@yahoo.com', 'hToHIMDPJOf');
INSERT INTO DOCTOR (name, email, password, speciality) VALUES ('Michael Anderson', 'danielwebb@yahoo.com', 'hToHIMDPJOf', 'family medicine');
INSERT INTO ACCOUNTANT (name, email, password) VALUES ('Laura Clarke', 'felicia59@gmail.com', 'mINBIYSBFDUMoyQq');
INSERT INTO DOCTOR (name, email, password, speciality) VALUES ('Laura Clarke', 'felicia59@gmail.com', 'mINBIYSBFDUMoyQq', 'neurology');
INSERT INTO ACCOUNTANT (name, email, password) VALUES ('Dana Morrison', 'mitchellbarnes@gmail.com', 'BlXnwcuquIGt');
INSERT INTO DOCTOR (name, email, password, speciality) VALUES ('Dana Morrison', 'mitchellbarnes@gmail.com', 'BlXnwcuquIGt', 'emergency medicine');
INSERT INTO ACCOUNTANT (name, email, password) VALUES ('Rhonda Mueller', 'adrienneblack@hotmail.com', 'TQufiITFcrb');
INSERT INTO DOCTOR (name, email, password, speciality) VALUES ('Rhonda Mueller', 'adrienneblack@hotmail.com', 'TQufiITFcrb', 'emergency medicine');
INSERT INTO ACCOUNTANT (name, email, password) VALUES ('Brenda Gomez', 'bporter@yahoo.com', 'NjXTTfXQAp');
INSERT INTO DOCTOR (name, email, password, speciality) VALUES ('Brenda Gomez', 'bporter@yahoo.com', 'NjXTTfXQAp', 'pediatrics');
INSERT INTO ACCOUNTANT (name, email, password) VALUES ('Alexis Martin', 'martinezarthur@gmail.com', 'QuFVDSrEKu');
INSERT INTO DOCTOR (name, email, password, speciality) VALUES ('Alexis Martin', 'martinezarthur@gmail.com', 'QuFVDSrEKu', 'dermatology');
INSERT INTO ACCOUNTANT (name, email, password) VALUES ('Linda Clark', 'wernertyrone@hotmail.com', 'ubqWZIbKq');
INSERT INTO DOCTOR (name, email, password, speciality) VALUES ('Linda Clark', 'wernertyrone@hotmail.com', 'ubqWZIbKq', 'family medicine');
INSERT INTO ACCOUNTANT (name, email, password) VALUES ('Michael Rollins', 'nelsoncarol@hotmail.com', 'AzphSRIviKYJdPP');
INSERT INTO DOCTOR (name, email, password, speciality) VALUES ('Michael Rollins', 'nelsoncarol@hotmail.com', 'AzphSRIviKYJdPP', 'pediatrics');
INSERT INTO ACCOUNTANT (name, email, password) VALUES ('Jamie Mcfarland', 'eric76@hotmail.com', 'rIsCXqXNfj');
INSERT INTO DOCTOR (name, email, password, speciality) VALUES ('Jamie Mcfarland', 'eric76@hotmail.com', 'rIsCXqXNfj', 'anesthesiology');
INSERT INTO ACCOUNTANT (name, email, password) VALUES ('Jennifer Tate', 'manningthomas@gmail.com', 'DqCltcSxdKTUwvpMkVe');
INSERT INTO DOCTOR (name, email, password, speciality) VALUES ('Jennifer Tate', 'manningthomas@gmail.com', 'DqCltcSxdKTUwvpMkVe', 'diagnostic radiology');
INSERT INTO ACCOUNTANT (name, email, password) VALUES ('Richard King', 'shane78@hotmail.com', 'GhGvIQBnuhsPaE');
INSERT INTO DOCTOR (name, email, password, speciality) VALUES ('Richard King', 'shane78@hotmail.com', 'GhGvIQBnuhsPaE', 'emergency medicine');
INSERT INTO ACCOUNTANT (name, email, password) VALUES ('Dr. Mitchell Leonard MD', 'anthonybenton@gmail.com', 'aVsRIpYkryOXOteuBiYU');
INSERT INTO DOCTOR (name, email, password, speciality) VALUES ('Dr. Mitchell Leonard MD', 'anthonybenton@gmail.com', 'aVsRIpYkryOXOteuBiYU', 'diagnostic radiology');
INSERT INTO ACCOUNTANT (name, email, password) VALUES ('Tina Atkins', 'wschultz@gmail.com', 'xIFxQjsEmykLOUiwgM');
INSERT INTO DOCTOR (name, email, password, speciality) VALUES ('Tina Atkins', 'wschultz@gmail.com', 'xIFxQjsEmykLOUiwgM', 'neurology');
INSERT INTO ACCOUNTANT (name, email, password) VALUES ('Maria Kennedy', 'lance25@yahoo.com', 'qAnJRRNyHjRifsXMaNN');
INSERT INTO DOCTOR (name, email, password, speciality) VALUES ('Maria Kennedy', 'lance25@yahoo.com', 'qAnJRRNyHjRifsXMaNN', 'pediatrics');
INSERT INTO ACCOUNTANT (name, email, password) VALUES ('Joshua Gregory', 'nancyhall@hotmail.com', 'EXqDDPnVezmtjS');
INSERT INTO DOCTOR (name, email, password, speciality) VALUES ('Joshua Gregory', 'nancyhall@hotmail.com', 'EXqDDPnVezmtjS', 'neurology');
INSERT INTO ACCOUNTANT (name, email, password) VALUES ('Tracy Johnson', 'lynn88@yahoo.com', 'zmeWcWmCTYZwlcPsEsnS');
INSERT INTO DOCTOR (name, email, password, speciality) VALUES ('Tracy Johnson', 'lynn88@yahoo.com', 'zmeWcWmCTYZwlcPsEsnS', 'pediatrics');
INSERT INTO ACCOUNTANT (name, email, password) VALUES ('James Thompson', 'wolson@gmail.com', 'KBmqiYycb');
INSERT INTO DOCTOR (name, email, password, speciality) VALUES ('James Thompson', 'wolson@gmail.com', 'KBmqiYycb', 'emergency medicine');
INSERT INTO ACCOUNTANT (name, email, password) VALUES ('Natasha Gross', 'murphybrianna@gmail.com', 'clzVLjvjxcOi');
INSERT INTO DOCTOR (name, email, password, speciality) VALUES ('Natasha Gross', 'murphybrianna@gmail.com', 'clzVLjvjxcOi', 'family medicine');
INSERT INTO ACCOUNTANT (name, email, password) VALUES ('Elaine Torres', 'howardbridget@hotmail.com', 'RredWLiftZ');
INSERT INTO DOCTOR (name, email, password, speciality) VALUES ('Elaine Torres', 'howardbridget@hotmail.com', 'RredWLiftZ', 'diagnostic radiology');
INSERT INTO ACCOUNTANT (name, email, password) VALUES ('Susan Phelps', 'simslaura@yahoo.com', 'gLjtfaFplyu');
INSERT INTO DOCTOR (name, email, password, speciality) VALUES ('Susan Phelps', 'simslaura@yahoo.com', 'gLjtfaFplyu', 'family medicine');
INSERT INTO ACCOUNTANT (name, email, password) VALUES ('Jamie Stanton', 'swansonjanet@hotmail.com', 'WQwbTMiRdoV');
INSERT INTO DOCTOR (name, email, password, speciality) VALUES ('Jamie Stanton', 'swansonjanet@hotmail.com', 'WQwbTMiRdoV', 'neurology');
INSERT INTO ACCOUNTANT (name, email, password) VALUES ('Olivia Soto', 'josephyoung@yahoo.com', 'RtYZHiNiI');
INSERT INTO DOCTOR (name, email, password, speciality) VALUES ('Olivia Soto', 'josephyoung@yahoo.com', 'RtYZHiNiI', 'anesthesiology');
INSERT INTO ACCOUNTANT (name, email, password) VALUES ('Jessica Mclaughlin', 'debraortiz@gmail.com', 'aSjEFGPYnRKJKsQxvefY');
INSERT INTO DOCTOR (name, email, password, speciality) VALUES ('Jessica Mclaughlin', 'debraortiz@gmail.com', 'aSjEFGPYnRKJKsQxvefY', 'neurology');
INSERT INTO ACCOUNTANT (name, email, password) VALUES ('Deborah Russo', 'deborahmcguire@yahoo.com', 'pyMLsjCHACwM');
INSERT INTO DOCTOR (name, email, password, speciality) VALUES ('Deborah Russo', 'deborahmcguire@yahoo.com', 'pyMLsjCHACwM', 'emergency medicine');
INSERT INTO ACCOUNTANT (name, email, password) VALUES ('Diana Bryant', 'nicoleriley@gmail.com', 'gWoGuqQrplMFBwax');
INSERT INTO DOCTOR (name, email, password, speciality) VALUES ('Diana Bryant', 'nicoleriley@gmail.com', 'gWoGuqQrplMFBwax', 'neurology');
INSERT INTO ACCOUNTANT (name, email, password) VALUES ('Melanie Velasquez', 'kathrynromero@hotmail.com', 'bgYmoFXkY');
INSERT INTO DOCTOR (name, email, password, speciality) VALUES ('Melanie Velasquez', 'kathrynromero@hotmail.com', 'bgYmoFXkY', 'family medicine');
INSERT INTO ACCOUNTANT (name, email, password) VALUES ('John Franklin', 'bmedina@hotmail.com', 'yqlUDQCCKHJEEODDITP');
INSERT INTO DOCTOR (name, email, password, speciality) VALUES ('John Franklin', 'bmedina@hotmail.com', 'yqlUDQCCKHJEEODDITP', 'anesthesiology');
INSERT INTO ACCOUNTANT (name, email, password) VALUES ('Samuel Rodriguez', 'sarahmarshall@hotmail.com', 'voGPKBcwosdkNVnZb');
INSERT INTO DOCTOR (name, email, password, speciality) VALUES ('Samuel Rodriguez', 'sarahmarshall@hotmail.com', 'voGPKBcwosdkNVnZb', 'neurology');
INSERT INTO ACCOUNTANT (name, email, password) VALUES ('Kyle Le', 'fhughes@hotmail.com', 'jyrVUIQgCO');
INSERT INTO DOCTOR (name, email, password, speciality) VALUES ('Kyle Le', 'fhughes@hotmail.com', 'jyrVUIQgCO', 'neurology');
INSERT INTO ACCOUNTANT (name, email, password) VALUES ('Patricia Byrd', 'angela33@yahoo.com', 'jZRHxiwIOfnLs');
INSERT INTO DOCTOR (name, email, password, speciality) VALUES ('Patricia Byrd', 'angela33@yahoo.com', 'jZRHxiwIOfnLs', 'diagnostic radiology');
INSERT INTO ACCOUNTANT (name, email, password) VALUES ('Edward Golden', 'michael65@gmail.com', 'IPYpjIhvHXBNjUkRG');
INSERT INTO DOCTOR (name, email, password, speciality) VALUES ('Edward Golden', 'michael65@gmail.com', 'IPYpjIhvHXBNjUkRG', 'pediatrics');
INSERT INTO ACCOUNTANT (name, email, password) VALUES ('Diane Cobb', 'fedwards@gmail.com', 'NQpQQimHAZyEdE');
INSERT INTO DOCTOR (name, email, password, speciality) VALUES ('Diane Cobb', 'fedwards@gmail.com', 'NQpQQimHAZyEdE', 'dermatology');
INSERT INTO ACCOUNTANT (name, email, password) VALUES ('Elizabeth Martinez', 'longcasey@hotmail.com', 'UvPPrZIqQzHEe');
INSERT INTO DOCTOR (name, email, password, speciality) VALUES ('Elizabeth Martinez', 'longcasey@hotmail.com', 'UvPPrZIqQzHEe', 'dermatology');
INSERT INTO ACCOUNTANT (name, email, password) VALUES ('James Hardy', 'riggsjoseph@yahoo.com', 'BbVJXuHXGLXAEGFt');
INSERT INTO DOCTOR (name, email, password, speciality) VALUES ('James Hardy', 'riggsjoseph@yahoo.com', 'BbVJXuHXGLXAEGFt', 'dermatology');
INSERT INTO ACCOUNTANT (name, email, password) VALUES ('Carrie Vaughan', 'andreawheeler@hotmail.com', 'kePMTNwqScV');
INSERT INTO DOCTOR (name, email, password, speciality) VALUES ('Carrie Vaughan', 'andreawheeler@hotmail.com', 'kePMTNwqScV', 'anesthesiology');
INSERT INTO ACCOUNTANT (name, email, password) VALUES ('Natalie Parker', 'wongcarolyn@yahoo.com', 'lCFNAPmMZZn');
INSERT INTO DOCTOR (name, email, password, speciality) VALUES ('Natalie Parker', 'wongcarolyn@yahoo.com', 'lCFNAPmMZZn', 'anesthesiology');
INSERT INTO ACCOUNTANT (name, email, password) VALUES ('Lynn Bullock', 'qsmith@hotmail.com', 'suXCGGRicmt');
INSERT INTO DOCTOR (name, email, password, speciality) VALUES ('Lynn Bullock', 'qsmith@hotmail.com', 'suXCGGRicmt', 'neurology');
INSERT INTO ACCOUNTANT (name, email, password) VALUES ('Isaiah Sexton', 'sjones@hotmail.com', 'qHkduKLkNTeVhPSXUra');
INSERT INTO DOCTOR (name, email, password, speciality) VALUES ('Isaiah Sexton', 'sjones@hotmail.com', 'qHkduKLkNTeVhPSXUra', 'diagnostic radiology');
INSERT INTO ACCOUNTANT (name, email, password) VALUES ('Carolyn Acevedo', 'josephbishop@gmail.com', 'LiRMkGpoHiTGuPFYxL');
INSERT INTO DOCTOR (name, email, password, speciality) VALUES ('Carolyn Acevedo', 'josephbishop@gmail.com', 'LiRMkGpoHiTGuPFYxL', 'neurology');
INSERT INTO ACCOUNTANT (name, email, password) VALUES ('James Rangel', 'nathanfisher@yahoo.com', 'ukNhvJgkL');
INSERT INTO DOCTOR (name, email, password, speciality) VALUES ('James Rangel', 'nathanfisher@yahoo.com', 'ukNhvJgkL', 'emergency medicine');
INSERT INTO ACCOUNTANT (name, email, password) VALUES ('Angelica Harris', 'scottcarroll@yahoo.com', 'RYLOQnxgQSflDUDOf');
INSERT INTO DOCTOR (name, email, password, speciality) VALUES ('Angelica Harris', 'scottcarroll@yahoo.com', 'RYLOQnxgQSflDUDOf', 'anesthesiology');
INSERT INTO ACCOUNTANT (name, email, password) VALUES ('Michelle Richardson', 'dgutierrez@gmail.com', 'pBJfbsuLPSw');
INSERT INTO DOCTOR (name, email, password, speciality) VALUES ('Michelle Richardson', 'dgutierrez@gmail.com', 'pBJfbsuLPSw', 'neurology');
INSERT INTO ACCOUNTANT (name, email, password) VALUES ('Mark Ramirez', 'gjones@hotmail.com', 'bWqmtvyAlhAwJK');
INSERT INTO DOCTOR (name, email, password, speciality) VALUES ('Mark Ramirez', 'gjones@hotmail.com', 'bWqmtvyAlhAwJK', 'anesthesiology');
INSERT INTO ACCOUNTANT (name, email, password) VALUES ('Nicole Banks', 'qoneill@gmail.com', 'svDyNqDYKfrAmLbfBwi');
INSERT INTO DOCTOR (name, email, password, speciality) VALUES ('Nicole Banks', 'qoneill@gmail.com', 'svDyNqDYKfrAmLbfBwi', 'emergency medicine');
INSERT INTO ACCOUNTANT (name, email, password) VALUES ('Amanda Cook MD', 'csmith@gmail.com', 'hdyLJLkHGQojEeq');
INSERT INTO DOCTOR (name, email, password, speciality) VALUES ('Amanda Cook MD', 'csmith@gmail.com', 'hdyLJLkHGQojEeq', 'pediatrics');
INSERT INTO ACCOUNTANT (name, email, password) VALUES ('Jay Williams', 'wmarquez@yahoo.com', 'yyzzzOfUtWqVximDNphy');
INSERT INTO DOCTOR (name, email, password, speciality) VALUES ('Jay Williams', 'wmarquez@yahoo.com', 'yyzzzOfUtWqVximDNphy', 'family medicine');
INSERT INTO ACCOUNTANT (name, email, password) VALUES ('Kari Palmer', 'rlewis@gmail.com', 'peQzwnVp');
INSERT INTO DOCTOR (name, email, password, speciality) VALUES ('Kari Palmer', 'rlewis@gmail.com', 'peQzwnVp', 'anesthesiology');
INSERT INTO ACCOUNTANT (name, email, password) VALUES ('Thomas Johnson', 'lopezdorothy@yahoo.com', 'YVgRZnohHlxNG');
INSERT INTO DOCTOR (name, email, password, speciality) VALUES ('Thomas Johnson', 'lopezdorothy@yahoo.com', 'YVgRZnohHlxNG', 'anesthesiology');
INSERT INTO ACCOUNTANT (name, email, password) VALUES ('Monica Thomas', 'barbara79@yahoo.com', 'ArzCtLNBExIHUfTXFqt');
INSERT INTO DOCTOR (name, email, password, speciality) VALUES ('Monica Thomas', 'barbara79@yahoo.com', 'ArzCtLNBExIHUfTXFqt', 'emergency medicine');
INSERT INTO ACCOUNTANT (name, email, password) VALUES ('Mary Brown', 'danielmorris@hotmail.com', 'gMDGhAMYKPDVncnmSytA');
INSERT INTO DOCTOR (name, email, password, speciality) VALUES ('Mary Brown', 'danielmorris@hotmail.com', 'gMDGhAMYKPDVncnmSytA', 'neurology');
INSERT INTO ACCOUNTANT (name, email, password) VALUES ('Alexander Espinoza', 'xwright@yahoo.com', 'tLPZsYpWBRQ');
INSERT INTO DOCTOR (name, email, password, speciality) VALUES ('Alexander Espinoza', 'xwright@yahoo.com', 'tLPZsYpWBRQ', 'emergency medicine');
INSERT INTO ACCOUNTANT (name, email, password) VALUES ('Patrick Morgan', 'traceymyers@hotmail.com', 'qQyphHTTyvodVni');
INSERT INTO DOCTOR (name, email, password, speciality) VALUES ('Patrick Morgan', 'traceymyers@hotmail.com', 'qQyphHTTyvodVni', 'neurology');
INSERT INTO ACCOUNTANT (name, email, password) VALUES ('Jodi Hoffman', 'chinton@yahoo.com', 'LGDpXUXLo');
INSERT INTO DOCTOR (name, email, password, speciality) VALUES ('Jodi Hoffman', 'chinton@yahoo.com', 'LGDpXUXLo', 'pediatrics');
INSERT INTO ACCOUNTANT (name, email, password) VALUES ('Cassandra Lewis', 'wmills@yahoo.com', 'CgVPunMHdsyknIZNccSQ');
INSERT INTO DOCTOR (name, email, password, speciality) VALUES ('Cassandra Lewis', 'wmills@yahoo.com', 'CgVPunMHdsyknIZNccSQ', 'pediatrics');
INSERT INTO ACCOUNTANT (name, email, password) VALUES ('Meghan Padilla', 'rebeccadixon@gmail.com', 'mzBsuVRXrshfiHbKT');
INSERT INTO DOCTOR (name, email, password, speciality) VALUES ('Meghan Padilla', 'rebeccadixon@gmail.com', 'mzBsuVRXrshfiHbKT', 'family medicine');
INSERT INTO ACCOUNTANT (name, email, password) VALUES ('Lisa Kent', 'stephanie78@yahoo.com', 'gKLSXoWjWEiYkYo');
INSERT INTO DOCTOR (name, email, password, speciality) VALUES ('Lisa Kent', 'stephanie78@yahoo.com', 'gKLSXoWjWEiYkYo', 'pediatrics');
INSERT INTO ACCOUNTANT (name, email, password) VALUES ('Becky Brown', 'matthewgibson@yahoo.com', 'DmPFHVITwRyNZS');
INSERT INTO DOCTOR (name, email, password, speciality) VALUES ('Becky Brown', 'matthewgibson@yahoo.com', 'DmPFHVITwRyNZS', 'diagnostic radiology');
INSERT INTO ACCOUNTANT (name, email, password) VALUES ('Kara Harris', 'rshields@hotmail.com', 'ptdJeVYqqRXRZapHdSVz');
INSERT INTO DOCTOR (name, email, password, speciality) VALUES ('Kara Harris', 'rshields@hotmail.com', 'ptdJeVYqqRXRZapHdSVz', 'family medicine');
INSERT INTO ACCOUNTANT (name, email, password) VALUES ('Christine Kennedy', 'lopezronald@gmail.com', 'ZiruWiCtFCWv');
INSERT INTO DOCTOR (name, email, password, speciality) VALUES ('Christine Kennedy', 'lopezronald@gmail.com', 'ZiruWiCtFCWv', 'diagnostic radiology');
INSERT INTO ACCOUNTANT (name, email, password) VALUES ('Dr. Maria Crawford DDS', 'lpoole@yahoo.com', 'SeWrXJJbnCyhTMbhUB');
INSERT INTO DOCTOR (name, email, password, speciality) VALUES ('Dr. Maria Crawford DDS', 'lpoole@yahoo.com', 'SeWrXJJbnCyhTMbhUB', 'dermatology');
INSERT INTO ACCOUNTANT (name, email, password) VALUES ('Stacy Dixon', 'emily79@gmail.com', 'vtEimSQCmhzCWEhHvixh');
INSERT INTO DOCTOR (name, email, password, speciality) VALUES ('Stacy Dixon', 'emily79@gmail.com', 'vtEimSQCmhzCWEhHvixh', 'neurology');
INSERT INTO ACCOUNTANT (name, email, password) VALUES ('Nicole Le', 'harrismelissa@gmail.com', 'fASgoJCYpGd');
INSERT INTO DOCTOR (name, email, password, speciality) VALUES ('Nicole Le', 'harrismelissa@gmail.com', 'fASgoJCYpGd', 'family medicine');
INSERT INTO ACCOUNTANT (name, email, password) VALUES ('Alice Mack', 'xhenson@yahoo.com', 'GogRwnqJgoEXYIkIvlg');
INSERT INTO DOCTOR (name, email, password, speciality) VALUES ('Alice Mack', 'xhenson@yahoo.com', 'GogRwnqJgoEXYIkIvlg', 'emergency medicine');
INSERT INTO ACCOUNTANT (name, email, password) VALUES ('Brandon Smith', 'marcusmcbride@hotmail.com', 'kfbLCEthUtiaAp');
INSERT INTO DOCTOR (name, email, password, speciality) VALUES ('Brandon Smith', 'marcusmcbride@hotmail.com', 'kfbLCEthUtiaAp', 'pediatrics');
INSERT INTO ACCOUNTANT (name, email, password) VALUES ('Reginald Conway', 'murphysara@yahoo.com', 'XmMBIBbsSHhTPthBWKuT');
INSERT INTO DOCTOR (name, email, password, speciality) VALUES ('Reginald Conway', 'murphysara@yahoo.com', 'XmMBIBbsSHhTPthBWKuT', 'anesthesiology');
INSERT INTO ACCOUNTANT (name, email, password) VALUES ('Lisa Simpson', 'cstevens@gmail.com', 'DxDgdMfz');
INSERT INTO DOCTOR (name, email, password, speciality) VALUES ('Lisa Simpson', 'cstevens@gmail.com', 'DxDgdMfz', 'anesthesiology');
INSERT INTO ACCOUNTANT (name, email, password) VALUES ('Robert Gordon', 'beansharon@hotmail.com', 'GBkKISfGB');
INSERT INTO DOCTOR (name, email, password, speciality) VALUES ('Robert Gordon', 'beansharon@hotmail.com', 'GBkKISfGB', 'neurology');
INSERT INTO ACCOUNTANT (name, email, password) VALUES ('Louis Barnett', 'joseph70@yahoo.com', 'wVyjbxvlOffIrj');
INSERT INTO DOCTOR (name, email, password, speciality) VALUES ('Louis Barnett', 'joseph70@yahoo.com', 'wVyjbxvlOffIrj', 'anesthesiology');
INSERT INTO ACCOUNTANT (name, email, password) VALUES ('Randy Schmidt', 'kathleen79@gmail.com', 'qLoAYcSrAigLF');
INSERT INTO DOCTOR (name, email, password, speciality) VALUES ('Randy Schmidt', 'kathleen79@gmail.com', 'qLoAYcSrAigLF', 'neurology');
INSERT INTO ACCOUNTANT (name, email, password) VALUES ('Ronald Salas', 'josephhopkins@gmail.com', 'gMNoAlmUKSWTJWJRiSG');
INSERT INTO DOCTOR (name, email, password, speciality) VALUES ('Ronald Salas', 'josephhopkins@gmail.com', 'gMNoAlmUKSWTJWJRiSG', 'neurology');
INSERT INTO ACCOUNTANT (name, email, password) VALUES ('Mrs. Mary Adams', 'htaylor@yahoo.com', 'MHKUpCeyG');
INSERT INTO DOCTOR (name, email, password, speciality) VALUES ('Mrs. Mary Adams', 'htaylor@yahoo.com', 'MHKUpCeyG', 'anesthesiology');
INSERT INTO ACCOUNTANT (name, email, password) VALUES ('Heather Thomas', 'justinperez@hotmail.com', 'ozVVPuJabWtURH');
INSERT INTO DOCTOR (name, email, password, speciality) VALUES ('Heather Thomas', 'justinperez@hotmail.com', 'ozVVPuJabWtURH', 'family medicine');
INSERT INTO ACCOUNTANT (name, email, password) VALUES ('Johnny Lynch', 'qsmith@yahoo.com', 'YPnKCxnx');
INSERT INTO DOCTOR (name, email, password, speciality) VALUES ('Johnny Lynch', 'qsmith@yahoo.com', 'YPnKCxnx', 'family medicine');
INSERT INTO ACCOUNTANT (name, email, password) VALUES ('Jeremy Campbell', 'crobinson@gmail.com', 'DaVvOmCGUETt');
INSERT INTO DOCTOR (name, email, password, speciality) VALUES ('Jeremy Campbell', 'crobinson@gmail.com', 'DaVvOmCGUETt', 'anesthesiology');
INSERT INTO ACCOUNTANT (name, email, password) VALUES ('Jordan Tucker', 'umorgan@gmail.com', 'KsxdNJRauspSUMLFC');
INSERT INTO DOCTOR (name, email, password, speciality) VALUES ('Jordan Tucker', 'umorgan@gmail.com', 'KsxdNJRauspSUMLFC', 'dermatology');
INSERT INTO ACCOUNTANT (name, email, password) VALUES ('Michael Sanders', 'rebecca49@yahoo.com', 'aXGtImvuCLGKgfFwZmB');
INSERT INTO DOCTOR (name, email, password, speciality) VALUES ('Michael Sanders', 'rebecca49@yahoo.com', 'aXGtImvuCLGKgfFwZmB', 'neurology');
INSERT INTO ACCOUNTANT (name, email, password) VALUES ('Samuel Maxwell', 'morgan17@yahoo.com', 'maYOlrovlCNJbiXqnvy');
INSERT INTO DOCTOR (name, email, password, speciality) VALUES ('Samuel Maxwell', 'morgan17@yahoo.com', 'maYOlrovlCNJbiXqnvy', 'emergency medicine');
INSERT INTO ACCOUNTANT (name, email, password) VALUES ('Christopher Austin', 'pmercado@yahoo.com', 'EdLsYJMtVM');
INSERT INTO DOCTOR (name, email, password, speciality) VALUES ('Christopher Austin', 'pmercado@yahoo.com', 'EdLsYJMtVM', 'pediatrics');
INSERT INTO ACCOUNTANT (name, email, password) VALUES ('Dustin Williams', 'garciaashley@yahoo.com', 'RjJuwVEhhfZqS');
INSERT INTO DOCTOR (name, email, password, speciality) VALUES ('Dustin Williams', 'garciaashley@yahoo.com', 'RjJuwVEhhfZqS', 'emergency medicine');
INSERT INTO ACCOUNTANT (name, email, password) VALUES ('Ana Anderson', 'pauldavid@hotmail.com', 'odIjalJXIncrj');
INSERT INTO DOCTOR (name, email, password, speciality) VALUES ('Ana Anderson', 'pauldavid@hotmail.com', 'odIjalJXIncrj', 'family medicine');
INSERT INTO ACCOUNTANT (name, email, password) VALUES ('David Barnes', 'jonescarol@hotmail.com', 'DoObHCPC');
INSERT INTO DOCTOR (name, email, password, speciality) VALUES ('David Barnes', 'jonescarol@hotmail.com', 'DoObHCPC', 'diagnostic radiology');
INSERT INTO ACCOUNTANT (name, email, password) VALUES ('Regina Newman', 'john65@yahoo.com', 'ZXRwPABKkaTSstubg');
INSERT INTO DOCTOR (name, email, password, speciality) VALUES ('Regina Newman', 'john65@yahoo.com', 'ZXRwPABKkaTSstubg', 'dermatology');
INSERT INTO ACCOUNTANT (name, email, password) VALUES ('Charles Morales', 'gthomas@gmail.com', 'aJiyYKVLqGveLzl');
INSERT INTO DOCTOR (name, email, password, speciality) VALUES ('Charles Morales', 'gthomas@gmail.com', 'aJiyYKVLqGveLzl', 'emergency medicine');
INSERT INTO ACCOUNTANT (name, email, password) VALUES ('Nancy Hebert', 'jill70@hotmail.com', 'xLGfuDcbwzBg');
INSERT INTO DOCTOR (name, email, password, speciality) VALUES ('Nancy Hebert', 'jill70@hotmail.com', 'xLGfuDcbwzBg', 'anesthesiology');
INSERT INTO ACCOUNTANT (name, email, password) VALUES ('Jason Stout', 'simsgeorge@yahoo.com', 'QmKTgJfCRmMsuGV');
INSERT INTO DOCTOR (name, email, password, speciality) VALUES ('Jason Stout', 'simsgeorge@yahoo.com', 'QmKTgJfCRmMsuGV', 'family medicine');
INSERT INTO ACCOUNTANT (name, email, password) VALUES ('Sarah Thomas', 'aliciamorales@hotmail.com', 'myIAHardXfMt');
INSERT INTO DOCTOR (name, email, password, speciality) VALUES ('Sarah Thomas', 'aliciamorales@hotmail.com', 'myIAHardXfMt', 'diagnostic radiology');
INSERT INTO ACCOUNTANT (name, email, password) VALUES ('Alexander Garcia', 'sthomas@hotmail.com', 'TOCKnBKyO');
INSERT INTO DOCTOR (name, email, password, speciality) VALUES ('Alexander Garcia', 'sthomas@hotmail.com', 'TOCKnBKyO', 'pediatrics');
INSERT INTO ACCOUNTANT (name, email, password) VALUES ('Frank Long', 'ghanna@gmail.com', 'PGQPgknSTOPG');
INSERT INTO DOCTOR (name, email, password, speciality) VALUES ('Frank Long', 'ghanna@gmail.com', 'PGQPgknSTOPG', 'pediatrics');
INSERT INTO ACCOUNTANT (name, email, password) VALUES ('Jamie Peck', 'kimberlybush@gmail.com', 'kPNIeHepYvjBZQeyo');
INSERT INTO DOCTOR (name, email, password, speciality) VALUES ('Jamie Peck', 'kimberlybush@gmail.com', 'kPNIeHepYvjBZQeyo', 'pediatrics');
INSERT INTO ACCOUNTANT (name, email, password) VALUES ('Jim Gutierrez', 'leahbradley@yahoo.com', 'EDoeazBYUytKxoAB');
INSERT INTO DOCTOR (name, email, password, speciality) VALUES ('Jim Gutierrez', 'leahbradley@yahoo.com', 'EDoeazBYUytKxoAB', 'diagnostic radiology');
INSERT INTO ACCOUNTANT (name, email, password) VALUES ('Michael Juarez', 'patrickbrian@yahoo.com', 'akVeRqPu');
INSERT INTO DOCTOR (name, email, password, speciality) VALUES ('Michael Juarez', 'patrickbrian@yahoo.com', 'akVeRqPu', 'anesthesiology');
INSERT INTO ACCOUNTANT (name, email, password) VALUES ('Anne Guzman', 'vmcbride@yahoo.com', 'tHKDbYhMMnyYpZIqW');
INSERT INTO DOCTOR (name, email, password, speciality) VALUES ('Anne Guzman', 'vmcbride@yahoo.com', 'tHKDbYhMMnyYpZIqW', 'emergency medicine');
INSERT INTO ACCOUNTANT (name, email, password) VALUES ('Daryl Martinez', 'whitney17@hotmail.com', 'jqouLXANIpR');
INSERT INTO DOCTOR (name, email, password, speciality) VALUES ('Daryl Martinez', 'whitney17@hotmail.com', 'jqouLXANIpR', 'neurology');
INSERT INTO ACCOUNTANT (name, email, password) VALUES ('Curtis Russell', 'candace93@yahoo.com', 'GNYqnwbfEJwxyfUQDzV');
INSERT INTO DOCTOR (name, email, password, speciality) VALUES ('Curtis Russell', 'candace93@yahoo.com', 'GNYqnwbfEJwxyfUQDzV', 'pediatrics');
INSERT INTO ACCOUNTANT (name, email, password) VALUES ('Brittany Payne', 'joseph47@gmail.com', 'elTumbtnu');
INSERT INTO DOCTOR (name, email, password, speciality) VALUES ('Brittany Payne', 'joseph47@gmail.com', 'elTumbtnu', 'anesthesiology');
INSERT INTO ACCOUNTANT (name, email, password) VALUES ('Christina Massey', 'williamfrancis@gmail.com', 'kAnbyDXiCjkdcmwJpvO');
INSERT INTO DOCTOR (name, email, password, speciality) VALUES ('Christina Massey', 'williamfrancis@gmail.com', 'kAnbyDXiCjkdcmwJpvO', 'pediatrics');
INSERT INTO ACCOUNTANT (name, email, password) VALUES ('Daniel Burns', 'lindsayflores@yahoo.com', 'BCMkZpOnHYtjrlS');
INSERT INTO DOCTOR (name, email, password, speciality) VALUES ('Daniel Burns', 'lindsayflores@yahoo.com', 'BCMkZpOnHYtjrlS', 'dermatology');
INSERT INTO ACCOUNTANT (name, email, password) VALUES ('Wayne Perry', 'walkerdavid@hotmail.com', 'NsqMQrTmkLB');
INSERT INTO DOCTOR (name, email, password, speciality) VALUES ('Wayne Perry', 'walkerdavid@hotmail.com', 'NsqMQrTmkLB', 'pediatrics');
INSERT INTO ACCOUNTANT (name, email, password) VALUES ('Mario Myers', 'robert17@yahoo.com', 'PRhgmVHPiJvN');
INSERT INTO DOCTOR (name, email, password, speciality) VALUES ('Mario Myers', 'robert17@yahoo.com', 'PRhgmVHPiJvN', 'emergency medicine');
INSERT INTO ACCOUNTANT (name, email, password) VALUES ('Shelly Irwin', 'katherinegill@gmail.com', 'BgIDNIETEVV');
INSERT INTO DOCTOR (name, email, password, speciality) VALUES ('Shelly Irwin', 'katherinegill@gmail.com', 'BgIDNIETEVV', 'anesthesiology');
INSERT INTO ACCOUNTANT (name, email, password) VALUES ('Ronald Martin', 'kiddlisa@yahoo.com', 'EQWxbrjIKstUZIuU');
INSERT INTO DOCTOR (name, email, password, speciality) VALUES ('Ronald Martin', 'kiddlisa@yahoo.com', 'EQWxbrjIKstUZIuU', 'pediatrics');
INSERT INTO ACCOUNTANT (name, email, password) VALUES ('Victoria Trujillo', 'rarmstrong@hotmail.com', 'RlJRzBDZERa');
INSERT INTO DOCTOR (name, email, password, speciality) VALUES ('Victoria Trujillo', 'rarmstrong@hotmail.com', 'RlJRzBDZERa', 'dermatology');
INSERT INTO ACCOUNTANT (name, email, password) VALUES ('Zoe Peters', 'lindsaychristian@yahoo.com', 'DDbnxgCBbSoqPLRRs');
INSERT INTO DOCTOR (name, email, password, speciality) VALUES ('Zoe Peters', 'lindsaychristian@yahoo.com', 'DDbnxgCBbSoqPLRRs', 'family medicine');
INSERT INTO ACCOUNTANT (name, email, password) VALUES ('Misty Bush', 'trevinobrenda@hotmail.com', 'zlHQIAAcdwR');
INSERT INTO DOCTOR (name, email, password, speciality) VALUES ('Misty Bush', 'trevinobrenda@hotmail.com', 'zlHQIAAcdwR', 'anesthesiology');
INSERT INTO ACCOUNTANT (name, email, password) VALUES ('Kerry Curtis', 'justin03@hotmail.com', 'cwAGXRWDabkQBiQC');
INSERT INTO DOCTOR (name, email, password, speciality) VALUES ('Kerry Curtis', 'justin03@hotmail.com', 'cwAGXRWDabkQBiQC', 'anesthesiology');
INSERT INTO ACCOUNTANT (name, email, password) VALUES ('Steven Carr', 'adillon@hotmail.com', 'cbNYvtWgFmddnPU');
INSERT INTO DOCTOR (name, email, password, speciality) VALUES ('Steven Carr', 'adillon@hotmail.com', 'cbNYvtWgFmddnPU', 'family medicine');
INSERT INTO ACCOUNTANT (name, email, password) VALUES ('Jeffrey Roberts', 'katrinawilliams@gmail.com', 'ubHesviNLssvp');
INSERT INTO DOCTOR (name, email, password, speciality) VALUES ('Jeffrey Roberts', 'katrinawilliams@gmail.com', 'ubHesviNLssvp', 'neurology');
INSERT INTO ACCOUNTANT (name, email, password) VALUES ('Wanda Clark', 'emily74@yahoo.com', 'ENxMwBFv');
INSERT INTO DOCTOR (name, email, password, speciality) VALUES ('Wanda Clark', 'emily74@yahoo.com', 'ENxMwBFv', 'emergency medicine');
INSERT INTO ACCOUNTANT (name, email, password) VALUES ('Grant Ryan', 'heidi48@yahoo.com', 'KIupYcrdpKUhKJuuHQE');
INSERT INTO DOCTOR (name, email, password, speciality) VALUES ('Grant Ryan', 'heidi48@yahoo.com', 'KIupYcrdpKUhKJuuHQE', 'diagnostic radiology');
INSERT INTO ACCOUNTANT (name, email, password) VALUES ('Brittany Parker', 'maria27@yahoo.com', 'uxxiGFOfnPkrJLyViH');
INSERT INTO DOCTOR (name, email, password, speciality) VALUES ('Brittany Parker', 'maria27@yahoo.com', 'uxxiGFOfnPkrJLyViH', 'anesthesiology');
INSERT INTO ACCOUNTANT (name, email, password) VALUES ('Jeffrey Hansen', 'crystalfloyd@yahoo.com', 'FjnipnzVrKV');
INSERT INTO DOCTOR (name, email, password, speciality) VALUES ('Jeffrey Hansen', 'crystalfloyd@yahoo.com', 'FjnipnzVrKV', 'family medicine');
INSERT INTO ACCOUNTANT (name, email, password) VALUES ('Victoria Vega', 'meyervictor@gmail.com', 'YDwYDfwRvtIQnS');
INSERT INTO DOCTOR (name, email, password, speciality) VALUES ('Victoria Vega', 'meyervictor@gmail.com', 'YDwYDfwRvtIQnS', 'emergency medicine');
INSERT INTO ACCOUNTANT (name, email, password) VALUES ('Amanda Cain MD', 'dtaylor@gmail.com', 'bExTtIOKqwnx');
INSERT INTO DOCTOR (name, email, password, speciality) VALUES ('Amanda Cain MD', 'dtaylor@gmail.com', 'bExTtIOKqwnx', 'diagnostic radiology');
INSERT INTO ACCOUNTANT (name, email, password) VALUES ('Rachel Knox', 'walkermason@hotmail.com', 'QoaswkBOXGm');
INSERT INTO DOCTOR (name, email, password, speciality) VALUES ('Rachel Knox', 'walkermason@hotmail.com', 'QoaswkBOXGm', 'family medicine');
INSERT INTO ACCOUNTANT (name, email, password) VALUES ('Michael Strong', 'daisy60@yahoo.com', 'ySeopgtBFwePwWBJ');
INSERT INTO DOCTOR (name, email, password, speciality) VALUES ('Michael Strong', 'daisy60@yahoo.com', 'ySeopgtBFwePwWBJ', 'anesthesiology');
INSERT INTO ACCOUNTANT (name, email, password) VALUES ('Eric Turner', 'lfischer@yahoo.com', 'BFPwxtQhwpOkcnpKqHb');
INSERT INTO DOCTOR (name, email, password, speciality) VALUES ('Eric Turner', 'lfischer@yahoo.com', 'BFPwxtQhwpOkcnpKqHb', 'pediatrics');
INSERT INTO ACCOUNTANT (name, email, password) VALUES ('Dr. Todd Vaughn', 'shenry@gmail.com', 'rwjqHUOI');
INSERT INTO DOCTOR (name, email, password, speciality) VALUES ('Dr. Todd Vaughn', 'shenry@gmail.com', 'rwjqHUOI', 'emergency medicine');
INSERT INTO ACCOUNTANT (name, email, password) VALUES ('Jenny Jones', 'adrianrichardson@yahoo.com', 'ryluqBnmBH');
INSERT INTO DOCTOR (name, email, password, speciality) VALUES ('Jenny Jones', 'adrianrichardson@yahoo.com', 'ryluqBnmBH', 'pediatrics');
INSERT INTO ACCOUNTANT (name, email, password) VALUES ('Michael Graham', 'bobbywolfe@gmail.com', 'rYSqCtPOA');
INSERT INTO DOCTOR (name, email, password, speciality) VALUES ('Michael Graham', 'bobbywolfe@gmail.com', 'rYSqCtPOA', 'pediatrics');
INSERT INTO ACCOUNTANT (name, email, password) VALUES ('Michael Thompson', 'davidturner@hotmail.com', 'poHyxSkdYPf');
INSERT INTO DOCTOR (name, email, password, speciality) VALUES ('Michael Thompson', 'davidturner@hotmail.com', 'poHyxSkdYPf', 'dermatology');
INSERT INTO ACCOUNTANT (name, email, password) VALUES ('Kayla Shields', 'rmaldonado@yahoo.com', 'OtswJoMbwGsRrfQJ');
INSERT INTO DOCTOR (name, email, password, speciality) VALUES ('Kayla Shields', 'rmaldonado@yahoo.com', 'OtswJoMbwGsRrfQJ', 'dermatology');
INSERT INTO ACCOUNTANT (name, email, password) VALUES ('Mario Stokes', 'parkerbrian@gmail.com', 'tLTYShQBn');
INSERT INTO DOCTOR (name, email, password, speciality) VALUES ('Mario Stokes', 'parkerbrian@gmail.com', 'tLTYShQBn', 'diagnostic radiology');
INSERT INTO ACCOUNTANT (name, email, password) VALUES ('Dr. Joseph Vargas MD', 'taraschneider@yahoo.com', 'OvxtZMkX');
INSERT INTO DOCTOR (name, email, password, speciality) VALUES ('Dr. Joseph Vargas MD', 'taraschneider@yahoo.com', 'OvxtZMkX', 'emergency medicine');
INSERT INTO ACCOUNTANT (name, email, password) VALUES ('Lisa Douglas', 'cliffordellis@gmail.com', 'WDRprLGyNLWos');
INSERT INTO DOCTOR (name, email, password, speciality) VALUES ('Lisa Douglas', 'cliffordellis@gmail.com', 'WDRprLGyNLWos', 'diagnostic radiology');
INSERT INTO ACCOUNTANT (name, email, password) VALUES ('Jesse Mason', 'vdavis@yahoo.com', 'ryXykNgveTv');
INSERT INTO DOCTOR (name, email, password, speciality) VALUES ('Jesse Mason', 'vdavis@yahoo.com', 'ryXykNgveTv', 'family medicine');
INSERT INTO ACCOUNTANT (name, email, password) VALUES ('Paula Thompson', 'norrisashley@yahoo.com', 'IXRoksTVDKh');
INSERT INTO DOCTOR (name, email, password, speciality) VALUES ('Paula Thompson', 'norrisashley@yahoo.com', 'IXRoksTVDKh', 'diagnostic radiology');
INSERT INTO ACCOUNTANT (name, email, password) VALUES ('George Ramos', 'megan37@hotmail.com', 'rjmDaYfvIO');
INSERT INTO DOCTOR (name, email, password, speciality) VALUES ('George Ramos', 'megan37@hotmail.com', 'rjmDaYfvIO', 'anesthesiology');
INSERT INTO ACCOUNTANT (name, email, password) VALUES ('Michael Garcia', 'bmartinez@hotmail.com', 'YMlfIIeSa');
INSERT INTO DOCTOR (name, email, password, speciality) VALUES ('Michael Garcia', 'bmartinez@hotmail.com', 'YMlfIIeSa', 'dermatology');
INSERT INTO ACCOUNTANT (name, email, password) VALUES ('Justin Nelson II', 'pholt@yahoo.com', 'HSIWvZsU');
INSERT INTO DOCTOR (name, email, password, speciality) VALUES ('Justin Nelson II', 'pholt@yahoo.com', 'HSIWvZsU', 'neurology');
INSERT INTO ACCOUNTANT (name, email, password) VALUES ('Mr. Robert Orr', 'lopezjacob@hotmail.com', 'uKEDqKtBMFHaktii');
INSERT INTO DOCTOR (name, email, password, speciality) VALUES ('Mr. Robert Orr', 'lopezjacob@hotmail.com', 'uKEDqKtBMFHaktii', 'emergency medicine');
INSERT INTO ACCOUNTANT (name, email, password) VALUES ('Shirley Roberts', 'maria63@gmail.com', 'WJifvlfrLW');
INSERT INTO DOCTOR (name, email, password, speciality) VALUES ('Shirley Roberts', 'maria63@gmail.com', 'WJifvlfrLW', 'dermatology');
INSERT INTO ACCOUNTANT (name, email, password) VALUES ('Renee Wheeler', 'kristafigueroa@gmail.com', 'MsccWrQAdhhTWFI');
INSERT INTO DOCTOR (name, email, password, speciality) VALUES ('Renee Wheeler', 'kristafigueroa@gmail.com', 'MsccWrQAdhhTWFI', 'family medicine');
INSERT INTO ACCOUNTANT (name, email, password) VALUES ('Amy Nelson', 'lmoreno@hotmail.com', 'WChOsFdrZaWFPXB');
INSERT INTO DOCTOR (name, email, password, speciality) VALUES ('Amy Nelson', 'lmoreno@hotmail.com', 'WChOsFdrZaWFPXB', 'emergency medicine');
INSERT INTO ACCOUNTANT (name, email, password) VALUES ('Thomas Brown', 'schultzmatthew@gmail.com', 'atHXijDHr');
INSERT INTO DOCTOR (name, email, password, speciality) VALUES ('Thomas Brown', 'schultzmatthew@gmail.com', 'atHXijDHr', 'emergency medicine');
INSERT INTO ACCOUNTANT (name, email, password) VALUES ('Sharon Perry MD', 'mbartlett@hotmail.com', 'UbsngTbtfMClV');
INSERT INTO DOCTOR (name, email, password, speciality) VALUES ('Sharon Perry MD', 'mbartlett@hotmail.com', 'UbsngTbtfMClV', 'neurology');
INSERT INTO ACCOUNTANT (name, email, password) VALUES ('Bonnie Walker', 'dawnpaul@gmail.com', 'jYrtrUHdDvldeijvmdb');
INSERT INTO DOCTOR (name, email, password, speciality) VALUES ('Bonnie Walker', 'dawnpaul@gmail.com', 'jYrtrUHdDvldeijvmdb', 'anesthesiology');
INSERT INTO ACCOUNTANT (name, email, password) VALUES ('Michelle Mccall', 'barbarahicks@hotmail.com', 'sAEqBKBDCvZAvyu');
INSERT INTO DOCTOR (name, email, password, speciality) VALUES ('Michelle Mccall', 'barbarahicks@hotmail.com', 'sAEqBKBDCvZAvyu', 'neurology');
INSERT INTO ACCOUNTANT (name, email, password) VALUES ('Austin Reed', 'gregory60@hotmail.com', 'JXwVHdJXyZCGwqhPO');
INSERT INTO DOCTOR (name, email, password, speciality) VALUES ('Austin Reed', 'gregory60@hotmail.com', 'JXwVHdJXyZCGwqhPO', 'dermatology');
INSERT INTO ACCOUNTANT (name, email, password) VALUES ('Dr. Monique Skinner', 'lambamanda@hotmail.com', 'AajGerBFxnW');
INSERT INTO DOCTOR (name, email, password, speciality) VALUES ('Dr. Monique Skinner', 'lambamanda@hotmail.com', 'AajGerBFxnW', 'diagnostic radiology');
INSERT INTO ACCOUNTANT (name, email, password) VALUES ('Emily Meyers', 'hflores@gmail.com', 'wRMTLMEPLyGBRIIX');
INSERT INTO DOCTOR (name, email, password, speciality) VALUES ('Emily Meyers', 'hflores@gmail.com', 'wRMTLMEPLyGBRIIX', 'anesthesiology');
INSERT INTO ACCOUNTANT (name, email, password) VALUES ('Jessica Hurley', 'brownvirginia@hotmail.com', 'guejFIdlgDvqB');
INSERT INTO DOCTOR (name, email, password, speciality) VALUES ('Jessica Hurley', 'brownvirginia@hotmail.com', 'guejFIdlgDvqB', 'family medicine');
INSERT INTO ACCOUNTANT (name, email, password) VALUES ('Patricia Davis', 'jose92@hotmail.com', 'SxEaaLxvwFeWh');
INSERT INTO DOCTOR (name, email, password, speciality) VALUES ('Patricia Davis', 'jose92@hotmail.com', 'SxEaaLxvwFeWh', 'diagnostic radiology');
INSERT INTO ACCOUNTANT (name, email, password) VALUES ('Adam Ray', 'christine90@yahoo.com', 'bfHQMLnzkrHBvXHRsnOX');
INSERT INTO DOCTOR (name, email, password, speciality) VALUES ('Adam Ray', 'christine90@yahoo.com', 'bfHQMLnzkrHBvXHRsnOX', 'dermatology');
INSERT INTO ACCOUNTANT (name, email, password) VALUES ('Adriana Hoffman', 'ybutler@gmail.com', 'USMJQCQnOlJQK');
INSERT INTO DOCTOR (name, email, password, speciality) VALUES ('Adriana Hoffman', 'ybutler@gmail.com', 'USMJQCQnOlJQK', 'anesthesiology');
INSERT INTO ACCOUNTANT (name, email, password) VALUES ('Laura Henderson', 'garciasarah@hotmail.com', 'oYUTKTGANFidPhflg');
INSERT INTO DOCTOR (name, email, password, speciality) VALUES ('Laura Henderson', 'garciasarah@hotmail.com', 'oYUTKTGANFidPhflg', 'emergency medicine');
INSERT INTO ACCOUNTANT (name, email, password) VALUES ('Patricia Mcbride', 'yyork@gmail.com', 'gWoGgApXzN');
INSERT INTO DOCTOR (name, email, password, speciality) VALUES ('Patricia Mcbride', 'yyork@gmail.com', 'gWoGgApXzN', 'diagnostic radiology');
INSERT INTO ACCOUNTANT (name, email, password) VALUES ('Dr. Tyrone Bishop', 'jonessheryl@yahoo.com', 'RFyVpngD');
INSERT INTO DOCTOR (name, email, password, speciality) VALUES ('Dr. Tyrone Bishop', 'jonessheryl@yahoo.com', 'RFyVpngD', 'neurology');
INSERT INTO ACCOUNTANT (name, email, password) VALUES ('Jeremy Werner', 'gomezraymond@gmail.com', 'FsSkZwPPxrpOQkbSqoy');
INSERT INTO DOCTOR (name, email, password, speciality) VALUES ('Jeremy Werner', 'gomezraymond@gmail.com', 'FsSkZwPPxrpOQkbSqoy', 'neurology');
INSERT INTO ACCOUNTANT (name, email, password) VALUES ('Ryan Walton', 'fgould@hotmail.com', 'EFoYDmsEKclXQ');
INSERT INTO DOCTOR (name, email, password, speciality) VALUES ('Ryan Walton', 'fgould@hotmail.com', 'EFoYDmsEKclXQ', 'diagnostic radiology');
INSERT INTO ACCOUNTANT (name, email, password) VALUES ('Jacqueline Wise', 'robinsontracy@gmail.com', 'VtVGhOpCPXVZ');
INSERT INTO DOCTOR (name, email, password, speciality) VALUES ('Jacqueline Wise', 'robinsontracy@gmail.com', 'VtVGhOpCPXVZ', 'diagnostic radiology');
INSERT INTO ACCOUNTANT (name, email, password) VALUES ('Susan Lucas', 'ncook@yahoo.com', 'fueXpKZBfHXk');
INSERT INTO DOCTOR (name, email, password, speciality) VALUES ('Susan Lucas', 'ncook@yahoo.com', 'fueXpKZBfHXk', 'emergency medicine');
INSERT INTO ACCOUNTANT (name, email, password) VALUES ('Melissa Baker', 'billyhamilton@hotmail.com', 'kuXjfbnzXtPlT');
INSERT INTO DOCTOR (name, email, password, speciality) VALUES ('Melissa Baker', 'billyhamilton@hotmail.com', 'kuXjfbnzXtPlT', 'emergency medicine');
INSERT INTO ACCOUNTANT (name, email, password) VALUES ('Danielle Brown', 'jodirollins@hotmail.com', 'DttJMfkK');
INSERT INTO DOCTOR (name, email, password, speciality) VALUES ('Danielle Brown', 'jodirollins@hotmail.com', 'DttJMfkK', 'anesthesiology');
INSERT INTO ACCOUNTANT (name, email, password) VALUES ('Melissa Stein', 'ashleyfernandez@yahoo.com', 'HFVUDOHhDoJfal');
INSERT INTO DOCTOR (name, email, password, speciality) VALUES ('Melissa Stein', 'ashleyfernandez@yahoo.com', 'HFVUDOHhDoJfal', 'dermatology');
INSERT INTO ACCOUNTANT (name, email, password) VALUES ('Kenneth Summers', 'usmith@hotmail.com', 'UpVAGqdfxZDIF');
INSERT INTO DOCTOR (name, email, password, speciality) VALUES ('Kenneth Summers', 'usmith@hotmail.com', 'UpVAGqdfxZDIF', 'diagnostic radiology');
INSERT INTO ACCOUNTANT (name, email, password) VALUES ('Joshua Barrera', 'wsimmons@gmail.com', 'hnGuefKJhRrgf');
INSERT INTO DOCTOR (name, email, password, speciality) VALUES ('Joshua Barrera', 'wsimmons@gmail.com', 'hnGuefKJhRrgf', 'neurology');
INSERT INTO ACCOUNTANT (name, email, password) VALUES ('Angela Rogers', 'eric03@hotmail.com', 'lZhlxvBLJwIDXOn');
INSERT INTO DOCTOR (name, email, password, speciality) VALUES ('Angela Rogers', 'eric03@hotmail.com', 'lZhlxvBLJwIDXOn', 'emergency medicine');
INSERT INTO ACCOUNTANT (name, email, password) VALUES ('Thomas Gentry DVM', 'terryjohn@gmail.com', 'bvxjsxAPZCr');
INSERT INTO DOCTOR (name, email, password, speciality) VALUES ('Thomas Gentry DVM', 'terryjohn@gmail.com', 'bvxjsxAPZCr', 'pediatrics');
INSERT INTO ACCOUNTANT (name, email, password) VALUES ('Regina Rose', 'uhaney@gmail.com', 'WwbNfdHCT');
INSERT INTO DOCTOR (name, email, password, speciality) VALUES ('Regina Rose', 'uhaney@gmail.com', 'WwbNfdHCT', 'neurology');
INSERT INTO ACCOUNTANT (name, email, password) VALUES ('Rebecca Fisher', 'laura51@yahoo.com', 'UAhmAhRGf');
INSERT INTO DOCTOR (name, email, password, speciality) VALUES ('Rebecca Fisher', 'laura51@yahoo.com', 'UAhmAhRGf', 'emergency medicine');
INSERT INTO ACCOUNTANT (name, email, password) VALUES ('Zoe Cabrera', 'josephmitchell@gmail.com', 'wDBWvwnBts');
INSERT INTO DOCTOR (name, email, password, speciality) VALUES ('Zoe Cabrera', 'josephmitchell@gmail.com', 'wDBWvwnBts', 'neurology');
INSERT INTO ACCOUNTANT (name, email, password) VALUES ('Brian Clark', 'johnpowers@yahoo.com', 'GthEmLOxBQh');
INSERT INTO DOCTOR (name, email, password, speciality) VALUES ('Brian Clark', 'johnpowers@yahoo.com', 'GthEmLOxBQh', 'family medicine');
INSERT INTO ACCOUNTANT (name, email, password) VALUES ('Jason Cardenas', 'martinezcurtis@gmail.com', 'ckCUfUjcRoZ');
INSERT INTO DOCTOR (name, email, password, speciality) VALUES ('Jason Cardenas', 'martinezcurtis@gmail.com', 'ckCUfUjcRoZ', 'neurology');
INSERT INTO ACCOUNTANT (name, email, password) VALUES ('Candace Jenkins DDS', 'albertrogers@gmail.com', 'wJsilNRtNfxgnGpPh');
INSERT INTO DOCTOR (name, email, password, speciality) VALUES ('Candace Jenkins DDS', 'albertrogers@gmail.com', 'wJsilNRtNfxgnGpPh', 'pediatrics');
INSERT INTO ACCOUNTANT (name, email, password) VALUES ('Robert Brown', 'jamesreynolds@gmail.com', 'aAoBxAcfRUkQvfGtNXQz');
INSERT INTO DOCTOR (name, email, password, speciality) VALUES ('Robert Brown', 'jamesreynolds@gmail.com', 'aAoBxAcfRUkQvfGtNXQz', 'anesthesiology');
INSERT INTO ACCOUNTANT (name, email, password) VALUES ('Donna Alvarado', 'mortega@yahoo.com', 'yQKMEVNfUT');
INSERT INTO DOCTOR (name, email, password, speciality) VALUES ('Donna Alvarado', 'mortega@yahoo.com', 'yQKMEVNfUT', 'pediatrics');
INSERT INTO ACCOUNTANT (name, email, password) VALUES ('Jessica Giles', 'vball@gmail.com', 'ZFqhZjPk');
INSERT INTO DOCTOR (name, email, password, speciality) VALUES ('Jessica Giles', 'vball@gmail.com', 'ZFqhZjPk', 'family medicine');
INSERT INTO ACCOUNTANT (name, email, password) VALUES ('Eric Maddox', 'awarner@yahoo.com', 'GyFZFhlINMDNC');
INSERT INTO DOCTOR (name, email, password, speciality) VALUES ('Eric Maddox', 'awarner@yahoo.com', 'GyFZFhlINMDNC', 'diagnostic radiology');
INSERT INTO ACCOUNTANT (name, email, password) VALUES ('Nicholas Kim', 'qwilson@yahoo.com', 'mSUwrgSqGvD');
INSERT INTO DOCTOR (name, email, password, speciality) VALUES ('Nicholas Kim', 'qwilson@yahoo.com', 'mSUwrgSqGvD', 'emergency medicine');
INSERT INTO ACCOUNTANT (name, email, password) VALUES ('Patricia Robinson', 'tyler39@gmail.com', 'ebvZLBidlGhBZY');
INSERT INTO DOCTOR (name, email, password, speciality) VALUES ('Patricia Robinson', 'tyler39@gmail.com', 'ebvZLBidlGhBZY', 'emergency medicine');
INSERT INTO ACCOUNTANT (name, email, password) VALUES ('Kenneth Fitzpatrick', 'ethan83@hotmail.com', 'ROjFiELVwbofMUE');
INSERT INTO DOCTOR (name, email, password, speciality) VALUES ('Kenneth Fitzpatrick', 'ethan83@hotmail.com', 'ROjFiELVwbofMUE', 'diagnostic radiology');
INSERT INTO ACCOUNTANT (name, email, password) VALUES ('John Rivera', 'spencermartinez@gmail.com', 'KrdhuNeJyvxtfocc');
INSERT INTO DOCTOR (name, email, password, speciality) VALUES ('John Rivera', 'spencermartinez@gmail.com', 'KrdhuNeJyvxtfocc', 'pediatrics');
INSERT INTO ACCOUNTANT (name, email, password) VALUES ('Theresa Johnson', 'gregory16@yahoo.com', 'SwYvDCMlaIWrLdqiOMaj');
INSERT INTO DOCTOR (name, email, password, speciality) VALUES ('Theresa Johnson', 'gregory16@yahoo.com', 'SwYvDCMlaIWrLdqiOMaj', 'emergency medicine');
INSERT INTO ACCOUNTANT (name, email, password) VALUES ('Cathy Watson', 'robinsontiffany@yahoo.com', 'qIxmWxFWg');
INSERT INTO DOCTOR (name, email, password, speciality) VALUES ('Cathy Watson', 'robinsontiffany@yahoo.com', 'qIxmWxFWg', 'diagnostic radiology');
INSERT INTO ACCOUNTANT (name, email, password) VALUES ('Michael Rojas', 'nhernandez@hotmail.com', 'hFKSKEGjiEOP');
INSERT INTO DOCTOR (name, email, password, speciality) VALUES ('Michael Rojas', 'nhernandez@hotmail.com', 'hFKSKEGjiEOP', 'anesthesiology');
INSERT INTO ACCOUNTANT (name, email, password) VALUES ('Eric Adams', 'michaelpatel@hotmail.com', 'QYjnizovwWZU');
INSERT INTO DOCTOR (name, email, password, speciality) VALUES ('Eric Adams', 'michaelpatel@hotmail.com', 'QYjnizovwWZU', 'anesthesiology');
INSERT INTO ACCOUNTANT (name, email, password) VALUES ('Steven Carter', 'carlos33@hotmail.com', 'hMODiQWRdiggmcwtF');
INSERT INTO DOCTOR (name, email, password, speciality) VALUES ('Steven Carter', 'carlos33@hotmail.com', 'hMODiQWRdiggmcwtF', 'emergency medicine');
INSERT INTO ACCOUNTANT (name, email, password) VALUES ('Alyssa James', 'christinasalazar@gmail.com', 'fpCjiIoNhpzo');
INSERT INTO DOCTOR (name, email, password, speciality) VALUES ('Alyssa James', 'christinasalazar@gmail.com', 'fpCjiIoNhpzo', 'family medicine');
INSERT INTO ACCOUNTANT (name, email, password) VALUES ('Kenneth Brown MD', 'jefferyolson@gmail.com', 'GAmGNYDuRnVCp');
INSERT INTO DOCTOR (name, email, password, speciality) VALUES ('Kenneth Brown MD', 'jefferyolson@gmail.com', 'GAmGNYDuRnVCp', 'family medicine');
INSERT INTO ACCOUNTANT (name, email, password) VALUES ('Kimberly Hopkins', 'tamara20@hotmail.com', 'TSZQWbiSHYCaKUEyNHfo');
INSERT INTO DOCTOR (name, email, password, speciality) VALUES ('Kimberly Hopkins', 'tamara20@hotmail.com', 'TSZQWbiSHYCaKUEyNHfo', 'dermatology');
INSERT INTO ACCOUNTANT (name, email, password) VALUES ('Julia Baker', 'angela96@gmail.com', 'kTawoLajySIoPsEXCb');
INSERT INTO DOCTOR (name, email, password, speciality) VALUES ('Julia Baker', 'angela96@gmail.com', 'kTawoLajySIoPsEXCb', 'anesthesiology');
INSERT INTO ACCOUNTANT (name, email, password) VALUES ('Benjamin Roberts', 'jgarcia@yahoo.com', 'GTOddTelH');
INSERT INTO DOCTOR (name, email, password, speciality) VALUES ('Benjamin Roberts', 'jgarcia@yahoo.com', 'GTOddTelH', 'dermatology');
INSERT INTO ACCOUNTANT (name, email, password) VALUES ('Kyle Sandoval', 'debra55@hotmail.com', 'eIodndtyGkhQEDhmleMa');
INSERT INTO DOCTOR (name, email, password, speciality) VALUES ('Kyle Sandoval', 'debra55@hotmail.com', 'eIodndtyGkhQEDhmleMa', 'pediatrics');
INSERT INTO ACCOUNTANT (name, email, password) VALUES ('Bradley Montoya', 'jessica66@gmail.com', 'KYyheJMgwb');
INSERT INTO DOCTOR (name, email, password, speciality) VALUES ('Bradley Montoya', 'jessica66@gmail.com', 'KYyheJMgwb', 'pediatrics');
INSERT INTO ACCOUNTANT (name, email, password) VALUES ('Wesley Bailey', 'pjones@yahoo.com', 'CvsgxegIqNAVSBOD');
INSERT INTO DOCTOR (name, email, password, speciality) VALUES ('Wesley Bailey', 'pjones@yahoo.com', 'CvsgxegIqNAVSBOD', 'emergency medicine');
INSERT INTO ACCOUNTANT (name, email, password) VALUES ('Holly Thompson', 'wdavis@gmail.com', 'lEgAyjpHGHTsRMMLm');
INSERT INTO DOCTOR (name, email, password, speciality) VALUES ('Holly Thompson', 'wdavis@gmail.com', 'lEgAyjpHGHTsRMMLm', 'anesthesiology');
INSERT INTO ACCOUNTANT (name, email, password) VALUES ('Melissa Hodges', 'sherrymoore@hotmail.com', 'TlzhPcIozYVhKyg');
INSERT INTO DOCTOR (name, email, password, speciality) VALUES ('Melissa Hodges', 'sherrymoore@hotmail.com', 'TlzhPcIozYVhKyg', 'dermatology');
INSERT INTO ACCOUNTANT (name, email, password) VALUES ('Anthony Green', 'lucastina@gmail.com', 'CoNlyjvfzMaGRFtDlxTN');
INSERT INTO DOCTOR (name, email, password, speciality) VALUES ('Anthony Green', 'lucastina@gmail.com', 'CoNlyjvfzMaGRFtDlxTN', 'emergency medicine');
INSERT INTO ACCOUNTANT (name, email, password) VALUES ('Christina Miranda', 'hcampbell@hotmail.com', 'DjOruTraI');
INSERT INTO DOCTOR (name, email, password, speciality) VALUES ('Christina Miranda', 'hcampbell@hotmail.com', 'DjOruTraI', 'family medicine');
INSERT INTO ACCOUNTANT (name, email, password) VALUES ('Kathryn Edwards', 'alison89@hotmail.com', 'VYysSdLqYZhtqoIviipn');
INSERT INTO DOCTOR (name, email, password, speciality) VALUES ('Kathryn Edwards', 'alison89@hotmail.com', 'VYysSdLqYZhtqoIviipn', 'family medicine');
INSERT INTO ACCOUNTANT (name, email, password) VALUES ('Joseph Taylor', 'jennifer40@gmail.com', 'RdrOuhRSiIRNDsIAnlA');
INSERT INTO DOCTOR (name, email, password, speciality) VALUES ('Joseph Taylor', 'jennifer40@gmail.com', 'RdrOuhRSiIRNDsIAnlA', 'family medicine');
INSERT INTO ACCOUNTANT (name, email, password) VALUES ('Denise Reid', 'kennedysarah@gmail.com', 'eEQUlQmpugRNUAMBsjEM');
INSERT INTO DOCTOR (name, email, password, speciality) VALUES ('Denise Reid', 'kennedysarah@gmail.com', 'eEQUlQmpugRNUAMBsjEM', 'pediatrics');
INSERT INTO ACCOUNTANT (name, email, password) VALUES ('Dr. Mark Russell', 'katherineanderson@hotmail.com', 'NiMhcheGQifQvKfUxLb');
INSERT INTO DOCTOR (name, email, password, speciality) VALUES ('Dr. Mark Russell', 'katherineanderson@hotmail.com', 'NiMhcheGQifQvKfUxLb', 'family medicine');
INSERT INTO ACCOUNTANT (name, email, password) VALUES ('Morgan Pearson', 'shirleychambers@yahoo.com', 'RBHBfnhxJzXIq');
INSERT INTO DOCTOR (name, email, password, speciality) VALUES ('Morgan Pearson', 'shirleychambers@yahoo.com', 'RBHBfnhxJzXIq', 'family medicine');
INSERT INTO ACCOUNTANT (name, email, password) VALUES ('Kathryn Hall', 'pbrown@hotmail.com', 'pVrjnRurErttoBCeCNbM');
INSERT INTO DOCTOR (name, email, password, speciality) VALUES ('Kathryn Hall', 'pbrown@hotmail.com', 'pVrjnRurErttoBCeCNbM', 'neurology');
INSERT INTO ACCOUNTANT (name, email, password) VALUES ('Sarah Hart', 'patrick76@yahoo.com', 'UttKEeXAvsAWY');
INSERT INTO DOCTOR (name, email, password, speciality) VALUES ('Sarah Hart', 'patrick76@yahoo.com', 'UttKEeXAvsAWY', 'emergency medicine');
INSERT INTO ACCOUNTANT (name, email, password) VALUES ('Luis Sutton', 'staffordmichael@gmail.com', 'cAsGkYJLnPI');
INSERT INTO DOCTOR (name, email, password, speciality) VALUES ('Luis Sutton', 'staffordmichael@gmail.com', 'cAsGkYJLnPI', 'dermatology');
INSERT INTO ACCOUNTANT (name, email, password) VALUES ('Leslie Delacruz', 'ericagarcia@hotmail.com', 'BCOMDKJVWeWX');
INSERT INTO DOCTOR (name, email, password, speciality) VALUES ('Leslie Delacruz', 'ericagarcia@hotmail.com', 'BCOMDKJVWeWX', 'dermatology');
INSERT INTO ACCOUNTANT (name, email, password) VALUES ('Todd King', 'xharris@hotmail.com', 'iMCQsnCRZvRiIuKUPim');
INSERT INTO DOCTOR (name, email, password, speciality) VALUES ('Todd King', 'xharris@hotmail.com', 'iMCQsnCRZvRiIuKUPim', 'emergency medicine');
INSERT INTO ACCOUNTANT (name, email, password) VALUES ('Jennifer Ruiz', 'frankjackson@yahoo.com', 'kldcgOlKmdiluexYZ');
INSERT INTO DOCTOR (name, email, password, speciality) VALUES ('Jennifer Ruiz', 'frankjackson@yahoo.com', 'kldcgOlKmdiluexYZ', 'anesthesiology');
INSERT INTO ACCOUNTANT (name, email, password) VALUES ('Kevin Hernandez', 'george20@hotmail.com', 'gYoGpNcfLGmXQJK');
INSERT INTO DOCTOR (name, email, password, speciality) VALUES ('Kevin Hernandez', 'george20@hotmail.com', 'gYoGpNcfLGmXQJK', 'emergency medicine');
INSERT INTO ACCOUNTANT (name, email, password) VALUES ('Robert Sparks', 'jennifer32@hotmail.com', 'gxlgNiJUS');
INSERT INTO DOCTOR (name, email, password, speciality) VALUES ('Robert Sparks', 'jennifer32@hotmail.com', 'gxlgNiJUS', 'emergency medicine');
INSERT INTO ACCOUNTANT (name, email, password) VALUES ('Kristi Ryan', 'kbryant@hotmail.com', 'dWmRyYAKhRR');
INSERT INTO DOCTOR (name, email, password, speciality) VALUES ('Kristi Ryan', 'kbryant@hotmail.com', 'dWmRyYAKhRR', 'neurology');
INSERT INTO ACCOUNTANT (name, email, password) VALUES ('Jo Allen', 'zachary38@gmail.com', 'kfcaDPCdAnDDE');
INSERT INTO DOCTOR (name, email, password, speciality) VALUES ('Jo Allen', 'zachary38@gmail.com', 'kfcaDPCdAnDDE', 'emergency medicine');
INSERT INTO ACCOUNTANT (name, email, password) VALUES ('Robert Vaughan', 'qsimon@yahoo.com', 'VGDLDfDK');
INSERT INTO DOCTOR (name, email, password, speciality) VALUES ('Robert Vaughan', 'qsimon@yahoo.com', 'VGDLDfDK', 'family medicine');
INSERT INTO ACCOUNTANT (name, email, password) VALUES ('Dean Robertson', 'melissageorge@hotmail.com', 'ahkkGdNASQJXRRzCt');
INSERT INTO DOCTOR (name, email, password, speciality) VALUES ('Dean Robertson', 'melissageorge@hotmail.com', 'ahkkGdNASQJXRRzCt', 'pediatrics');
INSERT INTO ACCOUNTANT (name, email, password) VALUES ('Ellen Greene', 'berrykimberly@gmail.com', 'rQcwevmUfDCKjzAyuu');
INSERT INTO DOCTOR (name, email, password, speciality) VALUES ('Ellen Greene', 'berrykimberly@gmail.com', 'rQcwevmUfDCKjzAyuu', 'diagnostic radiology');
INSERT INTO ACCOUNTANT (name, email, password) VALUES ('Dillon Kelly Jr.', 'hwilliams@yahoo.com', 'MgCDVRarcVUaSI');
INSERT INTO DOCTOR (name, email, password, speciality) VALUES ('Dillon Kelly Jr.', 'hwilliams@yahoo.com', 'MgCDVRarcVUaSI', 'dermatology');
INSERT INTO ACCOUNTANT (name, email, password) VALUES ('Joshua Rivera', 'sharpandrea@hotmail.com', 'KwVVjWmeyuGtysuZwPw');
INSERT INTO DOCTOR (name, email, password, speciality) VALUES ('Joshua Rivera', 'sharpandrea@hotmail.com', 'KwVVjWmeyuGtysuZwPw', 'neurology');
INSERT INTO ACCOUNTANT (name, email, password) VALUES ('Amanda Shelton', 'greenjames@gmail.com', 'qYsrmGqpHtjmFH');
INSERT INTO DOCTOR (name, email, password, speciality) VALUES ('Amanda Shelton', 'greenjames@gmail.com', 'qYsrmGqpHtjmFH', 'pediatrics');
INSERT INTO ACCOUNTANT (name, email, password) VALUES ('Kimberly Matthews', 'craig18@gmail.com', 'QnNVfjpMaAXNrk');
INSERT INTO DOCTOR (name, email, password, speciality) VALUES ('Kimberly Matthews', 'craig18@gmail.com', 'QnNVfjpMaAXNrk', 'family medicine');
INSERT INTO ACCOUNTANT (name, email, password) VALUES ('Brad Poole', 'vguerrero@gmail.com', 'HhhXsJMbOYaasFVjTa');
INSERT INTO DOCTOR (name, email, password, speciality) VALUES ('Brad Poole', 'vguerrero@gmail.com', 'HhhXsJMbOYaasFVjTa', 'dermatology');
INSERT INTO ACCOUNTANT (name, email, password) VALUES ('Shannon Mora', 'timothyschaefer@hotmail.com', 'RQNEQKYYNPAWXxdKsAJ');
INSERT INTO DOCTOR (name, email, password, speciality) VALUES ('Shannon Mora', 'timothyschaefer@hotmail.com', 'RQNEQKYYNPAWXxdKsAJ', 'diagnostic radiology');
INSERT INTO ACCOUNTANT (name, email, password) VALUES ('Riley Arnold', 'jeremiah66@yahoo.com', 'cguJnKtKW');
INSERT INTO DOCTOR (name, email, password, speciality) VALUES ('Riley Arnold', 'jeremiah66@yahoo.com', 'cguJnKtKW', 'pediatrics');
INSERT INTO ACCOUNTANT (name, email, password) VALUES ('Daniel Banks', 'kimberly97@gmail.com', 'laGfaEUPTe');
INSERT INTO DOCTOR (name, email, password, speciality) VALUES ('Daniel Banks', 'kimberly97@gmail.com', 'laGfaEUPTe', 'anesthesiology');
INSERT INTO ACCOUNTANT (name, email, password) VALUES ('Robert Bates', 'vmcfarland@hotmail.com', 'erFKllzhNloHLEhjimD');
INSERT INTO DOCTOR (name, email, password, speciality) VALUES ('Robert Bates', 'vmcfarland@hotmail.com', 'erFKllzhNloHLEhjimD', 'emergency medicine');
INSERT INTO ACCOUNTANT (name, email, password) VALUES ('Gary Davis', 'jefferycunningham@yahoo.com', 'gZiAWziGXpHDLmX');
INSERT INTO DOCTOR (name, email, password, speciality) VALUES ('Gary Davis', 'jefferycunningham@yahoo.com', 'gZiAWziGXpHDLmX', 'diagnostic radiology');
INSERT INTO ACCOUNTANT (name, email, password) VALUES ('Nicole Webb', 'wgreer@gmail.com', 'AiEyDUWou');
INSERT INTO DOCTOR (name, email, password, speciality) VALUES ('Nicole Webb', 'wgreer@gmail.com', 'AiEyDUWou', 'anesthesiology');
INSERT INTO ACCOUNTANT (name, email, password) VALUES ('Megan Martin', 'baileymichael@yahoo.com', 'RHLVjjxOU');
INSERT INTO DOCTOR (name, email, password, speciality) VALUES ('Megan Martin', 'baileymichael@yahoo.com', 'RHLVjjxOU', 'dermatology');
INSERT INTO ACCOUNTANT (name, email, password) VALUES ('Mary Kelley', 'agarcia@yahoo.com', 'FffpEpztwBnDToty');
INSERT INTO DOCTOR (name, email, password, speciality) VALUES ('Mary Kelley', 'agarcia@yahoo.com', 'FffpEpztwBnDToty', 'dermatology');
INSERT INTO ACCOUNTANT (name, email, password) VALUES ('Jennifer Shannon', 'wendydixon@gmail.com', 'fCJBaoYfrQwtJtyOi');
INSERT INTO DOCTOR (name, email, password, speciality) VALUES ('Jennifer Shannon', 'wendydixon@gmail.com', 'fCJBaoYfrQwtJtyOi', 'emergency medicine');
INSERT INTO ACCOUNTANT (name, email, password) VALUES ('Troy Schultz', 'dboyer@yahoo.com', 'nzZLOudZYd');
INSERT INTO DOCTOR (name, email, password, speciality) VALUES ('Troy Schultz', 'dboyer@yahoo.com', 'nzZLOudZYd', 'diagnostic radiology');
INSERT INTO ACCOUNTANT (name, email, password) VALUES ('Angela Hardy', 'ashley76@yahoo.com', 'IXeGSfnHakWGnVqoWCzA');
INSERT INTO DOCTOR (name, email, password, speciality) VALUES ('Angela Hardy', 'ashley76@yahoo.com', 'IXeGSfnHakWGnVqoWCzA', 'diagnostic radiology');
INSERT INTO ACCOUNTANT (name, email, password) VALUES ('Carla Keller DDS', 'ebutler@yahoo.com', 'sfsUgvBDmxbPz');
INSERT INTO DOCTOR (name, email, password, speciality) VALUES ('Carla Keller DDS', 'ebutler@yahoo.com', 'sfsUgvBDmxbPz', 'neurology');
INSERT INTO ACCOUNTANT (name, email, password) VALUES ('Amanda Sullivan', 'catherinekeller@gmail.com', 'rfWxzvRMDHZyHjHYGLd');
INSERT INTO DOCTOR (name, email, password, speciality) VALUES ('Amanda Sullivan', 'catherinekeller@gmail.com', 'rfWxzvRMDHZyHjHYGLd', 'pediatrics');
INSERT INTO ACCOUNTANT (name, email, password) VALUES ('William Werner', 'christina74@yahoo.com', 'uEiUqaRCEGieXfo');
INSERT INTO DOCTOR (name, email, password, speciality) VALUES ('William Werner', 'christina74@yahoo.com', 'uEiUqaRCEGieXfo', 'pediatrics');
INSERT INTO ACCOUNTANT (name, email, password) VALUES ('Gina Salinas', 'watsonkurt@hotmail.com', 'MUUROKXzMywEVgZVzXEH');
INSERT INTO DOCTOR (name, email, password, speciality) VALUES ('Gina Salinas', 'watsonkurt@hotmail.com', 'MUUROKXzMywEVgZVzXEH', 'diagnostic radiology');
INSERT INTO ACCOUNTANT (name, email, password) VALUES ('Lawrence Bass', 'johnsonapril@gmail.com', 'dktCHeNpbz');
INSERT INTO DOCTOR (name, email, password, speciality) VALUES ('Lawrence Bass', 'johnsonapril@gmail.com', 'dktCHeNpbz', 'emergency medicine');
INSERT INTO ACCOUNTANT (name, email, password) VALUES ('Gina Potter', 'joshualeonard@hotmail.com', 'MAAHFJthnSQSYQp');
INSERT INTO DOCTOR (name, email, password, speciality) VALUES ('Gina Potter', 'joshualeonard@hotmail.com', 'MAAHFJthnSQSYQp', 'dermatology');
INSERT INTO ACCOUNTANT (name, email, password) VALUES ('Allison Hall', 'hardybrandi@hotmail.com', 'NlukwgViRdYrseJkgr');
INSERT INTO DOCTOR (name, email, password, speciality) VALUES ('Allison Hall', 'hardybrandi@hotmail.com', 'NlukwgViRdYrseJkgr', 'diagnostic radiology');
INSERT INTO ACCOUNTANT (name, email, password) VALUES ('Juan Ortiz', 'ajacobson@hotmail.com', 'VebdQNwkZFvVDgZb');
INSERT INTO DOCTOR (name, email, password, speciality) VALUES ('Juan Ortiz', 'ajacobson@hotmail.com', 'VebdQNwkZFvVDgZb', 'anesthesiology');
INSERT INTO ACCOUNTANT (name, email, password) VALUES ('Jonathan Mcbride', 'taylorstephanie@yahoo.com', 'JpsvbUxUCuzMZZ');
INSERT INTO DOCTOR (name, email, password, speciality) VALUES ('Jonathan Mcbride', 'taylorstephanie@yahoo.com', 'JpsvbUxUCuzMZZ', 'family medicine');
INSERT INTO ACCOUNTANT (name, email, password) VALUES ('Seth Cooper', 'roy40@gmail.com', 'MjogELPZTf');
INSERT INTO DOCTOR (name, email, password, speciality) VALUES ('Seth Cooper', 'roy40@gmail.com', 'MjogELPZTf', 'neurology');
INSERT INTO ACCOUNTANT (name, email, password) VALUES ('Christy Walters', 'cantuanthony@yahoo.com', 'UKGmrFDUDhVgQ');
INSERT INTO DOCTOR (name, email, password, speciality) VALUES ('Christy Walters', 'cantuanthony@yahoo.com', 'UKGmrFDUDhVgQ', 'anesthesiology');
INSERT INTO ACCOUNTANT (name, email, password) VALUES ('George Thomas', 'ebrown@hotmail.com', 'FzJVGiUUrvKKiPXqSpqu');
INSERT INTO DOCTOR (name, email, password, speciality) VALUES ('George Thomas', 'ebrown@hotmail.com', 'FzJVGiUUrvKKiPXqSpqu', 'family medicine');
INSERT INTO ACCOUNTANT (name, email, password) VALUES ('Brian King', 'etaylor@yahoo.com', 'AfnEYTubpYiLIT');
INSERT INTO DOCTOR (name, email, password, speciality) VALUES ('Brian King', 'etaylor@yahoo.com', 'AfnEYTubpYiLIT', 'neurology');
INSERT INTO ACCOUNTANT (name, email, password) VALUES ('Jamie Smith', 'josephparker@yahoo.com', 'hTktnYfaN');
INSERT INTO DOCTOR (name, email, password, speciality) VALUES ('Jamie Smith', 'josephparker@yahoo.com', 'hTktnYfaN', 'family medicine');
INSERT INTO ACCOUNTANT (name, email, password) VALUES ('Tammy Gardner', 'krystal90@gmail.com', 'SBvZZjONKrrVo');
INSERT INTO DOCTOR (name, email, password, speciality) VALUES ('Tammy Gardner', 'krystal90@gmail.com', 'SBvZZjONKrrVo', 'pediatrics');
INSERT INTO ACCOUNTANT (name, email, password) VALUES ('Brianna Garcia', 'shaneanderson@gmail.com', 'ONrCBvqDYa');
INSERT INTO DOCTOR (name, email, password, speciality) VALUES ('Brianna Garcia', 'shaneanderson@gmail.com', 'ONrCBvqDYa', 'anesthesiology');
INSERT INTO ACCOUNTANT (name, email, password) VALUES ('Maria Hanna', 'amy95@gmail.com', 'crmHqxmgONdhxayZ');
INSERT INTO DOCTOR (name, email, password, speciality) VALUES ('Maria Hanna', 'amy95@gmail.com', 'crmHqxmgONdhxayZ', 'emergency medicine');
INSERT INTO ACCOUNTANT (name, email, password) VALUES ('Pamela Huynh', 'usnyder@hotmail.com', 'AqHoIzEOkAmjPkix');
INSERT INTO DOCTOR (name, email, password, speciality) VALUES ('Pamela Huynh', 'usnyder@hotmail.com', 'AqHoIzEOkAmjPkix', 'family medicine');
INSERT INTO ACCOUNTANT (name, email, password) VALUES ('Monica Solis', 'moorechristopher@gmail.com', 'bfRHYmKoisvZTwTfABig');
INSERT INTO DOCTOR (name, email, password, speciality) VALUES ('Monica Solis', 'moorechristopher@gmail.com', 'bfRHYmKoisvZTwTfABig', 'neurology');
INSERT INTO ACCOUNTANT (name, email, password) VALUES ('Joel Cameron', 'zflores@gmail.com', 'tEAspjIoOautNF');
INSERT INTO DOCTOR (name, email, password, speciality) VALUES ('Joel Cameron', 'zflores@gmail.com', 'tEAspjIoOautNF', 'dermatology');
INSERT INTO ACCOUNTANT (name, email, password) VALUES ('Richard Kramer', 'irios@yahoo.com', 'owWkZYTrvWRcplOvwtjm');
INSERT INTO DOCTOR (name, email, password, speciality) VALUES ('Richard Kramer', 'irios@yahoo.com', 'owWkZYTrvWRcplOvwtjm', 'anesthesiology');
INSERT INTO ACCOUNTANT (name, email, password) VALUES ('Lindsay Jordan', 'ashley65@gmail.com', 'qjErhnXNU');
INSERT INTO DOCTOR (name, email, password, speciality) VALUES ('Lindsay Jordan', 'ashley65@gmail.com', 'qjErhnXNU', 'diagnostic radiology');
INSERT INTO ACCOUNTANT (name, email, password) VALUES ('Henry White', 'tiffany82@yahoo.com', 'llvnnTqgtpDhdHKHm');
INSERT INTO DOCTOR (name, email, password, speciality) VALUES ('Henry White', 'tiffany82@yahoo.com', 'llvnnTqgtpDhdHKHm', 'dermatology');
INSERT INTO ACCOUNTANT (name, email, password) VALUES ('Michelle Smith', 'shawn53@yahoo.com', 'ckQLJoiQfxD');
INSERT INTO DOCTOR (name, email, password, speciality) VALUES ('Michelle Smith', 'shawn53@yahoo.com', 'ckQLJoiQfxD', 'diagnostic radiology');
INSERT INTO ACCOUNTANT (name, email, password) VALUES ('Todd Johnson', 'courtney94@gmail.com', 'zKQgaIfVHJefUyM');
INSERT INTO DOCTOR (name, email, password, speciality) VALUES ('Todd Johnson', 'courtney94@gmail.com', 'zKQgaIfVHJefUyM', 'family medicine');
INSERT INTO ACCOUNTANT (name, email, password) VALUES ('Kenneth Maynard', 'alex17@yahoo.com', 'mWSAzJqCUhdbgLzBP');
INSERT INTO DOCTOR (name, email, password, speciality) VALUES ('Kenneth Maynard', 'alex17@yahoo.com', 'mWSAzJqCUhdbgLzBP', 'pediatrics');
INSERT INTO ACCOUNTANT (name, email, password) VALUES ('George Frank', 'buchanandanielle@yahoo.com', 'nVFmoxYWLBiSCnMR');
INSERT INTO DOCTOR (name, email, password, speciality) VALUES ('George Frank', 'buchanandanielle@yahoo.com', 'nVFmoxYWLBiSCnMR', 'anesthesiology');
INSERT INTO ACCOUNTANT (name, email, password) VALUES ('Malik Irwin', 'taylormichael@yahoo.com', 'CazXNJFwYsqEddHgSES');
INSERT INTO DOCTOR (name, email, password, speciality) VALUES ('Malik Irwin', 'taylormichael@yahoo.com', 'CazXNJFwYsqEddHgSES', 'neurology');
INSERT INTO ACCOUNTANT (name, email, password) VALUES ('Sarah Becker', 'mooremathew@gmail.com', 'HdfsjfNkhqITXuTyfV');
INSERT INTO DOCTOR (name, email, password, speciality) VALUES ('Sarah Becker', 'mooremathew@gmail.com', 'HdfsjfNkhqITXuTyfV', 'neurology');
INSERT INTO ACCOUNTANT (name, email, password) VALUES ('Ann Dickson', 'adam24@hotmail.com', 'jvgvwzWhEoSMvkspfq');
INSERT INTO DOCTOR (name, email, password, speciality) VALUES ('Ann Dickson', 'adam24@hotmail.com', 'jvgvwzWhEoSMvkspfq', 'neurology');
INSERT INTO ACCOUNTANT (name, email, password) VALUES ('Justin Zavala', 'nshaw@yahoo.com', 'vDJcjlNjZBqYIvWfxnGT');
INSERT INTO DOCTOR (name, email, password, speciality) VALUES ('Justin Zavala', 'nshaw@yahoo.com', 'vDJcjlNjZBqYIvWfxnGT', 'pediatrics');
INSERT INTO ACCOUNTANT (name, email, password) VALUES ('Anthony Webb', 'xgutierrez@yahoo.com', 'MVMQYBXFTbBtnTfFP');
INSERT INTO DOCTOR (name, email, password, speciality) VALUES ('Anthony Webb', 'xgutierrez@yahoo.com', 'MVMQYBXFTbBtnTfFP', 'anesthesiology');
INSERT INTO ACCOUNTANT (name, email, password) VALUES ('Chloe Kelly', 'wilsonalejandro@hotmail.com', 'dCHdUormcSEBgddWJ');
INSERT INTO DOCTOR (name, email, password, speciality) VALUES ('Chloe Kelly', 'wilsonalejandro@hotmail.com', 'dCHdUormcSEBgddWJ', 'emergency medicine');
INSERT INTO ACCOUNTANT (name, email, password) VALUES ('Anthony Allen', 'ununez@gmail.com', 'hcLHzpjN');
INSERT INTO DOCTOR (name, email, password, speciality) VALUES ('Anthony Allen', 'ununez@gmail.com', 'hcLHzpjN', 'neurology');
INSERT INTO ACCOUNTANT (name, email, password) VALUES ('Jonathan Lindsey', 'lisa22@hotmail.com', 'bniFZtBPFSHiW');
INSERT INTO DOCTOR (name, email, password, speciality) VALUES ('Jonathan Lindsey', 'lisa22@hotmail.com', 'bniFZtBPFSHiW', 'dermatology');
INSERT INTO ACCOUNTANT (name, email, password) VALUES ('Jessica Martin', 'henry93@hotmail.com', 'xzEEyYQGuXRBppuKgTfi');
INSERT INTO DOCTOR (name, email, password, speciality) VALUES ('Jessica Martin', 'henry93@hotmail.com', 'xzEEyYQGuXRBppuKgTfi', 'dermatology');
INSERT INTO ACCOUNTANT (name, email, password) VALUES ('Katherine Zavala', 'snguyen@hotmail.com', 'pUMqPeSequW');
INSERT INTO DOCTOR (name, email, password, speciality) VALUES ('Katherine Zavala', 'snguyen@hotmail.com', 'pUMqPeSequW', 'anesthesiology');
INSERT INTO ACCOUNTANT (name, email, password) VALUES ('Sarah Johnson', 'pjones@hotmail.com', 'TQlpEZvrqpaGvdhpcmQ');
INSERT INTO DOCTOR (name, email, password, speciality) VALUES ('Sarah Johnson', 'pjones@hotmail.com', 'TQlpEZvrqpaGvdhpcmQ', 'dermatology');
INSERT INTO ACCOUNTANT (name, email, password) VALUES ('Elizabeth Carpenter', 'johnsonelizabeth@gmail.com', 'cBXiKuUTblhPGYxs');
INSERT INTO DOCTOR (name, email, password, speciality) VALUES ('Elizabeth Carpenter', 'johnsonelizabeth@gmail.com', 'cBXiKuUTblhPGYxs', 'anesthesiology');
INSERT INTO ACCOUNTANT (name, email, password) VALUES ('Albert Flores', 'heidi05@yahoo.com', 'rrIcgrtlV');
INSERT INTO DOCTOR (name, email, password, speciality) VALUES ('Albert Flores', 'heidi05@yahoo.com', 'rrIcgrtlV', 'emergency medicine');
INSERT INTO ACCOUNTANT (name, email, password) VALUES ('Joy Davis', 'reneemann@hotmail.com', 'jjTxBDGwZB');
INSERT INTO DOCTOR (name, email, password, speciality) VALUES ('Joy Davis', 'reneemann@hotmail.com', 'jjTxBDGwZB', 'anesthesiology');
INSERT INTO ACCOUNTANT (name, email, password) VALUES ('Timothy Welch', 'johnclay@yahoo.com', 'XJLbUeRhTxbTvFzg');
INSERT INTO DOCTOR (name, email, password, speciality) VALUES ('Timothy Welch', 'johnclay@yahoo.com', 'XJLbUeRhTxbTvFzg', 'dermatology');
INSERT INTO ACCOUNTANT (name, email, password) VALUES ('Timothy Spencer', 'xcooper@gmail.com', 'xffxJvlpjhdWrI');
INSERT INTO DOCTOR (name, email, password, speciality) VALUES ('Timothy Spencer', 'xcooper@gmail.com', 'xffxJvlpjhdWrI', 'diagnostic radiology');
INSERT INTO ACCOUNTANT (name, email, password) VALUES ('Misty Sanchez', 'pmurray@yahoo.com', 'nHZjGcYbhSOf');
INSERT INTO DOCTOR (name, email, password, speciality) VALUES ('Misty Sanchez', 'pmurray@yahoo.com', 'nHZjGcYbhSOf', 'neurology');
INSERT INTO ACCOUNTANT (name, email, password) VALUES ('Joshua Walker', 'julielopez@yahoo.com', 'QFHprmTzeMaY');
INSERT INTO DOCTOR (name, email, password, speciality) VALUES ('Joshua Walker', 'julielopez@yahoo.com', 'QFHprmTzeMaY', 'emergency medicine');
INSERT INTO ACCOUNTANT (name, email, password) VALUES ('Angela Martin', 'scotttaylor@yahoo.com', 'wsXUtvKUoNABIQPzTBjo');
INSERT INTO DOCTOR (name, email, password, speciality) VALUES ('Angela Martin', 'scotttaylor@yahoo.com', 'wsXUtvKUoNABIQPzTBjo', 'neurology');
INSERT INTO ACCOUNTANT (name, email, password) VALUES ('Christopher Armstrong', 'esimon@gmail.com', 'HmleIyoRVNIAPHZRJtGz');
INSERT INTO DOCTOR (name, email, password, speciality) VALUES ('Christopher Armstrong', 'esimon@gmail.com', 'HmleIyoRVNIAPHZRJtGz', 'anesthesiology');
INSERT INTO ACCOUNTANT (name, email, password) VALUES ('Karl Brewer', 'sullivanjason@gmail.com', 'eridIetoESuC');
INSERT INTO DOCTOR (name, email, password, speciality) VALUES ('Karl Brewer', 'sullivanjason@gmail.com', 'eridIetoESuC', 'anesthesiology');
INSERT INTO ACCOUNTANT (name, email, password) VALUES ('Tanya Swanson', 'nellis@yahoo.com', 'qFYdQbEMUqedFoTgH');
INSERT INTO DOCTOR (name, email, password, speciality) VALUES ('Tanya Swanson', 'nellis@yahoo.com', 'qFYdQbEMUqedFoTgH', 'pediatrics');
INSERT INTO ACCOUNTANT (name, email, password) VALUES ('Danielle Elliott', 'brenda84@yahoo.com', 'UmOElePu');
INSERT INTO DOCTOR (name, email, password, speciality) VALUES ('Danielle Elliott', 'brenda84@yahoo.com', 'UmOElePu', 'emergency medicine');
INSERT INTO ACCOUNTANT (name, email, password) VALUES ('Jose Little', 'kennedyshannon@yahoo.com', 'eotTzDbDIEcNdQOyD');
INSERT INTO DOCTOR (name, email, password, speciality) VALUES ('Jose Little', 'kennedyshannon@yahoo.com', 'eotTzDbDIEcNdQOyD', 'dermatology');
INSERT INTO ACCOUNTANT (name, email, password) VALUES ('Kristen Sanchez', 'jenniferperez@gmail.com', 'zfWiGOQAKZW');
INSERT INTO DOCTOR (name, email, password, speciality) VALUES ('Kristen Sanchez', 'jenniferperez@gmail.com', 'zfWiGOQAKZW', 'emergency medicine');
INSERT INTO ACCOUNTANT (name, email, password) VALUES ('Jennifer Schroeder', 'cookjacob@hotmail.com', 'LkdJyMzvLloy');
INSERT INTO DOCTOR (name, email, password, speciality) VALUES ('Jennifer Schroeder', 'cookjacob@hotmail.com', 'LkdJyMzvLloy', 'family medicine');
INSERT INTO ACCOUNTANT (name, email, password) VALUES ('Matthew Mercer', 'juliemahoney@hotmail.com', 'oYSJiOtAmYCHSELaexIy');
INSERT INTO DOCTOR (name, email, password, speciality) VALUES ('Matthew Mercer', 'juliemahoney@hotmail.com', 'oYSJiOtAmYCHSELaexIy', 'family medicine');
INSERT INTO ACCOUNTANT (name, email, password) VALUES ('Michael Banks', 'melissa96@hotmail.com', 'WdzsUWQfwJfnkWIgR');
INSERT INTO DOCTOR (name, email, password, speciality) VALUES ('Michael Banks', 'melissa96@hotmail.com', 'WdzsUWQfwJfnkWIgR', 'diagnostic radiology');
INSERT INTO ACCOUNTANT (name, email, password) VALUES ('Alicia Stevens', 'melissa83@gmail.com', 'qdHkLCZhzANO');
INSERT INTO DOCTOR (name, email, password, speciality) VALUES ('Alicia Stevens', 'melissa83@gmail.com', 'qdHkLCZhzANO', 'diagnostic radiology');
INSERT INTO ACCOUNTANT (name, email, password) VALUES ('Mary Mendoza', 'kimberly74@yahoo.com', 'QqECfyEqcOQuW');
INSERT INTO DOCTOR (name, email, password, speciality) VALUES ('Mary Mendoza', 'kimberly74@yahoo.com', 'QqECfyEqcOQuW', 'family medicine');
INSERT INTO ACCOUNTANT (name, email, password) VALUES ('Angela Anderson', 'oanderson@hotmail.com', 'mXEQxEpiGfDlRS');
INSERT INTO DOCTOR (name, email, password, speciality) VALUES ('Angela Anderson', 'oanderson@hotmail.com', 'mXEQxEpiGfDlRS', 'dermatology');
INSERT INTO ACCOUNTANT (name, email, password) VALUES ('Scott Jones', 'katiedickerson@hotmail.com', 'jithvYoI');
INSERT INTO DOCTOR (name, email, password, speciality) VALUES ('Scott Jones', 'katiedickerson@hotmail.com', 'jithvYoI', 'anesthesiology');
INSERT INTO ACCOUNTANT (name, email, password) VALUES ('Richard Marquez', 'jasondalton@yahoo.com', 'qqquiWkYhKFdq');
INSERT INTO DOCTOR (name, email, password, speciality) VALUES ('Richard Marquez', 'jasondalton@yahoo.com', 'qqquiWkYhKFdq', 'family medicine');
INSERT INTO ACCOUNTANT (name, email, password) VALUES ('Mark Montes', 'tracey43@hotmail.com', 'EIWIyzSsUtyAbhJmjep');
INSERT INTO DOCTOR (name, email, password, speciality) VALUES ('Mark Montes', 'tracey43@hotmail.com', 'EIWIyzSsUtyAbhJmjep', 'dermatology');
INSERT INTO ACCOUNTANT (name, email, password) VALUES ('Michael Lawson', 'ktaylor@yahoo.com', 'XCPsVTMYsCSd');
INSERT INTO DOCTOR (name, email, password, speciality) VALUES ('Michael Lawson', 'ktaylor@yahoo.com', 'XCPsVTMYsCSd', 'neurology');
INSERT INTO ACCOUNTANT (name, email, password) VALUES ('Alyssa Young', 'mark74@gmail.com', 'YPDmmOXFvfJ');
INSERT INTO DOCTOR (name, email, password, speciality) VALUES ('Alyssa Young', 'mark74@gmail.com', 'YPDmmOXFvfJ', 'dermatology');
INSERT INTO ACCOUNTANT (name, email, password) VALUES ('Steven Patton', 'jlynch@gmail.com', 'KoaUMFGQmNwHZgjA');
INSERT INTO DOCTOR (name, email, password, speciality) VALUES ('Steven Patton', 'jlynch@gmail.com', 'KoaUMFGQmNwHZgjA', 'pediatrics');
INSERT INTO ACCOUNTANT (name, email, password) VALUES ('Dennis Tucker', 'kevinlevy@yahoo.com', 'sBuGTAwEONcAvOYKkPL');
INSERT INTO DOCTOR (name, email, password, speciality) VALUES ('Dennis Tucker', 'kevinlevy@yahoo.com', 'sBuGTAwEONcAvOYKkPL', 'neurology');
INSERT INTO ACCOUNTANT (name, email, password) VALUES ('Taylor Mcpherson', 'woodbrett@gmail.com', 'QPYRNUXqspnjOSclnx');
INSERT INTO DOCTOR (name, email, password, speciality) VALUES ('Taylor Mcpherson', 'woodbrett@gmail.com', 'QPYRNUXqspnjOSclnx', 'pediatrics');
INSERT INTO ACCOUNTANT (name, email, password) VALUES ('Jacob Austin', 'tasha54@hotmail.com', 'swCPxGrEPuFHL');
INSERT INTO DOCTOR (name, email, password, speciality) VALUES ('Jacob Austin', 'tasha54@hotmail.com', 'swCPxGrEPuFHL', 'anesthesiology');
INSERT INTO ACCOUNTANT (name, email, password) VALUES ('John Perez', 'mward@hotmail.com', 'uEWkWBkkud');
INSERT INTO DOCTOR (name, email, password, speciality) VALUES ('John Perez', 'mward@hotmail.com', 'uEWkWBkkud', 'diagnostic radiology');
INSERT INTO ACCOUNTANT (name, email, password) VALUES ('Megan Rivera', 'theresacook@gmail.com', 'SoeiDrxNi');
INSERT INTO DOCTOR (name, email, password, speciality) VALUES ('Megan Rivera', 'theresacook@gmail.com', 'SoeiDrxNi', 'emergency medicine');
INSERT INTO ACCOUNTANT (name, email, password) VALUES ('Maria Mason', 'zsantos@hotmail.com', 'mosfOsDt');
INSERT INTO DOCTOR (name, email, password, speciality) VALUES ('Maria Mason', 'zsantos@hotmail.com', 'mosfOsDt', 'emergency medicine');
INSERT INTO ACCOUNTANT (name, email, password) VALUES ('Joel Wallace', 'craigbenton@gmail.com', 'uzuLKxfoPks');
INSERT INTO DOCTOR (name, email, password, speciality) VALUES ('Joel Wallace', 'craigbenton@gmail.com', 'uzuLKxfoPks', 'pediatrics');
INSERT INTO ACCOUNTANT (name, email, password) VALUES ('Tammy Brown', 'anthonymills@hotmail.com', 'LpKEgYdongBZJO');
INSERT INTO DOCTOR (name, email, password, speciality) VALUES ('Tammy Brown', 'anthonymills@hotmail.com', 'LpKEgYdongBZJO', 'diagnostic radiology');
INSERT INTO ACCOUNTANT (name, email, password) VALUES ('Mark Meyer', 'jjones@yahoo.com', 'fAmCqqPYriONxreAkYQ');
INSERT INTO DOCTOR (name, email, password, speciality) VALUES ('Mark Meyer', 'jjones@yahoo.com', 'fAmCqqPYriONxreAkYQ', 'diagnostic radiology');
INSERT INTO ACCOUNTANT (name, email, password) VALUES ('Sara Hudson', 'matthew52@hotmail.com', 'PwbkiZeMWWUzl');
INSERT INTO DOCTOR (name, email, password, speciality) VALUES ('Sara Hudson', 'matthew52@hotmail.com', 'PwbkiZeMWWUzl', 'anesthesiology');
INSERT INTO ACCOUNTANT (name, email, password) VALUES ('James Koch', 'kylepope@hotmail.com', 'TKCOcAwDVVELrE');
INSERT INTO DOCTOR (name, email, password, speciality) VALUES ('James Koch', 'kylepope@hotmail.com', 'TKCOcAwDVVELrE', 'anesthesiology');
INSERT INTO ACCOUNTANT (name, email, password) VALUES ('Jason Myers', 'ysanders@yahoo.com', 'OxTPHGBxrjDjMU');
INSERT INTO DOCTOR (name, email, password, speciality) VALUES ('Jason Myers', 'ysanders@yahoo.com', 'OxTPHGBxrjDjMU', 'family medicine');
INSERT INTO ACCOUNTANT (name, email, password) VALUES ('Joshua Strickland', 'williamsjanet@yahoo.com', 'RXnpvNnrCgLrioamzbl');
INSERT INTO DOCTOR (name, email, password, speciality) VALUES ('Joshua Strickland', 'williamsjanet@yahoo.com', 'RXnpvNnrCgLrioamzbl', 'family medicine');
INSERT INTO ACCOUNTANT (name, email, password) VALUES ('Joanna Jenkins', 'christinekeller@hotmail.com', 'RyGkvIZSutBTEeeqlM');
INSERT INTO DOCTOR (name, email, password, speciality) VALUES ('Joanna Jenkins', 'christinekeller@hotmail.com', 'RyGkvIZSutBTEeeqlM', 'diagnostic radiology');
INSERT INTO ACCOUNTANT (name, email, password) VALUES ('William Thompson', 'michelle74@gmail.com', 'sGmHQobsyXoBJZQmJTx');
INSERT INTO DOCTOR (name, email, password, speciality) VALUES ('William Thompson', 'michelle74@gmail.com', 'sGmHQobsyXoBJZQmJTx', 'pediatrics');
INSERT INTO ACCOUNTANT (name, email, password) VALUES ('Jessica Reed', 'rebeccahawkins@gmail.com', 'RYCQPqdcTwdLfRzTQD');
INSERT INTO DOCTOR (name, email, password, speciality) VALUES ('Jessica Reed', 'rebeccahawkins@gmail.com', 'RYCQPqdcTwdLfRzTQD', 'dermatology');
INSERT INTO ACCOUNTANT (name, email, password) VALUES ('Mariah Smith', 'michael26@hotmail.com', 'mALDMYrszkKNUWnih');
INSERT INTO DOCTOR (name, email, password, speciality) VALUES ('Mariah Smith', 'michael26@hotmail.com', 'mALDMYrszkKNUWnih', 'neurology');
INSERT INTO ACCOUNTANT (name, email, password) VALUES ('Susan Fields', 'colemanmelissa@yahoo.com', 'kRpgCJbxSm');
INSERT INTO DOCTOR (name, email, password, speciality) VALUES ('Susan Fields', 'colemanmelissa@yahoo.com', 'kRpgCJbxSm', 'neurology');
INSERT INTO ACCOUNTANT (name, email, password) VALUES ('Kelly Hawkins', 'laura15@gmail.com', 'DOoOJrwousI');
INSERT INTO DOCTOR (name, email, password, speciality) VALUES ('Kelly Hawkins', 'laura15@gmail.com', 'DOoOJrwousI', 'emergency medicine');
INSERT INTO ACCOUNTANT (name, email, password) VALUES ('Glenda Hull', 'bennettmichael@gmail.com', 'kxMwXIuLeOeAKVsNS');
INSERT INTO DOCTOR (name, email, password, speciality) VALUES ('Glenda Hull', 'bennettmichael@gmail.com', 'kxMwXIuLeOeAKVsNS', 'anesthesiology');
INSERT INTO ACCOUNTANT (name, email, password) VALUES ('Daniel Ferguson', 'scott88@yahoo.com', 'vaHrbplWrXjra');
INSERT INTO DOCTOR (name, email, password, speciality) VALUES ('Daniel Ferguson', 'scott88@yahoo.com', 'vaHrbplWrXjra', 'diagnostic radiology');
INSERT INTO ACCOUNTANT (name, email, password) VALUES ('John Chapman', 'carlrosario@yahoo.com', 'IVNomSSpHXWKGbOUbOTK');
INSERT INTO DOCTOR (name, email, password, speciality) VALUES ('John Chapman', 'carlrosario@yahoo.com', 'IVNomSSpHXWKGbOUbOTK', 'dermatology');
INSERT INTO ACCOUNTANT (name, email, password) VALUES ('Ronald Martin', 'rhondaroth@hotmail.com', 'hFGESvEeASAYiE');
INSERT INTO DOCTOR (name, email, password, speciality) VALUES ('Ronald Martin', 'rhondaroth@hotmail.com', 'hFGESvEeASAYiE', 'family medicine');
INSERT INTO ACCOUNTANT (name, email, password) VALUES ('Kurt Harmon', 'danielle16@hotmail.com', 'qMeuNtSbTPP');
INSERT INTO DOCTOR (name, email, password, speciality) VALUES ('Kurt Harmon', 'danielle16@hotmail.com', 'qMeuNtSbTPP', 'pediatrics');
INSERT INTO ACCOUNTANT (name, email, password) VALUES ('Tyler Anderson', 'danielknight@hotmail.com', 'aNiuolPIjNOKyLqfDH');
INSERT INTO DOCTOR (name, email, password, speciality) VALUES ('Tyler Anderson', 'danielknight@hotmail.com', 'aNiuolPIjNOKyLqfDH', 'neurology');
INSERT INTO ACCOUNTANT (name, email, password) VALUES ('Scott Schmidt', 'kevinerickson@hotmail.com', 'wqZpMhsD');
INSERT INTO DOCTOR (name, email, password, speciality) VALUES ('Scott Schmidt', 'kevinerickson@hotmail.com', 'wqZpMhsD', 'dermatology');
INSERT INTO ACCOUNTANT (name, email, password) VALUES ('Stephen Ortiz', 'jessicawright@gmail.com', 'VHtmPLKfAe');
INSERT INTO DOCTOR (name, email, password, speciality) VALUES ('Stephen Ortiz', 'jessicawright@gmail.com', 'VHtmPLKfAe', 'diagnostic radiology');
INSERT INTO ACCOUNTANT (name, email, password) VALUES ('Meagan Lutz', 'mbrooks@yahoo.com', 'OwccZXblmwPWJYzbJ');
INSERT INTO DOCTOR (name, email, password, speciality) VALUES ('Meagan Lutz', 'mbrooks@yahoo.com', 'OwccZXblmwPWJYzbJ', 'emergency medicine');
INSERT INTO ACCOUNTANT (name, email, password) VALUES ('Carol Henderson', 'charles37@hotmail.com', 'QUSCJlZF');
INSERT INTO DOCTOR (name, email, password, speciality) VALUES ('Carol Henderson', 'charles37@hotmail.com', 'QUSCJlZF', 'anesthesiology');
INSERT INTO ACCOUNTANT (name, email, password) VALUES ('Linda Harris', 'davidreynolds@gmail.com', 'iIGcqKOeiGXt');
INSERT INTO DOCTOR (name, email, password, speciality) VALUES ('Linda Harris', 'davidreynolds@gmail.com', 'iIGcqKOeiGXt', 'family medicine');
INSERT INTO ACCOUNTANT (name, email, password) VALUES ('Emma Alvarado', 'hcombs@hotmail.com', 'yEGASuvFe');
INSERT INTO DOCTOR (name, email, password, speciality) VALUES ('Emma Alvarado', 'hcombs@hotmail.com', 'yEGASuvFe', 'family medicine');
INSERT INTO ACCOUNTANT (name, email, password) VALUES ('Shane Moreno', 'linda38@hotmail.com', 'xMxiUbehJuhJ');
INSERT INTO DOCTOR (name, email, password, speciality) VALUES ('Shane Moreno', 'linda38@hotmail.com', 'xMxiUbehJuhJ', 'emergency medicine');
INSERT INTO ACCOUNTANT (name, email, password) VALUES ('Katherine Turner', 'youngpatrick@gmail.com', 'SMmvOuSWKQGHEknP');
INSERT INTO DOCTOR (name, email, password, speciality) VALUES ('Katherine Turner', 'youngpatrick@gmail.com', 'SMmvOuSWKQGHEknP', 'diagnostic radiology');
INSERT INTO ACCOUNTANT (name, email, password) VALUES ('Michael Palmer', 'tanyahamilton@gmail.com', 'VQKplnNzfKBQLHXt');
INSERT INTO DOCTOR (name, email, password, speciality) VALUES ('Michael Palmer', 'tanyahamilton@gmail.com', 'VQKplnNzfKBQLHXt', 'dermatology');
INSERT INTO ACCOUNTANT (name, email, password) VALUES ('Amy Mccarty', 'jason11@hotmail.com', 'PaHtKbtKmEF');
INSERT INTO DOCTOR (name, email, password, speciality) VALUES ('Amy Mccarty', 'jason11@hotmail.com', 'PaHtKbtKmEF', 'pediatrics');
INSERT INTO ACCOUNTANT (name, email, password) VALUES ('Dr. Amanda Casey', 'xcopeland@hotmail.com', 'DbPkwaolWFmU');
INSERT INTO DOCTOR (name, email, password, speciality) VALUES ('Dr. Amanda Casey', 'xcopeland@hotmail.com', 'DbPkwaolWFmU', 'emergency medicine');
INSERT INTO ACCOUNTANT (name, email, password) VALUES ('John Clark', 'bradystephanie@yahoo.com', 'GoxtjUmFfLBhnguwjihR');
INSERT INTO DOCTOR (name, email, password, speciality) VALUES ('John Clark', 'bradystephanie@yahoo.com', 'GoxtjUmFfLBhnguwjihR', 'dermatology');
INSERT INTO ACCOUNTANT (name, email, password) VALUES ('Russell Wright', 'ryanjensen@gmail.com', 'JONtoBPbjpoz');
INSERT INTO DOCTOR (name, email, password, speciality) VALUES ('Russell Wright', 'ryanjensen@gmail.com', 'JONtoBPbjpoz', 'family medicine');
INSERT INTO ACCOUNTANT (name, email, password) VALUES ('Benjamin Marks', 'ramosclayton@gmail.com', 'YiqAABVKfNGlPlFLr');
INSERT INTO DOCTOR (name, email, password, speciality) VALUES ('Benjamin Marks', 'ramosclayton@gmail.com', 'YiqAABVKfNGlPlFLr', 'anesthesiology');
INSERT INTO ACCOUNTANT (name, email, password) VALUES ('Scott Cole', 'barrettandrea@yahoo.com', 'HdsFLxLulFsXsiNft');
INSERT INTO DOCTOR (name, email, password, speciality) VALUES ('Scott Cole', 'barrettandrea@yahoo.com', 'HdsFLxLulFsXsiNft', 'emergency medicine');
INSERT INTO ACCOUNTANT (name, email, password) VALUES ('Mark Mccoy', 'mackrichard@hotmail.com', 'CoYAPeUgQGvzyQVYgWV');
INSERT INTO DOCTOR (name, email, password, speciality) VALUES ('Mark Mccoy', 'mackrichard@hotmail.com', 'CoYAPeUgQGvzyQVYgWV', 'diagnostic radiology');
INSERT INTO ACCOUNTANT (name, email, password) VALUES ('Kathryn Wilson', 'williamsmichele@hotmail.com', 'PLDsfDsVfeLSPk');
INSERT INTO DOCTOR (name, email, password, speciality) VALUES ('Kathryn Wilson', 'williamsmichele@hotmail.com', 'PLDsfDsVfeLSPk', 'anesthesiology');
INSERT INTO ACCOUNTANT (name, email, password) VALUES ('Joseph Davis', 'yateskristina@gmail.com', 'LvnNTxhD');
INSERT INTO DOCTOR (name, email, password, speciality) VALUES ('Joseph Davis', 'yateskristina@gmail.com', 'LvnNTxhD', 'pediatrics');
INSERT INTO ACCOUNTANT (name, email, password) VALUES ('Devin Ortiz', 'kathryn55@yahoo.com', 'vCQPAeEidCkAtjvv');
INSERT INTO DOCTOR (name, email, password, speciality) VALUES ('Devin Ortiz', 'kathryn55@yahoo.com', 'vCQPAeEidCkAtjvv', 'emergency medicine');
INSERT INTO ACCOUNTANT (name, email, password) VALUES ('Vanessa Stevens', 'matthew55@hotmail.com', 'olWtNVuVDTns');
INSERT INTO DOCTOR (name, email, password, speciality) VALUES ('Vanessa Stevens', 'matthew55@hotmail.com', 'olWtNVuVDTns', 'pediatrics');
INSERT INTO ACCOUNTANT (name, email, password) VALUES ('Christy King', 'gutierrezcourtney@hotmail.com', 'ZdHNgrGiyIicnklkGKQQ');
INSERT INTO DOCTOR (name, email, password, speciality) VALUES ('Christy King', 'gutierrezcourtney@hotmail.com', 'ZdHNgrGiyIicnklkGKQQ', 'neurology');
INSERT INTO ACCOUNTANT (name, email, password) VALUES ('Courtney Guerra', 'andersonkara@yahoo.com', 'CVSQEOcdxd');
INSERT INTO DOCTOR (name, email, password, speciality) VALUES ('Courtney Guerra', 'andersonkara@yahoo.com', 'CVSQEOcdxd', 'emergency medicine');
INSERT INTO ACCOUNTANT (name, email, password) VALUES ('Erica Harris', 'gfranco@hotmail.com', 'qpkEUkkUnEcpxJBAaI');
INSERT INTO DOCTOR (name, email, password, speciality) VALUES ('Erica Harris', 'gfranco@hotmail.com', 'qpkEUkkUnEcpxJBAaI', 'neurology');
INSERT INTO ACCOUNTANT (name, email, password) VALUES ('Karen Santiago', 'josephrice@gmail.com', 'rLcBwTSOSSQasL');
INSERT INTO DOCTOR (name, email, password, speciality) VALUES ('Karen Santiago', 'josephrice@gmail.com', 'rLcBwTSOSSQasL', 'emergency medicine');
INSERT INTO ACCOUNTANT (name, email, password) VALUES ('Stacey Castro', 'ustephenson@gmail.com', 'CFeDTPLEwDDqA');
INSERT INTO DOCTOR (name, email, password, speciality) VALUES ('Stacey Castro', 'ustephenson@gmail.com', 'CFeDTPLEwDDqA', 'emergency medicine');
INSERT INTO ACCOUNTANT (name, email, password) VALUES ('Diane Gray', 'meltonamy@yahoo.com', 'kqpqlzqvTBbRInVj');
INSERT INTO DOCTOR (name, email, password, speciality) VALUES ('Diane Gray', 'meltonamy@yahoo.com', 'kqpqlzqvTBbRInVj', 'family medicine');
INSERT INTO ACCOUNTANT (name, email, password) VALUES ('Jennifer Rivas', 'thompsondennis@gmail.com', 'bQcJfPDxa');
INSERT INTO DOCTOR (name, email, password, speciality) VALUES ('Jennifer Rivas', 'thompsondennis@gmail.com', 'bQcJfPDxa', 'diagnostic radiology');
INSERT INTO ACCOUNTANT (name, email, password) VALUES ('Robert Richards', 'swalsh@hotmail.com', 'gOSAVVVHpNCytyWdoKg');
INSERT INTO DOCTOR (name, email, password, speciality) VALUES ('Robert Richards', 'swalsh@hotmail.com', 'gOSAVVVHpNCytyWdoKg', 'family medicine');
INSERT INTO ACCOUNTANT (name, email, password) VALUES ('Catherine Welch', 'stevenbray@yahoo.com', 'SZtfITayOkVNTYjvuq');
INSERT INTO DOCTOR (name, email, password, speciality) VALUES ('Catherine Welch', 'stevenbray@yahoo.com', 'SZtfITayOkVNTYjvuq', 'dermatology');
INSERT INTO ACCOUNTANT (name, email, password) VALUES ('Victoria Mitchell', 'wrobinson@yahoo.com', 'cczokxqSWzfJySWdvG');
INSERT INTO DOCTOR (name, email, password, speciality) VALUES ('Victoria Mitchell', 'wrobinson@yahoo.com', 'cczokxqSWzfJySWdvG', 'pediatrics');
INSERT INTO ACCOUNTANT (name, email, password) VALUES ('Shannon Hoover', 'anthony99@gmail.com', 'lmluGqyIYwh');
INSERT INTO DOCTOR (name, email, password, speciality) VALUES ('Shannon Hoover', 'anthony99@gmail.com', 'lmluGqyIYwh', 'dermatology');
INSERT INTO ACCOUNTANT (name, email, password) VALUES ('Carolyn Stevens', 'smithjohn@gmail.com', 'KBygERYMxcijSKi');
INSERT INTO DOCTOR (name, email, password, speciality) VALUES ('Carolyn Stevens', 'smithjohn@gmail.com', 'KBygERYMxcijSKi', 'anesthesiology');
INSERT INTO ACCOUNTANT (name, email, password) VALUES ('Gabrielle Williams', 'angelaholden@gmail.com', 'TCikLtaXrYnDHlJr');
INSERT INTO DOCTOR (name, email, password, speciality) VALUES ('Gabrielle Williams', 'angelaholden@gmail.com', 'TCikLtaXrYnDHlJr', 'diagnostic radiology');
INSERT INTO ACCOUNTANT (name, email, password) VALUES ('Miguel Hudson', 'virginia89@yahoo.com', 'rzTTknEkdKoqrnyEUi');
INSERT INTO DOCTOR (name, email, password, speciality) VALUES ('Miguel Hudson', 'virginia89@yahoo.com', 'rzTTknEkdKoqrnyEUi', 'emergency medicine');
INSERT INTO ACCOUNTANT (name, email, password) VALUES ('Sharon Davis', 'chernandez@yahoo.com', 'rfsxMMVKhGVPkmvwRLuG');
INSERT INTO DOCTOR (name, email, password, speciality) VALUES ('Sharon Davis', 'chernandez@yahoo.com', 'rfsxMMVKhGVPkmvwRLuG', 'family medicine');
INSERT INTO ACCOUNTANT (name, email, password) VALUES ('Russell Woods', 'kristin42@hotmail.com', 'ShwmMSKNa');
INSERT INTO DOCTOR (name, email, password, speciality) VALUES ('Russell Woods', 'kristin42@hotmail.com', 'ShwmMSKNa', 'emergency medicine');
INSERT INTO ACCOUNTANT (name, email, password) VALUES ('Jessica Mason', 'kenneth71@gmail.com', 'ZypOAoGhSlvgaK');
INSERT INTO DOCTOR (name, email, password, speciality) VALUES ('Jessica Mason', 'kenneth71@gmail.com', 'ZypOAoGhSlvgaK', 'pediatrics');
INSERT INTO ACCOUNTANT (name, email, password) VALUES ('Judith Delgado', 'brookesharp@gmail.com', 'OjjXJsELgkvGYPX');
INSERT INTO DOCTOR (name, email, password, speciality) VALUES ('Judith Delgado', 'brookesharp@gmail.com', 'OjjXJsELgkvGYPX', 'pediatrics');
INSERT INTO ACCOUNTANT (name, email, password) VALUES ('Debra Davis', 'allenjessica@yahoo.com', 'tOKAZsShlePRrrpB');
INSERT INTO DOCTOR (name, email, password, speciality) VALUES ('Debra Davis', 'allenjessica@yahoo.com', 'tOKAZsShlePRrrpB', 'diagnostic radiology');
INSERT INTO ACCOUNTANT (name, email, password) VALUES ('Catherine Martin', 'jeannepatel@gmail.com', 'sCKpmLPYRzULPpx');
INSERT INTO DOCTOR (name, email, password, speciality) VALUES ('Catherine Martin', 'jeannepatel@gmail.com', 'sCKpmLPYRzULPpx', 'pediatrics');
INSERT INTO ACCOUNTANT (name, email, password) VALUES ('James Mccall', 'lmartin@hotmail.com', 'wMDnLEkftj');
INSERT INTO DOCTOR (name, email, password, speciality) VALUES ('James Mccall', 'lmartin@hotmail.com', 'wMDnLEkftj', 'pediatrics');
INSERT INTO ACCOUNTANT (name, email, password) VALUES ('Travis Brown', 'cynthiagallagher@gmail.com', 'XKgbdZocF');
INSERT INTO DOCTOR (name, email, password, speciality) VALUES ('Travis Brown', 'cynthiagallagher@gmail.com', 'XKgbdZocF', 'pediatrics');
INSERT INTO ACCOUNTANT (name, email, password) VALUES ('Beth Dixon', 'jacob34@yahoo.com', 'etcEmGuuZzPNmvqe');
INSERT INTO DOCTOR (name, email, password, speciality) VALUES ('Beth Dixon', 'jacob34@yahoo.com', 'etcEmGuuZzPNmvqe', 'pediatrics');
INSERT INTO ACCOUNTANT (name, email, password) VALUES ('Jenny Cooper', 'egriffith@gmail.com', 'uyhxObUX');
INSERT INTO DOCTOR (name, email, password, speciality) VALUES ('Jenny Cooper', 'egriffith@gmail.com', 'uyhxObUX', 'family medicine');
INSERT INTO ACCOUNTANT (name, email, password) VALUES ('Corey Anderson', 'jessica51@gmail.com', 'WcymrybKviJGjIxU');
INSERT INTO DOCTOR (name, email, password, speciality) VALUES ('Corey Anderson', 'jessica51@gmail.com', 'WcymrybKviJGjIxU', 'diagnostic radiology');
INSERT INTO ACCOUNTANT (name, email, password) VALUES ('David Williams', 'browningmiguel@hotmail.com', 'pRZsUPHgbBVL');
INSERT INTO DOCTOR (name, email, password, speciality) VALUES ('David Williams', 'browningmiguel@hotmail.com', 'pRZsUPHgbBVL', 'family medicine');
INSERT INTO ACCOUNTANT (name, email, password) VALUES ('Jamie Cole', 'mirandavelazquez@hotmail.com', 'NYbaxaQWDSDqW');
INSERT INTO DOCTOR (name, email, password, speciality) VALUES ('Jamie Cole', 'mirandavelazquez@hotmail.com', 'NYbaxaQWDSDqW', 'family medicine');
INSERT INTO ACCOUNTANT (name, email, password) VALUES ('Joseph King', 'gwade@gmail.com', 'KmjRURasmqpp');
INSERT INTO DOCTOR (name, email, password, speciality) VALUES ('Joseph King', 'gwade@gmail.com', 'KmjRURasmqpp', 'family medicine');
INSERT INTO ACCOUNTANT (name, email, password) VALUES ('Lydia Gibson', 'brent89@yahoo.com', 'wkmGeUUqREXbtZyKf');
INSERT INTO DOCTOR (name, email, password, speciality) VALUES ('Lydia Gibson', 'brent89@yahoo.com', 'wkmGeUUqREXbtZyKf', 'anesthesiology');
INSERT INTO ACCOUNTANT (name, email, password) VALUES ('Amy Meyer', 'lpage@gmail.com', 'DjIQIyheOFiqUPnbU');
INSERT INTO DOCTOR (name, email, password, speciality) VALUES ('Amy Meyer', 'lpage@gmail.com', 'DjIQIyheOFiqUPnbU', 'neurology');
INSERT INTO ACCOUNTANT (name, email, password) VALUES ('James Jones DVM', 'jchapman@gmail.com', 'wNuMiBmTLXF');
INSERT INTO DOCTOR (name, email, password, speciality) VALUES ('James Jones DVM', 'jchapman@gmail.com', 'wNuMiBmTLXF', 'family medicine');
INSERT INTO ACCOUNTANT (name, email, password) VALUES ('Ronald Gilmore', 'joy76@yahoo.com', 'qcnhmMnjqgfHq');
INSERT INTO DOCTOR (name, email, password, speciality) VALUES ('Ronald Gilmore', 'joy76@yahoo.com', 'qcnhmMnjqgfHq', 'pediatrics');
INSERT INTO ACCOUNTANT (name, email, password) VALUES ('Larry Webb', 'xgonzales@yahoo.com', 'MQvqkZYZsxJWtEyX');
INSERT INTO DOCTOR (name, email, password, speciality) VALUES ('Larry Webb', 'xgonzales@yahoo.com', 'MQvqkZYZsxJWtEyX', 'diagnostic radiology');
INSERT INTO ACCOUNTANT (name, email, password) VALUES ('Deanna Hendricks', 'michaelstevenson@yahoo.com', 'sNtArdIxElVdqRne');
INSERT INTO DOCTOR (name, email, password, speciality) VALUES ('Deanna Hendricks', 'michaelstevenson@yahoo.com', 'sNtArdIxElVdqRne', 'anesthesiology');
INSERT INTO ACCOUNTANT (name, email, password) VALUES ('Sara Arnold', 'pibarra@gmail.com', 'pWBebvSWlwAzfPf');
INSERT INTO DOCTOR (name, email, password, speciality) VALUES ('Sara Arnold', 'pibarra@gmail.com', 'pWBebvSWlwAzfPf', 'dermatology');
INSERT INTO ACCOUNTANT (name, email, password) VALUES ('Barbara Walker', 'pettyanthony@gmail.com', 'WMzpimaHv');
INSERT INTO DOCTOR (name, email, password, speciality) VALUES ('Barbara Walker', 'pettyanthony@gmail.com', 'WMzpimaHv', 'neurology');
INSERT INTO ACCOUNTANT (name, email, password) VALUES ('Allison Cole', 'frank77@hotmail.com', 'vyOxaMtYGgceges');
INSERT INTO DOCTOR (name, email, password, speciality) VALUES ('Allison Cole', 'frank77@hotmail.com', 'vyOxaMtYGgceges', 'emergency medicine');
INSERT INTO ACCOUNTANT (name, email, password) VALUES ('Sarah Fry', 'zharris@hotmail.com', 'WEhaDYKffvFsl');
INSERT INTO DOCTOR (name, email, password, speciality) VALUES ('Sarah Fry', 'zharris@hotmail.com', 'WEhaDYKffvFsl', 'emergency medicine');
INSERT INTO ACCOUNTANT (name, email, password) VALUES ('Christopher King PhD', 'fraziermichele@hotmail.com', 'wgOgazUndM');
INSERT INTO DOCTOR (name, email, password, speciality) VALUES ('Christopher King PhD', 'fraziermichele@hotmail.com', 'wgOgazUndM', 'pediatrics');
INSERT INTO ACCOUNTANT (name, email, password) VALUES ('Christopher Hernandez', 'kimberlyjohnson@yahoo.com', 'PVnNraJZadx');
INSERT INTO DOCTOR (name, email, password, speciality) VALUES ('Christopher Hernandez', 'kimberlyjohnson@yahoo.com', 'PVnNraJZadx', 'family medicine');
INSERT INTO ACCOUNTANT (name, email, password) VALUES ('Marcus Vazquez', 'joseph69@hotmail.com', 'uspUVQQdGUfKgMQ');
INSERT INTO DOCTOR (name, email, password, speciality) VALUES ('Marcus Vazquez', 'joseph69@hotmail.com', 'uspUVQQdGUfKgMQ', 'emergency medicine');
INSERT INTO ACCOUNTANT (name, email, password) VALUES ('Austin Romero', 'wendy85@hotmail.com', 'fpMBsmFqdWU');
INSERT INTO DOCTOR (name, email, password, speciality) VALUES ('Austin Romero', 'wendy85@hotmail.com', 'fpMBsmFqdWU', 'family medicine');
INSERT INTO ACCOUNTANT (name, email, password) VALUES ('Bryan Meyer', 'kaylaatkinson@hotmail.com', 'dickyolQvumgYVyJs');
INSERT INTO DOCTOR (name, email, password, speciality) VALUES ('Bryan Meyer', 'kaylaatkinson@hotmail.com', 'dickyolQvumgYVyJs', 'family medicine');
INSERT INTO ACCOUNTANT (name, email, password) VALUES ('Sherry Gutierrez', 'zbishop@yahoo.com', 'swEoLnZuaZGaXstID');
INSERT INTO DOCTOR (name, email, password, speciality) VALUES ('Sherry Gutierrez', 'zbishop@yahoo.com', 'swEoLnZuaZGaXstID', 'dermatology');
INSERT INTO ACCOUNTANT (name, email, password) VALUES ('Alison Maxwell', 'rgray@hotmail.com', 'tUiNXbcnwBCQVo');
INSERT INTO DOCTOR (name, email, password, speciality) VALUES ('Alison Maxwell', 'rgray@hotmail.com', 'tUiNXbcnwBCQVo', 'pediatrics');
INSERT INTO ACCOUNTANT (name, email, password) VALUES ('Holly Thompson', 'joseph27@hotmail.com', 'TqNlKpgNJhOtVI');
INSERT INTO DOCTOR (name, email, password, speciality) VALUES ('Holly Thompson', 'joseph27@hotmail.com', 'TqNlKpgNJhOtVI', 'neurology');
INSERT INTO ACCOUNTANT (name, email, password) VALUES ('Susan Duncan MD', 'cooktom@gmail.com', 'SiqHtOdnBiuhDIzo');
INSERT INTO DOCTOR (name, email, password, speciality) VALUES ('Susan Duncan MD', 'cooktom@gmail.com', 'SiqHtOdnBiuhDIzo', 'diagnostic radiology');
INSERT INTO ACCOUNTANT (name, email, password) VALUES ('Jessica Johnson', 'kennedymichael@gmail.com', 'RzVPmiizqmPKqQM');
INSERT INTO DOCTOR (name, email, password, speciality) VALUES ('Jessica Johnson', 'kennedymichael@gmail.com', 'RzVPmiizqmPKqQM', 'family medicine');
INSERT INTO ACCOUNTANT (name, email, password) VALUES ('Angela Weber', 'stevefoster@yahoo.com', 'obTZYFyRJOm');
INSERT INTO DOCTOR (name, email, password, speciality) VALUES ('Angela Weber', 'stevefoster@yahoo.com', 'obTZYFyRJOm', 'diagnostic radiology');
INSERT INTO ACCOUNTANT (name, email, password) VALUES ('Bianca Cox', 'jamie84@gmail.com', 'sVOedEsUMXzLj');
INSERT INTO DOCTOR (name, email, password, speciality) VALUES ('Bianca Cox', 'jamie84@gmail.com', 'sVOedEsUMXzLj', 'diagnostic radiology');
INSERT INTO ACCOUNTANT (name, email, password) VALUES ('Brandi Drake', 'ismith@gmail.com', 'qcOSKDLZqjbVRffNVhX');
INSERT INTO DOCTOR (name, email, password, speciality) VALUES ('Brandi Drake', 'ismith@gmail.com', 'qcOSKDLZqjbVRffNVhX', 'diagnostic radiology');
INSERT INTO ACCOUNTANT (name, email, password) VALUES ('Jason Nixon', 'riddlemichael@gmail.com', 'WcNeIdDwLHzK');
INSERT INTO DOCTOR (name, email, password, speciality) VALUES ('Jason Nixon', 'riddlemichael@gmail.com', 'WcNeIdDwLHzK', 'pediatrics');
INSERT INTO ACCOUNTANT (name, email, password) VALUES ('Ronald Lopez', 'justin19@yahoo.com', 'sJtumJQAbJmqDeHOyjbE');
INSERT INTO DOCTOR (name, email, password, speciality) VALUES ('Ronald Lopez', 'justin19@yahoo.com', 'sJtumJQAbJmqDeHOyjbE', 'diagnostic radiology');
INSERT INTO ACCOUNTANT (name, email, password) VALUES ('Carmen Walker', 'thompsongreg@hotmail.com', 'PwfFWlwjEuJvnMuGIC');
INSERT INTO DOCTOR (name, email, password, speciality) VALUES ('Carmen Walker', 'thompsongreg@hotmail.com', 'PwfFWlwjEuJvnMuGIC', 'diagnostic radiology');
INSERT INTO ACCOUNTANT (name, email, password) VALUES ('Anthony Wilson', 'kelseyshelton@gmail.com', 'AgnunVVWl');
INSERT INTO DOCTOR (name, email, password, speciality) VALUES ('Anthony Wilson', 'kelseyshelton@gmail.com', 'AgnunVVWl', 'diagnostic radiology');
INSERT INTO ACCOUNTANT (name, email, password) VALUES ('Shawn Johnson', 'stonelisa@gmail.com', 'VxOlDQvJFQYyOFdWqN');
INSERT INTO DOCTOR (name, email, password, speciality) VALUES ('Shawn Johnson', 'stonelisa@gmail.com', 'VxOlDQvJFQYyOFdWqN', 'family medicine');
INSERT INTO ACCOUNTANT (name, email, password) VALUES ('William Oneal', 'christine32@gmail.com', 'WAwEgJghDjoYRYiA');
INSERT INTO DOCTOR (name, email, password, speciality) VALUES ('William Oneal', 'christine32@gmail.com', 'WAwEgJghDjoYRYiA', 'emergency medicine');
INSERT INTO ACCOUNTANT (name, email, password) VALUES ('Ralph Rollins', 'davidgreen@hotmail.com', 'YwaFGIGrsiPPdeOZ');
INSERT INTO DOCTOR (name, email, password, speciality) VALUES ('Ralph Rollins', 'davidgreen@hotmail.com', 'YwaFGIGrsiPPdeOZ', 'neurology');
INSERT INTO ACCOUNTANT (name, email, password) VALUES ('David Weber', 'lanthony@yahoo.com', 'ouFrZVdrDyhBuVeH');
INSERT INTO DOCTOR (name, email, password, speciality) VALUES ('David Weber', 'lanthony@yahoo.com', 'ouFrZVdrDyhBuVeH', 'family medicine');
INSERT INTO ACCOUNTANT (name, email, password) VALUES ('David Perez', 'bjones@gmail.com', 'keaibaCbOdIowXXsb');
INSERT INTO DOCTOR (name, email, password, speciality) VALUES ('David Perez', 'bjones@gmail.com', 'keaibaCbOdIowXXsb', 'family medicine');
INSERT INTO ACCOUNTANT (name, email, password) VALUES ('Samuel Gray', 'bmccoy@yahoo.com', 'DatuUxwbydkWv');
INSERT INTO DOCTOR (name, email, password, speciality) VALUES ('Samuel Gray', 'bmccoy@yahoo.com', 'DatuUxwbydkWv', 'emergency medicine');
INSERT INTO ACCOUNTANT (name, email, password) VALUES ('David Thompson', 'mistyjacobson@yahoo.com', 'sdbBQtyHhBHrCaKyikf');
INSERT INTO DOCTOR (name, email, password, speciality) VALUES ('David Thompson', 'mistyjacobson@yahoo.com', 'sdbBQtyHhBHrCaKyikf', 'diagnostic radiology');
INSERT INTO ACCOUNTANT (name, email, password) VALUES ('Joshua Lucas', 'colemanmitchell@yahoo.com', 'cGNmRXUWbealszyPRsv');
INSERT INTO DOCTOR (name, email, password, speciality) VALUES ('Joshua Lucas', 'colemanmitchell@yahoo.com', 'cGNmRXUWbealszyPRsv', 'emergency medicine');
INSERT INTO ACCOUNTANT (name, email, password) VALUES ('Elizabeth Harrison', 'tracyflynn@gmail.com', 'LQMOTEcEEYvSh');
INSERT INTO DOCTOR (name, email, password, speciality) VALUES ('Elizabeth Harrison', 'tracyflynn@gmail.com', 'LQMOTEcEEYvSh', 'anesthesiology');
INSERT INTO ACCOUNTANT (name, email, password) VALUES ('Lauren Glover', 'petersonrobert@gmail.com', 'JTAXyOBpTEs');
INSERT INTO DOCTOR (name, email, password, speciality) VALUES ('Lauren Glover', 'petersonrobert@gmail.com', 'JTAXyOBpTEs', 'diagnostic radiology');
INSERT INTO ACCOUNTANT (name, email, password) VALUES ('Leslie Rivers', 'martinezrebecca@gmail.com', 'nxKEHQhWhAydERTA');
INSERT INTO DOCTOR (name, email, password, speciality) VALUES ('Leslie Rivers', 'martinezrebecca@gmail.com', 'nxKEHQhWhAydERTA', 'anesthesiology');
INSERT INTO ACCOUNTANT (name, email, password) VALUES ('Laura Thomas', 'karen28@hotmail.com', 'EjfqinSlASdNSQTYkSrq');
INSERT INTO DOCTOR (name, email, password, speciality) VALUES ('Laura Thomas', 'karen28@hotmail.com', 'EjfqinSlASdNSQTYkSrq', 'diagnostic radiology');
INSERT INTO ACCOUNTANT (name, email, password) VALUES ('Keith Vargas', 'elove@hotmail.com', 'AXTuJXTvqmaMALxpRD');
INSERT INTO DOCTOR (name, email, password, speciality) VALUES ('Keith Vargas', 'elove@hotmail.com', 'AXTuJXTvqmaMALxpRD', 'pediatrics');
INSERT INTO ACCOUNTANT (name, email, password) VALUES ('James Ortiz', 'mendozaaudrey@hotmail.com', 'kSIlBOoI');
INSERT INTO DOCTOR (name, email, password, speciality) VALUES ('James Ortiz', 'mendozaaudrey@hotmail.com', 'kSIlBOoI', 'anesthesiology');
INSERT INTO ACCOUNTANT (name, email, password) VALUES ('Sandra Walls', 'jamessmith@yahoo.com', 'cvfAQxJZLfSuMjGszk');
INSERT INTO DOCTOR (name, email, password, speciality) VALUES ('Sandra Walls', 'jamessmith@yahoo.com', 'cvfAQxJZLfSuMjGszk', 'anesthesiology');
INSERT INTO ACCOUNTANT (name, email, password) VALUES ('Hunter Duarte', 'lauriemoore@yahoo.com', 'sjoNAArx');
INSERT INTO DOCTOR (name, email, password, speciality) VALUES ('Hunter Duarte', 'lauriemoore@yahoo.com', 'sjoNAArx', 'family medicine');
INSERT INTO ACCOUNTANT (name, email, password) VALUES ('Cheryl Carter', 'lbailey@yahoo.com', 'tdPNUWjxOWyH');
INSERT INTO DOCTOR (name, email, password, speciality) VALUES ('Cheryl Carter', 'lbailey@yahoo.com', 'tdPNUWjxOWyH', 'diagnostic radiology');
INSERT INTO ACCOUNTANT (name, email, password) VALUES ('Allison Parker', 'nelsonderrick@yahoo.com', 'xrZxWbCPpcoOHL');
INSERT INTO DOCTOR (name, email, password, speciality) VALUES ('Allison Parker', 'nelsonderrick@yahoo.com', 'xrZxWbCPpcoOHL', 'dermatology');
INSERT INTO ACCOUNTANT (name, email, password) VALUES ('John Phelps', 'natasha34@gmail.com', 'IGodvdCvJOtN');
INSERT INTO DOCTOR (name, email, password, speciality) VALUES ('John Phelps', 'natasha34@gmail.com', 'IGodvdCvJOtN', 'anesthesiology');
INSERT INTO ACCOUNTANT (name, email, password) VALUES ('Ann Simpson', 'mendozaandre@hotmail.com', 'AUlDGaskQHsxezTAf');
INSERT INTO DOCTOR (name, email, password, speciality) VALUES ('Ann Simpson', 'mendozaandre@hotmail.com', 'AUlDGaskQHsxezTAf', 'dermatology');
INSERT INTO ACCOUNTANT (name, email, password) VALUES ('Emily Fields', 'wwood@hotmail.com', 'VBHmEJoaww');
INSERT INTO DOCTOR (name, email, password, speciality) VALUES ('Emily Fields', 'wwood@hotmail.com', 'VBHmEJoaww', 'family medicine');
INSERT INTO ACCOUNTANT (name, email, password) VALUES ('Andrew Fletcher', 'kellystacy@yahoo.com', 'ZpUupanVncaOV');
INSERT INTO DOCTOR (name, email, password, speciality) VALUES ('Andrew Fletcher', 'kellystacy@yahoo.com', 'ZpUupanVncaOV', 'family medicine');
INSERT INTO ACCOUNTANT (name, email, password) VALUES ('Sherry Baker', 'melanie44@gmail.com', 'AuuAfBzP');
INSERT INTO DOCTOR (name, email, password, speciality) VALUES ('Sherry Baker', 'melanie44@gmail.com', 'AuuAfBzP', 'emergency medicine');
INSERT INTO ACCOUNTANT (name, email, password) VALUES ('Dylan Norris', 'collinsjeremy@hotmail.com', 'aYMcLBTSvWJ');
INSERT INTO DOCTOR (name, email, password, speciality) VALUES ('Dylan Norris', 'collinsjeremy@hotmail.com', 'aYMcLBTSvWJ', 'neurology');
INSERT INTO ACCOUNTANT (name, email, password) VALUES ('Eric Baker', 'xbishop@hotmail.com', 'taRAjjKq');
INSERT INTO DOCTOR (name, email, password, speciality) VALUES ('Eric Baker', 'xbishop@hotmail.com', 'taRAjjKq', 'anesthesiology');
INSERT INTO ACCOUNTANT (name, email, password) VALUES ('Rachel Oliver', 'csweeney@gmail.com', 'FqliiZfwSLYILaTH');
INSERT INTO DOCTOR (name, email, password, speciality) VALUES ('Rachel Oliver', 'csweeney@gmail.com', 'FqliiZfwSLYILaTH', 'neurology');
INSERT INTO ACCOUNTANT (name, email, password) VALUES ('Annette Blair', 'perkinsrebecca@yahoo.com', 'WxrWKbSDxq');
INSERT INTO DOCTOR (name, email, password, speciality) VALUES ('Annette Blair', 'perkinsrebecca@yahoo.com', 'WxrWKbSDxq', 'emergency medicine');
INSERT INTO ACCOUNTANT (name, email, password) VALUES ('Edwin Jenkins', 'stacy19@hotmail.com', 'ouGXgjAeTQz');
INSERT INTO DOCTOR (name, email, password, speciality) VALUES ('Edwin Jenkins', 'stacy19@hotmail.com', 'ouGXgjAeTQz', 'family medicine');
INSERT INTO ACCOUNTANT (name, email, password) VALUES ('John Cox', 'vfarmer@yahoo.com', 'ovAtXddAfOWIyAWZWob');
INSERT INTO DOCTOR (name, email, password, speciality) VALUES ('John Cox', 'vfarmer@yahoo.com', 'ovAtXddAfOWIyAWZWob', 'dermatology');
INSERT INTO ACCOUNTANT (name, email, password) VALUES ('Brandi Dyer', 'lindseyriley@yahoo.com', 'sSsvexAhxkKlBBZa');
INSERT INTO DOCTOR (name, email, password, speciality) VALUES ('Brandi Dyer', 'lindseyriley@yahoo.com', 'sSsvexAhxkKlBBZa', 'diagnostic radiology');
INSERT INTO ACCOUNTANT (name, email, password) VALUES ('Adam Johnson', 'imcdonald@hotmail.com', 'pZxyvdNTFYvh');
INSERT INTO DOCTOR (name, email, password, speciality) VALUES ('Adam Johnson', 'imcdonald@hotmail.com', 'pZxyvdNTFYvh', 'dermatology');
INSERT INTO ACCOUNTANT (name, email, password) VALUES ('William Johnson', 'dwilson@gmail.com', 'LoaVtgGWmaTUqxmOjH');
INSERT INTO DOCTOR (name, email, password, speciality) VALUES ('William Johnson', 'dwilson@gmail.com', 'LoaVtgGWmaTUqxmOjH', 'emergency medicine');
INSERT INTO ACCOUNTANT (name, email, password) VALUES ('Tammy Ortega', 'xhopkins@hotmail.com', 'RLiSPIVTyYeN');
INSERT INTO DOCTOR (name, email, password, speciality) VALUES ('Tammy Ortega', 'xhopkins@hotmail.com', 'RLiSPIVTyYeN', 'diagnostic radiology');
INSERT INTO ACCOUNTANT (name, email, password) VALUES ('Drew Smith', 'thomasmichael@hotmail.com', 'rzawdqGnmjtcPC');
INSERT INTO DOCTOR (name, email, password, speciality) VALUES ('Drew Smith', 'thomasmichael@hotmail.com', 'rzawdqGnmjtcPC', 'family medicine');
INSERT INTO ACCOUNTANT (name, email, password) VALUES ('Mike Russell', 'greenrobin@yahoo.com', 'ndYfmrgaDuZunO');
INSERT INTO DOCTOR (name, email, password, speciality) VALUES ('Mike Russell', 'greenrobin@yahoo.com', 'ndYfmrgaDuZunO', 'family medicine');
INSERT INTO ACCOUNTANT (name, email, password) VALUES ('Lindsey Johnson', 'theodorejensen@gmail.com', 'JGUFHUtNVJqTDw');
INSERT INTO DOCTOR (name, email, password, speciality) VALUES ('Lindsey Johnson', 'theodorejensen@gmail.com', 'JGUFHUtNVJqTDw', 'family medicine');
INSERT INTO ACCOUNTANT (name, email, password) VALUES ('Jaime Harris', 'turnerantonio@gmail.com', 'WUJUHImP');
INSERT INTO DOCTOR (name, email, password, speciality) VALUES ('Jaime Harris', 'turnerantonio@gmail.com', 'WUJUHImP', 'emergency medicine');
INSERT INTO ACCOUNTANT (name, email, password) VALUES ('Elaine Coleman', 'michaelortiz@yahoo.com', 'eAXZeuqDUcmmsqKhP');
INSERT INTO DOCTOR (name, email, password, speciality) VALUES ('Elaine Coleman', 'michaelortiz@yahoo.com', 'eAXZeuqDUcmmsqKhP', 'dermatology');
INSERT INTO ACCOUNTANT (name, email, password) VALUES ('Matthew Cochran', 'charlesjones@gmail.com', 'gUIVHXnnRQQmLXANh');
INSERT INTO DOCTOR (name, email, password, speciality) VALUES ('Matthew Cochran', 'charlesjones@gmail.com', 'gUIVHXnnRQQmLXANh', 'diagnostic radiology');
INSERT INTO ACCOUNTANT (name, email, password) VALUES ('Joe Cameron', 'katherine07@gmail.com', 'fYNMUPJKPmlRG');
INSERT INTO DOCTOR (name, email, password, speciality) VALUES ('Joe Cameron', 'katherine07@gmail.com', 'fYNMUPJKPmlRG', 'neurology');
INSERT INTO ACCOUNTANT (name, email, password) VALUES ('Joseph Brooks', 'zacharybailey@gmail.com', 'IJQxOsgzBfgIswvkEM');
INSERT INTO DOCTOR (name, email, password, speciality) VALUES ('Joseph Brooks', 'zacharybailey@gmail.com', 'IJQxOsgzBfgIswvkEM', 'dermatology');
INSERT INTO ACCOUNTANT (name, email, password) VALUES ('Christina Anderson', 'williamssarah@hotmail.com', 'kWRcaYaXelSP');
INSERT INTO DOCTOR (name, email, password, speciality) VALUES ('Christina Anderson', 'williamssarah@hotmail.com', 'kWRcaYaXelSP', 'anesthesiology');
INSERT INTO ACCOUNTANT (name, email, password) VALUES ('Jacqueline Wilson', 'banthony@hotmail.com', 'rKhnxMdvwcoorbqJc');
INSERT INTO DOCTOR (name, email, password, speciality) VALUES ('Jacqueline Wilson', 'banthony@hotmail.com', 'rKhnxMdvwcoorbqJc', 'pediatrics');
INSERT INTO ACCOUNTANT (name, email, password) VALUES ('Connor Peterson', 'ymoran@yahoo.com', 'HqFVGqSxrl');
INSERT INTO DOCTOR (name, email, password, speciality) VALUES ('Connor Peterson', 'ymoran@yahoo.com', 'HqFVGqSxrl', 'emergency medicine');
INSERT INTO ACCOUNTANT (name, email, password) VALUES ('Danny Vasquez', 'qhicks@yahoo.com', 'YzPkMyZzVOZSrPpXLCZL');
INSERT INTO DOCTOR (name, email, password, speciality) VALUES ('Danny Vasquez', 'qhicks@yahoo.com', 'YzPkMyZzVOZSrPpXLCZL', 'neurology');
INSERT INTO ACCOUNTANT (name, email, password) VALUES ('Amy Riley', 'stephanie64@gmail.com', 'xqxKOMmZHDpQNulzdDkG');
INSERT INTO DOCTOR (name, email, password, speciality) VALUES ('Amy Riley', 'stephanie64@gmail.com', 'xqxKOMmZHDpQNulzdDkG', 'family medicine');
INSERT INTO ACCOUNTANT (name, email, password) VALUES ('Lee Clark', 'acevedogary@gmail.com', 'lGpkKXcMZSdpAV');
INSERT INTO DOCTOR (name, email, password, speciality) VALUES ('Lee Clark', 'acevedogary@gmail.com', 'lGpkKXcMZSdpAV', 'diagnostic radiology');
INSERT INTO ACCOUNTANT (name, email, password) VALUES ('Phillip Sharp', 'williamchang@hotmail.com', 'NSCKKJZVDsPzm');
INSERT INTO DOCTOR (name, email, password, speciality) VALUES ('Phillip Sharp', 'williamchang@hotmail.com', 'NSCKKJZVDsPzm', 'anesthesiology');
INSERT INTO ACCOUNTANT (name, email, password) VALUES ('Ashley Wright', 'halljennifer@gmail.com', 'euoijSbxadlMs');
INSERT INTO DOCTOR (name, email, password, speciality) VALUES ('Ashley Wright', 'halljennifer@gmail.com', 'euoijSbxadlMs', 'family medicine');
INSERT INTO ACCOUNTANT (name, email, password) VALUES ('Kevin Gomez', 'davidball@hotmail.com', 'ysVSjacwQjLpxZC');
INSERT INTO DOCTOR (name, email, password, speciality) VALUES ('Kevin Gomez', 'davidball@hotmail.com', 'ysVSjacwQjLpxZC', 'neurology');
INSERT INTO ACCOUNTANT (name, email, password) VALUES ('Tyler Thornton', 'hendersondavid@gmail.com', 'RPeSEIoleORAYX');
INSERT INTO DOCTOR (name, email, password, speciality) VALUES ('Tyler Thornton', 'hendersondavid@gmail.com', 'RPeSEIoleORAYX', 'family medicine');
INSERT INTO ACCOUNTANT (name, email, password) VALUES ('Carrie Robinson', 'jonesjohn@yahoo.com', 'XhhsPnDrBR');
INSERT INTO DOCTOR (name, email, password, speciality) VALUES ('Carrie Robinson', 'jonesjohn@yahoo.com', 'XhhsPnDrBR', 'emergency medicine');
INSERT INTO ACCOUNTANT (name, email, password) VALUES ('Samuel Schmidt', 'anthonygamble@yahoo.com', 'kgeIJzrdOJrDFyy');
INSERT INTO DOCTOR (name, email, password, speciality) VALUES ('Samuel Schmidt', 'anthonygamble@yahoo.com', 'kgeIJzrdOJrDFyy', 'neurology');
INSERT INTO ACCOUNTANT (name, email, password) VALUES ('Mr. Jason Arnold', 'pachecobenjamin@hotmail.com', 'jgbUDJwWRrMNlgLR');
INSERT INTO DOCTOR (name, email, password, speciality) VALUES ('Mr. Jason Arnold', 'pachecobenjamin@hotmail.com', 'jgbUDJwWRrMNlgLR', 'anesthesiology');
INSERT INTO ACCOUNTANT (name, email, password) VALUES ('Donna Gordon', 'kimberlyfarrell@hotmail.com', 'dEKPIbJhzelhHKn');
INSERT INTO DOCTOR (name, email, password, speciality) VALUES ('Donna Gordon', 'kimberlyfarrell@hotmail.com', 'dEKPIbJhzelhHKn', 'emergency medicine');
INSERT INTO ACCOUNTANT (name, email, password) VALUES ('Stephanie Fernandez', 'phoward@gmail.com', 'RUUfoGZKovLfwFKMFC');
INSERT INTO DOCTOR (name, email, password, speciality) VALUES ('Stephanie Fernandez', 'phoward@gmail.com', 'RUUfoGZKovLfwFKMFC', 'diagnostic radiology');
INSERT INTO ACCOUNTANT (name, email, password) VALUES ('Joshua Moss', 'paulgallegos@yahoo.com', 'jhBPrqszHOObvzVcSbJI');
INSERT INTO DOCTOR (name, email, password, speciality) VALUES ('Joshua Moss', 'paulgallegos@yahoo.com', 'jhBPrqszHOObvzVcSbJI', 'anesthesiology');
INSERT INTO ACCOUNTANT (name, email, password) VALUES ('Nicholas Hickman', 'jeremy42@yahoo.com', 'xHBFrmrvrQUfMPJYXeHh');
INSERT INTO DOCTOR (name, email, password, speciality) VALUES ('Nicholas Hickman', 'jeremy42@yahoo.com', 'xHBFrmrvrQUfMPJYXeHh', 'diagnostic radiology');
INSERT INTO ACCOUNTANT (name, email, password) VALUES ('Tyler Green', 'rebecca99@yahoo.com', 'CQdIYLhxGHxwZAldpE');
INSERT INTO DOCTOR (name, email, password, speciality) VALUES ('Tyler Green', 'rebecca99@yahoo.com', 'CQdIYLhxGHxwZAldpE', 'anesthesiology');
INSERT INTO ACCOUNTANT (name, email, password) VALUES ('Amanda Wilson', 'leehamilton@gmail.com', 'fpNeJkjaejfsG');
INSERT INTO DOCTOR (name, email, password, speciality) VALUES ('Amanda Wilson', 'leehamilton@gmail.com', 'fpNeJkjaejfsG', 'family medicine');
INSERT INTO ACCOUNTANT (name, email, password) VALUES ('Cassandra Barnett MD', 'andreacarroll@gmail.com', 'zMHjqjeblLnhUkVY');
INSERT INTO DOCTOR (name, email, password, speciality) VALUES ('Cassandra Barnett MD', 'andreacarroll@gmail.com', 'zMHjqjeblLnhUkVY', 'diagnostic radiology');
INSERT INTO ACCOUNTANT (name, email, password) VALUES ('Mark Molina', 'fergusonmark@hotmail.com', 'cQBrVVzHNiJuuQdYuR');
INSERT INTO DOCTOR (name, email, password, speciality) VALUES ('Mark Molina', 'fergusonmark@hotmail.com', 'cQBrVVzHNiJuuQdYuR', 'pediatrics');
INSERT INTO ACCOUNTANT (name, email, password) VALUES ('Edward Huffman', 'howellanthony@hotmail.com', 'RwziGWWteVoDQqbPSuri');
INSERT INTO DOCTOR (name, email, password, speciality) VALUES ('Edward Huffman', 'howellanthony@hotmail.com', 'RwziGWWteVoDQqbPSuri', 'pediatrics');
INSERT INTO ACCOUNTANT (name, email, password) VALUES ('Adam Collins', 'wilsonjames@hotmail.com', 'bDMJInspcYSaa');
INSERT INTO DOCTOR (name, email, password, speciality) VALUES ('Adam Collins', 'wilsonjames@hotmail.com', 'bDMJInspcYSaa', 'emergency medicine');
INSERT INTO ACCOUNTANT (name, email, password) VALUES ('Douglas Johnson', 'xmedina@yahoo.com', 'MqsnYLCCmmCyurRURNN');
INSERT INTO DOCTOR (name, email, password, speciality) VALUES ('Douglas Johnson', 'xmedina@yahoo.com', 'MqsnYLCCmmCyurRURNN', 'dermatology');
INSERT INTO ACCOUNTANT (name, email, password) VALUES ('Stephanie Barron', 'curtismontgomery@hotmail.com', 'avlkBhDItE');
INSERT INTO DOCTOR (name, email, password, speciality) VALUES ('Stephanie Barron', 'curtismontgomery@hotmail.com', 'avlkBhDItE', 'diagnostic radiology');
INSERT INTO ACCOUNTANT (name, email, password) VALUES ('Latasha Lawrence', 'fwallace@yahoo.com', 'NVXZFAfaakRpfxJr');
INSERT INTO DOCTOR (name, email, password, speciality) VALUES ('Latasha Lawrence', 'fwallace@yahoo.com', 'NVXZFAfaakRpfxJr', 'dermatology');
INSERT INTO ACCOUNTANT (name, email, password) VALUES ('Timothy Evans', 'cassandrawatts@hotmail.com', 'iREdhXZywfpqNXqmeUDh');
INSERT INTO DOCTOR (name, email, password, speciality) VALUES ('Timothy Evans', 'cassandrawatts@hotmail.com', 'iREdhXZywfpqNXqmeUDh', 'dermatology');
INSERT INTO ACCOUNTANT (name, email, password) VALUES ('Emily Stevens', 'davischristopher@yahoo.com', 'CKJrcxqGYeRXcrVWG');
INSERT INTO DOCTOR (name, email, password, speciality) VALUES ('Emily Stevens', 'davischristopher@yahoo.com', 'CKJrcxqGYeRXcrVWG', 'family medicine');
INSERT INTO ACCOUNTANT (name, email, password) VALUES ('Tracy Rivera', 'gbarry@yahoo.com', 'eHOkQpwu');
INSERT INTO DOCTOR (name, email, password, speciality) VALUES ('Tracy Rivera', 'gbarry@yahoo.com', 'eHOkQpwu', 'neurology');
INSERT INTO ACCOUNTANT (name, email, password) VALUES ('Julia Gray', 'ybartlett@yahoo.com', 'wYzIWWSDGthZZhMM');
INSERT INTO DOCTOR (name, email, password, speciality) VALUES ('Julia Gray', 'ybartlett@yahoo.com', 'wYzIWWSDGthZZhMM', 'dermatology');
INSERT INTO ACCOUNTANT (name, email, password) VALUES ('Dawn Vaughn', 'hrichards@gmail.com', 'mgtmOHJQTGPdxOOAuLsS');
INSERT INTO DOCTOR (name, email, password, speciality) VALUES ('Dawn Vaughn', 'hrichards@gmail.com', 'mgtmOHJQTGPdxOOAuLsS', 'neurology');
INSERT INTO ACCOUNTANT (name, email, password) VALUES ('David Flores', 'sharonmeza@gmail.com', 'jZjFxcDlTk');
INSERT INTO DOCTOR (name, email, password, speciality) VALUES ('David Flores', 'sharonmeza@gmail.com', 'jZjFxcDlTk', 'pediatrics');
INSERT INTO ACCOUNTANT (name, email, password) VALUES ('Shirley Brown', 'eugene45@hotmail.com', 'XSzLcoxSwiAsDfZsuYY');
INSERT INTO DOCTOR (name, email, password, speciality) VALUES ('Shirley Brown', 'eugene45@hotmail.com', 'XSzLcoxSwiAsDfZsuYY', 'family medicine');
INSERT INTO ACCOUNTANT (name, email, password) VALUES ('Sandra Barry', 'lwilliams@gmail.com', 'ZFGvUoHWvydjAfChGEY');
INSERT INTO DOCTOR (name, email, password, speciality) VALUES ('Sandra Barry', 'lwilliams@gmail.com', 'ZFGvUoHWvydjAfChGEY', 'anesthesiology');
INSERT INTO ACCOUNTANT (name, email, password) VALUES ('Scott Michael', 'cynthia88@hotmail.com', 'qMBkleneeqECxFuzwqZl');
INSERT INTO DOCTOR (name, email, password, speciality) VALUES ('Scott Michael', 'cynthia88@hotmail.com', 'qMBkleneeqECxFuzwqZl', 'family medicine');
INSERT INTO ACCOUNTANT (name, email, password) VALUES ('Kyle Figueroa', 'bowmanjohn@yahoo.com', 'LnYVCNZJzix');
INSERT INTO DOCTOR (name, email, password, speciality) VALUES ('Kyle Figueroa', 'bowmanjohn@yahoo.com', 'LnYVCNZJzix', 'dermatology');
INSERT INTO ACCOUNTANT (name, email, password) VALUES ('Anthony Odonnell', 'joy58@yahoo.com', 'ZagCmMZLqtSTogNBxmi');
INSERT INTO DOCTOR (name, email, password, speciality) VALUES ('Anthony Odonnell', 'joy58@yahoo.com', 'ZagCmMZLqtSTogNBxmi', 'anesthesiology');
INSERT INTO ACCOUNTANT (name, email, password) VALUES ('Tonya Carrillo', 'paul99@hotmail.com', 'CfXHZCIDy');
INSERT INTO DOCTOR (name, email, password, speciality) VALUES ('Tonya Carrillo', 'paul99@hotmail.com', 'CfXHZCIDy', 'diagnostic radiology');
INSERT INTO ACCOUNTANT (name, email, password) VALUES ('Becky Munoz', 'zshepherd@gmail.com', 'LFbRlbEoISx');
INSERT INTO DOCTOR (name, email, password, speciality) VALUES ('Becky Munoz', 'zshepherd@gmail.com', 'LFbRlbEoISx', 'diagnostic radiology');
INSERT INTO ACCOUNTANT (name, email, password) VALUES ('Lindsay Cole', 'oconnorcheryl@hotmail.com', 'JwwdztMRNBXoLmv');
INSERT INTO DOCTOR (name, email, password, speciality) VALUES ('Lindsay Cole', 'oconnorcheryl@hotmail.com', 'JwwdztMRNBXoLmv', 'neurology');
INSERT INTO ACCOUNTANT (name, email, password) VALUES ('Adam Burns', 'gomezandre@gmail.com', 'sCqBSTIDLzieHuH');
INSERT INTO DOCTOR (name, email, password, speciality) VALUES ('Adam Burns', 'gomezandre@gmail.com', 'sCqBSTIDLzieHuH', 'family medicine');
INSERT INTO ACCOUNTANT (name, email, password) VALUES ('Lindsey Warren', 'gutierrezalexis@gmail.com', 'QMvlxCmGOKrQqOBm');
INSERT INTO DOCTOR (name, email, password, speciality) VALUES ('Lindsey Warren', 'gutierrezalexis@gmail.com', 'QMvlxCmGOKrQqOBm', 'dermatology');
INSERT INTO ACCOUNTANT (name, email, password) VALUES ('Charles Lowe', 'hendricksstephen@hotmail.com', 'SpsnYsBPagKaDr');
INSERT INTO DOCTOR (name, email, password, speciality) VALUES ('Charles Lowe', 'hendricksstephen@hotmail.com', 'SpsnYsBPagKaDr', 'emergency medicine');
INSERT INTO ACCOUNTANT (name, email, password) VALUES ('Madeline Torres', 'ginakirby@hotmail.com', 'opdaKBsFe');
INSERT INTO DOCTOR (name, email, password, speciality) VALUES ('Madeline Torres', 'ginakirby@hotmail.com', 'opdaKBsFe', 'pediatrics');
INSERT INTO ACCOUNTANT (name, email, password) VALUES ('Carlos Maynard', 'brownjoseph@gmail.com', 'TnqdzeXIYHg');
INSERT INTO DOCTOR (name, email, password, speciality) VALUES ('Carlos Maynard', 'brownjoseph@gmail.com', 'TnqdzeXIYHg', 'diagnostic radiology');
INSERT INTO ACCOUNTANT (name, email, password) VALUES ('Amy Bradley', 'frostloretta@gmail.com', 'BZmCvMSfGAPIqLlNhdH');
INSERT INTO DOCTOR (name, email, password, speciality) VALUES ('Amy Bradley', 'frostloretta@gmail.com', 'BZmCvMSfGAPIqLlNhdH', 'anesthesiology');
INSERT INTO ACCOUNTANT (name, email, password) VALUES ('Patricia Humphrey', 'joseph93@hotmail.com', 'xdklFFdw');
INSERT INTO DOCTOR (name, email, password, speciality) VALUES ('Patricia Humphrey', 'joseph93@hotmail.com', 'xdklFFdw', 'neurology');
INSERT INTO ACCOUNTANT (name, email, password) VALUES ('Sally Barber', 'melindamiller@yahoo.com', 'QXwzbVbLCVibiZpSH');
INSERT INTO DOCTOR (name, email, password, speciality) VALUES ('Sally Barber', 'melindamiller@yahoo.com', 'QXwzbVbLCVibiZpSH', 'neurology');
INSERT INTO ACCOUNTANT (name, email, password) VALUES ('Jacob Dyer', 'brittneywells@yahoo.com', 'cjuDAuOBTay');
INSERT INTO DOCTOR (name, email, password, speciality) VALUES ('Jacob Dyer', 'brittneywells@yahoo.com', 'cjuDAuOBTay', 'family medicine');
INSERT INTO ACCOUNTANT (name, email, password) VALUES ('David Dixon', 'ellisonrichard@yahoo.com', 'zLTBDLhj');
INSERT INTO DOCTOR (name, email, password, speciality) VALUES ('David Dixon', 'ellisonrichard@yahoo.com', 'zLTBDLhj', 'neurology');
INSERT INTO ACCOUNTANT (name, email, password) VALUES ('Lindsay Allen', 'qtaylor@yahoo.com', 'COfisUkUkFMFFzA');
INSERT INTO DOCTOR (name, email, password, speciality) VALUES ('Lindsay Allen', 'qtaylor@yahoo.com', 'COfisUkUkFMFFzA', 'anesthesiology');
INSERT INTO ACCOUNTANT (name, email, password) VALUES ('Isaiah Macdonald', 'catherinegonzalez@yahoo.com', 'MKJEMXuvzGaGmPGEp');
INSERT INTO DOCTOR (name, email, password, speciality) VALUES ('Isaiah Macdonald', 'catherinegonzalez@yahoo.com', 'MKJEMXuvzGaGmPGEp', 'anesthesiology');
INSERT INTO ACCOUNTANT (name, email, password) VALUES ('Justin Davis', 'hernandezdenise@gmail.com', 'IGwWdNRPyOqufUy');
INSERT INTO DOCTOR (name, email, password, speciality) VALUES ('Justin Davis', 'hernandezdenise@gmail.com', 'IGwWdNRPyOqufUy', 'dermatology');
INSERT INTO ACCOUNTANT (name, email, password) VALUES ('Anthony Adams', 'shelly61@gmail.com', 'SgodyfVjISiZxJwhC');
INSERT INTO DOCTOR (name, email, password, speciality) VALUES ('Anthony Adams', 'shelly61@gmail.com', 'SgodyfVjISiZxJwhC', 'anesthesiology');
INSERT INTO ACCOUNTANT (name, email, password) VALUES ('Jessica Young', 'grimescassidy@gmail.com', 'JgKZllUdCjwGxE');
INSERT INTO DOCTOR (name, email, password, speciality) VALUES ('Jessica Young', 'grimescassidy@gmail.com', 'JgKZllUdCjwGxE', 'dermatology');
INSERT INTO ACCOUNTANT (name, email, password) VALUES ('Dylan Reynolds', 'joshuaperry@yahoo.com', 'mLEmuLpaKvr');
INSERT INTO DOCTOR (name, email, password, speciality) VALUES ('Dylan Reynolds', 'joshuaperry@yahoo.com', 'mLEmuLpaKvr', 'anesthesiology');
INSERT INTO ACCOUNTANT (name, email, password) VALUES ('Michele Garcia', 'fjohnson@yahoo.com', 'fOtwicVleYjYrrUr');
INSERT INTO DOCTOR (name, email, password, speciality) VALUES ('Michele Garcia', 'fjohnson@yahoo.com', 'fOtwicVleYjYrrUr', 'dermatology');
INSERT INTO ACCOUNTANT (name, email, password) VALUES ('Michael Taylor', 'james18@gmail.com', 'cfWkoOyqgglGTHHUPr');
INSERT INTO DOCTOR (name, email, password, speciality) VALUES ('Michael Taylor', 'james18@gmail.com', 'cfWkoOyqgglGTHHUPr', 'emergency medicine');
INSERT INTO ACCOUNTANT (name, email, password) VALUES ('Sabrina Mccullough', 'jonathanthompson@gmail.com', 'hXSEusvuiucomlXueRGl');
INSERT INTO DOCTOR (name, email, password, speciality) VALUES ('Sabrina Mccullough', 'jonathanthompson@gmail.com', 'hXSEusvuiucomlXueRGl', 'dermatology');
INSERT INTO ACCOUNTANT (name, email, password) VALUES ('Michael Franklin', 'gwilliams@hotmail.com', 'kzOaSbppfXSrN');
INSERT INTO DOCTOR (name, email, password, speciality) VALUES ('Michael Franklin', 'gwilliams@hotmail.com', 'kzOaSbppfXSrN', 'anesthesiology');
INSERT INTO ACCOUNTANT (name, email, password) VALUES ('Tiffany Short', 'jessica54@hotmail.com', 'jmAfatlJVoJ');
INSERT INTO DOCTOR (name, email, password, speciality) VALUES ('Tiffany Short', 'jessica54@hotmail.com', 'jmAfatlJVoJ', 'dermatology');
INSERT INTO ACCOUNTANT (name, email, password) VALUES ('Samuel Ross', 'krystal43@hotmail.com', 'qhEnBlXT');
INSERT INTO DOCTOR (name, email, password, speciality) VALUES ('Samuel Ross', 'krystal43@hotmail.com', 'qhEnBlXT', 'diagnostic radiology');
INSERT INTO ACCOUNTANT (name, email, password) VALUES ('Amanda Peterson', 'michaelpayne@gmail.com', 'khTiZpRfQWOiwAPyKY');
INSERT INTO DOCTOR (name, email, password, speciality) VALUES ('Amanda Peterson', 'michaelpayne@gmail.com', 'khTiZpRfQWOiwAPyKY', 'family medicine');
INSERT INTO ACCOUNTANT (name, email, password) VALUES ('Justin Baldwin', 'kristen71@gmail.com', 'lebDizlNFH');
INSERT INTO DOCTOR (name, email, password, speciality) VALUES ('Justin Baldwin', 'kristen71@gmail.com', 'lebDizlNFH', 'anesthesiology');
INSERT INTO ACCOUNTANT (name, email, password) VALUES ('Larry Pitts', 'jenny67@yahoo.com', 'cUriUaRqy');
INSERT INTO DOCTOR (name, email, password, speciality) VALUES ('Larry Pitts', 'jenny67@yahoo.com', 'cUriUaRqy', 'diagnostic radiology');
INSERT INTO ACCOUNTANT (name, email, password) VALUES ('William Horton', 'michaelphillips@hotmail.com', 'mWlYKEerBPGiOMFrbvi');
INSERT INTO DOCTOR (name, email, password, speciality) VALUES ('William Horton', 'michaelphillips@hotmail.com', 'mWlYKEerBPGiOMFrbvi', 'dermatology');
INSERT INTO ACCOUNTANT (name, email, password) VALUES ('Lindsay King', 'tara68@yahoo.com', 'hwRtnFbxcyK');
INSERT INTO DOCTOR (name, email, password, speciality) VALUES ('Lindsay King', 'tara68@yahoo.com', 'hwRtnFbxcyK', 'dermatology');
INSERT INTO ACCOUNTANT (name, email, password) VALUES ('Thomas Reid', 'jasminewest@yahoo.com', 'AluGuxhEgDJhIuEhQyqb');
INSERT INTO DOCTOR (name, email, password, speciality) VALUES ('Thomas Reid', 'jasminewest@yahoo.com', 'AluGuxhEgDJhIuEhQyqb', 'neurology');
INSERT INTO ACCOUNTANT (name, email, password) VALUES ('Heather Castro', 'robyn56@hotmail.com', 'gniJylyVRKmtjwWo');
INSERT INTO DOCTOR (name, email, password, speciality) VALUES ('Heather Castro', 'robyn56@hotmail.com', 'gniJylyVRKmtjwWo', 'diagnostic radiology');
INSERT INTO ACCOUNTANT (name, email, password) VALUES ('Harry Schneider', 'cynthia87@gmail.com', 'fjxJZgAeAzHOsJ');
INSERT INTO DOCTOR (name, email, password, speciality) VALUES ('Harry Schneider', 'cynthia87@gmail.com', 'fjxJZgAeAzHOsJ', 'neurology');
INSERT INTO ACCOUNTANT (name, email, password) VALUES ('Jennifer Hardy', 'vwalsh@gmail.com', 'oXcATODGa');
INSERT INTO DOCTOR (name, email, password, speciality) VALUES ('Jennifer Hardy', 'vwalsh@gmail.com', 'oXcATODGa', 'diagnostic radiology');
INSERT INTO ACCOUNTANT (name, email, password) VALUES ('Natasha Rodriguez', 'tmiller@yahoo.com', 'ekVsZkacfEJlURnhF');
INSERT INTO DOCTOR (name, email, password, speciality) VALUES ('Natasha Rodriguez', 'tmiller@yahoo.com', 'ekVsZkacfEJlURnhF', 'neurology');
INSERT INTO ACCOUNTANT (name, email, password) VALUES ('Laura Montes', 'brownmichael@gmail.com', 'wceZOEVZN');
INSERT INTO DOCTOR (name, email, password, speciality) VALUES ('Laura Montes', 'brownmichael@gmail.com', 'wceZOEVZN', 'family medicine');
INSERT INTO ACCOUNTANT (name, email, password) VALUES ('Angela Simmons', 'jenniferpowers@yahoo.com', 'ekAFzfCDDAo');
INSERT INTO DOCTOR (name, email, password, speciality) VALUES ('Angela Simmons', 'jenniferpowers@yahoo.com', 'ekAFzfCDDAo', 'pediatrics');
INSERT INTO ACCOUNTANT (name, email, password) VALUES ('Dr. Rebecca Taylor', 'vmoss@gmail.com', 'AYjvSHGRxew');
INSERT INTO DOCTOR (name, email, password, speciality) VALUES ('Dr. Rebecca Taylor', 'vmoss@gmail.com', 'AYjvSHGRxew', 'anesthesiology');
INSERT INTO ACCOUNTANT (name, email, password) VALUES ('Brittany Morales', 'cathysilva@yahoo.com', 'AAxiqbAkI');
INSERT INTO DOCTOR (name, email, password, speciality) VALUES ('Brittany Morales', 'cathysilva@yahoo.com', 'AAxiqbAkI', 'neurology');
INSERT INTO ACCOUNTANT (name, email, password) VALUES ('Carla Lambert', 'shanebrooks@yahoo.com', 'MuvnQLsq');
INSERT INTO DOCTOR (name, email, password, speciality) VALUES ('Carla Lambert', 'shanebrooks@yahoo.com', 'MuvnQLsq', 'diagnostic radiology');
INSERT INTO ACCOUNTANT (name, email, password) VALUES ('Frank Hunt', 'johnsonjennifer@yahoo.com', 'TFPztQehebGYXh');
INSERT INTO DOCTOR (name, email, password, speciality) VALUES ('Frank Hunt', 'johnsonjennifer@yahoo.com', 'TFPztQehebGYXh', 'family medicine');
INSERT INTO ACCOUNTANT (name, email, password) VALUES ('Steven Pearson', 'qblackwell@gmail.com', 'RYRzSYmWZNdYvDjxthPh');
INSERT INTO DOCTOR (name, email, password, speciality) VALUES ('Steven Pearson', 'qblackwell@gmail.com', 'RYRzSYmWZNdYvDjxthPh', 'family medicine');
INSERT INTO ACCOUNTANT (name, email, password) VALUES ('Matthew Wallace', 'cwells@gmail.com', 'kxpzDIAQgWkg');
INSERT INTO DOCTOR (name, email, password, speciality) VALUES ('Matthew Wallace', 'cwells@gmail.com', 'kxpzDIAQgWkg', 'dermatology');
INSERT INTO ACCOUNTANT (name, email, password) VALUES ('Stephanie Jones', 'jason15@hotmail.com', 'MZuRPQVnMAAVh');
INSERT INTO DOCTOR (name, email, password, speciality) VALUES ('Stephanie Jones', 'jason15@hotmail.com', 'MZuRPQVnMAAVh', 'emergency medicine');
INSERT INTO ACCOUNTANT (name, email, password) VALUES ('Javier Mills', 'ibishop@yahoo.com', 'bJTfbvfdXPLNJyB');
INSERT INTO DOCTOR (name, email, password, speciality) VALUES ('Javier Mills', 'ibishop@yahoo.com', 'bJTfbvfdXPLNJyB', 'dermatology');
INSERT INTO ACCOUNTANT (name, email, password) VALUES ('Samuel Lee', 'andrewnelson@hotmail.com', 'ZshQfvTpmHUIMhdYd');
INSERT INTO DOCTOR (name, email, password, speciality) VALUES ('Samuel Lee', 'andrewnelson@hotmail.com', 'ZshQfvTpmHUIMhdYd', 'family medicine');
INSERT INTO ACCOUNTANT (name, email, password) VALUES ('Monica Higgins', 'christopher84@yahoo.com', 'qZtyYTaKKfQc');
INSERT INTO DOCTOR (name, email, password, speciality) VALUES ('Monica Higgins', 'christopher84@yahoo.com', 'qZtyYTaKKfQc', 'emergency medicine');
INSERT INTO ACCOUNTANT (name, email, password) VALUES ('Brooke Snyder', 'nicholaslong@hotmail.com', 'eixPtgYyKXI');
INSERT INTO DOCTOR (name, email, password, speciality) VALUES ('Brooke Snyder', 'nicholaslong@hotmail.com', 'eixPtgYyKXI', 'emergency medicine');
INSERT INTO ACCOUNTANT (name, email, password) VALUES ('Linda Greene', 'bryantkeith@gmail.com', 'FXKYIgghTcEPlhjbXXa');
INSERT INTO DOCTOR (name, email, password, speciality) VALUES ('Linda Greene', 'bryantkeith@gmail.com', 'FXKYIgghTcEPlhjbXXa', 'pediatrics');
INSERT INTO ACCOUNTANT (name, email, password) VALUES ('Dr. Donna Greene MD', 'nicolejefferson@gmail.com', 'EuNhZAzuXEC');
INSERT INTO DOCTOR (name, email, password, speciality) VALUES ('Dr. Donna Greene MD', 'nicolejefferson@gmail.com', 'EuNhZAzuXEC', 'neurology');
INSERT INTO ACCOUNTANT (name, email, password) VALUES ('Alicia Stokes', 'bbush@hotmail.com', 'DQJCsERmQKgOCMZG');
INSERT INTO DOCTOR (name, email, password, speciality) VALUES ('Alicia Stokes', 'bbush@hotmail.com', 'DQJCsERmQKgOCMZG', 'emergency medicine');
INSERT INTO ACCOUNTANT (name, email, password) VALUES ('Patrick Barrett', 'potterdonald@gmail.com', 'nlWAmdyAA');
INSERT INTO DOCTOR (name, email, password, speciality) VALUES ('Patrick Barrett', 'potterdonald@gmail.com', 'nlWAmdyAA', 'neurology');
INSERT INTO ACCOUNTANT (name, email, password) VALUES ('John Thomas', 'melissapage@gmail.com', 'IugOlovKBJcgbq');
INSERT INTO DOCTOR (name, email, password, speciality) VALUES ('John Thomas', 'melissapage@gmail.com', 'IugOlovKBJcgbq', 'family medicine');
INSERT INTO ACCOUNTANT (name, email, password) VALUES ('Rose Wood', 'phillip43@gmail.com', 'TYJdNcjqFmsiXkvJFRy');
INSERT INTO DOCTOR (name, email, password, speciality) VALUES ('Rose Wood', 'phillip43@gmail.com', 'TYJdNcjqFmsiXkvJFRy', 'anesthesiology');
INSERT INTO ACCOUNTANT (name, email, password) VALUES ('Teresa Smith', 'ymurray@gmail.com', 'yXDjrUrvZSANDp');
INSERT INTO DOCTOR (name, email, password, speciality) VALUES ('Teresa Smith', 'ymurray@gmail.com', 'yXDjrUrvZSANDp', 'emergency medicine');
INSERT INTO ACCOUNTANT (name, email, password) VALUES ('Cynthia Shelton', 'jonathonjones@gmail.com', 'qjiLSifOUAdDAyF');
INSERT INTO DOCTOR (name, email, password, speciality) VALUES ('Cynthia Shelton', 'jonathonjones@gmail.com', 'qjiLSifOUAdDAyF', 'diagnostic radiology');
INSERT INTO ACCOUNTANT (name, email, password) VALUES ('Mary Romero', 'beth35@yahoo.com', 'rUgEwgXKr');
INSERT INTO DOCTOR (name, email, password, speciality) VALUES ('Mary Romero', 'beth35@yahoo.com', 'rUgEwgXKr', 'family medicine');
INSERT INTO ACCOUNTANT (name, email, password) VALUES ('Kathleen Cooper', 'yespinoza@gmail.com', 'fecLMygQlBxHr');
INSERT INTO DOCTOR (name, email, password, speciality) VALUES ('Kathleen Cooper', 'yespinoza@gmail.com', 'fecLMygQlBxHr', 'emergency medicine');
INSERT INTO ACCOUNTANT (name, email, password) VALUES ('Mark Joseph', 'guerrerocarla@yahoo.com', 'hWJXvzXGwPD');
INSERT INTO DOCTOR (name, email, password, speciality) VALUES ('Mark Joseph', 'guerrerocarla@yahoo.com', 'hWJXvzXGwPD', 'emergency medicine');
INSERT INTO ACCOUNTANT (name, email, password) VALUES ('Amy Jimenez', 'gpowell@gmail.com', 'hHfSpDwWndYTOfvdaSr');
INSERT INTO DOCTOR (name, email, password, speciality) VALUES ('Amy Jimenez', 'gpowell@gmail.com', 'hHfSpDwWndYTOfvdaSr', 'dermatology');
INSERT INTO ACCOUNTANT (name, email, password) VALUES ('Amy Barnes', 'mccoynicole@hotmail.com', 'WlYrzQuWjRokENy');
INSERT INTO DOCTOR (name, email, password, speciality) VALUES ('Amy Barnes', 'mccoynicole@hotmail.com', 'WlYrzQuWjRokENy', 'pediatrics');
INSERT INTO ACCOUNTANT (name, email, password) VALUES ('Caleb Knight', 'obates@gmail.com', 'zXtnqcdREcHXEAWiKA');
INSERT INTO DOCTOR (name, email, password, speciality) VALUES ('Caleb Knight', 'obates@gmail.com', 'zXtnqcdREcHXEAWiKA', 'anesthesiology');
INSERT INTO ACCOUNTANT (name, email, password) VALUES ('Amanda West', 'mitchellkatie@gmail.com', 'ZqUwLlkeDPWxsU');
INSERT INTO DOCTOR (name, email, password, speciality) VALUES ('Amanda West', 'mitchellkatie@gmail.com', 'ZqUwLlkeDPWxsU', 'diagnostic radiology');
INSERT INTO ACCOUNTANT (name, email, password) VALUES ('Craig Reilly', 'kwilliams@gmail.com', 'TqzvXmZVDZBR');
INSERT INTO DOCTOR (name, email, password, speciality) VALUES ('Craig Reilly', 'kwilliams@gmail.com', 'TqzvXmZVDZBR', 'anesthesiology');
INSERT INTO ACCOUNTANT (name, email, password) VALUES ('Nicole King', 'smithmary@gmail.com', 'HMkQgQSGHyd');
INSERT INTO DOCTOR (name, email, password, speciality) VALUES ('Nicole King', 'smithmary@gmail.com', 'HMkQgQSGHyd', 'dermatology');
INSERT INTO ACCOUNTANT (name, email, password) VALUES ('Monica Alvarez', 'robertlawson@gmail.com', 'MeXgeHanBDZPigF');
INSERT INTO DOCTOR (name, email, password, speciality) VALUES ('Monica Alvarez', 'robertlawson@gmail.com', 'MeXgeHanBDZPigF', 'family medicine');
INSERT INTO ACCOUNTANT (name, email, password) VALUES ('Jerry Bates', 'csmith@hotmail.com', 'VBybPlWLNkeEIJ');
INSERT INTO DOCTOR (name, email, password, speciality) VALUES ('Jerry Bates', 'csmith@hotmail.com', 'VBybPlWLNkeEIJ', 'diagnostic radiology');
INSERT INTO ACCOUNTANT (name, email, password) VALUES ('Kristen Erickson', 'patrickaguilar@hotmail.com', 'FrDDtVbfkeqYKZ');
INSERT INTO DOCTOR (name, email, password, speciality) VALUES ('Kristen Erickson', 'patrickaguilar@hotmail.com', 'FrDDtVbfkeqYKZ', 'emergency medicine');
INSERT INTO ACCOUNTANT (name, email, password) VALUES ('Kristen Alvarado', 'douglas24@hotmail.com', 'OSRBFaghWeoMaLGydKs');
INSERT INTO DOCTOR (name, email, password, speciality) VALUES ('Kristen Alvarado', 'douglas24@hotmail.com', 'OSRBFaghWeoMaLGydKs', 'emergency medicine');
INSERT INTO ACCOUNTANT (name, email, password) VALUES ('Patricia Maldonado', 'timothytrevino@hotmail.com', 'hHWcAVVXInkfFowuXO');
INSERT INTO DOCTOR (name, email, password, speciality) VALUES ('Patricia Maldonado', 'timothytrevino@hotmail.com', 'hHWcAVVXInkfFowuXO', 'diagnostic radiology');
INSERT INTO ACCOUNTANT (name, email, password) VALUES ('Billy Hoffman', 'paullarson@yahoo.com', 'ityGMPBunTFCsrx');
INSERT INTO DOCTOR (name, email, password, speciality) VALUES ('Billy Hoffman', 'paullarson@yahoo.com', 'ityGMPBunTFCsrx', 'emergency medicine');
INSERT INTO ACCOUNTANT (name, email, password) VALUES ('Brandon Hunter', 'perezheather@yahoo.com', 'bCFHkaUZGHKn');
INSERT INTO DOCTOR (name, email, password, speciality) VALUES ('Brandon Hunter', 'perezheather@yahoo.com', 'bCFHkaUZGHKn', 'neurology');
INSERT INTO ACCOUNTANT (name, email, password) VALUES ('Carolyn Brown', 'alexanderrivas@hotmail.com', 'pstbwnPUIZpdxxOnmhnd');
INSERT INTO DOCTOR (name, email, password, speciality) VALUES ('Carolyn Brown', 'alexanderrivas@hotmail.com', 'pstbwnPUIZpdxxOnmhnd', 'neurology');
INSERT INTO ACCOUNTANT (name, email, password) VALUES ('Nicole Williams', 'wrightcurtis@hotmail.com', 'AYBgOsAVFTgur');
INSERT INTO DOCTOR (name, email, password, speciality) VALUES ('Nicole Williams', 'wrightcurtis@hotmail.com', 'AYBgOsAVFTgur', 'neurology');
INSERT INTO ACCOUNTANT (name, email, password) VALUES ('Benjamin Haney', 'robertward@hotmail.com', 'dtJrkotIgWVaupzebPiB');
INSERT INTO DOCTOR (name, email, password, speciality) VALUES ('Benjamin Haney', 'robertward@hotmail.com', 'dtJrkotIgWVaupzebPiB', 'dermatology');
INSERT INTO ACCOUNTANT (name, email, password) VALUES ('Patricia Holland', 'ovillegas@yahoo.com', 'UlqfpVkSOwVh');
INSERT INTO DOCTOR (name, email, password, speciality) VALUES ('Patricia Holland', 'ovillegas@yahoo.com', 'UlqfpVkSOwVh', 'anesthesiology');
INSERT INTO ACCOUNTANT (name, email, password) VALUES ('Mary Turner', 'tkoch@yahoo.com', 'BkOhydPUaUEqEIWVzy');
INSERT INTO DOCTOR (name, email, password, speciality) VALUES ('Mary Turner', 'tkoch@yahoo.com', 'BkOhydPUaUEqEIWVzy', 'family medicine');
INSERT INTO ACCOUNTANT (name, email, password) VALUES ('Natasha Bradley', 'jordan40@yahoo.com', 'kRFofzItCVDP');
INSERT INTO DOCTOR (name, email, password, speciality) VALUES ('Natasha Bradley', 'jordan40@yahoo.com', 'kRFofzItCVDP', 'diagnostic radiology');
INSERT INTO ACCOUNTANT (name, email, password) VALUES ('Tonya Fisher', 'jessicamckinney@hotmail.com', 'RpGEMxiVeSnkFAYsVf');
INSERT INTO DOCTOR (name, email, password, speciality) VALUES ('Tonya Fisher', 'jessicamckinney@hotmail.com', 'RpGEMxiVeSnkFAYsVf', 'pediatrics');
INSERT INTO ACCOUNTANT (name, email, password) VALUES ('Jasmine Martinez', 'joseph80@gmail.com', 'hBvUpnOSIBRVIS');
INSERT INTO DOCTOR (name, email, password, speciality) VALUES ('Jasmine Martinez', 'joseph80@gmail.com', 'hBvUpnOSIBRVIS', 'family medicine');
INSERT INTO ACCOUNTANT (name, email, password) VALUES ('Cheryl Chavez', 'jenningsandrea@yahoo.com', 'EkLaBlzzN');
INSERT INTO DOCTOR (name, email, password, speciality) VALUES ('Cheryl Chavez', 'jenningsandrea@yahoo.com', 'EkLaBlzzN', 'neurology');
INSERT INTO ACCOUNTANT (name, email, password) VALUES ('Matthew Davis', 'jocelyn45@yahoo.com', 'RXNSHtbRzHR');
INSERT INTO DOCTOR (name, email, password, speciality) VALUES ('Matthew Davis', 'jocelyn45@yahoo.com', 'RXNSHtbRzHR', 'dermatology');
INSERT INTO ACCOUNTANT (name, email, password) VALUES ('Donald Franklin', 'asantana@hotmail.com', 'dQozlnbCHXXIdnBkCGz');
INSERT INTO DOCTOR (name, email, password, speciality) VALUES ('Donald Franklin', 'asantana@hotmail.com', 'dQozlnbCHXXIdnBkCGz', 'dermatology');
INSERT INTO ACCOUNTANT (name, email, password) VALUES ('Andrea Ramirez', 'charlene86@hotmail.com', 'HxIzykdpNCtJ');
INSERT INTO DOCTOR (name, email, password, speciality) VALUES ('Andrea Ramirez', 'charlene86@hotmail.com', 'HxIzykdpNCtJ', 'pediatrics');
INSERT INTO ACCOUNTANT (name, email, password) VALUES ('Jeffrey Dudley', 'cainmartha@gmail.com', 'mYVFTPMVAkLk');
INSERT INTO DOCTOR (name, email, password, speciality) VALUES ('Jeffrey Dudley', 'cainmartha@gmail.com', 'mYVFTPMVAkLk', 'family medicine');
INSERT INTO ACCOUNTANT (name, email, password) VALUES ('Terri Ochoa', 'smithmichael@yahoo.com', 'rhjCZOhZ');
INSERT INTO DOCTOR (name, email, password, speciality) VALUES ('Terri Ochoa', 'smithmichael@yahoo.com', 'rhjCZOhZ', 'emergency medicine');
INSERT INTO ACCOUNTANT (name, email, password) VALUES ('Trevor Nichols', 'pattersonrobert@hotmail.com', 'XpXpwwCxsqUYtUIQ');
INSERT INTO DOCTOR (name, email, password, speciality) VALUES ('Trevor Nichols', 'pattersonrobert@hotmail.com', 'XpXpwwCxsqUYtUIQ', 'emergency medicine');
INSERT INTO ACCOUNTANT (name, email, password) VALUES ('Richard Woods', 'hespinoza@yahoo.com', 'cQzlyjnAbZbj');
INSERT INTO DOCTOR (name, email, password, speciality) VALUES ('Richard Woods', 'hespinoza@yahoo.com', 'cQzlyjnAbZbj', 'family medicine');
INSERT INTO ACCOUNTANT (name, email, password) VALUES ('Angela Stein', 'robertsmatthew@gmail.com', 'yDWvwsasWEzD');
INSERT INTO DOCTOR (name, email, password, speciality) VALUES ('Angela Stein', 'robertsmatthew@gmail.com', 'yDWvwsasWEzD', 'neurology');
INSERT INTO ACCOUNTANT (name, email, password) VALUES ('Henry Johnson', 'eric31@yahoo.com', 'qdClfsBEdaKB');
INSERT INTO DOCTOR (name, email, password, speciality) VALUES ('Henry Johnson', 'eric31@yahoo.com', 'qdClfsBEdaKB', 'neurology');
INSERT INTO ACCOUNTANT (name, email, password) VALUES ('Lisa Clark', 'brandiharris@gmail.com', 'FPifuASVrJFFIzihA');
INSERT INTO DOCTOR (name, email, password, speciality) VALUES ('Lisa Clark', 'brandiharris@gmail.com', 'FPifuASVrJFFIzihA', 'dermatology');
INSERT INTO ACCOUNTANT (name, email, password) VALUES ('Marcia Bailey', 'francisco99@gmail.com', 'MUUAAbQGofEK');
INSERT INTO DOCTOR (name, email, password, speciality) VALUES ('Marcia Bailey', 'francisco99@gmail.com', 'MUUAAbQGofEK', 'diagnostic radiology');
INSERT INTO ACCOUNTANT (name, email, password) VALUES ('James Edwards', 'julian49@yahoo.com', 'OIRiWRxMigHpUjBSgcNL');
INSERT INTO DOCTOR (name, email, password, speciality) VALUES ('James Edwards', 'julian49@yahoo.com', 'OIRiWRxMigHpUjBSgcNL', 'pediatrics');
INSERT INTO ACCOUNTANT (name, email, password) VALUES ('Kenneth Mcclain', 'paul76@yahoo.com', 'JcDZTdOpZRfywREqBxPj');
INSERT INTO DOCTOR (name, email, password, speciality) VALUES ('Kenneth Mcclain', 'paul76@yahoo.com', 'JcDZTdOpZRfywREqBxPj', 'anesthesiology');
INSERT INTO ACCOUNTANT (name, email, password) VALUES ('Katie Osborne', 'williamsonbrenda@gmail.com', 'bvSeOTFHuLG');
INSERT INTO DOCTOR (name, email, password, speciality) VALUES ('Katie Osborne', 'williamsonbrenda@gmail.com', 'bvSeOTFHuLG', 'family medicine');
INSERT INTO ACCOUNTANT (name, email, password) VALUES ('Donna Johnson', 'jefferywilliams@hotmail.com', 'wGXSbOJsSiZkvS');
INSERT INTO DOCTOR (name, email, password, speciality) VALUES ('Donna Johnson', 'jefferywilliams@hotmail.com', 'wGXSbOJsSiZkvS', 'anesthesiology');
INSERT INTO ACCOUNTANT (name, email, password) VALUES ('Paul Holland', 'lisawhite@gmail.com', 'spZRCKrSx');
INSERT INTO DOCTOR (name, email, password, speciality) VALUES ('Paul Holland', 'lisawhite@gmail.com', 'spZRCKrSx', 'family medicine');
INSERT INTO ACCOUNTANT (name, email, password) VALUES ('Brian Green', 'jason76@gmail.com', 'DlKvOhnXp');
INSERT INTO DOCTOR (name, email, password, speciality) VALUES ('Brian Green', 'jason76@gmail.com', 'DlKvOhnXp', 'neurology');
INSERT INTO ACCOUNTANT (name, email, password) VALUES ('Jamie Ramos', 'zjenkins@hotmail.com', 'UwJuEMBO');
INSERT INTO DOCTOR (name, email, password, speciality) VALUES ('Jamie Ramos', 'zjenkins@hotmail.com', 'UwJuEMBO', 'emergency medicine');
INSERT INTO ACCOUNTANT (name, email, password) VALUES ('Terry Davenport', 'michael78@yahoo.com', 'XNIWoAagnxlHGEBx');
INSERT INTO DOCTOR (name, email, password, speciality) VALUES ('Terry Davenport', 'michael78@yahoo.com', 'XNIWoAagnxlHGEBx', 'diagnostic radiology');
INSERT INTO ACCOUNTANT (name, email, password) VALUES ('Sabrina Clark', 'joewarren@hotmail.com', 'uUusXEyeyWddu');
INSERT INTO DOCTOR (name, email, password, speciality) VALUES ('Sabrina Clark', 'joewarren@hotmail.com', 'uUusXEyeyWddu', 'dermatology');
INSERT INTO ACCOUNTANT (name, email, password) VALUES ('Sarah White', 'angela68@hotmail.com', 'iFgfbUTHpBWQo');
INSERT INTO DOCTOR (name, email, password, speciality) VALUES ('Sarah White', 'angela68@hotmail.com', 'iFgfbUTHpBWQo', 'dermatology');
INSERT INTO ACCOUNTANT (name, email, password) VALUES ('Michael Montgomery', 'julianhartman@hotmail.com', 'tRmazaqCkIHKUuwi');
INSERT INTO DOCTOR (name, email, password, speciality) VALUES ('Michael Montgomery', 'julianhartman@hotmail.com', 'tRmazaqCkIHKUuwi', 'pediatrics');
INSERT INTO ACCOUNTANT (name, email, password) VALUES ('Valerie Hampton', 'fmann@hotmail.com', 'XOIeuoDAyrIJldUlO');
INSERT INTO DOCTOR (name, email, password, speciality) VALUES ('Valerie Hampton', 'fmann@hotmail.com', 'XOIeuoDAyrIJldUlO', 'neurology');
INSERT INTO ACCOUNTANT (name, email, password) VALUES ('Carrie Fleming', 'kristin85@hotmail.com', 'nAPAiuFNlhWOhYhaFDH');
INSERT INTO DOCTOR (name, email, password, speciality) VALUES ('Carrie Fleming', 'kristin85@hotmail.com', 'nAPAiuFNlhWOhYhaFDH', 'dermatology');
INSERT INTO ACCOUNTANT (name, email, password) VALUES ('Joseph Miller', 'whitebrandi@yahoo.com', 'hrypVPRVfSRv');
INSERT INTO DOCTOR (name, email, password, speciality) VALUES ('Joseph Miller', 'whitebrandi@yahoo.com', 'hrypVPRVfSRv', 'pediatrics');
INSERT INTO ACCOUNTANT (name, email, password) VALUES ('Jacqueline Martin', 'alexandra26@yahoo.com', 'GcEXjbNV');
INSERT INTO DOCTOR (name, email, password, speciality) VALUES ('Jacqueline Martin', 'alexandra26@yahoo.com', 'GcEXjbNV', 'dermatology');
INSERT INTO ACCOUNTANT (name, email, password) VALUES ('Amy Williamson', 'julierodriguez@gmail.com', 'zEnuQIwufjFGnPB');
INSERT INTO DOCTOR (name, email, password, speciality) VALUES ('Amy Williamson', 'julierodriguez@gmail.com', 'zEnuQIwufjFGnPB', 'neurology');
INSERT INTO ACCOUNTANT (name, email, password) VALUES ('Jerry Collins', 'estesgeorge@hotmail.com', 'aHCdIEjtPKKuRumrllbX');
INSERT INTO DOCTOR (name, email, password, speciality) VALUES ('Jerry Collins', 'estesgeorge@hotmail.com', 'aHCdIEjtPKKuRumrllbX', 'dermatology');
INSERT INTO ACCOUNTANT (name, email, password) VALUES ('Dennis Thomas', 'jmorris@yahoo.com', 'QxxAxpURMEihyecFD');
INSERT INTO DOCTOR (name, email, password, speciality) VALUES ('Dennis Thomas', 'jmorris@yahoo.com', 'QxxAxpURMEihyecFD', 'neurology');
INSERT INTO ACCOUNTANT (name, email, password) VALUES ('Katie Hines', 'xgonzales@yahoo.com', 'xbDRRDpGZAQGURX');
INSERT INTO DOCTOR (name, email, password, speciality) VALUES ('Katie Hines', 'xgonzales@yahoo.com', 'xbDRRDpGZAQGURX', 'anesthesiology');
INSERT INTO ACCOUNTANT (name, email, password) VALUES ('Jerry Gonzalez', 'cherylclarke@gmail.com', 'uPaJgNAIeswjj');
INSERT INTO DOCTOR (name, email, password, speciality) VALUES ('Jerry Gonzalez', 'cherylclarke@gmail.com', 'uPaJgNAIeswjj', 'pediatrics');
INSERT INTO ACCOUNTANT (name, email, password) VALUES ('Monica Bennett', 'diana36@hotmail.com', 'HJzZVFGeyRdP');
INSERT INTO DOCTOR (name, email, password, speciality) VALUES ('Monica Bennett', 'diana36@hotmail.com', 'HJzZVFGeyRdP', 'dermatology');
INSERT INTO ACCOUNTANT (name, email, password) VALUES ('Alyssa Garcia', 'santiagoamanda@hotmail.com', 'ngypbaZmBrb');
INSERT INTO DOCTOR (name, email, password, speciality) VALUES ('Alyssa Garcia', 'santiagoamanda@hotmail.com', 'ngypbaZmBrb', 'emergency medicine');
INSERT INTO ACCOUNTANT (name, email, password) VALUES ('Zachary Ware', 'lisalong@hotmail.com', 'ctuPIAjbXgConptz');
INSERT INTO DOCTOR (name, email, password, speciality) VALUES ('Zachary Ware', 'lisalong@hotmail.com', 'ctuPIAjbXgConptz', 'neurology');
INSERT INTO ACCOUNTANT (name, email, password) VALUES ('Nancy Williams', 'gilljeremy@yahoo.com', 'zBPEqUSQDid');
INSERT INTO DOCTOR (name, email, password, speciality) VALUES ('Nancy Williams', 'gilljeremy@yahoo.com', 'zBPEqUSQDid', 'pediatrics');
INSERT INTO ACCOUNTANT (name, email, password) VALUES ('Kelly Moore', 'rwilson@gmail.com', 'EYQOWEEOensQEWg');
INSERT INTO DOCTOR (name, email, password, speciality) VALUES ('Kelly Moore', 'rwilson@gmail.com', 'EYQOWEEOensQEWg', 'anesthesiology');
INSERT INTO ACCOUNTANT (name, email, password) VALUES ('Michelle Rojas', 'jamienelson@yahoo.com', 'PfifDPsqiCwagW');
INSERT INTO DOCTOR (name, email, password, speciality) VALUES ('Michelle Rojas', 'jamienelson@yahoo.com', 'PfifDPsqiCwagW', 'family medicine');
INSERT INTO ACCOUNTANT (name, email, password) VALUES ('Carmen Friedman', 'odonnelljesse@hotmail.com', 'YDqfbfwKrRut');
INSERT INTO DOCTOR (name, email, password, speciality) VALUES ('Carmen Friedman', 'odonnelljesse@hotmail.com', 'YDqfbfwKrRut', 'anesthesiology');
INSERT INTO ACCOUNTANT (name, email, password) VALUES ('Allen Erickson', 'yjohnson@yahoo.com', 'DnUuGynRJSjexY');
INSERT INTO DOCTOR (name, email, password, speciality) VALUES ('Allen Erickson', 'yjohnson@yahoo.com', 'DnUuGynRJSjexY', 'pediatrics');
INSERT INTO ACCOUNTANT (name, email, password) VALUES ('Jerry Larson', 'diane71@yahoo.com', 'fzMednHNlRJI');
INSERT INTO DOCTOR (name, email, password, speciality) VALUES ('Jerry Larson', 'diane71@yahoo.com', 'fzMednHNlRJI', 'anesthesiology');
INSERT INTO ACCOUNTANT (name, email, password) VALUES ('Kimberly Rubio', 'varias@yahoo.com', 'MckWlCOmCttUdtXExz');
INSERT INTO DOCTOR (name, email, password, speciality) VALUES ('Kimberly Rubio', 'varias@yahoo.com', 'MckWlCOmCttUdtXExz', 'anesthesiology');
INSERT INTO ACCOUNTANT (name, email, password) VALUES ('Richard Martin', 'kellermelissa@gmail.com', 'KjYipVqqDcABiRyeo');
INSERT INTO DOCTOR (name, email, password, speciality) VALUES ('Richard Martin', 'kellermelissa@gmail.com', 'KjYipVqqDcABiRyeo', 'pediatrics');
INSERT INTO ACCOUNTANT (name, email, password) VALUES ('Lauren Aguilar', 'aparker@yahoo.com', 'UrRCjJpEWxl');
INSERT INTO DOCTOR (name, email, password, speciality) VALUES ('Lauren Aguilar', 'aparker@yahoo.com', 'UrRCjJpEWxl', 'dermatology');
INSERT INTO ACCOUNTANT (name, email, password) VALUES ('Kevin Patel', 'ujohnson@yahoo.com', 'invOXTZGVhmfYoN');
INSERT INTO DOCTOR (name, email, password, speciality) VALUES ('Kevin Patel', 'ujohnson@yahoo.com', 'invOXTZGVhmfYoN', 'family medicine');
INSERT INTO ACCOUNTANT (name, email, password) VALUES ('Carol Allen', 'jefferyyoung@gmail.com', 'aPKbfHesanoN');
INSERT INTO DOCTOR (name, email, password, speciality) VALUES ('Carol Allen', 'jefferyyoung@gmail.com', 'aPKbfHesanoN', 'diagnostic radiology');
INSERT INTO ACCOUNTANT (name, email, password) VALUES ('Andrew Adams', 'umoore@hotmail.com', 'rYSdhfWdy');
INSERT INTO DOCTOR (name, email, password, speciality) VALUES ('Andrew Adams', 'umoore@hotmail.com', 'rYSdhfWdy', 'emergency medicine');
INSERT INTO ACCOUNTANT (name, email, password) VALUES ('Nicholas Norman', 'mary59@yahoo.com', 'KazlabYXDjCRwtCAUN');
INSERT INTO DOCTOR (name, email, password, speciality) VALUES ('Nicholas Norman', 'mary59@yahoo.com', 'KazlabYXDjCRwtCAUN', 'diagnostic radiology');
INSERT INTO ACCOUNTANT (name, email, password) VALUES ('Louis Boyle', 'scott53@yahoo.com', 'WkmzebyKzLjeVSxmq');
INSERT INTO DOCTOR (name, email, password, speciality) VALUES ('Louis Boyle', 'scott53@yahoo.com', 'WkmzebyKzLjeVSxmq', 'dermatology');
INSERT INTO ACCOUNTANT (name, email, password) VALUES ('Cynthia Jackson', 'vwinters@hotmail.com', 'XNPeoEEJbxlaUqCZFDO');
INSERT INTO DOCTOR (name, email, password, speciality) VALUES ('Cynthia Jackson', 'vwinters@hotmail.com', 'XNPeoEEJbxlaUqCZFDO', 'family medicine');
INSERT INTO ACCOUNTANT (name, email, password) VALUES ('Jenna Orr', 'joshua32@hotmail.com', 'ajsQFqvnrNzgc');
INSERT INTO DOCTOR (name, email, password, speciality) VALUES ('Jenna Orr', 'joshua32@hotmail.com', 'ajsQFqvnrNzgc', 'pediatrics');
INSERT INTO ACCOUNTANT (name, email, password) VALUES ('Brian Brooks', 'aaron30@gmail.com', 'wJeGFCfWPtG');
INSERT INTO DOCTOR (name, email, password, speciality) VALUES ('Brian Brooks', 'aaron30@gmail.com', 'wJeGFCfWPtG', 'diagnostic radiology');
INSERT INTO ACCOUNTANT (name, email, password) VALUES ('Elizabeth Donaldson', 'yschmidt@yahoo.com', 'egoUgjKkXYB');
INSERT INTO DOCTOR (name, email, password, speciality) VALUES ('Elizabeth Donaldson', 'yschmidt@yahoo.com', 'egoUgjKkXYB', 'dermatology');
INSERT INTO ACCOUNTANT (name, email, password) VALUES ('Ashley Miranda', 'amycruz@hotmail.com', 'CUOXKUlpWVrGmYn');
INSERT INTO DOCTOR (name, email, password, speciality) VALUES ('Ashley Miranda', 'amycruz@hotmail.com', 'CUOXKUlpWVrGmYn', 'dermatology');
INSERT INTO ACCOUNTANT (name, email, password) VALUES ('Dawn Walker', 'caitlin47@hotmail.com', 'LDKRhxtgsRLdi');
INSERT INTO DOCTOR (name, email, password, speciality) VALUES ('Dawn Walker', 'caitlin47@hotmail.com', 'LDKRhxtgsRLdi', 'dermatology');
INSERT INTO ACCOUNTANT (name, email, password) VALUES ('Michael Dillon', 'sylviamclaughlin@gmail.com', 'gNTTYrmmENq');
INSERT INTO DOCTOR (name, email, password, speciality) VALUES ('Michael Dillon', 'sylviamclaughlin@gmail.com', 'gNTTYrmmENq', 'dermatology');
INSERT INTO ACCOUNTANT (name, email, password) VALUES ('Gregory Cook', 'reyesjonathan@hotmail.com', 'hTFAvAaVTrv');
INSERT INTO DOCTOR (name, email, password, speciality) VALUES ('Gregory Cook', 'reyesjonathan@hotmail.com', 'hTFAvAaVTrv', 'diagnostic radiology');
INSERT INTO ACCOUNTANT (name, email, password) VALUES ('David Williams', 'elizabethsmith@gmail.com', 'HlvFZYmtuvsStZ');
INSERT INTO DOCTOR (name, email, password, speciality) VALUES ('David Williams', 'elizabethsmith@gmail.com', 'HlvFZYmtuvsStZ', 'family medicine');
INSERT INTO ACCOUNTANT (name, email, password) VALUES ('Caroline Bowen', 'jpowell@gmail.com', 'bmnacEAvJnV');
INSERT INTO DOCTOR (name, email, password, speciality) VALUES ('Caroline Bowen', 'jpowell@gmail.com', 'bmnacEAvJnV', 'anesthesiology');
INSERT INTO ACCOUNTANT (name, email, password) VALUES ('Victoria Lee', 'vperez@hotmail.com', 'erljZmAVJEvPTUswSX');
INSERT INTO DOCTOR (name, email, password, speciality) VALUES ('Victoria Lee', 'vperez@hotmail.com', 'erljZmAVJEvPTUswSX', 'family medicine');
INSERT INTO ACCOUNTANT (name, email, password) VALUES ('David Porter', 'wrichards@gmail.com', 'pxxvUGWhwMFJaEqSWbj');
INSERT INTO DOCTOR (name, email, password, speciality) VALUES ('David Porter', 'wrichards@gmail.com', 'pxxvUGWhwMFJaEqSWbj', 'diagnostic radiology');
INSERT INTO ACCOUNTANT (name, email, password) VALUES ('Dylan King MD', 'qesparza@gmail.com', 'vrDQhyWRHZvV');
INSERT INTO DOCTOR (name, email, password, speciality) VALUES ('Dylan King MD', 'qesparza@gmail.com', 'vrDQhyWRHZvV', 'dermatology');
INSERT INTO ACCOUNTANT (name, email, password) VALUES ('Austin Hamilton', 'michael58@hotmail.com', 'mjyxhVBCEFnaeplB');
INSERT INTO DOCTOR (name, email, password, speciality) VALUES ('Austin Hamilton', 'michael58@hotmail.com', 'mjyxhVBCEFnaeplB', 'neurology');
INSERT INTO ACCOUNTANT (name, email, password) VALUES ('Bonnie Malone', 'msmith@yahoo.com', 'qrjVvvXTaUUjxuTZkp');
INSERT INTO DOCTOR (name, email, password, speciality) VALUES ('Bonnie Malone', 'msmith@yahoo.com', 'qrjVvvXTaUUjxuTZkp', 'anesthesiology');
INSERT INTO ACCOUNTANT (name, email, password) VALUES ('Todd Kelly', 'beverly85@gmail.com', 'iwOugdTFcLSLUK');
INSERT INTO DOCTOR (name, email, password, speciality) VALUES ('Todd Kelly', 'beverly85@gmail.com', 'iwOugdTFcLSLUK', 'pediatrics');
INSERT INTO ACCOUNTANT (name, email, password) VALUES ('Troy Wood', 'alamb@hotmail.com', 'SIeoBsdaJAEFoNFkDb');
INSERT INTO DOCTOR (name, email, password, speciality) VALUES ('Troy Wood', 'alamb@hotmail.com', 'SIeoBsdaJAEFoNFkDb', 'anesthesiology');
INSERT INTO ACCOUNTANT (name, email, password) VALUES ('Travis Williamson', 'greenlaura@yahoo.com', 'HbimPMoIMo');
INSERT INTO DOCTOR (name, email, password, speciality) VALUES ('Travis Williamson', 'greenlaura@yahoo.com', 'HbimPMoIMo', 'pediatrics');
INSERT INTO ACCOUNTANT (name, email, password) VALUES ('Tyler Morrison', 'christophermiller@yahoo.com', 'pKcyfZbQxosq');
INSERT INTO DOCTOR (name, email, password, speciality) VALUES ('Tyler Morrison', 'christophermiller@yahoo.com', 'pKcyfZbQxosq', 'emergency medicine');
INSERT INTO ACCOUNTANT (name, email, password) VALUES ('Steven Wiggins', 'amartinez@gmail.com', 'nDLNATVjPq');
INSERT INTO DOCTOR (name, email, password, speciality) VALUES ('Steven Wiggins', 'amartinez@gmail.com', 'nDLNATVjPq', 'diagnostic radiology');
INSERT INTO ACCOUNTANT (name, email, password) VALUES ('Jonathan Craig', 'shane00@yahoo.com', 'wNJUOgNiVeMricOyFaYE');
INSERT INTO DOCTOR (name, email, password, speciality) VALUES ('Jonathan Craig', 'shane00@yahoo.com', 'wNJUOgNiVeMricOyFaYE', 'pediatrics');
INSERT INTO ACCOUNTANT (name, email, password) VALUES ('Douglas Taylor', 'kevin81@gmail.com', 'EyMwjfMb');
INSERT INTO DOCTOR (name, email, password, speciality) VALUES ('Douglas Taylor', 'kevin81@gmail.com', 'EyMwjfMb', 'dermatology');
INSERT INTO ACCOUNTANT (name, email, password) VALUES ('Makayla Campbell', 'robert49@hotmail.com', 'ZQKDImCQFBm');
INSERT INTO DOCTOR (name, email, password, speciality) VALUES ('Makayla Campbell', 'robert49@hotmail.com', 'ZQKDImCQFBm', 'dermatology');
INSERT INTO ACCOUNTANT (name, email, password) VALUES ('Holly Green', 'masseymegan@gmail.com', 'qISrMMieMeWMVzxEN');
INSERT INTO DOCTOR (name, email, password, speciality) VALUES ('Holly Green', 'masseymegan@gmail.com', 'qISrMMieMeWMVzxEN', 'family medicine');
INSERT INTO ACCOUNTANT (name, email, password) VALUES ('Julian Berry', 'amandahardy@gmail.com', 'tzZyLxZlcfpuKX');
INSERT INTO DOCTOR (name, email, password, speciality) VALUES ('Julian Berry', 'amandahardy@gmail.com', 'tzZyLxZlcfpuKX', 'anesthesiology');
INSERT INTO ACCOUNTANT (name, email, password) VALUES ('Cassandra Reyes', 'robertreed@gmail.com', 'LqkfgLGnQtp');
INSERT INTO DOCTOR (name, email, password, speciality) VALUES ('Cassandra Reyes', 'robertreed@gmail.com', 'LqkfgLGnQtp', 'dermatology');
INSERT INTO ACCOUNTANT (name, email, password) VALUES ('Jessica Byrd', 'anthony25@yahoo.com', 'SiovfLNyOfrLVVEpzCm');
INSERT INTO DOCTOR (name, email, password, speciality) VALUES ('Jessica Byrd', 'anthony25@yahoo.com', 'SiovfLNyOfrLVVEpzCm', 'emergency medicine');
INSERT INTO ACCOUNTANT (name, email, password) VALUES ('Tammy Franklin', 'jonathan98@yahoo.com', 'SPUCepSdNKGHTSDrUAGI');
INSERT INTO DOCTOR (name, email, password, speciality) VALUES ('Tammy Franklin', 'jonathan98@yahoo.com', 'SPUCepSdNKGHTSDrUAGI', 'dermatology');
INSERT INTO ACCOUNTANT (name, email, password) VALUES ('Heather Lewis', 'bsimpson@gmail.com', 'BJdMcGMVYwWpLxAMkMdW');
INSERT INTO DOCTOR (name, email, password, speciality) VALUES ('Heather Lewis', 'bsimpson@gmail.com', 'BJdMcGMVYwWpLxAMkMdW', 'dermatology');
INSERT INTO ACCOUNTANT (name, email, password) VALUES ('Jeanne Stokes', 'stephanie72@gmail.com', 'kDaaCKsbHpXRNR');
INSERT INTO DOCTOR (name, email, password, speciality) VALUES ('Jeanne Stokes', 'stephanie72@gmail.com', 'kDaaCKsbHpXRNR', 'diagnostic radiology');
INSERT INTO ACCOUNTANT (name, email, password) VALUES ('Colin Martinez MD', 'ocooper@yahoo.com', 'bIvDKTSyrunqOXJNzzMd');
INSERT INTO DOCTOR (name, email, password, speciality) VALUES ('Colin Martinez MD', 'ocooper@yahoo.com', 'bIvDKTSyrunqOXJNzzMd', 'diagnostic radiology');
INSERT INTO ACCOUNTANT (name, email, password) VALUES ('Kenneth Melendez', 'daniel03@gmail.com', 'MKkqgezjZcWExFxE');
INSERT INTO DOCTOR (name, email, password, speciality) VALUES ('Kenneth Melendez', 'daniel03@gmail.com', 'MKkqgezjZcWExFxE', 'emergency medicine');
INSERT INTO ACCOUNTANT (name, email, password) VALUES ('Anthony Johnson', 'laurawatson@yahoo.com', 'GzEGprii');
INSERT INTO DOCTOR (name, email, password, speciality) VALUES ('Anthony Johnson', 'laurawatson@yahoo.com', 'GzEGprii', 'diagnostic radiology');
INSERT INTO ACCOUNTANT (name, email, password) VALUES ('Kelsey Allen', 'donna43@yahoo.com', 'TBFacnIGlNHK');
INSERT INTO DOCTOR (name, email, password, speciality) VALUES ('Kelsey Allen', 'donna43@yahoo.com', 'TBFacnIGlNHK', 'family medicine');
INSERT INTO ACCOUNTANT (name, email, password) VALUES ('Alexandria Key', 'rebecca28@yahoo.com', 'xfBxhqzbIdxR');
INSERT INTO DOCTOR (name, email, password, speciality) VALUES ('Alexandria Key', 'rebecca28@yahoo.com', 'xfBxhqzbIdxR', 'dermatology');
INSERT INTO ACCOUNTANT (name, email, password) VALUES ('Patricia Turner', 'bakerryan@hotmail.com', 'lwjbIXpqSyZlXa');
INSERT INTO DOCTOR (name, email, password, speciality) VALUES ('Patricia Turner', 'bakerryan@hotmail.com', 'lwjbIXpqSyZlXa', 'diagnostic radiology');
INSERT INTO ACCOUNTANT (name, email, password) VALUES ('Sarah Cooper', 'williamsjudy@yahoo.com', 'vqxTfjeRP');
INSERT INTO DOCTOR (name, email, password, speciality) VALUES ('Sarah Cooper', 'williamsjudy@yahoo.com', 'vqxTfjeRP', 'neurology');
INSERT INTO ACCOUNTANT (name, email, password) VALUES ('Kim Aguilar', 'michelleleonard@gmail.com', 'CgRLxDRMOcfAOuHuLIzM');
INSERT INTO DOCTOR (name, email, password, speciality) VALUES ('Kim Aguilar', 'michelleleonard@gmail.com', 'CgRLxDRMOcfAOuHuLIzM', 'emergency medicine');
INSERT INTO ACCOUNTANT (name, email, password) VALUES ('Julie Doyle', 'scottwaters@hotmail.com', 'LSQMXUDfxA');
INSERT INTO DOCTOR (name, email, password, speciality) VALUES ('Julie Doyle', 'scottwaters@hotmail.com', 'LSQMXUDfxA', 'dermatology');
INSERT INTO ACCOUNTANT (name, email, password) VALUES ('Joseph Vasquez', 'parkershawn@gmail.com', 'dEugUBaaKUJoZs');
INSERT INTO DOCTOR (name, email, password, speciality) VALUES ('Joseph Vasquez', 'parkershawn@gmail.com', 'dEugUBaaKUJoZs', 'diagnostic radiology');
INSERT INTO ACCOUNTANT (name, email, password) VALUES ('Renee Rodriguez', 'josephhurst@yahoo.com', 'WcelrnYLHObngwB');
INSERT INTO DOCTOR (name, email, password, speciality) VALUES ('Renee Rodriguez', 'josephhurst@yahoo.com', 'WcelrnYLHObngwB', 'emergency medicine');
INSERT INTO ACCOUNTANT (name, email, password) VALUES ('Melinda Stafford', 'samantha85@hotmail.com', 'RrJizuEUjLkxbiUNcVP');
INSERT INTO DOCTOR (name, email, password, speciality) VALUES ('Melinda Stafford', 'samantha85@hotmail.com', 'RrJizuEUjLkxbiUNcVP', 'neurology');
INSERT INTO ACCOUNTANT (name, email, password) VALUES ('Michael Baldwin', 'rcohen@hotmail.com', 'WLgrJiGerswkdzxqe');
INSERT INTO DOCTOR (name, email, password, speciality) VALUES ('Michael Baldwin', 'rcohen@hotmail.com', 'WLgrJiGerswkdzxqe', 'pediatrics');
INSERT INTO ACCOUNTANT (name, email, password) VALUES ('Reginald Cochran', 'afrench@gmail.com', 'izAHeWqijY');
INSERT INTO DOCTOR (name, email, password, speciality) VALUES ('Reginald Cochran', 'afrench@gmail.com', 'izAHeWqijY', 'neurology');
INSERT INTO ACCOUNTANT (name, email, password) VALUES ('Robert Phillips', 'brooke97@gmail.com', 'XHAezUinVhQgeTqObGp');
INSERT INTO DOCTOR (name, email, password, speciality) VALUES ('Robert Phillips', 'brooke97@gmail.com', 'XHAezUinVhQgeTqObGp', 'diagnostic radiology');
INSERT INTO ACCOUNTANT (name, email, password) VALUES ('Benjamin Moss', 'codythompson@hotmail.com', 'RfbjLAUuHhei');
INSERT INTO DOCTOR (name, email, password, speciality) VALUES ('Benjamin Moss', 'codythompson@hotmail.com', 'RfbjLAUuHhei', 'anesthesiology');
INSERT INTO ACCOUNTANT (name, email, password) VALUES ('Robert Hanson', 'michael48@hotmail.com', 'RKgqzAiItTC');
INSERT INTO DOCTOR (name, email, password, speciality) VALUES ('Robert Hanson', 'michael48@hotmail.com', 'RKgqzAiItTC', 'diagnostic radiology');
INSERT INTO ACCOUNTANT (name, email, password) VALUES ('Julia Eaton', 'tannergarcia@gmail.com', 'YvmZNKQVP');
INSERT INTO DOCTOR (name, email, password, speciality) VALUES ('Julia Eaton', 'tannergarcia@gmail.com', 'YvmZNKQVP', 'family medicine');
INSERT INTO ACCOUNTANT (name, email, password) VALUES ('Julia Owens', 'laustin@gmail.com', 'oRdjyZXbpAnqaSqoALD');
INSERT INTO DOCTOR (name, email, password, speciality) VALUES ('Julia Owens', 'laustin@gmail.com', 'oRdjyZXbpAnqaSqoALD', 'diagnostic radiology');
INSERT INTO ACCOUNTANT (name, email, password) VALUES ('Samantha Summers', 'samuel17@hotmail.com', 'gmsnqRsdMIPFzniOCO');
INSERT INTO DOCTOR (name, email, password, speciality) VALUES ('Samantha Summers', 'samuel17@hotmail.com', 'gmsnqRsdMIPFzniOCO', 'diagnostic radiology');
INSERT INTO ACCOUNTANT (name, email, password) VALUES ('Adam Byrd', 'emartinez@gmail.com', 'HflydnzZ');
INSERT INTO DOCTOR (name, email, password, speciality) VALUES ('Adam Byrd', 'emartinez@gmail.com', 'HflydnzZ', 'neurology');
INSERT INTO ACCOUNTANT (name, email, password) VALUES ('Lindsay Rodriguez', 'valdezlatasha@yahoo.com', 'uRtiuKLVCEWkCDGb');
INSERT INTO DOCTOR (name, email, password, speciality) VALUES ('Lindsay Rodriguez', 'valdezlatasha@yahoo.com', 'uRtiuKLVCEWkCDGb', 'anesthesiology');
INSERT INTO ACCOUNTANT (name, email, password) VALUES ('Kristin Hayes', 'susan68@gmail.com', 'cvvWGIWemJXrubbZO');
INSERT INTO DOCTOR (name, email, password, speciality) VALUES ('Kristin Hayes', 'susan68@gmail.com', 'cvvWGIWemJXrubbZO', 'emergency medicine');
INSERT INTO ACCOUNTANT (name, email, password) VALUES ('Jaime Burgess', 'ashleysmith@yahoo.com', 'YSwwxqVuDIJeYK');
INSERT INTO DOCTOR (name, email, password, speciality) VALUES ('Jaime Burgess', 'ashleysmith@yahoo.com', 'YSwwxqVuDIJeYK', 'dermatology');
INSERT INTO ACCOUNTANT (name, email, password) VALUES ('Nancy Miller', 'christophermiller@gmail.com', 'GKfiRakQsUEYaWuwD');
INSERT INTO DOCTOR (name, email, password, speciality) VALUES ('Nancy Miller', 'christophermiller@gmail.com', 'GKfiRakQsUEYaWuwD', 'family medicine');
INSERT INTO ACCOUNTANT (name, email, password) VALUES ('Tammy Baldwin', 'hernandezpamela@yahoo.com', 'pXFCHjrsxgOo');
INSERT INTO DOCTOR (name, email, password, speciality) VALUES ('Tammy Baldwin', 'hernandezpamela@yahoo.com', 'pXFCHjrsxgOo', 'emergency medicine');
INSERT INTO ACCOUNTANT (name, email, password) VALUES ('Andrew Downs', 'matthewanderson@yahoo.com', 'yBMybbCSBHP');
INSERT INTO DOCTOR (name, email, password, speciality) VALUES ('Andrew Downs', 'matthewanderson@yahoo.com', 'yBMybbCSBHP', 'family medicine');
INSERT INTO ACCOUNTANT (name, email, password) VALUES ('Thomas Alexander', 'christopherstevens@hotmail.com', 'uYGUlbEcUGYfRGoAPh');
INSERT INTO DOCTOR (name, email, password, speciality) VALUES ('Thomas Alexander', 'christopherstevens@hotmail.com', 'uYGUlbEcUGYfRGoAPh', 'pediatrics');
INSERT INTO ACCOUNTANT (name, email, password) VALUES ('Kristine Acosta', 'petersonnicole@gmail.com', 'BkhEtdaELY');
INSERT INTO DOCTOR (name, email, password, speciality) VALUES ('Kristine Acosta', 'petersonnicole@gmail.com', 'BkhEtdaELY', 'dermatology');
INSERT INTO ACCOUNTANT (name, email, password) VALUES ('Mark Brown', 'matthewwilson@gmail.com', 'vVcXHpGDoCdzxMvH');
INSERT INTO DOCTOR (name, email, password, speciality) VALUES ('Mark Brown', 'matthewwilson@gmail.com', 'vVcXHpGDoCdzxMvH', 'diagnostic radiology');
INSERT INTO ACCOUNTANT (name, email, password) VALUES ('Debra Cantrell', 'yscott@hotmail.com', 'oFRxFpJUx');
INSERT INTO DOCTOR (name, email, password, speciality) VALUES ('Debra Cantrell', 'yscott@hotmail.com', 'oFRxFpJUx', 'neurology');
INSERT INTO ACCOUNTANT (name, email, password) VALUES ('Allen Dyer MD', 'deborahvaughn@hotmail.com', 'ulRjparPigZEgEqOw');
INSERT INTO DOCTOR (name, email, password, speciality) VALUES ('Allen Dyer MD', 'deborahvaughn@hotmail.com', 'ulRjparPigZEgEqOw', 'anesthesiology');
INSERT INTO ACCOUNTANT (name, email, password) VALUES ('Kimberly Wilkerson', 'tbennett@gmail.com', 'rOrpDNlYRjD');
INSERT INTO DOCTOR (name, email, password, speciality) VALUES ('Kimberly Wilkerson', 'tbennett@gmail.com', 'rOrpDNlYRjD', 'pediatrics');
INSERT INTO ACCOUNTANT (name, email, password) VALUES ('Sara Hernandez', 'masontheresa@hotmail.com', 'ndHbajhSvVUsD');
INSERT INTO DOCTOR (name, email, password, speciality) VALUES ('Sara Hernandez', 'masontheresa@hotmail.com', 'ndHbajhSvVUsD', 'family medicine');
INSERT INTO ACCOUNTANT (name, email, password) VALUES ('Kathryn Gonzalez', 'masonsean@hotmail.com', 'rjcypbYrCBZLnJ');
INSERT INTO DOCTOR (name, email, password, speciality) VALUES ('Kathryn Gonzalez', 'masonsean@hotmail.com', 'rjcypbYrCBZLnJ', 'family medicine');
INSERT INTO ACCOUNTANT (name, email, password) VALUES ('James Cruz', 'gordonmatthew@hotmail.com', 'irmrPUkBMSDRbnzAr');
INSERT INTO DOCTOR (name, email, password, speciality) VALUES ('James Cruz', 'gordonmatthew@hotmail.com', 'irmrPUkBMSDRbnzAr', 'emergency medicine');
INSERT INTO ACCOUNTANT (name, email, password) VALUES ('Michael Robertson', 'vmiller@yahoo.com', 'RSErjqmvbrANI');
INSERT INTO DOCTOR (name, email, password, speciality) VALUES ('Michael Robertson', 'vmiller@yahoo.com', 'RSErjqmvbrANI', 'dermatology');
INSERT INTO ACCOUNTANT (name, email, password) VALUES ('Jessica Johnson', 'nicolewright@yahoo.com', 'wpLapjTKrDxO');
INSERT INTO DOCTOR (name, email, password, speciality) VALUES ('Jessica Johnson', 'nicolewright@yahoo.com', 'wpLapjTKrDxO', 'diagnostic radiology');
INSERT INTO ACCOUNTANT (name, email, password) VALUES ('John Quinn', 'margaretbrown@hotmail.com', 'HLPapOYa');
INSERT INTO DOCTOR (name, email, password, speciality) VALUES ('John Quinn', 'margaretbrown@hotmail.com', 'HLPapOYa', 'anesthesiology');
INSERT INTO ACCOUNTANT (name, email, password) VALUES ('Christian Baldwin', 'qhobbs@yahoo.com', 'TTOtGpRuKdNOqj');
INSERT INTO DOCTOR (name, email, password, speciality) VALUES ('Christian Baldwin', 'qhobbs@yahoo.com', 'TTOtGpRuKdNOqj', 'neurology');
INSERT INTO ACCOUNTANT (name, email, password) VALUES ('Haley Fox', 'aaron23@hotmail.com', 'cRaqCjcWHZqIU');
INSERT INTO DOCTOR (name, email, password, speciality) VALUES ('Haley Fox', 'aaron23@hotmail.com', 'cRaqCjcWHZqIU', 'emergency medicine');
INSERT INTO ACCOUNTANT (name, email, password) VALUES ('Brian Rubio', 'blackwelleric@yahoo.com', 'KHgQbAopTAEtc');
INSERT INTO DOCTOR (name, email, password, speciality) VALUES ('Brian Rubio', 'blackwelleric@yahoo.com', 'KHgQbAopTAEtc', 'family medicine');
INSERT INTO ACCOUNTANT (name, email, password) VALUES ('John Mckay', 'monique63@yahoo.com', 'GRBOIHYQbJGSfSJPmX');
INSERT INTO DOCTOR (name, email, password, speciality) VALUES ('John Mckay', 'monique63@yahoo.com', 'GRBOIHYQbJGSfSJPmX', 'emergency medicine');
INSERT INTO ACCOUNTANT (name, email, password) VALUES ('Cole Williams', 'stephen17@gmail.com', 'eMgszNJR');
INSERT INTO DOCTOR (name, email, password, speciality) VALUES ('Cole Williams', 'stephen17@gmail.com', 'eMgszNJR', 'neurology');
INSERT INTO ACCOUNTANT (name, email, password) VALUES ('Allison Elliott', 'mark65@gmail.com', 'ZSHJmbjsSHW');
INSERT INTO DOCTOR (name, email, password, speciality) VALUES ('Allison Elliott', 'mark65@gmail.com', 'ZSHJmbjsSHW', 'dermatology');
INSERT INTO ACCOUNTANT (name, email, password) VALUES ('Julia Esparza', 'briannarowland@yahoo.com', 'GPRcphOSyMrM');
INSERT INTO DOCTOR (name, email, password, speciality) VALUES ('Julia Esparza', 'briannarowland@yahoo.com', 'GPRcphOSyMrM', 'dermatology');
INSERT INTO ACCOUNTANT (name, email, password) VALUES ('Lisa Daniel', 'tammytodd@gmail.com', 'xHmCguvhG');
INSERT INTO DOCTOR (name, email, password, speciality) VALUES ('Lisa Daniel', 'tammytodd@gmail.com', 'xHmCguvhG', 'neurology');
INSERT INTO ACCOUNTANT (name, email, password) VALUES ('Linda Gross', 'laura03@gmail.com', 'KvDMGMTqVFPfWM');
INSERT INTO DOCTOR (name, email, password, speciality) VALUES ('Linda Gross', 'laura03@gmail.com', 'KvDMGMTqVFPfWM', 'emergency medicine');
INSERT INTO ACCOUNTANT (name, email, password) VALUES ('Amber Thompson', 'mooredakota@yahoo.com', 'XQgHpXaJJNbhoTuf');
INSERT INTO DOCTOR (name, email, password, speciality) VALUES ('Amber Thompson', 'mooredakota@yahoo.com', 'XQgHpXaJJNbhoTuf', 'pediatrics');
INSERT INTO ACCOUNTANT (name, email, password) VALUES ('Taylor Diaz', 'uthomas@gmail.com', 'WipXusIXnNKP');
INSERT INTO DOCTOR (name, email, password, speciality) VALUES ('Taylor Diaz', 'uthomas@gmail.com', 'WipXusIXnNKP', 'neurology');
INSERT INTO ACCOUNTANT (name, email, password) VALUES ('Rita Garcia', 'melinda18@yahoo.com', 'xUwqpYPh');
INSERT INTO DOCTOR (name, email, password, speciality) VALUES ('Rita Garcia', 'melinda18@yahoo.com', 'xUwqpYPh', 'pediatrics');
INSERT INTO ACCOUNTANT (name, email, password) VALUES ('Kenneth Dodson', 'wattsrichard@yahoo.com', 'LuGwapOlZ');
INSERT INTO DOCTOR (name, email, password, speciality) VALUES ('Kenneth Dodson', 'wattsrichard@yahoo.com', 'LuGwapOlZ', 'pediatrics');
INSERT INTO ACCOUNTANT (name, email, password) VALUES ('William Mckee', 'williethompson@yahoo.com', 'jYijiRRsahGwwMpplzei');
INSERT INTO DOCTOR (name, email, password, speciality) VALUES ('William Mckee', 'williethompson@yahoo.com', 'jYijiRRsahGwwMpplzei', 'family medicine');
INSERT INTO ACCOUNTANT (name, email, password) VALUES ('Kristy Montoya', 'kimberly21@gmail.com', 'rQkjywgLdIK');
INSERT INTO DOCTOR (name, email, password, speciality) VALUES ('Kristy Montoya', 'kimberly21@gmail.com', 'rQkjywgLdIK', 'anesthesiology');
INSERT INTO ACCOUNTANT (name, email, password) VALUES ('Stacey Smith', 'alec03@hotmail.com', 'dMKMyjVyESgkFXtscTaz');
INSERT INTO DOCTOR (name, email, password, speciality) VALUES ('Stacey Smith', 'alec03@hotmail.com', 'dMKMyjVyESgkFXtscTaz', 'emergency medicine');
INSERT INTO ACCOUNTANT (name, email, password) VALUES ('Bill Mccoy', 'margaretlambert@gmail.com', 'iNKpJplDxhfMJg');
INSERT INTO DOCTOR (name, email, password, speciality) VALUES ('Bill Mccoy', 'margaretlambert@gmail.com', 'iNKpJplDxhfMJg', 'pediatrics');
INSERT INTO ACCOUNTANT (name, email, password) VALUES ('Jonathan Poole', 'tamibrown@yahoo.com', 'ufNjyJOWZk');
INSERT INTO DOCTOR (name, email, password, speciality) VALUES ('Jonathan Poole', 'tamibrown@yahoo.com', 'ufNjyJOWZk', 'emergency medicine');
INSERT INTO ACCOUNTANT (name, email, password) VALUES ('Anthony Kidd', 'lbrown@hotmail.com', 'rJyBsiznDSJRhf');
INSERT INTO DOCTOR (name, email, password, speciality) VALUES ('Anthony Kidd', 'lbrown@hotmail.com', 'rJyBsiznDSJRhf', 'anesthesiology');
INSERT INTO ACCOUNTANT (name, email, password) VALUES ('Joshua Kirby', 'larsonchristine@gmail.com', 'oiqBnWdy');
INSERT INTO DOCTOR (name, email, password, speciality) VALUES ('Joshua Kirby', 'larsonchristine@gmail.com', 'oiqBnWdy', 'emergency medicine');
INSERT INTO ACCOUNTANT (name, email, password) VALUES ('John Dunn', 'iharris@hotmail.com', 'axfUfEBGdnWZsKEPyunA');
INSERT INTO DOCTOR (name, email, password, speciality) VALUES ('John Dunn', 'iharris@hotmail.com', 'axfUfEBGdnWZsKEPyunA', 'emergency medicine');
INSERT INTO ACCOUNTANT (name, email, password) VALUES ('Sabrina Wright', 'xgarcia@gmail.com', 'SdnIEFVEmYuajTcdUf');
INSERT INTO DOCTOR (name, email, password, speciality) VALUES ('Sabrina Wright', 'xgarcia@gmail.com', 'SdnIEFVEmYuajTcdUf', 'diagnostic radiology');
INSERT INTO ACCOUNTANT (name, email, password) VALUES ('Shane Taylor', 'rodriguezcourtney@hotmail.com', 'acmUkcNOFaPbUiquZwy');
INSERT INTO DOCTOR (name, email, password, speciality) VALUES ('Shane Taylor', 'rodriguezcourtney@hotmail.com', 'acmUkcNOFaPbUiquZwy', 'dermatology');
INSERT INTO ACCOUNTANT (name, email, password) VALUES ('Amanda Wood', 'jbailey@hotmail.com', 'licWSmhcIwdaFMiUo');
INSERT INTO DOCTOR (name, email, password, speciality) VALUES ('Amanda Wood', 'jbailey@hotmail.com', 'licWSmhcIwdaFMiUo', 'family medicine');
INSERT INTO ACCOUNTANT (name, email, password) VALUES ('Daniel Hansen', 'lconner@gmail.com', 'ybijObRnXusNxmwsdnG');
INSERT INTO DOCTOR (name, email, password, speciality) VALUES ('Daniel Hansen', 'lconner@gmail.com', 'ybijObRnXusNxmwsdnG', 'neurology');
INSERT INTO ACCOUNTANT (name, email, password) VALUES ('John Wilkinson', 'myersheather@gmail.com', 'zSbTpDbQkevwhQtpezUf');
INSERT INTO DOCTOR (name, email, password, speciality) VALUES ('John Wilkinson', 'myersheather@gmail.com', 'zSbTpDbQkevwhQtpezUf', 'family medicine');
INSERT INTO ACCOUNTANT (name, email, password) VALUES ('John Bradley', 'john33@gmail.com', 'jDbFWMFnLV');
INSERT INTO DOCTOR (name, email, password, speciality) VALUES ('John Bradley', 'john33@gmail.com', 'jDbFWMFnLV', 'pediatrics');
INSERT INTO ACCOUNTANT (name, email, password) VALUES ('James Saunders', 'davidschwartz@gmail.com', 'ScwWaojEzoCZwX');
INSERT INTO DOCTOR (name, email, password, speciality) VALUES ('James Saunders', 'davidschwartz@gmail.com', 'ScwWaojEzoCZwX', 'dermatology');
INSERT INTO ACCOUNTANT (name, email, password) VALUES ('Alyssa Arias', 'juliemoreno@hotmail.com', 'aQCKVagFIZpWZuquhgzq');
INSERT INTO DOCTOR (name, email, password, speciality) VALUES ('Alyssa Arias', 'juliemoreno@hotmail.com', 'aQCKVagFIZpWZuquhgzq', 'neurology');
INSERT INTO ACCOUNTANT (name, email, password) VALUES ('Brittany Knapp', 'jeffrey70@yahoo.com', 'eGMFVwCnz');
INSERT INTO DOCTOR (name, email, password, speciality) VALUES ('Brittany Knapp', 'jeffrey70@yahoo.com', 'eGMFVwCnz', 'diagnostic radiology');
INSERT INTO ACCOUNTANT (name, email, password) VALUES ('Andrea Woods', 'duane72@gmail.com', 'NIBuGtro');
INSERT INTO DOCTOR (name, email, password, speciality) VALUES ('Andrea Woods', 'duane72@gmail.com', 'NIBuGtro', 'dermatology');
INSERT INTO ACCOUNTANT (name, email, password) VALUES ('Jessica Brown', 'stewartjeremy@yahoo.com', 'CRmZpFAjkbZWfgCSye');
INSERT INTO DOCTOR (name, email, password, speciality) VALUES ('Jessica Brown', 'stewartjeremy@yahoo.com', 'CRmZpFAjkbZWfgCSye', 'neurology');
INSERT INTO ACCOUNTANT (name, email, password) VALUES ('Tyler Curtis', 'crystalmorales@gmail.com', 'DLPyqZmRbYjLGt');
INSERT INTO DOCTOR (name, email, password, speciality) VALUES ('Tyler Curtis', 'crystalmorales@gmail.com', 'DLPyqZmRbYjLGt', 'family medicine');
INSERT INTO ACCOUNTANT (name, email, password) VALUES ('Chelsea Mcbride', 'samuelking@hotmail.com', 'LPAyhEmzxclqBwYXJ');
INSERT INTO DOCTOR (name, email, password, speciality) VALUES ('Chelsea Mcbride', 'samuelking@hotmail.com', 'LPAyhEmzxclqBwYXJ', 'anesthesiology');
INSERT INTO ACCOUNTANT (name, email, password) VALUES ('Thomas Ford', 'jwilson@gmail.com', 'YSfslSeFGWAKlP');
INSERT INTO DOCTOR (name, email, password, speciality) VALUES ('Thomas Ford', 'jwilson@gmail.com', 'YSfslSeFGWAKlP', 'family medicine');
INSERT INTO ACCOUNTANT (name, email, password) VALUES ('Jeremy Trevino', 'vincent80@gmail.com', 'VFVCnERhXQMiCs');
INSERT INTO DOCTOR (name, email, password, speciality) VALUES ('Jeremy Trevino', 'vincent80@gmail.com', 'VFVCnERhXQMiCs', 'pediatrics');
INSERT INTO ACCOUNTANT (name, email, password) VALUES ('Mario Collins', 'hgarrett@hotmail.com', 'NYOsRaPCBYIi');
INSERT INTO DOCTOR (name, email, password, speciality) VALUES ('Mario Collins', 'hgarrett@hotmail.com', 'NYOsRaPCBYIi', 'neurology');
INSERT INTO ACCOUNTANT (name, email, password) VALUES ('Mark Young', 'ulyons@gmail.com', 'cKDYJyJWwALysEixAD');
INSERT INTO DOCTOR (name, email, password, speciality) VALUES ('Mark Young', 'ulyons@gmail.com', 'cKDYJyJWwALysEixAD', 'dermatology');
INSERT INTO ACCOUNTANT (name, email, password) VALUES ('Johnathan Joseph', 'christophertucker@hotmail.com', 'XLeBuhNIKzWrnqsgFb');
INSERT INTO DOCTOR (name, email, password, speciality) VALUES ('Johnathan Joseph', 'christophertucker@hotmail.com', 'XLeBuhNIKzWrnqsgFb', 'pediatrics');
INSERT INTO ACCOUNTANT (name, email, password) VALUES ('Danielle Taylor', 'campbellmarissa@gmail.com', 'jtAMQKljemgLU');
INSERT INTO DOCTOR (name, email, password, speciality) VALUES ('Danielle Taylor', 'campbellmarissa@gmail.com', 'jtAMQKljemgLU', 'dermatology');
INSERT INTO ACCOUNTANT (name, email, password) VALUES ('Deborah Lee', 'harveypatrick@hotmail.com', 'wRQXIsblvzqzwcmK');
INSERT INTO DOCTOR (name, email, password, speciality) VALUES ('Deborah Lee', 'harveypatrick@hotmail.com', 'wRQXIsblvzqzwcmK', 'diagnostic radiology');
INSERT INTO ACCOUNTANT (name, email, password) VALUES ('Mary Anderson', 'edwin28@gmail.com', 'dMvPtOhQFJaWhiNhELP');
INSERT INTO DOCTOR (name, email, password, speciality) VALUES ('Mary Anderson', 'edwin28@gmail.com', 'dMvPtOhQFJaWhiNhELP', 'diagnostic radiology');
INSERT INTO ACCOUNTANT (name, email, password) VALUES ('Sara Graham', 'willisjose@hotmail.com', 'cGwnkwSZoupcrFmH');
INSERT INTO DOCTOR (name, email, password, speciality) VALUES ('Sara Graham', 'willisjose@hotmail.com', 'cGwnkwSZoupcrFmH', 'diagnostic radiology');
INSERT INTO ACCOUNTANT (name, email, password) VALUES ('Mrs. Rachel Hines', 'danielbennett@gmail.com', 'NvDgleTxOZjedQjAThT');
INSERT INTO DOCTOR (name, email, password, speciality) VALUES ('Mrs. Rachel Hines', 'danielbennett@gmail.com', 'NvDgleTxOZjedQjAThT', 'emergency medicine');
INSERT INTO ACCOUNTANT (name, email, password) VALUES ('Kaitlyn Barrera', 'kevinsmith@yahoo.com', 'EKhCDEMsCmrnoMpXbU');
INSERT INTO DOCTOR (name, email, password, speciality) VALUES ('Kaitlyn Barrera', 'kevinsmith@yahoo.com', 'EKhCDEMsCmrnoMpXbU', 'neurology');
INSERT INTO ACCOUNTANT (name, email, password) VALUES ('Phillip Johnson', 'thernandez@gmail.com', 'ZYVNJkkkIqYFacgjnt');
INSERT INTO DOCTOR (name, email, password, speciality) VALUES ('Phillip Johnson', 'thernandez@gmail.com', 'ZYVNJkkkIqYFacgjnt', 'neurology');
INSERT INTO ACCOUNTANT (name, email, password) VALUES ('Mr. Earl Davis', 'elizabeth54@gmail.com', 'DXdqBdJkbDO');
INSERT INTO DOCTOR (name, email, password, speciality) VALUES ('Mr. Earl Davis', 'elizabeth54@gmail.com', 'DXdqBdJkbDO', 'pediatrics');
INSERT INTO ACCOUNTANT (name, email, password) VALUES ('Dana Austin', 'moralescarla@hotmail.com', 'rBqylBnnyNShR');
INSERT INTO DOCTOR (name, email, password, speciality) VALUES ('Dana Austin', 'moralescarla@hotmail.com', 'rBqylBnnyNShR', 'pediatrics');
INSERT INTO ACCOUNTANT (name, email, password) VALUES ('Kevin Warren', 'freykrista@hotmail.com', 'FWzSqbbtVL');
INSERT INTO DOCTOR (name, email, password, speciality) VALUES ('Kevin Warren', 'freykrista@hotmail.com', 'FWzSqbbtVL', 'emergency medicine');
INSERT INTO ACCOUNTANT (name, email, password) VALUES ('Timothy Harding', 'davidhouse@gmail.com', 'YDLHrlGtqZKjcVtfZZCf');
INSERT INTO DOCTOR (name, email, password, speciality) VALUES ('Timothy Harding', 'davidhouse@gmail.com', 'YDLHrlGtqZKjcVtfZZCf', 'anesthesiology');
INSERT INTO ACCOUNTANT (name, email, password) VALUES ('Leonard Robinson MD', 'angela07@yahoo.com', 'FEhxmtGcIdfJt');
INSERT INTO DOCTOR (name, email, password, speciality) VALUES ('Leonard Robinson MD', 'angela07@yahoo.com', 'FEhxmtGcIdfJt', 'anesthesiology');
INSERT INTO ACCOUNTANT (name, email, password) VALUES ('Chelsea Mueller', 'jaredmatthews@hotmail.com', 'LXdzTurUJbGbLHe');
INSERT INTO DOCTOR (name, email, password, speciality) VALUES ('Chelsea Mueller', 'jaredmatthews@hotmail.com', 'LXdzTurUJbGbLHe', 'pediatrics');
INSERT INTO ACCOUNTANT (name, email, password) VALUES ('Christopher Odom', 'grantnichols@yahoo.com', 'WFeSdiEBS');
INSERT INTO DOCTOR (name, email, password, speciality) VALUES ('Christopher Odom', 'grantnichols@yahoo.com', 'WFeSdiEBS', 'emergency medicine');
INSERT INTO ACCOUNTANT (name, email, password) VALUES ('Angela Casey', 'sarahbass@hotmail.com', 'tnZYoxsRnZHZTaf');
INSERT INTO DOCTOR (name, email, password, speciality) VALUES ('Angela Casey', 'sarahbass@hotmail.com', 'tnZYoxsRnZHZTaf', 'diagnostic radiology');
INSERT INTO ACCOUNTANT (name, email, password) VALUES ('James Warren', 'kadams@yahoo.com', 'phPkQHIeDfsPn');
INSERT INTO DOCTOR (name, email, password, speciality) VALUES ('James Warren', 'kadams@yahoo.com', 'phPkQHIeDfsPn', 'neurology');
INSERT INTO ACCOUNTANT (name, email, password) VALUES ('Derek Elliott', 'moorechristopher@yahoo.com', 'eSUgogsXOZhoUYMin');
INSERT INTO DOCTOR (name, email, password, speciality) VALUES ('Derek Elliott', 'moorechristopher@yahoo.com', 'eSUgogsXOZhoUYMin', 'pediatrics');
INSERT INTO ACCOUNTANT (name, email, password) VALUES ('Cassandra Chambers', 'elyons@gmail.com', 'PHbHYdcKWYmq');
INSERT INTO DOCTOR (name, email, password, speciality) VALUES ('Cassandra Chambers', 'elyons@gmail.com', 'PHbHYdcKWYmq', 'dermatology');
INSERT INTO ACCOUNTANT (name, email, password) VALUES ('Ashley Johns', 'greenrebecca@gmail.com', 'XKauMeLVGQPwDt');
INSERT INTO DOCTOR (name, email, password, speciality) VALUES ('Ashley Johns', 'greenrebecca@gmail.com', 'XKauMeLVGQPwDt', 'pediatrics');
INSERT INTO ACCOUNTANT (name, email, password) VALUES ('Christina Mosley', 'farmerjason@hotmail.com', 'koBEiTydSomYG');
INSERT INTO DOCTOR (name, email, password, speciality) VALUES ('Christina Mosley', 'farmerjason@hotmail.com', 'koBEiTydSomYG', 'diagnostic radiology');
INSERT INTO ACCOUNTANT (name, email, password) VALUES ('Jasmin Salinas', 'brandongraham@gmail.com', 'EYHRJZNh');
INSERT INTO DOCTOR (name, email, password, speciality) VALUES ('Jasmin Salinas', 'brandongraham@gmail.com', 'EYHRJZNh', 'emergency medicine');
INSERT INTO ACCOUNTANT (name, email, password) VALUES ('Nicholas Pineda', 'lanejeffrey@gmail.com', 'VORdnqwQbJq');
INSERT INTO DOCTOR (name, email, password, speciality) VALUES ('Nicholas Pineda', 'lanejeffrey@gmail.com', 'VORdnqwQbJq', 'emergency medicine');
INSERT INTO ACCOUNTANT (name, email, password) VALUES ('Sharon Odom', 'brett83@yahoo.com', 'oekXqQAKVfXfSPLj');
INSERT INTO DOCTOR (name, email, password, speciality) VALUES ('Sharon Odom', 'brett83@yahoo.com', 'oekXqQAKVfXfSPLj', 'neurology');
INSERT INTO ACCOUNTANT (name, email, password) VALUES ('Alisha Walker', 'ericksoncatherine@yahoo.com', 'PhaavcYeJMBpg');
INSERT INTO DOCTOR (name, email, password, speciality) VALUES ('Alisha Walker', 'ericksoncatherine@yahoo.com', 'PhaavcYeJMBpg', 'anesthesiology');
INSERT INTO ACCOUNTANT (name, email, password) VALUES ('Marissa Smith', 'julie77@yahoo.com', 'KzGvYnNOAO');
INSERT INTO DOCTOR (name, email, password, speciality) VALUES ('Marissa Smith', 'julie77@yahoo.com', 'KzGvYnNOAO', 'family medicine');
INSERT INTO ACCOUNTANT (name, email, password) VALUES ('Heather Hernandez', 'sarabernard@yahoo.com', 'EotAhFvbkNMX');
INSERT INTO DOCTOR (name, email, password, speciality) VALUES ('Heather Hernandez', 'sarabernard@yahoo.com', 'EotAhFvbkNMX', 'family medicine');
INSERT INTO ACCOUNTANT (name, email, password) VALUES ('Samuel Hall', 'dustinthomas@hotmail.com', 'CrYQzVdvAkcvO');
INSERT INTO DOCTOR (name, email, password, speciality) VALUES ('Samuel Hall', 'dustinthomas@hotmail.com', 'CrYQzVdvAkcvO', 'neurology');
INSERT INTO ACCOUNTANT (name, email, password) VALUES ('Rebekah Stanton', 'deandougherty@gmail.com', 'rKbmosvDLleVmsdwQfRe');
INSERT INTO DOCTOR (name, email, password, speciality) VALUES ('Rebekah Stanton', 'deandougherty@gmail.com', 'rKbmosvDLleVmsdwQfRe', 'diagnostic radiology');
INSERT INTO ACCOUNTANT (name, email, password) VALUES ('Christopher Herman Jr.', 'brianholland@hotmail.com', 'zrRMachXoUBQ');
INSERT INTO DOCTOR (name, email, password, speciality) VALUES ('Christopher Herman Jr.', 'brianholland@hotmail.com', 'zrRMachXoUBQ', 'emergency medicine');
INSERT INTO ACCOUNTANT (name, email, password) VALUES ('Gina Castillo', 'bennettluis@yahoo.com', 'iLzVApivqkubFfE');
INSERT INTO DOCTOR (name, email, password, speciality) VALUES ('Gina Castillo', 'bennettluis@yahoo.com', 'iLzVApivqkubFfE', 'dermatology');
INSERT INTO ACCOUNTANT (name, email, password) VALUES ('Margaret Moran', 'owennathan@yahoo.com', 'KfWYYBmZYD');
INSERT INTO DOCTOR (name, email, password, speciality) VALUES ('Margaret Moran', 'owennathan@yahoo.com', 'KfWYYBmZYD', 'neurology');
INSERT INTO ACCOUNTANT (name, email, password) VALUES ('Teresa Smith', 'hendersonanthony@yahoo.com', 'OXdTdIWJvE');
INSERT INTO DOCTOR (name, email, password, speciality) VALUES ('Teresa Smith', 'hendersonanthony@yahoo.com', 'OXdTdIWJvE', 'family medicine');
INSERT INTO ACCOUNTANT (name, email, password) VALUES ('Logan Hinton', 'jeanette06@yahoo.com', 'MVvFNdmvfjXqg');
INSERT INTO DOCTOR (name, email, password, speciality) VALUES ('Logan Hinton', 'jeanette06@yahoo.com', 'MVvFNdmvfjXqg', 'neurology');
INSERT INTO ACCOUNTANT (name, email, password) VALUES ('Kevin Smith', 'lcherry@yahoo.com', 'JEnIfnotoIIM');
INSERT INTO DOCTOR (name, email, password, speciality) VALUES ('Kevin Smith', 'lcherry@yahoo.com', 'JEnIfnotoIIM', 'diagnostic radiology');
INSERT INTO ACCOUNTANT (name, email, password) VALUES ('Alexandra Fox', 'hmartinez@yahoo.com', 'yLxcmrDDQwNCEAUqbmQ');
INSERT INTO DOCTOR (name, email, password, speciality) VALUES ('Alexandra Fox', 'hmartinez@yahoo.com', 'yLxcmrDDQwNCEAUqbmQ', 'family medicine');
INSERT INTO ACCOUNTANT (name, email, password) VALUES ('Caleb Harding', 'lyonslori@gmail.com', 'ZrLpyaMBFWdPJAAEMlKx');
INSERT INTO DOCTOR (name, email, password, speciality) VALUES ('Caleb Harding', 'lyonslori@gmail.com', 'ZrLpyaMBFWdPJAAEMlKx', 'dermatology');
INSERT INTO ACCOUNTANT (name, email, password) VALUES ('Michelle Olson', 'twolf@gmail.com', 'YefqhrEP');
INSERT INTO DOCTOR (name, email, password, speciality) VALUES ('Michelle Olson', 'twolf@gmail.com', 'YefqhrEP', 'neurology');
INSERT INTO ACCOUNTANT (name, email, password) VALUES ('Jared Willis', 'emma33@hotmail.com', 'yvOPrhxGlzPoxJGcz');
INSERT INTO DOCTOR (name, email, password, speciality) VALUES ('Jared Willis', 'emma33@hotmail.com', 'yvOPrhxGlzPoxJGcz', 'diagnostic radiology');
INSERT INTO ACCOUNTANT (name, email, password) VALUES ('Michele Sanders', 'ericblanchard@hotmail.com', 'pqnlmcNCwpsmLi');
INSERT INTO DOCTOR (name, email, password, speciality) VALUES ('Michele Sanders', 'ericblanchard@hotmail.com', 'pqnlmcNCwpsmLi', 'emergency medicine');
INSERT INTO ACCOUNTANT (name, email, password) VALUES ('Alicia Davis', 'heather76@hotmail.com', 'hjWawSxhNoLWlKBvXy');
INSERT INTO DOCTOR (name, email, password, speciality) VALUES ('Alicia Davis', 'heather76@hotmail.com', 'hjWawSxhNoLWlKBvXy', 'anesthesiology');
INSERT INTO ACCOUNTANT (name, email, password) VALUES ('Robert Lindsey', 'ncox@yahoo.com', 'wqTnRNUupryIIeEj');
INSERT INTO DOCTOR (name, email, password, speciality) VALUES ('Robert Lindsey', 'ncox@yahoo.com', 'wqTnRNUupryIIeEj', 'neurology');
INSERT INTO ACCOUNTANT (name, email, password) VALUES ('Sean Gould', 'raymondmoore@yahoo.com', 'VsAzSDTILfKwNd');
INSERT INTO DOCTOR (name, email, password, speciality) VALUES ('Sean Gould', 'raymondmoore@yahoo.com', 'VsAzSDTILfKwNd', 'family medicine');
INSERT INTO ACCOUNTANT (name, email, password) VALUES ('Paul Porter', 'albertsampson@gmail.com', 'JWgzOZCiYct');
INSERT INTO DOCTOR (name, email, password, speciality) VALUES ('Paul Porter', 'albertsampson@gmail.com', 'JWgzOZCiYct', 'neurology');
INSERT INTO ACCOUNTANT (name, email, password) VALUES ('Leonard Sherman', 'tayloramber@yahoo.com', 'XslsHOgn');
INSERT INTO DOCTOR (name, email, password, speciality) VALUES ('Leonard Sherman', 'tayloramber@yahoo.com', 'XslsHOgn', 'anesthesiology');
INSERT INTO ACCOUNTANT (name, email, password) VALUES ('Shannon Hernandez', 'dkim@yahoo.com', 'UtXBChiHzoLwhgH');
INSERT INTO DOCTOR (name, email, password, speciality) VALUES ('Shannon Hernandez', 'dkim@yahoo.com', 'UtXBChiHzoLwhgH', 'pediatrics');
INSERT INTO ACCOUNTANT (name, email, password) VALUES ('Brittany Fowler', 'rmckinney@hotmail.com', 'akagLdmsAqE');
INSERT INTO DOCTOR (name, email, password, speciality) VALUES ('Brittany Fowler', 'rmckinney@hotmail.com', 'akagLdmsAqE', 'diagnostic radiology');
INSERT INTO ACCOUNTANT (name, email, password) VALUES ('Christopher Garrison', 'caseysaunders@hotmail.com', 'nkoRtRZDXbQwfdYC');
INSERT INTO DOCTOR (name, email, password, speciality) VALUES ('Christopher Garrison', 'caseysaunders@hotmail.com', 'nkoRtRZDXbQwfdYC', 'dermatology');
INSERT INTO ACCOUNTANT (name, email, password) VALUES ('Eric White', 'wendynguyen@yahoo.com', 'tTPJtGgqtcpCJlYbqz');
INSERT INTO DOCTOR (name, email, password, speciality) VALUES ('Eric White', 'wendynguyen@yahoo.com', 'tTPJtGgqtcpCJlYbqz', 'neurology');
INSERT INTO ACCOUNTANT (name, email, password) VALUES ('Jonathan Wilson', 'mallorywallace@hotmail.com', 'jxOmVIeysG');
INSERT INTO DOCTOR (name, email, password, speciality) VALUES ('Jonathan Wilson', 'mallorywallace@hotmail.com', 'jxOmVIeysG', 'pediatrics');
INSERT INTO ACCOUNTANT (name, email, password) VALUES ('Cory Walker', 'kaitlin79@yahoo.com', 'aLwXYxmXLKOulB');
INSERT INTO DOCTOR (name, email, password, speciality) VALUES ('Cory Walker', 'kaitlin79@yahoo.com', 'aLwXYxmXLKOulB', 'emergency medicine');
INSERT INTO ACCOUNTANT (name, email, password) VALUES ('Paul Davis', 'rcurry@hotmail.com', 'MYMPksfKHBdCwxLldO');
INSERT INTO DOCTOR (name, email, password, speciality) VALUES ('Paul Davis', 'rcurry@hotmail.com', 'MYMPksfKHBdCwxLldO', 'pediatrics');
INSERT INTO ACCOUNTANT (name, email, password) VALUES ('Susan Day', 'waynestevens@yahoo.com', 'MRSNeZqXZXptl');
INSERT INTO DOCTOR (name, email, password, speciality) VALUES ('Susan Day', 'waynestevens@yahoo.com', 'MRSNeZqXZXptl', 'neurology');
INSERT INTO ACCOUNTANT (name, email, password) VALUES ('Austin White', 'ericmurphy@hotmail.com', 'YQgxkiOoe');
INSERT INTO DOCTOR (name, email, password, speciality) VALUES ('Austin White', 'ericmurphy@hotmail.com', 'YQgxkiOoe', 'emergency medicine');
INSERT INTO ACCOUNTANT (name, email, password) VALUES ('Kendra Tucker', 'cjackson@gmail.com', 'eoNUerxYwI');
INSERT INTO DOCTOR (name, email, password, speciality) VALUES ('Kendra Tucker', 'cjackson@gmail.com', 'eoNUerxYwI', 'diagnostic radiology');
INSERT INTO ACCOUNTANT (name, email, password) VALUES ('Michael Davis', 'sandovallarry@gmail.com', 'oJzRqbYbWkqLUG');
INSERT INTO DOCTOR (name, email, password, speciality) VALUES ('Michael Davis', 'sandovallarry@gmail.com', 'oJzRqbYbWkqLUG', 'pediatrics');
INSERT INTO ACCOUNTANT (name, email, password) VALUES ('Cheryl Knox', 'obecker@hotmail.com', 'XwQPlVmRLIa');
INSERT INTO DOCTOR (name, email, password, speciality) VALUES ('Cheryl Knox', 'obecker@hotmail.com', 'XwQPlVmRLIa', 'neurology');
INSERT INTO ACCOUNTANT (name, email, password) VALUES ('Joshua Larson', 'hwilson@gmail.com', 'fDAYlKjDvDF');
INSERT INTO DOCTOR (name, email, password, speciality) VALUES ('Joshua Larson', 'hwilson@gmail.com', 'fDAYlKjDvDF', 'anesthesiology');
INSERT INTO ACCOUNTANT (name, email, password) VALUES ('John Booth', 'waltersjames@yahoo.com', 'BmkAnaea');
INSERT INTO DOCTOR (name, email, password, speciality) VALUES ('John Booth', 'waltersjames@yahoo.com', 'BmkAnaea', 'diagnostic radiology');
INSERT INTO ACCOUNTANT (name, email, password) VALUES ('Sheila Matthews', 'tleon@yahoo.com', 'YuwBgyluMkboAxucOyEi');
INSERT INTO DOCTOR (name, email, password, speciality) VALUES ('Sheila Matthews', 'tleon@yahoo.com', 'YuwBgyluMkboAxucOyEi', 'dermatology');
INSERT INTO ACCOUNTANT (name, email, password) VALUES ('Joshua Sparks', 'romerocatherine@hotmail.com', 'lgqiogXYKE');
INSERT INTO DOCTOR (name, email, password, speciality) VALUES ('Joshua Sparks', 'romerocatherine@hotmail.com', 'lgqiogXYKE', 'anesthesiology');
INSERT INTO ACCOUNTANT (name, email, password) VALUES ('Charles Riley', 'daniellewatson@gmail.com', 'xhDqLueSVj');
INSERT INTO DOCTOR (name, email, password, speciality) VALUES ('Charles Riley', 'daniellewatson@gmail.com', 'xhDqLueSVj', 'family medicine');
INSERT INTO ACCOUNTANT (name, email, password) VALUES ('David Park', 'kimberly32@yahoo.com', 'owyiTZbfk');
INSERT INTO DOCTOR (name, email, password, speciality) VALUES ('David Park', 'kimberly32@yahoo.com', 'owyiTZbfk', 'emergency medicine');
INSERT INTO ACCOUNTANT (name, email, password) VALUES ('Daniel Bennett', 'jasonwelch@gmail.com', 'rRIojcjNBsWEt');
INSERT INTO DOCTOR (name, email, password, speciality) VALUES ('Daniel Bennett', 'jasonwelch@gmail.com', 'rRIojcjNBsWEt', 'neurology');
INSERT INTO ACCOUNTANT (name, email, password) VALUES ('Michael Gibbs', 'joellawrence@hotmail.com', 'tfSzuYZWPDG');
INSERT INTO DOCTOR (name, email, password, speciality) VALUES ('Michael Gibbs', 'joellawrence@hotmail.com', 'tfSzuYZWPDG', 'dermatology');
INSERT INTO ACCOUNTANT (name, email, password) VALUES ('Harold Hickman', 'ysmith@yahoo.com', 'JRlDomGQzOPC');
INSERT INTO DOCTOR (name, email, password, speciality) VALUES ('Harold Hickman', 'ysmith@yahoo.com', 'JRlDomGQzOPC', 'anesthesiology');
INSERT INTO ACCOUNTANT (name, email, password) VALUES ('Paul Olson', 'nealvictoria@yahoo.com', 'ZMdArJKQgbDrnx');
INSERT INTO DOCTOR (name, email, password, speciality) VALUES ('Paul Olson', 'nealvictoria@yahoo.com', 'ZMdArJKQgbDrnx', 'diagnostic radiology');
INSERT INTO ACCOUNTANT (name, email, password) VALUES ('Abigail Lopez', 'josephmurphy@gmail.com', 'QrDrXadsHauKspr');
INSERT INTO DOCTOR (name, email, password, speciality) VALUES ('Abigail Lopez', 'josephmurphy@gmail.com', 'QrDrXadsHauKspr', 'diagnostic radiology');
INSERT INTO ACCOUNTANT (name, email, password) VALUES ('Jeremy Paul', 'daviddavis@gmail.com', 'tVdVEjTSpldaS');
INSERT INTO DOCTOR (name, email, password, speciality) VALUES ('Jeremy Paul', 'daviddavis@gmail.com', 'tVdVEjTSpldaS', 'pediatrics');
INSERT INTO ACCOUNTANT (name, email, password) VALUES ('Robin Waller', 'xgray@gmail.com', 'LNwhnWhc');
INSERT INTO DOCTOR (name, email, password, speciality) VALUES ('Robin Waller', 'xgray@gmail.com', 'LNwhnWhc', 'family medicine');
INSERT INTO ACCOUNTANT (name, email, password) VALUES ('Keith Mitchell', 'vvalenzuela@hotmail.com', 'izcsQblWkBTYujumme');
INSERT INTO DOCTOR (name, email, password, speciality) VALUES ('Keith Mitchell', 'vvalenzuela@hotmail.com', 'izcsQblWkBTYujumme', 'family medicine');
INSERT INTO ACCOUNTANT (name, email, password) VALUES ('Tina Wallace', 'thomasdorothy@hotmail.com', 'SAdVIigbNBVELaVTD');
INSERT INTO DOCTOR (name, email, password, speciality) VALUES ('Tina Wallace', 'thomasdorothy@hotmail.com', 'SAdVIigbNBVELaVTD', 'neurology');
INSERT INTO ACCOUNTANT (name, email, password) VALUES ('Aaron Rivera', 'ruth37@yahoo.com', 'cmSJOOprVbewKSjeUDu');
INSERT INTO DOCTOR (name, email, password, speciality) VALUES ('Aaron Rivera', 'ruth37@yahoo.com', 'cmSJOOprVbewKSjeUDu', 'anesthesiology');
INSERT INTO ACCOUNTANT (name, email, password) VALUES ('Kristina Raymond', 'egraham@hotmail.com', 'gWvqNhYWHRTYR');
INSERT INTO DOCTOR (name, email, password, speciality) VALUES ('Kristina Raymond', 'egraham@hotmail.com', 'gWvqNhYWHRTYR', 'family medicine');
INSERT INTO ACCOUNTANT (name, email, password) VALUES ('Richard Cortez', 'juliaking@gmail.com', 'MSZpIGpgR');
INSERT INTO DOCTOR (name, email, password, speciality) VALUES ('Richard Cortez', 'juliaking@gmail.com', 'MSZpIGpgR', 'diagnostic radiology');
INSERT INTO ACCOUNTANT (name, email, password) VALUES ('Thomas Kelly', 'derek00@gmail.com', 'CMqDRkKUZXuYnILiWHR');
INSERT INTO DOCTOR (name, email, password, speciality) VALUES ('Thomas Kelly', 'derek00@gmail.com', 'CMqDRkKUZXuYnILiWHR', 'dermatology');
INSERT INTO ACCOUNTANT (name, email, password) VALUES ('Sandra Chavez', 'floressuzanne@yahoo.com', 'RggFTexxMQrylzQo');
INSERT INTO DOCTOR (name, email, password, speciality) VALUES ('Sandra Chavez', 'floressuzanne@yahoo.com', 'RggFTexxMQrylzQo', 'anesthesiology');
INSERT INTO ACCOUNTANT (name, email, password) VALUES ('Misty Walker', 'bradleymoran@hotmail.com', 'qJUYEgPPbsDOO');
INSERT INTO DOCTOR (name, email, password, speciality) VALUES ('Misty Walker', 'bradleymoran@hotmail.com', 'qJUYEgPPbsDOO', 'diagnostic radiology');
INSERT INTO ACCOUNTANT (name, email, password) VALUES ('Laura Smith', 'steven34@hotmail.com', 'FlSlqQMnZxozmlIVkM');
INSERT INTO DOCTOR (name, email, password, speciality) VALUES ('Laura Smith', 'steven34@hotmail.com', 'FlSlqQMnZxozmlIVkM', 'anesthesiology');
INSERT INTO ACCOUNTANT (name, email, password) VALUES ('Mr. Daniel Fuller', 'flemingteresa@hotmail.com', 'ZmCEvJrWSGzhsa');
INSERT INTO DOCTOR (name, email, password, speciality) VALUES ('Mr. Daniel Fuller', 'flemingteresa@hotmail.com', 'ZmCEvJrWSGzhsa', 'pediatrics');
INSERT INTO ACCOUNTANT (name, email, password) VALUES ('Brian Johnson', 'danielfarmer@yahoo.com', 'IekWSNLfNsAIcFoXTML');
INSERT INTO DOCTOR (name, email, password, speciality) VALUES ('Brian Johnson', 'danielfarmer@yahoo.com', 'IekWSNLfNsAIcFoXTML', 'diagnostic radiology');
INSERT INTO ACCOUNTANT (name, email, password) VALUES ('Samuel Harrington', 'lopeztimothy@yahoo.com', 'gaxFbuNyjcWsy');
INSERT INTO DOCTOR (name, email, password, speciality) VALUES ('Samuel Harrington', 'lopeztimothy@yahoo.com', 'gaxFbuNyjcWsy', 'emergency medicine');
INSERT INTO ACCOUNTANT (name, email, password) VALUES ('Brent Avila', 'ggomez@hotmail.com', 'lCvrPvIHxKnYmpNG');
INSERT INTO DOCTOR (name, email, password, speciality) VALUES ('Brent Avila', 'ggomez@hotmail.com', 'lCvrPvIHxKnYmpNG', 'dermatology');
INSERT INTO ACCOUNTANT (name, email, password) VALUES ('Daniel Nichols', 'scottlee@yahoo.com', 'uvlhEmsSrlVo');
INSERT INTO DOCTOR (name, email, password, speciality) VALUES ('Daniel Nichols', 'scottlee@yahoo.com', 'uvlhEmsSrlVo', 'diagnostic radiology');
INSERT INTO ACCOUNTANT (name, email, password) VALUES ('Mallory Peterson', 'garcialisa@gmail.com', 'RcJdfkbXRUSRAnZDNJyA');
INSERT INTO DOCTOR (name, email, password, speciality) VALUES ('Mallory Peterson', 'garcialisa@gmail.com', 'RcJdfkbXRUSRAnZDNJyA', 'pediatrics');
INSERT INTO ACCOUNTANT (name, email, password) VALUES ('Tammy Hamilton', 'agriffin@hotmail.com', 'lGCQVtFDGQlNi');
INSERT INTO DOCTOR (name, email, password, speciality) VALUES ('Tammy Hamilton', 'agriffin@hotmail.com', 'lGCQVtFDGQlNi', 'emergency medicine');
INSERT INTO ACCOUNTANT (name, email, password) VALUES ('Donald Hobbs', 'taguirre@yahoo.com', 'LAegFLFtH');
INSERT INTO DOCTOR (name, email, password, speciality) VALUES ('Donald Hobbs', 'taguirre@yahoo.com', 'LAegFLFtH', 'family medicine');
INSERT INTO ACCOUNTANT (name, email, password) VALUES ('Douglas Hamilton', 'traceyhayes@hotmail.com', 'MQOjyzTVPThQIwv');
INSERT INTO DOCTOR (name, email, password, speciality) VALUES ('Douglas Hamilton', 'traceyhayes@hotmail.com', 'MQOjyzTVPThQIwv', 'pediatrics');
INSERT INTO ACCOUNTANT (name, email, password) VALUES ('Mallory Lowery', 'marywilliams@yahoo.com', 'yNbHDcWfYbtbZqLSIYBq');
INSERT INTO DOCTOR (name, email, password, speciality) VALUES ('Mallory Lowery', 'marywilliams@yahoo.com', 'yNbHDcWfYbtbZqLSIYBq', 'diagnostic radiology');
INSERT INTO ACCOUNTANT (name, email, password) VALUES ('Kristin Burton', 'andrewwebster@hotmail.com', 'ByiIomyaDtUGL');
INSERT INTO DOCTOR (name, email, password, speciality) VALUES ('Kristin Burton', 'andrewwebster@hotmail.com', 'ByiIomyaDtUGL', 'neurology');
INSERT INTO ACCOUNTANT (name, email, password) VALUES ('Stephanie Collins', 'udavis@gmail.com', 'DHSjsllCxLh');
INSERT INTO DOCTOR (name, email, password, speciality) VALUES ('Stephanie Collins', 'udavis@gmail.com', 'DHSjsllCxLh', 'emergency medicine');
INSERT INTO ACCOUNTANT (name, email, password) VALUES ('Christopher Chambers', 'savageelaine@hotmail.com', 'KmEjAatXdI');
INSERT INTO DOCTOR (name, email, password, speciality) VALUES ('Christopher Chambers', 'savageelaine@hotmail.com', 'KmEjAatXdI', 'diagnostic radiology');
INSERT INTO ACCOUNTANT (name, email, password) VALUES ('Jessica Jefferson', 'marshholly@hotmail.com', 'iuGvErgTccjo');
INSERT INTO DOCTOR (name, email, password, speciality) VALUES ('Jessica Jefferson', 'marshholly@hotmail.com', 'iuGvErgTccjo', 'dermatology');
INSERT INTO ACCOUNTANT (name, email, password) VALUES ('Katherine Gibson', 'jeremyjones@yahoo.com', 'QkXfXBunld');
INSERT INTO DOCTOR (name, email, password, speciality) VALUES ('Katherine Gibson', 'jeremyjones@yahoo.com', 'QkXfXBunld', 'anesthesiology');
INSERT INTO ACCOUNTANT (name, email, password) VALUES ('Mike Davis', 'mckenziebradley@hotmail.com', 'OngqTDgU');
INSERT INTO DOCTOR (name, email, password, speciality) VALUES ('Mike Davis', 'mckenziebradley@hotmail.com', 'OngqTDgU', 'pediatrics');
INSERT INTO ACCOUNTANT (name, email, password) VALUES ('Kimberly Young', 'xhahn@hotmail.com', 'eUyNRzKIQGtKvP');
INSERT INTO DOCTOR (name, email, password, speciality) VALUES ('Kimberly Young', 'xhahn@hotmail.com', 'eUyNRzKIQGtKvP', 'neurology');
INSERT INTO ACCOUNTANT (name, email, password) VALUES ('Patricia Carpenter', 'cooperjacob@gmail.com', 'ylbvwTnOVgCWe');
INSERT INTO DOCTOR (name, email, password, speciality) VALUES ('Patricia Carpenter', 'cooperjacob@gmail.com', 'ylbvwTnOVgCWe', 'dermatology');
INSERT INTO ACCOUNTANT (name, email, password) VALUES ('Karen Fuentes', 'kenneth04@gmail.com', 'OoDMWBPnYYcqwaG');
INSERT INTO DOCTOR (name, email, password, speciality) VALUES ('Karen Fuentes', 'kenneth04@gmail.com', 'OoDMWBPnYYcqwaG', 'anesthesiology');
INSERT INTO ACCOUNTANT (name, email, password) VALUES ('Gary Huber', 'hamiltonlindsey@yahoo.com', 'YdqPDGMHHu');
INSERT INTO DOCTOR (name, email, password, speciality) VALUES ('Gary Huber', 'hamiltonlindsey@yahoo.com', 'YdqPDGMHHu', 'pediatrics');
INSERT INTO ACCOUNTANT (name, email, password) VALUES ('Dave Yang', 'michael66@yahoo.com', 'fCJfmbzx');
INSERT INTO DOCTOR (name, email, password, speciality) VALUES ('Dave Yang', 'michael66@yahoo.com', 'fCJfmbzx', 'pediatrics');
INSERT INTO ACCOUNTANT (name, email, password) VALUES ('Sharon Marshall', 'ismith@yahoo.com', 'MPVHaVifxLFl');
INSERT INTO DOCTOR (name, email, password, speciality) VALUES ('Sharon Marshall', 'ismith@yahoo.com', 'MPVHaVifxLFl', 'family medicine');
INSERT INTO ACCOUNTANT (name, email, password) VALUES ('Brandy Bradley', 'susan16@yahoo.com', 'dPrLAOJWVcKQ');
INSERT INTO DOCTOR (name, email, password, speciality) VALUES ('Brandy Bradley', 'susan16@yahoo.com', 'dPrLAOJWVcKQ', 'pediatrics');
INSERT INTO ACCOUNTANT (name, email, password) VALUES ('Mark Lopez', 'elizabethnguyen@hotmail.com', 'nwTAZAVynmyyXZpBGxfR');
INSERT INTO DOCTOR (name, email, password, speciality) VALUES ('Mark Lopez', 'elizabethnguyen@hotmail.com', 'nwTAZAVynmyyXZpBGxfR', 'diagnostic radiology');
INSERT INTO ACCOUNTANT (name, email, password) VALUES ('Diana Blair', 'carrie30@yahoo.com', 'VSzJhrlEj');
INSERT INTO DOCTOR (name, email, password, speciality) VALUES ('Diana Blair', 'carrie30@yahoo.com', 'VSzJhrlEj', 'pediatrics');
INSERT INTO ACCOUNTANT (name, email, password) VALUES ('Amy Vargas', 'lrobinson@gmail.com', 'aIWQwojdI');
INSERT INTO DOCTOR (name, email, password, speciality) VALUES ('Amy Vargas', 'lrobinson@gmail.com', 'aIWQwojdI', 'neurology');
INSERT INTO ACCOUNTANT (name, email, password) VALUES ('Nicholas Cox', 'yperez@yahoo.com', 'TOvXlajUCWWOaviWvH');
INSERT INTO DOCTOR (name, email, password, speciality) VALUES ('Nicholas Cox', 'yperez@yahoo.com', 'TOvXlajUCWWOaviWvH', 'family medicine');
INSERT INTO ACCOUNTANT (name, email, password) VALUES ('Nathan Raymond', 'prodriguez@gmail.com', 'zkcWjcvdNaEwOyu');
INSERT INTO DOCTOR (name, email, password, speciality) VALUES ('Nathan Raymond', 'prodriguez@gmail.com', 'zkcWjcvdNaEwOyu', 'dermatology');
INSERT INTO ACCOUNTANT (name, email, password) VALUES ('Derek Gross', 'bullockclinton@gmail.com', 'VniBgIdM');
INSERT INTO DOCTOR (name, email, password, speciality) VALUES ('Derek Gross', 'bullockclinton@gmail.com', 'VniBgIdM', 'dermatology');
INSERT INTO ACCOUNTANT (name, email, password) VALUES ('Brooke Gutierrez', 'pmoran@hotmail.com', 'qlXVakVTGHbBnciqGW');
INSERT INTO DOCTOR (name, email, password, speciality) VALUES ('Brooke Gutierrez', 'pmoran@hotmail.com', 'qlXVakVTGHbBnciqGW', 'diagnostic radiology');
INSERT INTO ACCOUNTANT (name, email, password) VALUES ('Christopher Cameron', 'rosejessica@yahoo.com', 'tNBXXvZnmMoXE');
INSERT INTO DOCTOR (name, email, password, speciality) VALUES ('Christopher Cameron', 'rosejessica@yahoo.com', 'tNBXXvZnmMoXE', 'neurology');
INSERT INTO ACCOUNTANT (name, email, password) VALUES ('Travis White', 'wallacejulie@hotmail.com', 'tQuTojjYgX');
INSERT INTO DOCTOR (name, email, password, speciality) VALUES ('Travis White', 'wallacejulie@hotmail.com', 'tQuTojjYgX', 'family medicine');
INSERT INTO ACCOUNTANT (name, email, password) VALUES ('Sheila Moore', 'dyerjeffery@hotmail.com', 'wlbRNORK');
INSERT INTO DOCTOR (name, email, password, speciality) VALUES ('Sheila Moore', 'dyerjeffery@hotmail.com', 'wlbRNORK', 'family medicine');
INSERT INTO ACCOUNTANT (name, email, password) VALUES ('Andrea Rodriguez', 'cyoung@yahoo.com', 'wqduUkeH');
INSERT INTO DOCTOR (name, email, password, speciality) VALUES ('Andrea Rodriguez', 'cyoung@yahoo.com', 'wqduUkeH', 'emergency medicine');
INSERT INTO ACCOUNTANT (name, email, password) VALUES ('Tommy Rosales', 'cjames@yahoo.com', 'ZtZTyaLYFnxsdHleEwku');
INSERT INTO DOCTOR (name, email, password, speciality) VALUES ('Tommy Rosales', 'cjames@yahoo.com', 'ZtZTyaLYFnxsdHleEwku', 'emergency medicine');
INSERT INTO ACCOUNTANT (name, email, password) VALUES ('Patricia Zimmerman', 'michaelrussell@hotmail.com', 'oWpufGjTRwDyQFriBh');
INSERT INTO DOCTOR (name, email, password, speciality) VALUES ('Patricia Zimmerman', 'michaelrussell@hotmail.com', 'oWpufGjTRwDyQFriBh', 'pediatrics');
INSERT INTO ACCOUNTANT (name, email, password) VALUES ('Rose Underwood', 'richardwallace@hotmail.com', 'MGZrWvMJEItuk');
INSERT INTO DOCTOR (name, email, password, speciality) VALUES ('Rose Underwood', 'richardwallace@hotmail.com', 'MGZrWvMJEItuk', 'pediatrics');
INSERT INTO ACCOUNTANT (name, email, password) VALUES ('Holly Montgomery', 'twebb@gmail.com', 'STzroTVolPJ');
INSERT INTO DOCTOR (name, email, password, speciality) VALUES ('Holly Montgomery', 'twebb@gmail.com', 'STzroTVolPJ', 'family medicine');
INSERT INTO ACCOUNTANT (name, email, password) VALUES ('Dr. William Wallace', 'erica14@gmail.com', 'rMbJoSsLkxvNmiXcf');
INSERT INTO DOCTOR (name, email, password, speciality) VALUES ('Dr. William Wallace', 'erica14@gmail.com', 'rMbJoSsLkxvNmiXcf', 'emergency medicine');
INSERT INTO ACCOUNTANT (name, email, password) VALUES ('Victor Hill', 'wileymiguel@gmail.com', 'vTOGkUyJcMXweAGJ');
INSERT INTO DOCTOR (name, email, password, speciality) VALUES ('Victor Hill', 'wileymiguel@gmail.com', 'vTOGkUyJcMXweAGJ', 'diagnostic radiology');
INSERT INTO ACCOUNTANT (name, email, password) VALUES ('Jessica Anderson', 'elizabethkelly@yahoo.com', 'ChKZAPuizWGdKWiJPc');
INSERT INTO DOCTOR (name, email, password, speciality) VALUES ('Jessica Anderson', 'elizabethkelly@yahoo.com', 'ChKZAPuizWGdKWiJPc', 'anesthesiology');
INSERT INTO ACCOUNTANT (name, email, password) VALUES ('John Kent', 'zcole@hotmail.com', 'zjkEOkeNHaveqp');
INSERT INTO DOCTOR (name, email, password, speciality) VALUES ('John Kent', 'zcole@hotmail.com', 'zjkEOkeNHaveqp', 'neurology');
INSERT INTO ACCOUNTANT (name, email, password) VALUES ('Paul Scott', 'villaeric@gmail.com', 'LxUsFvCmOIebekQe');
INSERT INTO DOCTOR (name, email, password, speciality) VALUES ('Paul Scott', 'villaeric@gmail.com', 'LxUsFvCmOIebekQe', 'anesthesiology');
INSERT INTO ACCOUNTANT (name, email, password) VALUES ('Janet Simmons', 'harringtonlaura@gmail.com', 'FnudtHVjdDJIEG');
INSERT INTO DOCTOR (name, email, password, speciality) VALUES ('Janet Simmons', 'harringtonlaura@gmail.com', 'FnudtHVjdDJIEG', 'family medicine');
INSERT INTO ACCOUNTANT (name, email, password) VALUES ('Daniel Shah', 'andrearichards@yahoo.com', 'TjqtQMLXBgNpPHNI');
INSERT INTO DOCTOR (name, email, password, speciality) VALUES ('Daniel Shah', 'andrearichards@yahoo.com', 'TjqtQMLXBgNpPHNI', 'emergency medicine');
INSERT INTO ACCOUNTANT (name, email, password) VALUES ('Samuel Brown', 'ryanamanda@yahoo.com', 'spWUnIlPYUJcgwZpU');
INSERT INTO DOCTOR (name, email, password, speciality) VALUES ('Samuel Brown', 'ryanamanda@yahoo.com', 'spWUnIlPYUJcgwZpU', 'diagnostic radiology');
INSERT INTO ACCOUNTANT (name, email, password) VALUES ('Jay Valdez', 'thomasdylan@hotmail.com', 'OYCriOcFVFgVUcndoER');
INSERT INTO DOCTOR (name, email, password, speciality) VALUES ('Jay Valdez', 'thomasdylan@hotmail.com', 'OYCriOcFVFgVUcndoER', 'anesthesiology');
INSERT INTO ACCOUNTANT (name, email, password) VALUES ('Stephanie Jones', 'zfitzgerald@yahoo.com', 'IQnfzMoFRDhwtpEtqw');
INSERT INTO DOCTOR (name, email, password, speciality) VALUES ('Stephanie Jones', 'zfitzgerald@yahoo.com', 'IQnfzMoFRDhwtpEtqw', 'diagnostic radiology');
INSERT INTO ACCOUNTANT (name, email, password) VALUES ('Martin Torres', 'christine14@gmail.com', 'KPPxwYaVsI');
INSERT INTO DOCTOR (name, email, password, speciality) VALUES ('Martin Torres', 'christine14@gmail.com', 'KPPxwYaVsI', 'pediatrics');
INSERT INTO ACCOUNTANT (name, email, password) VALUES ('Tyler Montoya', 'carrollalison@yahoo.com', 'TOtsZpFQndRfNo');
INSERT INTO DOCTOR (name, email, password, speciality) VALUES ('Tyler Montoya', 'carrollalison@yahoo.com', 'TOtsZpFQndRfNo', 'anesthesiology');
INSERT INTO ACCOUNTANT (name, email, password) VALUES ('Sara Miller', 'umarshall@hotmail.com', 'euxgqPfdncprtjmI');
INSERT INTO DOCTOR (name, email, password, speciality) VALUES ('Sara Miller', 'umarshall@hotmail.com', 'euxgqPfdncprtjmI', 'neurology');
INSERT INTO ACCOUNTANT (name, email, password) VALUES ('Derek Bryant', 'castilloheather@yahoo.com', 'DlJQXssmkm');
INSERT INTO DOCTOR (name, email, password, speciality) VALUES ('Derek Bryant', 'castilloheather@yahoo.com', 'DlJQXssmkm', 'family medicine');
INSERT INTO ACCOUNTANT (name, email, password) VALUES ('James Garcia', 'fernandezeric@yahoo.com', 'guwLRYzH');
INSERT INTO DOCTOR (name, email, password, speciality) VALUES ('James Garcia', 'fernandezeric@yahoo.com', 'guwLRYzH', 'neurology');
INSERT INTO ACCOUNTANT (name, email, password) VALUES ('Zachary Copeland', 'theresa60@hotmail.com', 'CSwoNFdZDBdnsml');
INSERT INTO DOCTOR (name, email, password, speciality) VALUES ('Zachary Copeland', 'theresa60@hotmail.com', 'CSwoNFdZDBdnsml', 'emergency medicine');
INSERT INTO ACCOUNTANT (name, email, password) VALUES ('John Mckinney', 'lclark@hotmail.com', 'ViJnkmGbnFVbQ');
INSERT INTO DOCTOR (name, email, password, speciality) VALUES ('John Mckinney', 'lclark@hotmail.com', 'ViJnkmGbnFVbQ', 'anesthesiology');
INSERT INTO ACCOUNTANT (name, email, password) VALUES ('Kayla King', 'angelakim@hotmail.com', 'jyyOuaZIHmcuQUJdNecA');
INSERT INTO DOCTOR (name, email, password, speciality) VALUES ('Kayla King', 'angelakim@hotmail.com', 'jyyOuaZIHmcuQUJdNecA', 'anesthesiology');
INSERT INTO ACCOUNTANT (name, email, password) VALUES ('Jesse Miranda', 'davidrice@gmail.com', 'PmvZPZQSleggfJjGzsvb');
INSERT INTO DOCTOR (name, email, password, speciality) VALUES ('Jesse Miranda', 'davidrice@gmail.com', 'PmvZPZQSleggfJjGzsvb', 'anesthesiology');
INSERT INTO ACCOUNTANT (name, email, password) VALUES ('Brenda Jones', 'destinyhudson@gmail.com', 'ZHIIAHPZfELOpe');
INSERT INTO DOCTOR (name, email, password, speciality) VALUES ('Brenda Jones', 'destinyhudson@gmail.com', 'ZHIIAHPZfELOpe', 'family medicine');
INSERT INTO ACCOUNTANT (name, email, password) VALUES ('John Thompson', 'kreyes@yahoo.com', 'fuKCflapcePOZvp');
INSERT INTO DOCTOR (name, email, password, speciality) VALUES ('John Thompson', 'kreyes@yahoo.com', 'fuKCflapcePOZvp', 'anesthesiology');
INSERT INTO ACCOUNTANT (name, email, password) VALUES ('Emily Roberts', 'staceylucas@yahoo.com', 'VcUwEUDhWmPcfqYyBQsw');
INSERT INTO DOCTOR (name, email, password, speciality) VALUES ('Emily Roberts', 'staceylucas@yahoo.com', 'VcUwEUDhWmPcfqYyBQsw', 'dermatology');
INSERT INTO ACCOUNTANT (name, email, password) VALUES ('Calvin Harvey', 'arobbins@gmail.com', 'GUfgvOTYD');
INSERT INTO DOCTOR (name, email, password, speciality) VALUES ('Calvin Harvey', 'arobbins@gmail.com', 'GUfgvOTYD', 'family medicine');
INSERT INTO ACCOUNTANT (name, email, password) VALUES ('Shannon Moss', 'shawn21@hotmail.com', 'YncvHFJqMtZBr');
INSERT INTO DOCTOR (name, email, password, speciality) VALUES ('Shannon Moss', 'shawn21@hotmail.com', 'YncvHFJqMtZBr', 'pediatrics');
INSERT INTO ACCOUNTANT (name, email, password) VALUES ('Sharon Gomez', 'chendanielle@hotmail.com', 'vUJFmIIXcbLPuuKkhKt');
INSERT INTO DOCTOR (name, email, password, speciality) VALUES ('Sharon Gomez', 'chendanielle@hotmail.com', 'vUJFmIIXcbLPuuKkhKt', 'emergency medicine');
INSERT INTO ACCOUNTANT (name, email, password) VALUES ('Kimberly Costa', 'neilterrell@hotmail.com', 'mShCEOva');
INSERT INTO DOCTOR (name, email, password, speciality) VALUES ('Kimberly Costa', 'neilterrell@hotmail.com', 'mShCEOva', 'pediatrics');
INSERT INTO ACCOUNTANT (name, email, password) VALUES ('Cory Simpson', 'davismiguel@yahoo.com', 'TRmlUVUvzJBXLxIpstov');
INSERT INTO DOCTOR (name, email, password, speciality) VALUES ('Cory Simpson', 'davismiguel@yahoo.com', 'TRmlUVUvzJBXLxIpstov', 'emergency medicine');
INSERT INTO ACCOUNTANT (name, email, password) VALUES ('Michael Sandoval', 'adambrown@yahoo.com', 'plQBOLfFEiTqI');
INSERT INTO DOCTOR (name, email, password, speciality) VALUES ('Michael Sandoval', 'adambrown@yahoo.com', 'plQBOLfFEiTqI', 'emergency medicine');
INSERT INTO ACCOUNTANT (name, email, password) VALUES ('Sharon Sanders', 'deborahwagner@yahoo.com', 'MPWPPqTTawaIaE');
INSERT INTO DOCTOR (name, email, password, speciality) VALUES ('Sharon Sanders', 'deborahwagner@yahoo.com', 'MPWPPqTTawaIaE', 'anesthesiology');
INSERT INTO ACCOUNTANT (name, email, password) VALUES ('Ray Patel', 'maria09@gmail.com', 'TflqaVXAUyiaGrU');
INSERT INTO DOCTOR (name, email, password, speciality) VALUES ('Ray Patel', 'maria09@gmail.com', 'TflqaVXAUyiaGrU', 'diagnostic radiology');
INSERT INTO ACCOUNTANT (name, email, password) VALUES ('Thomas Sanford', 'fmarshall@hotmail.com', 'aqVEDNNbrCrLraVK');
INSERT INTO DOCTOR (name, email, password, speciality) VALUES ('Thomas Sanford', 'fmarshall@hotmail.com', 'aqVEDNNbrCrLraVK', 'diagnostic radiology');
INSERT INTO ACCOUNTANT (name, email, password) VALUES ('Chad Carter', 'astewart@hotmail.com', 'WRfymPQVSNga');
INSERT INTO DOCTOR (name, email, password, speciality) VALUES ('Chad Carter', 'astewart@hotmail.com', 'WRfymPQVSNga', 'family medicine');
INSERT INTO ACCOUNTANT (name, email, password) VALUES ('Joanna Green', 'clairejohnson@hotmail.com', 'xIXPNboVLlDabQWZYnrm');
INSERT INTO DOCTOR (name, email, password, speciality) VALUES ('Joanna Green', 'clairejohnson@hotmail.com', 'xIXPNboVLlDabQWZYnrm', 'pediatrics');
INSERT INTO ACCOUNTANT (name, email, password) VALUES ('Nicholas Hernandez', 'pbruce@gmail.com', 'bAMcREXFPqkiMr');
INSERT INTO DOCTOR (name, email, password, speciality) VALUES ('Nicholas Hernandez', 'pbruce@gmail.com', 'bAMcREXFPqkiMr', 'emergency medicine');
INSERT INTO ACCOUNTANT (name, email, password) VALUES ('Danielle Delacruz', 'kmooney@yahoo.com', 'jIyhBRiHeutPodHHl');
INSERT INTO DOCTOR (name, email, password, speciality) VALUES ('Danielle Delacruz', 'kmooney@yahoo.com', 'jIyhBRiHeutPodHHl', 'neurology');
INSERT INTO ACCOUNTANT (name, email, password) VALUES ('Sarah Kelley', 'allison90@yahoo.com', 'DMqfDiyJre');
INSERT INTO DOCTOR (name, email, password, speciality) VALUES ('Sarah Kelley', 'allison90@yahoo.com', 'DMqfDiyJre', 'diagnostic radiology');
INSERT INTO ACCOUNTANT (name, email, password) VALUES ('Lindsey Gutierrez', 'nathaniellee@yahoo.com', 'GrMKMwIhIiNnjQYS');
INSERT INTO DOCTOR (name, email, password, speciality) VALUES ('Lindsey Gutierrez', 'nathaniellee@yahoo.com', 'GrMKMwIhIiNnjQYS', 'pediatrics');
INSERT INTO ACCOUNTANT (name, email, password) VALUES ('David Vaughn', 'tracy27@gmail.com', 'gvjejaQkVwFcPeqfVV');
INSERT INTO DOCTOR (name, email, password, speciality) VALUES ('David Vaughn', 'tracy27@gmail.com', 'gvjejaQkVwFcPeqfVV', 'pediatrics');
INSERT INTO ACCOUNTANT (name, email, password) VALUES ('Lindsey Hall', 'douglasmorse@yahoo.com', 'FghOJoVUL');
INSERT INTO DOCTOR (name, email, password, speciality) VALUES ('Lindsey Hall', 'douglasmorse@yahoo.com', 'FghOJoVUL', 'pediatrics');
INSERT INTO ACCOUNTANT (name, email, password) VALUES ('Nicole Smith', 'clarkemark@hotmail.com', 'pDeUgFCKCwSlX');
INSERT INTO DOCTOR (name, email, password, speciality) VALUES ('Nicole Smith', 'clarkemark@hotmail.com', 'pDeUgFCKCwSlX', 'pediatrics');
INSERT INTO ACCOUNTANT (name, email, password) VALUES ('Mitchell Kramer', 'markrichardson@gmail.com', 'IfBxatufTNe');
INSERT INTO DOCTOR (name, email, password, speciality) VALUES ('Mitchell Kramer', 'markrichardson@gmail.com', 'IfBxatufTNe', 'pediatrics');
INSERT INTO ACCOUNTANT (name, email, password) VALUES ('Jonathan Freeman', 'melanie09@yahoo.com', 'ZaQBpMrVjpsU');
INSERT INTO DOCTOR (name, email, password, speciality) VALUES ('Jonathan Freeman', 'melanie09@yahoo.com', 'ZaQBpMrVjpsU', 'emergency medicine');
INSERT INTO ACCOUNTANT (name, email, password) VALUES ('Gary Holmes', 'dspencer@hotmail.com', 'LYkisMwDMWALVB');
INSERT INTO DOCTOR (name, email, password, speciality) VALUES ('Gary Holmes', 'dspencer@hotmail.com', 'LYkisMwDMWALVB', 'anesthesiology');
INSERT INTO ACCOUNTANT (name, email, password) VALUES ('Joshua Gonzalez', 'dawn30@hotmail.com', 'OJkbrwjIIVWicysg');
INSERT INTO DOCTOR (name, email, password, speciality) VALUES ('Joshua Gonzalez', 'dawn30@hotmail.com', 'OJkbrwjIIVWicysg', 'anesthesiology');
INSERT INTO ACCOUNTANT (name, email, password) VALUES ('Kelly Phillips', 'alan32@hotmail.com', 'TqEZMYLpW');
INSERT INTO DOCTOR (name, email, password, speciality) VALUES ('Kelly Phillips', 'alan32@hotmail.com', 'TqEZMYLpW', 'dermatology');
INSERT INTO ACCOUNTANT (name, email, password) VALUES ('Cheryl Murray', 'zstevens@yahoo.com', 'fmgoFJnskmyjKSJAZN');
INSERT INTO DOCTOR (name, email, password, speciality) VALUES ('Cheryl Murray', 'zstevens@yahoo.com', 'fmgoFJnskmyjKSJAZN', 'dermatology');
INSERT INTO ACCOUNTANT (name, email, password) VALUES ('Casey Miller', 'geraldharris@hotmail.com', 'ceYzsDolwrhBwDOluBR');
INSERT INTO DOCTOR (name, email, password, speciality) VALUES ('Casey Miller', 'geraldharris@hotmail.com', 'ceYzsDolwrhBwDOluBR', 'dermatology');
INSERT INTO ACCOUNTANT (name, email, password) VALUES ('Brian Lewis', 'bmoore@hotmail.com', 'IAWCTzlIGrK');
INSERT INTO DOCTOR (name, email, password, speciality) VALUES ('Brian Lewis', 'bmoore@hotmail.com', 'IAWCTzlIGrK', 'pediatrics');
INSERT INTO ACCOUNTANT (name, email, password) VALUES ('Nicholas Lewis', 'yvette08@gmail.com', 'wOdCPKBVtrjgMGZTsAO');
INSERT INTO DOCTOR (name, email, password, speciality) VALUES ('Nicholas Lewis', 'yvette08@gmail.com', 'wOdCPKBVtrjgMGZTsAO', 'pediatrics');
INSERT INTO ACCOUNTANT (name, email, password) VALUES ('Mark Hill', 'cindyallen@hotmail.com', 'AutpfYmweQh');
INSERT INTO DOCTOR (name, email, password, speciality) VALUES ('Mark Hill', 'cindyallen@hotmail.com', 'AutpfYmweQh', 'dermatology');
INSERT INTO ACCOUNTANT (name, email, password) VALUES ('Amber Wheeler', 'kevintodd@hotmail.com', 'SRhBLLaOpfaIDSP');
INSERT INTO DOCTOR (name, email, password, speciality) VALUES ('Amber Wheeler', 'kevintodd@hotmail.com', 'SRhBLLaOpfaIDSP', 'diagnostic radiology');
INSERT INTO ACCOUNTANT (name, email, password) VALUES ('Nicole Price', 'hjohnson@hotmail.com', 'uaHNilBxUnNFEP');
INSERT INTO DOCTOR (name, email, password, speciality) VALUES ('Nicole Price', 'hjohnson@hotmail.com', 'uaHNilBxUnNFEP', 'emergency medicine');
INSERT INTO ACCOUNTANT (name, email, password) VALUES ('Marissa Werner', 'michael74@yahoo.com', 'WVliyEuzSbq');
INSERT INTO DOCTOR (name, email, password, speciality) VALUES ('Marissa Werner', 'michael74@yahoo.com', 'WVliyEuzSbq', 'pediatrics');
INSERT INTO ACCOUNTANT (name, email, password) VALUES ('Jordan Krause', 'browncatherine@yahoo.com', 'MoEnNCrhEtEgtVJ');
INSERT INTO DOCTOR (name, email, password, speciality) VALUES ('Jordan Krause', 'browncatherine@yahoo.com', 'MoEnNCrhEtEgtVJ', 'diagnostic radiology');
INSERT INTO ACCOUNTANT (name, email, password) VALUES ('Veronica Evans', 'greeredward@yahoo.com', 'CvIOAoTPjcJIjKPNKsY');
INSERT INTO DOCTOR (name, email, password, speciality) VALUES ('Veronica Evans', 'greeredward@yahoo.com', 'CvIOAoTPjcJIjKPNKsY', 'pediatrics');
INSERT INTO ACCOUNTANT (name, email, password) VALUES ('Lisa Jacobs', 'kingheidi@gmail.com', 'mbWFOnRODxuaclk');
INSERT INTO DOCTOR (name, email, password, speciality) VALUES ('Lisa Jacobs', 'kingheidi@gmail.com', 'mbWFOnRODxuaclk', 'anesthesiology');
INSERT INTO ACCOUNTANT (name, email, password) VALUES ('Edward Frank', 'shannonbird@yahoo.com', 'rtUgJHWAG');
INSERT INTO DOCTOR (name, email, password, speciality) VALUES ('Edward Frank', 'shannonbird@yahoo.com', 'rtUgJHWAG', 'dermatology');
INSERT INTO ACCOUNTANT (name, email, password) VALUES ('Mrs. Grace Lewis', 'orozcoamanda@yahoo.com', 'cHOyteQuZFgliaNQofFo');
INSERT INTO DOCTOR (name, email, password, speciality) VALUES ('Mrs. Grace Lewis', 'orozcoamanda@yahoo.com', 'cHOyteQuZFgliaNQofFo', 'anesthesiology');
INSERT INTO ACCOUNTANT (name, email, password) VALUES ('Lindsey Johnson', 'sanchezkatelyn@yahoo.com', 'KSkrFwSUAadRYM');
INSERT INTO DOCTOR (name, email, password, speciality) VALUES ('Lindsey Johnson', 'sanchezkatelyn@yahoo.com', 'KSkrFwSUAadRYM', 'dermatology');
INSERT INTO ACCOUNTANT (name, email, password) VALUES ('Daisy Lam', 'josephmartin@gmail.com', 'sKAVwfpUfGBFeqMAl');
INSERT INTO DOCTOR (name, email, password, speciality) VALUES ('Daisy Lam', 'josephmartin@gmail.com', 'sKAVwfpUfGBFeqMAl', 'pediatrics');
INSERT INTO ACCOUNTANT (name, email, password) VALUES ('Kathleen Anderson', 'rebecca63@hotmail.com', 'EOsSdlMRlLyQsOnBwseM');
INSERT INTO DOCTOR (name, email, password, speciality) VALUES ('Kathleen Anderson', 'rebecca63@hotmail.com', 'EOsSdlMRlLyQsOnBwseM', 'dermatology');
INSERT INTO ACCOUNTANT (name, email, password) VALUES ('Dennis Smith', 'stephenleonard@hotmail.com', 'BrgOaZhEGsjM');
INSERT INTO DOCTOR (name, email, password, speciality) VALUES ('Dennis Smith', 'stephenleonard@hotmail.com', 'BrgOaZhEGsjM', 'family medicine');
INSERT INTO ACCOUNTANT (name, email, password) VALUES ('James Fowler', 'michelleperkins@gmail.com', 'VeJpemMIXh');
INSERT INTO DOCTOR (name, email, password, speciality) VALUES ('James Fowler', 'michelleperkins@gmail.com', 'VeJpemMIXh', 'family medicine');
INSERT INTO ACCOUNTANT (name, email, password) VALUES ('Samuel Jordan', 'williamcoleman@gmail.com', 'DnfFVQsEgenpUQnHvH');
INSERT INTO DOCTOR (name, email, password, speciality) VALUES ('Samuel Jordan', 'williamcoleman@gmail.com', 'DnfFVQsEgenpUQnHvH', 'diagnostic radiology');
INSERT INTO ACCOUNTANT (name, email, password) VALUES ('Bill Davis', 'michaelerica@yahoo.com', 'YodrJTxNs');
INSERT INTO DOCTOR (name, email, password, speciality) VALUES ('Bill Davis', 'michaelerica@yahoo.com', 'YodrJTxNs', 'anesthesiology');
INSERT INTO ACCOUNTANT (name, email, password) VALUES ('Elizabeth Thompson', 'cynthia67@yahoo.com', 'jDXfcgeXKZPn');
INSERT INTO DOCTOR (name, email, password, speciality) VALUES ('Elizabeth Thompson', 'cynthia67@yahoo.com', 'jDXfcgeXKZPn', 'anesthesiology');
INSERT INTO ACCOUNTANT (name, email, password) VALUES ('James Gonzalez', 'gdaniels@gmail.com', 'cGAtPPuPvRyzCalu');
INSERT INTO DOCTOR (name, email, password, speciality) VALUES ('James Gonzalez', 'gdaniels@gmail.com', 'cGAtPPuPvRyzCalu', 'anesthesiology');
INSERT INTO ACCOUNTANT (name, email, password) VALUES ('Melissa Savage', 'kathleenlong@gmail.com', 'dOaiTFUmRQhH');
INSERT INTO DOCTOR (name, email, password, speciality) VALUES ('Melissa Savage', 'kathleenlong@gmail.com', 'dOaiTFUmRQhH', 'diagnostic radiology');
INSERT INTO ACCOUNTANT (name, email, password) VALUES ('David Hernandez', 'coxwesley@gmail.com', 'lxQkuWCPOFOvoZEBnczu');
INSERT INTO DOCTOR (name, email, password, speciality) VALUES ('David Hernandez', 'coxwesley@gmail.com', 'lxQkuWCPOFOvoZEBnczu', 'emergency medicine');
INSERT INTO ACCOUNTANT (name, email, password) VALUES ('Katie Hansen', 'udavis@gmail.com', 'fKlvQAkrCVhhS');
INSERT INTO DOCTOR (name, email, password, speciality) VALUES ('Katie Hansen', 'udavis@gmail.com', 'fKlvQAkrCVhhS', 'dermatology');
INSERT INTO ACCOUNTANT (name, email, password) VALUES ('Maurice Ward', 'xvincent@gmail.com', 'TQAZEuOjTxORDoglXvYp');
INSERT INTO DOCTOR (name, email, password, speciality) VALUES ('Maurice Ward', 'xvincent@gmail.com', 'TQAZEuOjTxORDoglXvYp', 'diagnostic radiology');
INSERT INTO ACCOUNTANT (name, email, password) VALUES ('Sharon Moon', 'westanthony@gmail.com', 'VwRjDtJXVLNYYnv');
INSERT INTO DOCTOR (name, email, password, speciality) VALUES ('Sharon Moon', 'westanthony@gmail.com', 'VwRjDtJXVLNYYnv', 'pediatrics');
INSERT INTO ACCOUNTANT (name, email, password) VALUES ('Brittany Harrison', 'terrimunoz@hotmail.com', 'fNtWMuaWqV');
INSERT INTO DOCTOR (name, email, password, speciality) VALUES ('Brittany Harrison', 'terrimunoz@hotmail.com', 'fNtWMuaWqV', 'diagnostic radiology');
INSERT INTO ACCOUNTANT (name, email, password) VALUES ('Connie Rice', 'darlene14@hotmail.com', 'sZMYwrUNKdoiTw');
INSERT INTO DOCTOR (name, email, password, speciality) VALUES ('Connie Rice', 'darlene14@hotmail.com', 'sZMYwrUNKdoiTw', 'dermatology');
INSERT INTO ACCOUNTANT (name, email, password) VALUES ('Zachary Aguilar', 'ajennings@hotmail.com', 'DGQUYhOWf');
INSERT INTO DOCTOR (name, email, password, speciality) VALUES ('Zachary Aguilar', 'ajennings@hotmail.com', 'DGQUYhOWf', 'dermatology');
INSERT INTO ACCOUNTANT (name, email, password) VALUES ('Eric Cooke', 'michaelreed@gmail.com', 'phPqMOOruprIGr');
INSERT INTO DOCTOR (name, email, password, speciality) VALUES ('Eric Cooke', 'michaelreed@gmail.com', 'phPqMOOruprIGr', 'pediatrics');
INSERT INTO ACCOUNTANT (name, email, password) VALUES ('Wesley Martin', 'joshua26@hotmail.com', 'ZOxPLrqGlXlIwmFbM');
INSERT INTO DOCTOR (name, email, password, speciality) VALUES ('Wesley Martin', 'joshua26@hotmail.com', 'ZOxPLrqGlXlIwmFbM', 'family medicine');
INSERT INTO ACCOUNTANT (name, email, password) VALUES ('Cody Tate', 'juliearmstrong@hotmail.com', 'IZAHkhKNGLpvWKikQol');
INSERT INTO DOCTOR (name, email, password, speciality) VALUES ('Cody Tate', 'juliearmstrong@hotmail.com', 'IZAHkhKNGLpvWKikQol', 'neurology');
INSERT INTO ACCOUNTANT (name, email, password) VALUES ('Nicole Patterson', 'robertobrien@gmail.com', 'ePfqFVaTbTr');
INSERT INTO DOCTOR (name, email, password, speciality) VALUES ('Nicole Patterson', 'robertobrien@gmail.com', 'ePfqFVaTbTr', 'anesthesiology');
INSERT INTO ACCOUNTANT (name, email, password) VALUES ('Bryan Moore', 'aallen@hotmail.com', 'RmwtNvQaEzywsoPS');
INSERT INTO DOCTOR (name, email, password, speciality) VALUES ('Bryan Moore', 'aallen@hotmail.com', 'RmwtNvQaEzywsoPS', 'family medicine');
INSERT INTO ACCOUNTANT (name, email, password) VALUES ('Tiffany Lopez', 'kingjames@yahoo.com', 'GVcMxsZTeDluJ');
INSERT INTO DOCTOR (name, email, password, speciality) VALUES ('Tiffany Lopez', 'kingjames@yahoo.com', 'GVcMxsZTeDluJ', 'dermatology');
INSERT INTO ACCOUNTANT (name, email, password) VALUES ('Brian Nguyen', 'salvarado@hotmail.com', 'tsTXUQiBUZRYjHtpU');
INSERT INTO DOCTOR (name, email, password, speciality) VALUES ('Brian Nguyen', 'salvarado@hotmail.com', 'tsTXUQiBUZRYjHtpU', 'family medicine');
INSERT INTO ACCOUNTANT (name, email, password) VALUES ('Lisa Carey', 'vincentpaul@gmail.com', 'jPerJIQPOqU');
INSERT INTO DOCTOR (name, email, password, speciality) VALUES ('Lisa Carey', 'vincentpaul@gmail.com', 'jPerJIQPOqU', 'diagnostic radiology');
INSERT INTO ACCOUNTANT (name, email, password) VALUES ('Mr. Brian Hoffman', 'shahn@yahoo.com', 'afuNDrAugpTZVvqi');
INSERT INTO DOCTOR (name, email, password, speciality) VALUES ('Mr. Brian Hoffman', 'shahn@yahoo.com', 'afuNDrAugpTZVvqi', 'emergency medicine');
INSERT INTO ACCOUNTANT (name, email, password) VALUES ('Jason Gomez', 'qmartin@gmail.com', 'RdAQYWQyTMDOvGmir');
INSERT INTO DOCTOR (name, email, password, speciality) VALUES ('Jason Gomez', 'qmartin@gmail.com', 'RdAQYWQyTMDOvGmir', 'emergency medicine');
INSERT INTO ACCOUNTANT (name, email, password) VALUES ('Amanda Jones', 'tamara69@hotmail.com', 'xPgRkQUivT');
INSERT INTO DOCTOR (name, email, password, speciality) VALUES ('Amanda Jones', 'tamara69@hotmail.com', 'xPgRkQUivT', 'diagnostic radiology');
INSERT INTO ACCOUNTANT (name, email, password) VALUES ('John Roach', 'kaylagomez@gmail.com', 'WItnVHpVdNDJeQY');
INSERT INTO DOCTOR (name, email, password, speciality) VALUES ('John Roach', 'kaylagomez@gmail.com', 'WItnVHpVdNDJeQY', 'pediatrics');
INSERT INTO ACCOUNTANT (name, email, password) VALUES ('Helen Tate', 'hopkinssierra@gmail.com', 'sYntXHYrAJJTxz');
INSERT INTO DOCTOR (name, email, password, speciality) VALUES ('Helen Tate', 'hopkinssierra@gmail.com', 'sYntXHYrAJJTxz', 'neurology');
INSERT INTO ACCOUNTANT (name, email, password) VALUES ('Pamela Cooper', 'lopeznorma@hotmail.com', 'UmMttRIPa');
INSERT INTO DOCTOR (name, email, password, speciality) VALUES ('Pamela Cooper', 'lopeznorma@hotmail.com', 'UmMttRIPa', 'diagnostic radiology');
INSERT INTO ACCOUNTANT (name, email, password) VALUES ('Christopher Stokes', 'melvin24@gmail.com', 'KINZrGmfv');
INSERT INTO DOCTOR (name, email, password, speciality) VALUES ('Christopher Stokes', 'melvin24@gmail.com', 'KINZrGmfv', 'emergency medicine');
INSERT INTO ACCOUNTANT (name, email, password) VALUES ('Angela Kent', 'lauralee@hotmail.com', 'SYDMlBIVfQTE');
INSERT INTO DOCTOR (name, email, password, speciality) VALUES ('Angela Kent', 'lauralee@hotmail.com', 'SYDMlBIVfQTE', 'anesthesiology');
INSERT INTO ACCOUNTANT (name, email, password) VALUES ('Kiara Gonzalez', 'mary78@hotmail.com', 'tvSOgIcNAN');
INSERT INTO DOCTOR (name, email, password, speciality) VALUES ('Kiara Gonzalez', 'mary78@hotmail.com', 'tvSOgIcNAN', 'anesthesiology');
INSERT INTO ACCOUNTANT (name, email, password) VALUES ('Brandon Nguyen', 'michellemassey@hotmail.com', 'uhOlYMuIxWmJkqUgJmA');
INSERT INTO DOCTOR (name, email, password, speciality) VALUES ('Brandon Nguyen', 'michellemassey@hotmail.com', 'uhOlYMuIxWmJkqUgJmA', 'dermatology');
INSERT INTO ACCOUNTANT (name, email, password) VALUES ('David Cohen', 'matthew13@yahoo.com', 'nCQJbrvPj');
INSERT INTO DOCTOR (name, email, password, speciality) VALUES ('David Cohen', 'matthew13@yahoo.com', 'nCQJbrvPj', 'anesthesiology');
INSERT INTO ACCOUNTANT (name, email, password) VALUES ('Brandon Johnson', 'millertonya@yahoo.com', 'dbIZQrfU');
INSERT INTO DOCTOR (name, email, password, speciality) VALUES ('Brandon Johnson', 'millertonya@yahoo.com', 'dbIZQrfU', 'diagnostic radiology');
INSERT INTO ACCOUNTANT (name, email, password) VALUES ('Alexis Hill', 'gkelly@yahoo.com', 'SJQedufYIQMDS');
INSERT INTO DOCTOR (name, email, password, speciality) VALUES ('Alexis Hill', 'gkelly@yahoo.com', 'SJQedufYIQMDS', 'emergency medicine');
INSERT INTO ACCOUNTANT (name, email, password) VALUES ('Derek Morris', 'teresa54@gmail.com', 'DJgAkFfJRNwfvKfNK');
INSERT INTO DOCTOR (name, email, password, speciality) VALUES ('Derek Morris', 'teresa54@gmail.com', 'DJgAkFfJRNwfvKfNK', 'anesthesiology');
INSERT INTO ACCOUNTANT (name, email, password) VALUES ('Rachel Suarez', 'vallen@hotmail.com', 'aaQYBGrG');
INSERT INTO DOCTOR (name, email, password, speciality) VALUES ('Rachel Suarez', 'vallen@hotmail.com', 'aaQYBGrG', 'neurology');
INSERT INTO ACCOUNTANT (name, email, password) VALUES ('Anna Brown', 'tuckermichael@gmail.com', 'XLtOTEqcZNbaQePk');
INSERT INTO DOCTOR (name, email, password, speciality) VALUES ('Anna Brown', 'tuckermichael@gmail.com', 'XLtOTEqcZNbaQePk', 'diagnostic radiology');
INSERT INTO ACCOUNTANT (name, email, password) VALUES ('Donald Johnson', 'markadams@hotmail.com', 'uJgtqfKvJCNOSGEjuP');
INSERT INTO DOCTOR (name, email, password, speciality) VALUES ('Donald Johnson', 'markadams@hotmail.com', 'uJgtqfKvJCNOSGEjuP', 'neurology');
INSERT INTO ACCOUNTANT (name, email, password) VALUES ('Michelle Shaw', 'andrew15@gmail.com', 'EKbFrYvPtzUPvQAMEd');
INSERT INTO DOCTOR (name, email, password, speciality) VALUES ('Michelle Shaw', 'andrew15@gmail.com', 'EKbFrYvPtzUPvQAMEd', 'dermatology');
INSERT INTO ACCOUNTANT (name, email, password) VALUES ('Carl Ortiz', 'kwalters@hotmail.com', 'GFEIcBQoSbuLrExAWf');
INSERT INTO DOCTOR (name, email, password, speciality) VALUES ('Carl Ortiz', 'kwalters@hotmail.com', 'GFEIcBQoSbuLrExAWf', 'emergency medicine');
INSERT INTO ACCOUNTANT (name, email, password) VALUES ('Gary Reeves', 'robinsonjonathan@yahoo.com', 'aHVfMeWUiGOMEJjXvBZ');
INSERT INTO DOCTOR (name, email, password, speciality) VALUES ('Gary Reeves', 'robinsonjonathan@yahoo.com', 'aHVfMeWUiGOMEJjXvBZ', 'neurology');
INSERT INTO ACCOUNTANT (name, email, password) VALUES ('Randy Schwartz', 'rachel45@hotmail.com', 'qZvzXdFzmyNput');
INSERT INTO DOCTOR (name, email, password, speciality) VALUES ('Randy Schwartz', 'rachel45@hotmail.com', 'qZvzXdFzmyNput', 'neurology');
INSERT INTO ACCOUNTANT (name, email, password) VALUES ('Wendy Harris', 'scottparks@yahoo.com', 'CAxDgRZbuCfAGZ');
INSERT INTO DOCTOR (name, email, password, speciality) VALUES ('Wendy Harris', 'scottparks@yahoo.com', 'CAxDgRZbuCfAGZ', 'emergency medicine');
INSERT INTO ACCOUNTANT (name, email, password) VALUES ('Lawrence Brown', 'lrogers@hotmail.com', 'CNkMpUeBtjHaARl');
INSERT INTO DOCTOR (name, email, password, speciality) VALUES ('Lawrence Brown', 'lrogers@hotmail.com', 'CNkMpUeBtjHaARl', 'emergency medicine');
INSERT INTO ACCOUNTANT (name, email, password) VALUES ('Edward Russell', 'bethwilson@gmail.com', 'elhayEsVmt');
INSERT INTO DOCTOR (name, email, password, speciality) VALUES ('Edward Russell', 'bethwilson@gmail.com', 'elhayEsVmt', 'diagnostic radiology');
INSERT INTO ACCOUNTANT (name, email, password) VALUES ('Stephanie Ayala', 'amygonzalez@hotmail.com', 'krLAaeOn');
INSERT INTO DOCTOR (name, email, password, speciality) VALUES ('Stephanie Ayala', 'amygonzalez@hotmail.com', 'krLAaeOn', 'diagnostic radiology');
INSERT INTO ACCOUNTANT (name, email, password) VALUES ('Heather Moore', 'vanessa77@hotmail.com', 'VtBZicmrOMwhDOs');
INSERT INTO DOCTOR (name, email, password, speciality) VALUES ('Heather Moore', 'vanessa77@hotmail.com', 'VtBZicmrOMwhDOs', 'dermatology');
INSERT INTO ACCOUNTANT (name, email, password) VALUES ('Jeffrey Collins', 'patriciavincent@gmail.com', 'DJujtxjNjGjbdbORLrS');
INSERT INTO DOCTOR (name, email, password, speciality) VALUES ('Jeffrey Collins', 'patriciavincent@gmail.com', 'DJujtxjNjGjbdbORLrS', 'family medicine');
INSERT INTO ACCOUNTANT (name, email, password) VALUES ('James Crawford', 'xgonzales@gmail.com', 'remFmOqg');
INSERT INTO DOCTOR (name, email, password, speciality) VALUES ('James Crawford', 'xgonzales@gmail.com', 'remFmOqg', 'anesthesiology');
INSERT INTO ACCOUNTANT (name, email, password) VALUES ('Roger Williams', 'hayescharles@gmail.com', 'tCAFkgMkEkdEm');
INSERT INTO DOCTOR (name, email, password, speciality) VALUES ('Roger Williams', 'hayescharles@gmail.com', 'tCAFkgMkEkdEm', 'pediatrics');
INSERT INTO ACCOUNTANT (name, email, password) VALUES ('Stacey Lynch', 'rvillarreal@hotmail.com', 'NZnYWlwAH');
INSERT INTO DOCTOR (name, email, password, speciality) VALUES ('Stacey Lynch', 'rvillarreal@hotmail.com', 'NZnYWlwAH', 'dermatology');
INSERT INTO ACCOUNTANT (name, email, password) VALUES ('Gregory Johnson', 'carl59@gmail.com', 'KeuCDTNHpOZpp');
INSERT INTO DOCTOR (name, email, password, speciality) VALUES ('Gregory Johnson', 'carl59@gmail.com', 'KeuCDTNHpOZpp', 'anesthesiology');
INSERT INTO ACCOUNTANT (name, email, password) VALUES ('Jeremy Wells', 'doris64@yahoo.com', 'uLpmymxKuSDdTFEl');
INSERT INTO DOCTOR (name, email, password, speciality) VALUES ('Jeremy Wells', 'doris64@yahoo.com', 'uLpmymxKuSDdTFEl', 'diagnostic radiology');
INSERT INTO ACCOUNTANT (name, email, password) VALUES ('Vickie Barron', 'laurawatson@yahoo.com', 'CDRVFtxHJYOkFHNwWhQW');
INSERT INTO DOCTOR (name, email, password, speciality) VALUES ('Vickie Barron', 'laurawatson@yahoo.com', 'CDRVFtxHJYOkFHNwWhQW', 'pediatrics');
INSERT INTO ACCOUNTANT (name, email, password) VALUES ('Jeremy Orr', 'stephanie03@gmail.com', 'bBLETKGkjtLv');
INSERT INTO DOCTOR (name, email, password, speciality) VALUES ('Jeremy Orr', 'stephanie03@gmail.com', 'bBLETKGkjtLv', 'diagnostic radiology');
INSERT INTO ACCOUNTANT (name, email, password) VALUES ('Stephanie Sims', 'matthewgay@hotmail.com', 'rihcHkIpixinLDXMfoXL');
INSERT INTO DOCTOR (name, email, password, speciality) VALUES ('Stephanie Sims', 'matthewgay@hotmail.com', 'rihcHkIpixinLDXMfoXL', 'family medicine');
INSERT INTO ACCOUNTANT (name, email, password) VALUES ('Jose Garcia MD', 'sara47@yahoo.com', 'sozCsbnKfEuKtI');
INSERT INTO DOCTOR (name, email, password, speciality) VALUES ('Jose Garcia MD', 'sara47@yahoo.com', 'sozCsbnKfEuKtI', 'pediatrics');
INSERT INTO ACCOUNTANT (name, email, password) VALUES ('Chad Owen MD', 'ntorres@hotmail.com', 'GgxyOInEWGaTzTfJm');
INSERT INTO DOCTOR (name, email, password, speciality) VALUES ('Chad Owen MD', 'ntorres@hotmail.com', 'GgxyOInEWGaTzTfJm', 'family medicine');
INSERT INTO ACCOUNTANT (name, email, password) VALUES ('Heather Gutierrez', 'gregory86@gmail.com', 'ZDITRdiESh');
INSERT INTO DOCTOR (name, email, password, speciality) VALUES ('Heather Gutierrez', 'gregory86@gmail.com', 'ZDITRdiESh', 'diagnostic radiology');
INSERT INTO ACCOUNTANT (name, email, password) VALUES ('Lindsay Smith', 'skinnerkimberly@gmail.com', 'TgiDfKvPWBSGSxXHaId');
INSERT INTO DOCTOR (name, email, password, speciality) VALUES ('Lindsay Smith', 'skinnerkimberly@gmail.com', 'TgiDfKvPWBSGSxXHaId', 'emergency medicine');
INSERT INTO ACCOUNTANT (name, email, password) VALUES ('Michelle Schmidt', 'barbarashaw@gmail.com', 'nUNsrWYeIUaVwlEjGCH');
INSERT INTO DOCTOR (name, email, password, speciality) VALUES ('Michelle Schmidt', 'barbarashaw@gmail.com', 'nUNsrWYeIUaVwlEjGCH', 'anesthesiology');
INSERT INTO ACCOUNTANT (name, email, password) VALUES ('Jack Perkins', 'wlee@hotmail.com', 'CAJjUTvFLwC');
INSERT INTO DOCTOR (name, email, password, speciality) VALUES ('Jack Perkins', 'wlee@hotmail.com', 'CAJjUTvFLwC', 'dermatology');
INSERT INTO ACCOUNTANT (name, email, password) VALUES ('Brandon Ritter', 'michaelstevens@yahoo.com', 'mxTOnICuOvAC');
INSERT INTO DOCTOR (name, email, password, speciality) VALUES ('Brandon Ritter', 'michaelstevens@yahoo.com', 'mxTOnICuOvAC', 'anesthesiology');
INSERT INTO ACCOUNTANT (name, email, password) VALUES ('Sherri Mcmillan', 'sheilamoore@gmail.com', 'lmYFmQtw');
INSERT INTO DOCTOR (name, email, password, speciality) VALUES ('Sherri Mcmillan', 'sheilamoore@gmail.com', 'lmYFmQtw', 'neurology');
INSERT INTO ACCOUNTANT (name, email, password) VALUES ('Fernando Jennings', 'josephmark@hotmail.com', 'nQIJZxZdN');
INSERT INTO DOCTOR (name, email, password, speciality) VALUES ('Fernando Jennings', 'josephmark@hotmail.com', 'nQIJZxZdN', 'emergency medicine');
INSERT INTO ACCOUNTANT (name, email, password) VALUES ('Sarah Wolfe', 'denise97@yahoo.com', 'tnFZKqUeGuOxbe');
INSERT INTO DOCTOR (name, email, password, speciality) VALUES ('Sarah Wolfe', 'denise97@yahoo.com', 'tnFZKqUeGuOxbe', 'emergency medicine');
INSERT INTO ACCOUNTANT (name, email, password) VALUES ('Christopher Buck', 'valerie49@gmail.com', 'mqCIKcqSvWBopCX');
INSERT INTO DOCTOR (name, email, password, speciality) VALUES ('Christopher Buck', 'valerie49@gmail.com', 'mqCIKcqSvWBopCX', 'neurology');
INSERT INTO ACCOUNTANT (name, email, password) VALUES ('Kelsey Werner', 'patriciameyer@hotmail.com', 'giXPZzEkdEWmiDYQS');
INSERT INTO DOCTOR (name, email, password, speciality) VALUES ('Kelsey Werner', 'patriciameyer@hotmail.com', 'giXPZzEkdEWmiDYQS', 'diagnostic radiology');
INSERT INTO ACCOUNTANT (name, email, password) VALUES ('Kristin Guerra', 'pamela74@hotmail.com', 'YdEkdUInJsTYUIHbuMsc');
INSERT INTO DOCTOR (name, email, password, speciality) VALUES ('Kristin Guerra', 'pamela74@hotmail.com', 'YdEkdUInJsTYUIHbuMsc', 'dermatology');
INSERT INTO ACCOUNTANT (name, email, password) VALUES ('Tommy Ellis', 'pconway@hotmail.com', 'dGoUTHvlAJ');
INSERT INTO DOCTOR (name, email, password, speciality) VALUES ('Tommy Ellis', 'pconway@hotmail.com', 'dGoUTHvlAJ', 'emergency medicine');
INSERT INTO ACCOUNTANT (name, email, password) VALUES ('Daniel Carey', 'john75@hotmail.com', 'eAGIGmGnXnIItG');
INSERT INTO DOCTOR (name, email, password, speciality) VALUES ('Daniel Carey', 'john75@hotmail.com', 'eAGIGmGnXnIItG', 'anesthesiology');
INSERT INTO ACCOUNTANT (name, email, password) VALUES ('Eric Nunez', 'sarahholland@gmail.com', 'pPIdqapcrxfRm');
INSERT INTO DOCTOR (name, email, password, speciality) VALUES ('Eric Nunez', 'sarahholland@gmail.com', 'pPIdqapcrxfRm', 'neurology');
INSERT INTO ACCOUNTANT (name, email, password) VALUES ('Tim Chapman', 'shirley61@hotmail.com', 'EFxBNKhMQL');
INSERT INTO DOCTOR (name, email, password, speciality) VALUES ('Tim Chapman', 'shirley61@hotmail.com', 'EFxBNKhMQL', 'pediatrics');
INSERT INTO ACCOUNTANT (name, email, password) VALUES ('Jessica Jacobs', 'pmorgan@yahoo.com', 'pIXifaPQA');
INSERT INTO DOCTOR (name, email, password, speciality) VALUES ('Jessica Jacobs', 'pmorgan@yahoo.com', 'pIXifaPQA', 'family medicine');
INSERT INTO ACCOUNTANT (name, email, password) VALUES ('Allen Williamson', 'richardsonamber@hotmail.com', 'rERgnFscawPjWEJjg');
INSERT INTO DOCTOR (name, email, password, speciality) VALUES ('Allen Williamson', 'richardsonamber@hotmail.com', 'rERgnFscawPjWEJjg', 'family medicine');
INSERT INTO ACCOUNTANT (name, email, password) VALUES ('Melissa Moore', 'asutton@hotmail.com', 'AIWEXZDhbBuHRCkmLB');
INSERT INTO DOCTOR (name, email, password, speciality) VALUES ('Melissa Moore', 'asutton@hotmail.com', 'AIWEXZDhbBuHRCkmLB', 'anesthesiology');
INSERT INTO ACCOUNTANT (name, email, password) VALUES ('Betty Smith', 'martinanna@hotmail.com', 'BmSXIgCRsfQmnK');
INSERT INTO DOCTOR (name, email, password, speciality) VALUES ('Betty Smith', 'martinanna@hotmail.com', 'BmSXIgCRsfQmnK', 'diagnostic radiology');
INSERT INTO ACCOUNTANT (name, email, password) VALUES ('Jesus Reed', 'mikayla38@yahoo.com', 'YwPtTxTCsCQ');
INSERT INTO DOCTOR (name, email, password, speciality) VALUES ('Jesus Reed', 'mikayla38@yahoo.com', 'YwPtTxTCsCQ', 'family medicine');
INSERT INTO ACCOUNTANT (name, email, password) VALUES ('Ashley Herrera', 'christopherharvey@hotmail.com', 'IzpeiHhKyaFeqEhIMl');
INSERT INTO NURSE (name, email, password) VALUES ('Ashley Herrera', 'christopherharvey@hotmail.com', 'IzpeiHhKyaFeqEhIMl');
INSERT INTO ACCOUNTANT (name, email, password) VALUES ('Christina Miles', 'cholmes@gmail.com', 'bvFybaTdcGRwjPJBR');
INSERT INTO NURSE (name, email, password) VALUES ('Christina Miles', 'cholmes@gmail.com', 'bvFybaTdcGRwjPJBR');
INSERT INTO ACCOUNTANT (name, email, password) VALUES ('Julian Barr', 'adam32@yahoo.com', 'XnBvaZRGaV');
INSERT INTO NURSE (name, email, password) VALUES ('Julian Barr', 'adam32@yahoo.com', 'XnBvaZRGaV');
INSERT INTO ACCOUNTANT (name, email, password) VALUES ('Elizabeth Gilbert', 'kyleperez@hotmail.com', 'vvqUGnWuOUEvtMKPvL');
INSERT INTO NURSE (name, email, password) VALUES ('Elizabeth Gilbert', 'kyleperez@hotmail.com', 'vvqUGnWuOUEvtMKPvL');
INSERT INTO ACCOUNTANT (name, email, password) VALUES ('James Ferguson', 'aterry@yahoo.com', 'lFKRkIObVOBbdEaMW');
INSERT INTO NURSE (name, email, password) VALUES ('James Ferguson', 'aterry@yahoo.com', 'lFKRkIObVOBbdEaMW');
INSERT INTO ACCOUNTANT (name, email, password) VALUES ('Michele Lee', 'nicoleduran@yahoo.com', 'xfnQHctfhDgd');
INSERT INTO NURSE (name, email, password) VALUES ('Michele Lee', 'nicoleduran@yahoo.com', 'xfnQHctfhDgd');
INSERT INTO ACCOUNTANT (name, email, password) VALUES ('Kevin Cooper', 'imcgrath@yahoo.com', 'DyEGEAKazgbIOWVhqKMU');
INSERT INTO NURSE (name, email, password) VALUES ('Kevin Cooper', 'imcgrath@yahoo.com', 'DyEGEAKazgbIOWVhqKMU');
INSERT INTO ACCOUNTANT (name, email, password) VALUES ('Caitlyn Olson', 'wallaceangel@hotmail.com', 'KNcqnkEM');
INSERT INTO NURSE (name, email, password) VALUES ('Caitlyn Olson', 'wallaceangel@hotmail.com', 'KNcqnkEM');
INSERT INTO ACCOUNTANT (name, email, password) VALUES ('Theresa Wade', 'williamschristopher@gmail.com', 'PiklccWY');
INSERT INTO NURSE (name, email, password) VALUES ('Theresa Wade', 'williamschristopher@gmail.com', 'PiklccWY');
INSERT INTO ACCOUNTANT (name, email, password) VALUES ('Cindy Nelson', 'sguzman@gmail.com', 'mYMwtpVltj');
INSERT INTO NURSE (name, email, password) VALUES ('Cindy Nelson', 'sguzman@gmail.com', 'mYMwtpVltj');
INSERT INTO ACCOUNTANT (name, email, password) VALUES ('Taylor Garcia', 'yclark@gmail.com', 'iYWMQxxxlx');
INSERT INTO NURSE (name, email, password) VALUES ('Taylor Garcia', 'yclark@gmail.com', 'iYWMQxxxlx');
INSERT INTO ACCOUNTANT (name, email, password) VALUES ('Lindsey Newman', 'ihernandez@gmail.com', 'himTcCcfHDXtTTO');
INSERT INTO NURSE (name, email, password) VALUES ('Lindsey Newman', 'ihernandez@gmail.com', 'himTcCcfHDXtTTO');
INSERT INTO ACCOUNTANT (name, email, password) VALUES ('Kevin Gonzales', 'alvarezalicia@hotmail.com', 'AdLfLpTUaD');
INSERT INTO NURSE (name, email, password) VALUES ('Kevin Gonzales', 'alvarezalicia@hotmail.com', 'AdLfLpTUaD');
INSERT INTO ACCOUNTANT (name, email, password) VALUES ('Monica Robertson', 'dixonmadeline@yahoo.com', 'rHCwHykwjY');
INSERT INTO NURSE (name, email, password) VALUES ('Monica Robertson', 'dixonmadeline@yahoo.com', 'rHCwHykwjY');
INSERT INTO ACCOUNTANT (name, email, password) VALUES ('Donald Chan', 'harrisonchris@hotmail.com', 'pYeGcSyHwXmlpL');
INSERT INTO NURSE (name, email, password) VALUES ('Donald Chan', 'harrisonchris@hotmail.com', 'pYeGcSyHwXmlpL');
INSERT INTO ACCOUNTANT (name, email, password) VALUES ('Christopher Washington', 'johnsonbarbara@hotmail.com', 'pngiTCEaSuMwptUPLtfR');
INSERT INTO NURSE (name, email, password) VALUES ('Christopher Washington', 'johnsonbarbara@hotmail.com', 'pngiTCEaSuMwptUPLtfR');
INSERT INTO ACCOUNTANT (name, email, password) VALUES ('Kristin Vasquez', 'carlamclaughlin@gmail.com', 'PlbHLPobKtxzVNzPXdQ');
INSERT INTO NURSE (name, email, password) VALUES ('Kristin Vasquez', 'carlamclaughlin@gmail.com', 'PlbHLPobKtxzVNzPXdQ');
INSERT INTO ACCOUNTANT (name, email, password) VALUES ('Kim Brooks', 'vwilliams@gmail.com', 'DteRqdhkCPOmkKdWk');
INSERT INTO NURSE (name, email, password) VALUES ('Kim Brooks', 'vwilliams@gmail.com', 'DteRqdhkCPOmkKdWk');
INSERT INTO ACCOUNTANT (name, email, password) VALUES ('Kevin West', 'riverajennifer@gmail.com', 'ttdDrOyJFp');
INSERT INTO NURSE (name, email, password) VALUES ('Kevin West', 'riverajennifer@gmail.com', 'ttdDrOyJFp');
INSERT INTO ACCOUNTANT (name, email, password) VALUES ('Scott Wise', 'matthewdavis@hotmail.com', 'TVcJKKhHXN');
INSERT INTO NURSE (name, email, password) VALUES ('Scott Wise', 'matthewdavis@hotmail.com', 'TVcJKKhHXN');
INSERT INTO ACCOUNTANT (name, email, password) VALUES ('Nicholas Lloyd', 'duane77@yahoo.com', 'uvzKVaWniCTGcHKUsCU');
INSERT INTO NURSE (name, email, password) VALUES ('Nicholas Lloyd', 'duane77@yahoo.com', 'uvzKVaWniCTGcHKUsCU');
INSERT INTO ACCOUNTANT (name, email, password) VALUES ('Marcus Lambert', 'qbrown@gmail.com', 'JkHAxEPbQXoIqvHUCFIA');
INSERT INTO NURSE (name, email, password) VALUES ('Marcus Lambert', 'qbrown@gmail.com', 'JkHAxEPbQXoIqvHUCFIA');
INSERT INTO ACCOUNTANT (name, email, password) VALUES ('Courtney Davis', 'smithstephanie@hotmail.com', 'LzRailKJKeWGJKFiOt');
INSERT INTO NURSE (name, email, password) VALUES ('Courtney Davis', 'smithstephanie@hotmail.com', 'LzRailKJKeWGJKFiOt');
INSERT INTO ACCOUNTANT (name, email, password) VALUES ('Lisa Wall', 'troywheeler@yahoo.com', 'rUGUDbHSFVY');
INSERT INTO NURSE (name, email, password) VALUES ('Lisa Wall', 'troywheeler@yahoo.com', 'rUGUDbHSFVY');
INSERT INTO ACCOUNTANT (name, email, password) VALUES ('Becky Leonard', 'devin91@gmail.com', 'fyfEucYWuPNyK');
INSERT INTO NURSE (name, email, password) VALUES ('Becky Leonard', 'devin91@gmail.com', 'fyfEucYWuPNyK');
INSERT INTO ACCOUNTANT (name, email, password) VALUES ('Adrian Davis', 'barrettlori@yahoo.com', 'wpZfatYuhKm');
INSERT INTO NURSE (name, email, password) VALUES ('Adrian Davis', 'barrettlori@yahoo.com', 'wpZfatYuhKm');
INSERT INTO ACCOUNTANT (name, email, password) VALUES ('Ashley Branch', 'williamsjason@hotmail.com', 'fTzmAyjjuAqHSEt');
INSERT INTO NURSE (name, email, password) VALUES ('Ashley Branch', 'williamsjason@hotmail.com', 'fTzmAyjjuAqHSEt');
INSERT INTO ACCOUNTANT (name, email, password) VALUES ('Tiffany Reynolds', 'qramsey@yahoo.com', 'VeebNiahAbkOEXWQ');
INSERT INTO NURSE (name, email, password) VALUES ('Tiffany Reynolds', 'qramsey@yahoo.com', 'VeebNiahAbkOEXWQ');
INSERT INTO ACCOUNTANT (name, email, password) VALUES ('Samuel Gordon', 'deborahgreen@gmail.com', 'rrQZLRhxejzurWou');
INSERT INTO NURSE (name, email, password) VALUES ('Samuel Gordon', 'deborahgreen@gmail.com', 'rrQZLRhxejzurWou');
INSERT INTO ACCOUNTANT (name, email, password) VALUES ('Emily Wallace', 'bjohnson@yahoo.com', 'YdIHTGjVblYEGNh');
INSERT INTO NURSE (name, email, password) VALUES ('Emily Wallace', 'bjohnson@yahoo.com', 'YdIHTGjVblYEGNh');
INSERT INTO ACCOUNTANT (name, email, password) VALUES ('Sean Herman', 'dominiquefranklin@hotmail.com', 'yUxurNLKkVsQfiPbXf');
INSERT INTO NURSE (name, email, password) VALUES ('Sean Herman', 'dominiquefranklin@hotmail.com', 'yUxurNLKkVsQfiPbXf');
INSERT INTO ACCOUNTANT (name, email, password) VALUES ('Rhonda Burnett', 'monicanavarro@gmail.com', 'TeUZrefAnnAu');
INSERT INTO NURSE (name, email, password) VALUES ('Rhonda Burnett', 'monicanavarro@gmail.com', 'TeUZrefAnnAu');
INSERT INTO ACCOUNTANT (name, email, password) VALUES ('Gerald Mcpherson', 'pagejohn@yahoo.com', 'fhevBurC');
INSERT INTO NURSE (name, email, password) VALUES ('Gerald Mcpherson', 'pagejohn@yahoo.com', 'fhevBurC');
INSERT INTO ACCOUNTANT (name, email, password) VALUES ('Angel Frost', 'morrisondylan@gmail.com', 'iFFOYhycU');
INSERT INTO NURSE (name, email, password) VALUES ('Angel Frost', 'morrisondylan@gmail.com', 'iFFOYhycU');
INSERT INTO ACCOUNTANT (name, email, password) VALUES ('Patricia Marshall', 'julia32@yahoo.com', 'PaaVsGdX');
INSERT INTO NURSE (name, email, password) VALUES ('Patricia Marshall', 'julia32@yahoo.com', 'PaaVsGdX');
INSERT INTO ACCOUNTANT (name, email, password) VALUES ('Christopher Johnson', 'robertsholly@gmail.com', 'mjIKJGcIUApZPs');
INSERT INTO NURSE (name, email, password) VALUES ('Christopher Johnson', 'robertsholly@gmail.com', 'mjIKJGcIUApZPs');
INSERT INTO ACCOUNTANT (name, email, password) VALUES ('Ashley Richards', 'anthony63@hotmail.com', 'bUyOSTFSYszVxY');
INSERT INTO NURSE (name, email, password) VALUES ('Ashley Richards', 'anthony63@hotmail.com', 'bUyOSTFSYszVxY');
INSERT INTO ACCOUNTANT (name, email, password) VALUES ('George Robinson', 'tina23@yahoo.com', 'XKoEyiCULpQKk');
INSERT INTO NURSE (name, email, password) VALUES ('George Robinson', 'tina23@yahoo.com', 'XKoEyiCULpQKk');
INSERT INTO ACCOUNTANT (name, email, password) VALUES ('Jordan Jones', 'jmcgee@gmail.com', 'DmCaCsGqyoMAekXWr');
INSERT INTO NURSE (name, email, password) VALUES ('Jordan Jones', 'jmcgee@gmail.com', 'DmCaCsGqyoMAekXWr');
INSERT INTO ACCOUNTANT (name, email, password) VALUES ('Tammy Miller', 'qwilson@gmail.com', 'QevLMVVunifnXcYb');
INSERT INTO NURSE (name, email, password) VALUES ('Tammy Miller', 'qwilson@gmail.com', 'QevLMVVunifnXcYb');
INSERT INTO ACCOUNTANT (name, email, password) VALUES ('Peter Sanders DVM', 'kwright@hotmail.com', 'EqJcHMfcVlmpGvKYCpKo');
INSERT INTO NURSE (name, email, password) VALUES ('Peter Sanders DVM', 'kwright@hotmail.com', 'EqJcHMfcVlmpGvKYCpKo');
INSERT INTO ACCOUNTANT (name, email, password) VALUES ('Chad Madden', 'barbaracline@hotmail.com', 'oCkdpenfVu');
INSERT INTO NURSE (name, email, password) VALUES ('Chad Madden', 'barbaracline@hotmail.com', 'oCkdpenfVu');
INSERT INTO ACCOUNTANT (name, email, password) VALUES ('Hannah Roberts', 'brooke41@hotmail.com', 'aIcNNiEwLjmmkBsQC');
INSERT INTO NURSE (name, email, password) VALUES ('Hannah Roberts', 'brooke41@hotmail.com', 'aIcNNiEwLjmmkBsQC');
INSERT INTO ACCOUNTANT (name, email, password) VALUES ('Sherry Clements', 'osbornesusan@hotmail.com', 'eziKsfjSmwcIBixsX');
INSERT INTO NURSE (name, email, password) VALUES ('Sherry Clements', 'osbornesusan@hotmail.com', 'eziKsfjSmwcIBixsX');
INSERT INTO ACCOUNTANT (name, email, password) VALUES ('Tiffany Glover', 'melissa10@yahoo.com', 'vThGqWgtTGOJFvsYPxc');
INSERT INTO NURSE (name, email, password) VALUES ('Tiffany Glover', 'melissa10@yahoo.com', 'vThGqWgtTGOJFvsYPxc');
INSERT INTO ACCOUNTANT (name, email, password) VALUES ('Cathy Jordan', 'sherry17@yahoo.com', 'BxZJbEtR');
INSERT INTO NURSE (name, email, password) VALUES ('Cathy Jordan', 'sherry17@yahoo.com', 'BxZJbEtR');
INSERT INTO ACCOUNTANT (name, email, password) VALUES ('Melissa Esparza', 'alicia76@yahoo.com', 'FHKytsPJne');
INSERT INTO NURSE (name, email, password) VALUES ('Melissa Esparza', 'alicia76@yahoo.com', 'FHKytsPJne');
INSERT INTO ACCOUNTANT (name, email, password) VALUES ('Alexandra Mitchell', 'tracymcguire@hotmail.com', 'HnmQjStFdBTgVG');
INSERT INTO NURSE (name, email, password) VALUES ('Alexandra Mitchell', 'tracymcguire@hotmail.com', 'HnmQjStFdBTgVG');
INSERT INTO ACCOUNTANT (name, email, password) VALUES ('Benjamin Smith', 'juliedean@gmail.com', 'lEBdsQjqJtX');
INSERT INTO NURSE (name, email, password) VALUES ('Benjamin Smith', 'juliedean@gmail.com', 'lEBdsQjqJtX');
INSERT INTO ACCOUNTANT (name, email, password) VALUES ('Ashley Smith', 'rcordova@gmail.com', 'ISiojmxABavsTv');
INSERT INTO NURSE (name, email, password) VALUES ('Ashley Smith', 'rcordova@gmail.com', 'ISiojmxABavsTv');
INSERT INTO ACCOUNTANT (name, email, password) VALUES ('Julie Hardin', 'mitchellcamacho@hotmail.com', 'GIkgDqWFFxIBGSh');
INSERT INTO NURSE (name, email, password) VALUES ('Julie Hardin', 'mitchellcamacho@hotmail.com', 'GIkgDqWFFxIBGSh');
INSERT INTO ACCOUNTANT (name, email, password) VALUES ('Christopher Robertson', 'fergusonandrew@yahoo.com', 'EjkvSChmVXwjpFeAFA');
INSERT INTO NURSE (name, email, password) VALUES ('Christopher Robertson', 'fergusonandrew@yahoo.com', 'EjkvSChmVXwjpFeAFA');
INSERT INTO ACCOUNTANT (name, email, password) VALUES ('Tabitha Boyd', 'barbara01@gmail.com', 'dKrqnNUBBhxDqkqRCt');
INSERT INTO NURSE (name, email, password) VALUES ('Tabitha Boyd', 'barbara01@gmail.com', 'dKrqnNUBBhxDqkqRCt');
INSERT INTO ACCOUNTANT (name, email, password) VALUES ('Connor Schroeder', 'sean19@gmail.com', 'uYqBGUSLn');
INSERT INTO NURSE (name, email, password) VALUES ('Connor Schroeder', 'sean19@gmail.com', 'uYqBGUSLn');
INSERT INTO ACCOUNTANT (name, email, password) VALUES ('Brian Green', 'ericaflores@yahoo.com', 'HLhPxRFodCXqTAPE');
INSERT INTO NURSE (name, email, password) VALUES ('Brian Green', 'ericaflores@yahoo.com', 'HLhPxRFodCXqTAPE');
INSERT INTO ACCOUNTANT (name, email, password) VALUES ('Charles Reid', 'tyler33@hotmail.com', 'oGtpUaUccphTRdkgl');
INSERT INTO NURSE (name, email, password) VALUES ('Charles Reid', 'tyler33@hotmail.com', 'oGtpUaUccphTRdkgl');
INSERT INTO ACCOUNTANT (name, email, password) VALUES ('Brian Franklin', 'amurphy@gmail.com', 'qtqTwXsljhOj');
INSERT INTO NURSE (name, email, password) VALUES ('Brian Franklin', 'amurphy@gmail.com', 'qtqTwXsljhOj');
INSERT INTO ACCOUNTANT (name, email, password) VALUES ('Charles Valentine', 'jacksonrhonda@hotmail.com', 'RpDcdgPHqqLqMxyDFtkq');
INSERT INTO NURSE (name, email, password) VALUES ('Charles Valentine', 'jacksonrhonda@hotmail.com', 'RpDcdgPHqqLqMxyDFtkq');
INSERT INTO ACCOUNTANT (name, email, password) VALUES ('Stephanie Carter', 'chungrebecca@gmail.com', 'WfvkfGDWGR');
INSERT INTO NURSE (name, email, password) VALUES ('Stephanie Carter', 'chungrebecca@gmail.com', 'WfvkfGDWGR');
INSERT INTO ACCOUNTANT (name, email, password) VALUES ('Amanda Carpenter', 'christopher82@hotmail.com', 'uTseXQQfAKxrHhlaUD');
INSERT INTO NURSE (name, email, password) VALUES ('Amanda Carpenter', 'christopher82@hotmail.com', 'uTseXQQfAKxrHhlaUD');
INSERT INTO ACCOUNTANT (name, email, password) VALUES ('Sheila Yang', 'hadams@gmail.com', 'zGWlxnQNMidvcIbiiQt');
INSERT INTO NURSE (name, email, password) VALUES ('Sheila Yang', 'hadams@gmail.com', 'zGWlxnQNMidvcIbiiQt');
INSERT INTO ACCOUNTANT (name, email, password) VALUES ('Julie Sawyer', 'cheryl52@hotmail.com', 'welZUaWOBUyxX');
INSERT INTO NURSE (name, email, password) VALUES ('Julie Sawyer', 'cheryl52@hotmail.com', 'welZUaWOBUyxX');
INSERT INTO ACCOUNTANT (name, email, password) VALUES ('Dustin Powell', 'nathan59@hotmail.com', 'exYFAdPc');
INSERT INTO NURSE (name, email, password) VALUES ('Dustin Powell', 'nathan59@hotmail.com', 'exYFAdPc');
INSERT INTO ACCOUNTANT (name, email, password) VALUES ('Jonathan Avila', 'josephhunt@yahoo.com', 'aKWBUMoizJrTBZrO');
INSERT INTO NURSE (name, email, password) VALUES ('Jonathan Avila', 'josephhunt@yahoo.com', 'aKWBUMoizJrTBZrO');
INSERT INTO ACCOUNTANT (name, email, password) VALUES ('Michael Nash', 'lindsayanderson@gmail.com', 'ShoXSglLgVJpIwZfBUr');
INSERT INTO NURSE (name, email, password) VALUES ('Michael Nash', 'lindsayanderson@gmail.com', 'ShoXSglLgVJpIwZfBUr');
INSERT INTO ACCOUNTANT (name, email, password) VALUES ('Jonathan Stone', 'seanwilson@hotmail.com', 'kdFjJmRl');
INSERT INTO NURSE (name, email, password) VALUES ('Jonathan Stone', 'seanwilson@hotmail.com', 'kdFjJmRl');
INSERT INTO ACCOUNTANT (name, email, password) VALUES ('Jordan Powell', 'bethanycisneros@yahoo.com', 'PddaerXjRPakc');
INSERT INTO NURSE (name, email, password) VALUES ('Jordan Powell', 'bethanycisneros@yahoo.com', 'PddaerXjRPakc');
INSERT INTO ACCOUNTANT (name, email, password) VALUES ('Carol Rogers', 'amy44@yahoo.com', 'PHkiMTqg');
INSERT INTO NURSE (name, email, password) VALUES ('Carol Rogers', 'amy44@yahoo.com', 'PHkiMTqg');
INSERT INTO ACCOUNTANT (name, email, password) VALUES ('Linda Bowman', 'tarawatts@hotmail.com', 'XWlTvDUDqwtJfltC');
INSERT INTO NURSE (name, email, password) VALUES ('Linda Bowman', 'tarawatts@hotmail.com', 'XWlTvDUDqwtJfltC');
INSERT INTO ACCOUNTANT (name, email, password) VALUES ('Cathy Snyder', 'dawn34@hotmail.com', 'uwZVJZUCUZojkIpFgnT');
INSERT INTO NURSE (name, email, password) VALUES ('Cathy Snyder', 'dawn34@hotmail.com', 'uwZVJZUCUZojkIpFgnT');
INSERT INTO ACCOUNTANT (name, email, password) VALUES ('Jason Adkins', 'joyce02@gmail.com', 'VPpLXqVzjaYcYRg');
INSERT INTO NURSE (name, email, password) VALUES ('Jason Adkins', 'joyce02@gmail.com', 'VPpLXqVzjaYcYRg');
INSERT INTO ACCOUNTANT (name, email, password) VALUES ('Carl Reyes', 'jordanvalerie@gmail.com', 'itrjDLKa');
INSERT INTO NURSE (name, email, password) VALUES ('Carl Reyes', 'jordanvalerie@gmail.com', 'itrjDLKa');
INSERT INTO ACCOUNTANT (name, email, password) VALUES ('Morgan Marquez', 'jose68@yahoo.com', 'hZWubUNJxsfRtzQ');
INSERT INTO NURSE (name, email, password) VALUES ('Morgan Marquez', 'jose68@yahoo.com', 'hZWubUNJxsfRtzQ');
INSERT INTO ACCOUNTANT (name, email, password) VALUES ('Shaun Vaughn', 'christopher44@yahoo.com', 'tpFwgTts');
INSERT INTO NURSE (name, email, password) VALUES ('Shaun Vaughn', 'christopher44@yahoo.com', 'tpFwgTts');
INSERT INTO ACCOUNTANT (name, email, password) VALUES ('Sharon Johnson', 'savannah53@gmail.com', 'GaINnrfjkSFgbceVq');
INSERT INTO NURSE (name, email, password) VALUES ('Sharon Johnson', 'savannah53@gmail.com', 'GaINnrfjkSFgbceVq');
INSERT INTO ACCOUNTANT (name, email, password) VALUES ('Laura Burton', 'nspencer@yahoo.com', 'oPktjaBbWwkrGntedk');
INSERT INTO NURSE (name, email, password) VALUES ('Laura Burton', 'nspencer@yahoo.com', 'oPktjaBbWwkrGntedk');
INSERT INTO ACCOUNTANT (name, email, password) VALUES ('Clinton Velez', 'sharpjustin@hotmail.com', 'oRAroBElFRosDc');
INSERT INTO NURSE (name, email, password) VALUES ('Clinton Velez', 'sharpjustin@hotmail.com', 'oRAroBElFRosDc');
INSERT INTO ACCOUNTANT (name, email, password) VALUES ('Henry Johnson', 'wesleywood@yahoo.com', 'oDwzLqqMtJ');
INSERT INTO NURSE (name, email, password) VALUES ('Henry Johnson', 'wesleywood@yahoo.com', 'oDwzLqqMtJ');
INSERT INTO ACCOUNTANT (name, email, password) VALUES ('Larry Moore', 'wlane@yahoo.com', 'peuaWyEwQWMC');
INSERT INTO NURSE (name, email, password) VALUES ('Larry Moore', 'wlane@yahoo.com', 'peuaWyEwQWMC');
INSERT INTO ACCOUNTANT (name, email, password) VALUES ('Melissa Fernandez', 'clopez@hotmail.com', 'uHbMTCNqQ');
INSERT INTO NURSE (name, email, password) VALUES ('Melissa Fernandez', 'clopez@hotmail.com', 'uHbMTCNqQ');
INSERT INTO ACCOUNTANT (name, email, password) VALUES ('Michael Taylor', 'nicole95@gmail.com', 'eIPIRPVwxDm');
INSERT INTO NURSE (name, email, password) VALUES ('Michael Taylor', 'nicole95@gmail.com', 'eIPIRPVwxDm');
INSERT INTO ACCOUNTANT (name, email, password) VALUES ('Erin Steele', 'dcarney@gmail.com', 'HRXvuTCcJAyZLQNR');
INSERT INTO NURSE (name, email, password) VALUES ('Erin Steele', 'dcarney@gmail.com', 'HRXvuTCcJAyZLQNR');
INSERT INTO ACCOUNTANT (name, email, password) VALUES ('Kristin Garcia', 'jessica44@yahoo.com', 'qhRHxwtfl');
INSERT INTO NURSE (name, email, password) VALUES ('Kristin Garcia', 'jessica44@yahoo.com', 'qhRHxwtfl');
INSERT INTO ACCOUNTANT (name, email, password) VALUES ('Susan Day', 'cabreramartha@hotmail.com', 'UIBOhHEjODMqam');
INSERT INTO NURSE (name, email, password) VALUES ('Susan Day', 'cabreramartha@hotmail.com', 'UIBOhHEjODMqam');
INSERT INTO ACCOUNTANT (name, email, password) VALUES ('Lisa Stewart', 'vargaschristopher@yahoo.com', 'DQaWfRLmhBExXn');
INSERT INTO NURSE (name, email, password) VALUES ('Lisa Stewart', 'vargaschristopher@yahoo.com', 'DQaWfRLmhBExXn');
INSERT INTO ACCOUNTANT (name, email, password) VALUES ('Nicole Valentine', 'ashleymartinez@yahoo.com', 'lcCRtGTgTXEmzPMrLts');
INSERT INTO NURSE (name, email, password) VALUES ('Nicole Valentine', 'ashleymartinez@yahoo.com', 'lcCRtGTgTXEmzPMrLts');
INSERT INTO ACCOUNTANT (name, email, password) VALUES ('Zachary Carey', 'christina56@gmail.com', 'eEwNhuUvhmFZLMHe');
INSERT INTO NURSE (name, email, password) VALUES ('Zachary Carey', 'christina56@gmail.com', 'eEwNhuUvhmFZLMHe');
INSERT INTO ACCOUNTANT (name, email, password) VALUES ('Shannon Marshall', 'lindadaniel@gmail.com', 'qrWDjVIUwrxv');
INSERT INTO NURSE (name, email, password) VALUES ('Shannon Marshall', 'lindadaniel@gmail.com', 'qrWDjVIUwrxv');
INSERT INTO ACCOUNTANT (name, email, password) VALUES ('Christina King', 'thomashouse@hotmail.com', 'xjWijVsHmAhRsyZTRI');
INSERT INTO NURSE (name, email, password) VALUES ('Christina King', 'thomashouse@hotmail.com', 'xjWijVsHmAhRsyZTRI');
INSERT INTO ACCOUNTANT (name, email, password) VALUES ('Kimberly Salazar', 'scooper@hotmail.com', 'QpftORwtAQ');
INSERT INTO NURSE (name, email, password) VALUES ('Kimberly Salazar', 'scooper@hotmail.com', 'QpftORwtAQ');
INSERT INTO ACCOUNTANT (name, email, password) VALUES ('Jack Bates', 'larry59@gmail.com', 'RUolKgFNZXoGCEQV');
INSERT INTO NURSE (name, email, password) VALUES ('Jack Bates', 'larry59@gmail.com', 'RUolKgFNZXoGCEQV');
INSERT INTO ACCOUNTANT (name, email, password) VALUES ('Michael Delgado', 'katherine86@gmail.com', 'fNPKpRntPMCxPjOGXJiH');
INSERT INTO NURSE (name, email, password) VALUES ('Michael Delgado', 'katherine86@gmail.com', 'fNPKpRntPMCxPjOGXJiH');
INSERT INTO ACCOUNTANT (name, email, password) VALUES ('Robert Cox', 'martinwilson@gmail.com', 'kwWuodHFiLZ');
INSERT INTO NURSE (name, email, password) VALUES ('Robert Cox', 'martinwilson@gmail.com', 'kwWuodHFiLZ');
INSERT INTO ACCOUNTANT (name, email, password) VALUES ('Katie Hansen', 'wolsen@gmail.com', 'gUyanLfZ');
INSERT INTO NURSE (name, email, password) VALUES ('Katie Hansen', 'wolsen@gmail.com', 'gUyanLfZ');
INSERT INTO ACCOUNTANT (name, email, password) VALUES ('Amanda Anderson', 'woodardchristopher@gmail.com', 'PvjlpjhzhoyxKO');
INSERT INTO NURSE (name, email, password) VALUES ('Amanda Anderson', 'woodardchristopher@gmail.com', 'PvjlpjhzhoyxKO');
INSERT INTO ACCOUNTANT (name, email, password) VALUES ('Ricky Jenkins', 'upearson@yahoo.com', 'LMeSNFSuidkiCjSUf');
INSERT INTO NURSE (name, email, password) VALUES ('Ricky Jenkins', 'upearson@yahoo.com', 'LMeSNFSuidkiCjSUf');
INSERT INTO ACCOUNTANT (name, email, password) VALUES ('Thomas Farrell', 'charlesfarmer@hotmail.com', 'qrjWrlVPpfxWbQ');
INSERT INTO NURSE (name, email, password) VALUES ('Thomas Farrell', 'charlesfarmer@hotmail.com', 'qrjWrlVPpfxWbQ');
INSERT INTO ACCOUNTANT (name, email, password) VALUES ('Hannah Schneider', 'mgonzales@gmail.com', 'gmbnqBnFKfg');
INSERT INTO NURSE (name, email, password) VALUES ('Hannah Schneider', 'mgonzales@gmail.com', 'gmbnqBnFKfg');
INSERT INTO ACCOUNTANT (name, email, password) VALUES ('Leslie Browning', 'saracampbell@hotmail.com', 'MsJHjPPBaNYzwcTqwyN');
INSERT INTO NURSE (name, email, password) VALUES ('Leslie Browning', 'saracampbell@hotmail.com', 'MsJHjPPBaNYzwcTqwyN');
INSERT INTO ACCOUNTANT (name, email, password) VALUES ('Michael Diaz', 'kanderson@yahoo.com', 'ZGsUEARfpXPYDDCx');
INSERT INTO NURSE (name, email, password) VALUES ('Michael Diaz', 'kanderson@yahoo.com', 'ZGsUEARfpXPYDDCx');
INSERT INTO ACCOUNTANT (name, email, password) VALUES ('Curtis Yu', 'isaacdiaz@hotmail.com', 'BnYJIzQtgjOgVp');
INSERT INTO NURSE (name, email, password) VALUES ('Curtis Yu', 'isaacdiaz@hotmail.com', 'BnYJIzQtgjOgVp');
INSERT INTO ACCOUNTANT (name, email, password) VALUES ('Sandra Barry', 'abigail02@hotmail.com', 'fnBmRLVCZNoTAJwuw');
INSERT INTO NURSE (name, email, password) VALUES ('Sandra Barry', 'abigail02@hotmail.com', 'fnBmRLVCZNoTAJwuw');
INSERT INTO ACCOUNTANT (name, email, password) VALUES ('Karen Kirby', 'jonathan03@gmail.com', 'EqQkHzkohkN');
INSERT INTO NURSE (name, email, password) VALUES ('Karen Kirby', 'jonathan03@gmail.com', 'EqQkHzkohkN');
INSERT INTO ACCOUNTANT (name, email, password) VALUES ('Jennifer Anderson', 'stephanie78@gmail.com', 'dZjpEAuXbmLC');
INSERT INTO NURSE (name, email, password) VALUES ('Jennifer Anderson', 'stephanie78@gmail.com', 'dZjpEAuXbmLC');
INSERT INTO ACCOUNTANT (name, email, password) VALUES ('Lance Grimes', 'vwilliams@gmail.com', 'AfvcEpzEBSZadTkMqp');
INSERT INTO NURSE (name, email, password) VALUES ('Lance Grimes', 'vwilliams@gmail.com', 'AfvcEpzEBSZadTkMqp');
INSERT INTO ACCOUNTANT (name, email, password) VALUES ('Heather Leach', 'dunlapmary@yahoo.com', 'MrKuhvtEa');
INSERT INTO NURSE (name, email, password) VALUES ('Heather Leach', 'dunlapmary@yahoo.com', 'MrKuhvtEa');
INSERT INTO ACCOUNTANT (name, email, password) VALUES ('Gerald Jones', 'brianconway@hotmail.com', 'nqEGSsMqpQ');
INSERT INTO NURSE (name, email, password) VALUES ('Gerald Jones', 'brianconway@hotmail.com', 'nqEGSsMqpQ');
INSERT INTO ACCOUNTANT (name, email, password) VALUES ('Justin Jackson', 'markhall@hotmail.com', 'zwaKbCwkyHbOTBjSVA');
INSERT INTO NURSE (name, email, password) VALUES ('Justin Jackson', 'markhall@hotmail.com', 'zwaKbCwkyHbOTBjSVA');
INSERT INTO ACCOUNTANT (name, email, password) VALUES ('Sierra Garcia', 'zachary04@gmail.com', 'JdfhouYTeyjcwoATi');
INSERT INTO NURSE (name, email, password) VALUES ('Sierra Garcia', 'zachary04@gmail.com', 'JdfhouYTeyjcwoATi');
INSERT INTO ACCOUNTANT (name, email, password) VALUES ('Michael Evans', 'matthewcooper@gmail.com', 'mfUxqynaDp');
INSERT INTO NURSE (name, email, password) VALUES ('Michael Evans', 'matthewcooper@gmail.com', 'mfUxqynaDp');
INSERT INTO ACCOUNTANT (name, email, password) VALUES ('Ronald Nguyen', 'ngilbert@hotmail.com', 'NaGIyknXQcgtCvfAOfxB');
INSERT INTO NURSE (name, email, password) VALUES ('Ronald Nguyen', 'ngilbert@hotmail.com', 'NaGIyknXQcgtCvfAOfxB');
INSERT INTO ACCOUNTANT (name, email, password) VALUES ('Erika Bryant', 'gloverstephen@yahoo.com', 'ssuXBbZLI');
INSERT INTO NURSE (name, email, password) VALUES ('Erika Bryant', 'gloverstephen@yahoo.com', 'ssuXBbZLI');
INSERT INTO ACCOUNTANT (name, email, password) VALUES ('Tina Robbins', 'gutierrezrussell@hotmail.com', 'lvGSTFhT');
INSERT INTO NURSE (name, email, password) VALUES ('Tina Robbins', 'gutierrezrussell@hotmail.com', 'lvGSTFhT');
INSERT INTO ACCOUNTANT (name, email, password) VALUES ('Billy Gonzalez', 'brian28@gmail.com', 'YmtkjTHtaEJzEfU');
INSERT INTO NURSE (name, email, password) VALUES ('Billy Gonzalez', 'brian28@gmail.com', 'YmtkjTHtaEJzEfU');
INSERT INTO ACCOUNTANT (name, email, password) VALUES ('Amy Williams', 'daniellegarza@gmail.com', 'oPvLZeAuKs');
INSERT INTO NURSE (name, email, password) VALUES ('Amy Williams', 'daniellegarza@gmail.com', 'oPvLZeAuKs');
INSERT INTO ACCOUNTANT (name, email, password) VALUES ('Pamela Bailey', 'isaiah66@gmail.com', 'BkarktHgkVfTwASOmn');
INSERT INTO NURSE (name, email, password) VALUES ('Pamela Bailey', 'isaiah66@gmail.com', 'BkarktHgkVfTwASOmn');
INSERT INTO ACCOUNTANT (name, email, password) VALUES ('Christine Johnson PhD', 'troyromero@yahoo.com', 'UqOzVatGOGnePs');
INSERT INTO NURSE (name, email, password) VALUES ('Christine Johnson PhD', 'troyromero@yahoo.com', 'UqOzVatGOGnePs');
INSERT INTO ACCOUNTANT (name, email, password) VALUES ('Heather Moran', 'deborahhernandez@gmail.com', 'dzisTRJgLpGlgcxyiM');
INSERT INTO NURSE (name, email, password) VALUES ('Heather Moran', 'deborahhernandez@gmail.com', 'dzisTRJgLpGlgcxyiM');
INSERT INTO ACCOUNTANT (name, email, password) VALUES ('Pamela David', 'blackronald@yahoo.com', 'XaOXkOhZVoEUUyjl');
INSERT INTO NURSE (name, email, password) VALUES ('Pamela David', 'blackronald@yahoo.com', 'XaOXkOhZVoEUUyjl');
INSERT INTO ACCOUNTANT (name, email, password) VALUES ('David Garza', 'briansaunders@gmail.com', 'GuNlERBy');
INSERT INTO NURSE (name, email, password) VALUES ('David Garza', 'briansaunders@gmail.com', 'GuNlERBy');
INSERT INTO ACCOUNTANT (name, email, password) VALUES ('Stephen Kent', 'kimberly50@gmail.com', 'oEAhHJdYzcXca');
INSERT INTO NURSE (name, email, password) VALUES ('Stephen Kent', 'kimberly50@gmail.com', 'oEAhHJdYzcXca');
INSERT INTO ACCOUNTANT (name, email, password) VALUES ('John Castaneda', 'nicholsivan@gmail.com', 'bnCdfoZJmCbZLilJy');
INSERT INTO NURSE (name, email, password) VALUES ('John Castaneda', 'nicholsivan@gmail.com', 'bnCdfoZJmCbZLilJy');
INSERT INTO ACCOUNTANT (name, email, password) VALUES ('Krista Garner', 'orrdarrell@hotmail.com', 'gNqYSUrVxlBgjakz');
INSERT INTO NURSE (name, email, password) VALUES ('Krista Garner', 'orrdarrell@hotmail.com', 'gNqYSUrVxlBgjakz');
INSERT INTO ACCOUNTANT (name, email, password) VALUES ('Nicole Meyers', 'tracy17@gmail.com', 'zyyXFtVdfmes');
INSERT INTO NURSE (name, email, password) VALUES ('Nicole Meyers', 'tracy17@gmail.com', 'zyyXFtVdfmes');
INSERT INTO ACCOUNTANT (name, email, password) VALUES ('Sean Miles', 'davidlynch@hotmail.com', 'MfgFNOgWXwTiKprSw');
INSERT INTO NURSE (name, email, password) VALUES ('Sean Miles', 'davidlynch@hotmail.com', 'MfgFNOgWXwTiKprSw');
INSERT INTO ACCOUNTANT (name, email, password) VALUES ('Shawn Ibarra', 'rachel85@hotmail.com', 'KkvTzTMhdyHwQvWsqz');
INSERT INTO NURSE (name, email, password) VALUES ('Shawn Ibarra', 'rachel85@hotmail.com', 'KkvTzTMhdyHwQvWsqz');
INSERT INTO ACCOUNTANT (name, email, password) VALUES ('Mr. James Lewis DVM', 'porterrobert@yahoo.com', 'TpzJlnCxJnhOvf');
INSERT INTO NURSE (name, email, password) VALUES ('Mr. James Lewis DVM', 'porterrobert@yahoo.com', 'TpzJlnCxJnhOvf');
INSERT INTO ACCOUNTANT (name, email, password) VALUES ('Samuel Rivera', 'bushsandra@hotmail.com', 'iPIQaxPZoCLOgRwhZqG');
INSERT INTO NURSE (name, email, password) VALUES ('Samuel Rivera', 'bushsandra@hotmail.com', 'iPIQaxPZoCLOgRwhZqG');
INSERT INTO ACCOUNTANT (name, email, password) VALUES ('Kiara Martin', 'hfrost@gmail.com', 'OhIzAGQhReaxxVYNYB');
INSERT INTO NURSE (name, email, password) VALUES ('Kiara Martin', 'hfrost@gmail.com', 'OhIzAGQhReaxxVYNYB');
INSERT INTO ACCOUNTANT (name, email, password) VALUES ('Christopher Delgado', 'michelle36@gmail.com', 'NzjqYDykLNZTdCPhuO');
INSERT INTO NURSE (name, email, password) VALUES ('Christopher Delgado', 'michelle36@gmail.com', 'NzjqYDykLNZTdCPhuO');
INSERT INTO ACCOUNTANT (name, email, password) VALUES ('Juan Hernandez', 'gabrieltaylor@gmail.com', 'CKMeiiEZOqInRqL');
INSERT INTO NURSE (name, email, password) VALUES ('Juan Hernandez', 'gabrieltaylor@gmail.com', 'CKMeiiEZOqInRqL');
INSERT INTO ACCOUNTANT (name, email, password) VALUES ('Jeremy Jones', 'gregrodriguez@hotmail.com', 'beUXROyVTLEh');
INSERT INTO NURSE (name, email, password) VALUES ('Jeremy Jones', 'gregrodriguez@hotmail.com', 'beUXROyVTLEh');
INSERT INTO ACCOUNTANT (name, email, password) VALUES ('Alyssa Duran', 'joshuaramirez@yahoo.com', 'MELSMrEaMFdg');
INSERT INTO NURSE (name, email, password) VALUES ('Alyssa Duran', 'joshuaramirez@yahoo.com', 'MELSMrEaMFdg');
INSERT INTO ACCOUNTANT (name, email, password) VALUES ('Thomas Wilkins PhD', 'suzanne07@hotmail.com', 'XmxThMOxshaHChtbwf');
INSERT INTO NURSE (name, email, password) VALUES ('Thomas Wilkins PhD', 'suzanne07@hotmail.com', 'XmxThMOxshaHChtbwf');
INSERT INTO ACCOUNTANT (name, email, password) VALUES ('Tyrone Scott', 'ymontgomery@gmail.com', 'mNNOOakkcv');
INSERT INTO NURSE (name, email, password) VALUES ('Tyrone Scott', 'ymontgomery@gmail.com', 'mNNOOakkcv');
INSERT INTO ACCOUNTANT (name, email, password) VALUES ('Amy Morrison', 'juliewilliams@hotmail.com', 'pPNIPxLctQ');
INSERT INTO NURSE (name, email, password) VALUES ('Amy Morrison', 'juliewilliams@hotmail.com', 'pPNIPxLctQ');
INSERT INTO ACCOUNTANT (name, email, password) VALUES ('Katherine Kennedy', 'rebekah26@hotmail.com', 'hRdreANYGvwcaKuA');
INSERT INTO NURSE (name, email, password) VALUES ('Katherine Kennedy', 'rebekah26@hotmail.com', 'hRdreANYGvwcaKuA');
INSERT INTO ACCOUNTANT (name, email, password) VALUES ('Scott Hopkins', 'deborahdiaz@yahoo.com', 'ROANVQnhlRHwcRPN');
INSERT INTO NURSE (name, email, password) VALUES ('Scott Hopkins', 'deborahdiaz@yahoo.com', 'ROANVQnhlRHwcRPN');
INSERT INTO ACCOUNTANT (name, email, password) VALUES ('Terry Davis', 'isabellastephens@hotmail.com', 'QSDMjrNrLbwsL');
INSERT INTO NURSE (name, email, password) VALUES ('Terry Davis', 'isabellastephens@hotmail.com', 'QSDMjrNrLbwsL');
INSERT INTO ACCOUNTANT (name, email, password) VALUES ('Christine Berry', 'devans@hotmail.com', 'odliLgHXhiRFy');
INSERT INTO NURSE (name, email, password) VALUES ('Christine Berry', 'devans@hotmail.com', 'odliLgHXhiRFy');
INSERT INTO ACCOUNTANT (name, email, password) VALUES ('John Gibson', 'foxangela@yahoo.com', 'mHXFUfQpaPBmK');
INSERT INTO NURSE (name, email, password) VALUES ('John Gibson', 'foxangela@yahoo.com', 'mHXFUfQpaPBmK');
INSERT INTO ACCOUNTANT (name, email, password) VALUES ('Terri Zavala', 'morrisadrian@hotmail.com', 'yKgKEQdHMpzoczhuM');
INSERT INTO NURSE (name, email, password) VALUES ('Terri Zavala', 'morrisadrian@hotmail.com', 'yKgKEQdHMpzoczhuM');
INSERT INTO ACCOUNTANT (name, email, password) VALUES ('Lynn Glover', 'paynericardo@yahoo.com', 'VhPyZBvghSUwhuaN');
INSERT INTO NURSE (name, email, password) VALUES ('Lynn Glover', 'paynericardo@yahoo.com', 'VhPyZBvghSUwhuaN');
INSERT INTO ACCOUNTANT (name, email, password) VALUES ('Linda Smith DVM', 'vperez@hotmail.com', 'YvHquKlMFpO');
INSERT INTO NURSE (name, email, password) VALUES ('Linda Smith DVM', 'vperez@hotmail.com', 'YvHquKlMFpO');
INSERT INTO ACCOUNTANT (name, email, password) VALUES ('Stephanie Reid', 'wilsonlisa@hotmail.com', 'XmqnvdnEAR');
INSERT INTO NURSE (name, email, password) VALUES ('Stephanie Reid', 'wilsonlisa@hotmail.com', 'XmqnvdnEAR');
INSERT INTO ACCOUNTANT (name, email, password) VALUES ('James Hudson', 'maureencolon@gmail.com', 'uPurDXFEHytvRWI');
INSERT INTO NURSE (name, email, password) VALUES ('James Hudson', 'maureencolon@gmail.com', 'uPurDXFEHytvRWI');
INSERT INTO ACCOUNTANT (name, email, password) VALUES ('Kyle Stanley', 'bernardjackson@yahoo.com', 'SHlzzzsWL');
INSERT INTO NURSE (name, email, password) VALUES ('Kyle Stanley', 'bernardjackson@yahoo.com', 'SHlzzzsWL');
INSERT INTO ACCOUNTANT (name, email, password) VALUES ('Daniel Miranda', 'hooperkimberly@yahoo.com', 'nQqWJLEuSjgLhqJXo');
INSERT INTO NURSE (name, email, password) VALUES ('Daniel Miranda', 'hooperkimberly@yahoo.com', 'nQqWJLEuSjgLhqJXo');
INSERT INTO ACCOUNTANT (name, email, password) VALUES ('Jennifer Smith', 'frostsherry@gmail.com', 'iPasQXAUlgjrYtMKjb');
INSERT INTO NURSE (name, email, password) VALUES ('Jennifer Smith', 'frostsherry@gmail.com', 'iPasQXAUlgjrYtMKjb');
INSERT INTO ACCOUNTANT (name, email, password) VALUES ('Benjamin Long', 'williamsthomas@hotmail.com', 'yqAecgFSRewq');
INSERT INTO NURSE (name, email, password) VALUES ('Benjamin Long', 'williamsthomas@hotmail.com', 'yqAecgFSRewq');
INSERT INTO ACCOUNTANT (name, email, password) VALUES ('James Wood', 'allen10@hotmail.com', 'BlFBaONLqcRlXFx');
INSERT INTO NURSE (name, email, password) VALUES ('James Wood', 'allen10@hotmail.com', 'BlFBaONLqcRlXFx');
INSERT INTO ACCOUNTANT (name, email, password) VALUES ('Howard Davis', 'jasonclements@hotmail.com', 'rzhNciGmIF');
INSERT INTO NURSE (name, email, password) VALUES ('Howard Davis', 'jasonclements@hotmail.com', 'rzhNciGmIF');
INSERT INTO ACCOUNTANT (name, email, password) VALUES ('Brittney Castro', 'jesseparsons@gmail.com', 'XqCDtOjIMV');
INSERT INTO NURSE (name, email, password) VALUES ('Brittney Castro', 'jesseparsons@gmail.com', 'XqCDtOjIMV');
INSERT INTO ACCOUNTANT (name, email, password) VALUES ('Timothy Williams', 'vlee@gmail.com', 'iuiygqtwQ');
INSERT INTO NURSE (name, email, password) VALUES ('Timothy Williams', 'vlee@gmail.com', 'iuiygqtwQ');
INSERT INTO ACCOUNTANT (name, email, password) VALUES ('Mark Black', 'zthomas@gmail.com', 'WFvnFeTinA');
INSERT INTO NURSE (name, email, password) VALUES ('Mark Black', 'zthomas@gmail.com', 'WFvnFeTinA');
INSERT INTO ACCOUNTANT (name, email, password) VALUES ('Gregory Bowman', 'amandamay@hotmail.com', 'urDVjJTXLLp');
INSERT INTO NURSE (name, email, password) VALUES ('Gregory Bowman', 'amandamay@hotmail.com', 'urDVjJTXLLp');
INSERT INTO ACCOUNTANT (name, email, password) VALUES ('Kim Mcdonald', 'charlessantiago@yahoo.com', 'wfzWKVgSQcxrvDtqPao');
INSERT INTO NURSE (name, email, password) VALUES ('Kim Mcdonald', 'charlessantiago@yahoo.com', 'wfzWKVgSQcxrvDtqPao');
INSERT INTO ACCOUNTANT (name, email, password) VALUES ('Brittany Clark', 'zmartin@yahoo.com', 'uVGfjGnfkG');
INSERT INTO NURSE (name, email, password) VALUES ('Brittany Clark', 'zmartin@yahoo.com', 'uVGfjGnfkG');
INSERT INTO ACCOUNTANT (name, email, password) VALUES ('Ryan Moore', 'cfowler@gmail.com', 'NsPIQBCr');
INSERT INTO NURSE (name, email, password) VALUES ('Ryan Moore', 'cfowler@gmail.com', 'NsPIQBCr');
INSERT INTO ACCOUNTANT (name, email, password) VALUES ('Elizabeth Harris', 'carolyn91@yahoo.com', 'AijzTrAlOEkUJiYoKe');
INSERT INTO NURSE (name, email, password) VALUES ('Elizabeth Harris', 'carolyn91@yahoo.com', 'AijzTrAlOEkUJiYoKe');
INSERT INTO ACCOUNTANT (name, email, password) VALUES ('Deborah Jones', 'kyledunn@hotmail.com', 'pEGxkUGfwu');
INSERT INTO NURSE (name, email, password) VALUES ('Deborah Jones', 'kyledunn@hotmail.com', 'pEGxkUGfwu');
INSERT INTO ACCOUNTANT (name, email, password) VALUES ('Keith Bennett', 'clarkmichael@gmail.com', 'ykhhlKmiUn');
INSERT INTO NURSE (name, email, password) VALUES ('Keith Bennett', 'clarkmichael@gmail.com', 'ykhhlKmiUn');
INSERT INTO ACCOUNTANT (name, email, password) VALUES ('Chad Mahoney', 'mgibson@yahoo.com', 'xBbcFcyYdwmXvlHBOU');
INSERT INTO NURSE (name, email, password) VALUES ('Chad Mahoney', 'mgibson@yahoo.com', 'xBbcFcyYdwmXvlHBOU');
INSERT INTO ACCOUNTANT (name, email, password) VALUES ('Mrs. Kristine Little', 'mariaaustin@yahoo.com', 'bUjHoJLRTXvV');
INSERT INTO NURSE (name, email, password) VALUES ('Mrs. Kristine Little', 'mariaaustin@yahoo.com', 'bUjHoJLRTXvV');
INSERT INTO ACCOUNTANT (name, email, password) VALUES ('Tracy Harrison', 'carolyngarcia@gmail.com', 'NJQtvxZlwVnwxIGWwv');
INSERT INTO NURSE (name, email, password) VALUES ('Tracy Harrison', 'carolyngarcia@gmail.com', 'NJQtvxZlwVnwxIGWwv');
INSERT INTO ACCOUNTANT (name, email, password) VALUES ('Lee Wright', 'erinlarson@gmail.com', 'TTGtXDCK');
INSERT INTO NURSE (name, email, password) VALUES ('Lee Wright', 'erinlarson@gmail.com', 'TTGtXDCK');
INSERT INTO ACCOUNTANT (name, email, password) VALUES ('Francisco Brown', 'carterrichard@gmail.com', 'MvRKYGZtdLvsps');
INSERT INTO NURSE (name, email, password) VALUES ('Francisco Brown', 'carterrichard@gmail.com', 'MvRKYGZtdLvsps');
INSERT INTO ACCOUNTANT (name, email, password) VALUES ('Jeffrey Gutierrez', 'lauren45@hotmail.com', 'UjOJwyjfZsdRUjBk');
INSERT INTO NURSE (name, email, password) VALUES ('Jeffrey Gutierrez', 'lauren45@hotmail.com', 'UjOJwyjfZsdRUjBk');
INSERT INTO ACCOUNTANT (name, email, password) VALUES ('Richard Flynn', 'jessica26@yahoo.com', 'UvQvNllLVpFBDPpPTok');
INSERT INTO NURSE (name, email, password) VALUES ('Richard Flynn', 'jessica26@yahoo.com', 'UvQvNllLVpFBDPpPTok');
INSERT INTO ACCOUNTANT (name, email, password) VALUES ('Amy Davis', 'conleydonald@gmail.com', 'AFRzXzIVuB');
INSERT INTO NURSE (name, email, password) VALUES ('Amy Davis', 'conleydonald@gmail.com', 'AFRzXzIVuB');
INSERT INTO ACCOUNTANT (name, email, password) VALUES ('Christopher Roberson', 'hbrooks@hotmail.com', 'JQzZRKqxijVFabyaq');
INSERT INTO NURSE (name, email, password) VALUES ('Christopher Roberson', 'hbrooks@hotmail.com', 'JQzZRKqxijVFabyaq');
INSERT INTO ACCOUNTANT (name, email, password) VALUES ('Raymond Parker', 'drakebrittany@hotmail.com', 'yAhzhGAaiItyo');
INSERT INTO NURSE (name, email, password) VALUES ('Raymond Parker', 'drakebrittany@hotmail.com', 'yAhzhGAaiItyo');
INSERT INTO ACCOUNTANT (name, email, password) VALUES ('Mary Olson DDS', 'olivia56@gmail.com', 'jHJkaCsCzSq');
INSERT INTO NURSE (name, email, password) VALUES ('Mary Olson DDS', 'olivia56@gmail.com', 'jHJkaCsCzSq');
INSERT INTO ACCOUNTANT (name, email, password) VALUES ('Laurie Mcgee', 'carrie75@hotmail.com', 'zVyFEUOZjb');
INSERT INTO NURSE (name, email, password) VALUES ('Laurie Mcgee', 'carrie75@hotmail.com', 'zVyFEUOZjb');
INSERT INTO ACCOUNTANT (name, email, password) VALUES ('Kimberly Brewer DDS', 'thomasbecker@hotmail.com', 'GpiGdUMYxRJPJ');
INSERT INTO NURSE (name, email, password) VALUES ('Kimberly Brewer DDS', 'thomasbecker@hotmail.com', 'GpiGdUMYxRJPJ');
INSERT INTO ACCOUNTANT (name, email, password) VALUES ('Mark Marquez', 'chriscabrera@hotmail.com', 'bBgieHBNRlod');
INSERT INTO NURSE (name, email, password) VALUES ('Mark Marquez', 'chriscabrera@hotmail.com', 'bBgieHBNRlod');
INSERT INTO ACCOUNTANT (name, email, password) VALUES ('Jessica Douglas', 'aaronruiz@yahoo.com', 'JBswHTweOgryqvSjtY');
INSERT INTO NURSE (name, email, password) VALUES ('Jessica Douglas', 'aaronruiz@yahoo.com', 'JBswHTweOgryqvSjtY');
INSERT INTO ACCOUNTANT (name, email, password) VALUES ('Kelly Velazquez', 'michellewade@gmail.com', 'jltPCgdSSoFxlwvWReQO');
INSERT INTO NURSE (name, email, password) VALUES ('Kelly Velazquez', 'michellewade@gmail.com', 'jltPCgdSSoFxlwvWReQO');
INSERT INTO ACCOUNTANT (name, email, password) VALUES ('Michael Martin', 'burgesssusan@gmail.com', 'IzfPWlhFtfwjFLyYAswa');
INSERT INTO NURSE (name, email, password) VALUES ('Michael Martin', 'burgesssusan@gmail.com', 'IzfPWlhFtfwjFLyYAswa');
INSERT INTO ACCOUNTANT (name, email, password) VALUES ('Teresa Kennedy', 'brianherring@yahoo.com', 'pLgtnftsmIA');
INSERT INTO NURSE (name, email, password) VALUES ('Teresa Kennedy', 'brianherring@yahoo.com', 'pLgtnftsmIA');
INSERT INTO ACCOUNTANT (name, email, password) VALUES ('James Gross', 'lechristina@yahoo.com', 'EcqzkvkTECiBDZPlXAUR');
INSERT INTO NURSE (name, email, password) VALUES ('James Gross', 'lechristina@yahoo.com', 'EcqzkvkTECiBDZPlXAUR');
INSERT INTO ACCOUNTANT (name, email, password) VALUES ('Dawn Holden', 'sierracastro@gmail.com', 'dEIIctndTyB');
INSERT INTO NURSE (name, email, password) VALUES ('Dawn Holden', 'sierracastro@gmail.com', 'dEIIctndTyB');
INSERT INTO ACCOUNTANT (name, email, password) VALUES ('Dustin Fields', 'vweiss@hotmail.com', 'TlSclzvrRdMlhJVaXI');
INSERT INTO NURSE (name, email, password) VALUES ('Dustin Fields', 'vweiss@hotmail.com', 'TlSclzvrRdMlhJVaXI');
INSERT INTO ACCOUNTANT (name, email, password) VALUES ('Tammy Moore', 'joseph42@yahoo.com', 'PJgoBCYkMOKxkZoHt');
INSERT INTO NURSE (name, email, password) VALUES ('Tammy Moore', 'joseph42@yahoo.com', 'PJgoBCYkMOKxkZoHt');
INSERT INTO ACCOUNTANT (name, email, password) VALUES ('Charlotte Henry', 'alexandra03@yahoo.com', 'WkfntbNJiYeWJbNqVyMA');
INSERT INTO NURSE (name, email, password) VALUES ('Charlotte Henry', 'alexandra03@yahoo.com', 'WkfntbNJiYeWJbNqVyMA');
INSERT INTO ACCOUNTANT (name, email, password) VALUES ('Timothy Holland', 'nwilliams@yahoo.com', 'PLfNSFnnGXCK');
INSERT INTO NURSE (name, email, password) VALUES ('Timothy Holland', 'nwilliams@yahoo.com', 'PLfNSFnnGXCK');
INSERT INTO ACCOUNTANT (name, email, password) VALUES ('Tyrone Wallace', 'peggycampbell@hotmail.com', 'ZGYpSJaH');
INSERT INTO NURSE (name, email, password) VALUES ('Tyrone Wallace', 'peggycampbell@hotmail.com', 'ZGYpSJaH');
INSERT INTO ACCOUNTANT (name, email, password) VALUES ('Austin Davies', 'welchdonna@hotmail.com', 'fiqgPqvhYkPH');
INSERT INTO NURSE (name, email, password) VALUES ('Austin Davies', 'welchdonna@hotmail.com', 'fiqgPqvhYkPH');
INSERT INTO ACCOUNTANT (name, email, password) VALUES ('Zachary Gonzalez', 'christopher82@yahoo.com', 'MSvzBBSEOPpEj');
INSERT INTO NURSE (name, email, password) VALUES ('Zachary Gonzalez', 'christopher82@yahoo.com', 'MSvzBBSEOPpEj');
INSERT INTO ACCOUNTANT (name, email, password) VALUES ('Ashley Leonard', 'katiehoffman@hotmail.com', 'WELSKJyaFVPuEiZOM');
INSERT INTO NURSE (name, email, password) VALUES ('Ashley Leonard', 'katiehoffman@hotmail.com', 'WELSKJyaFVPuEiZOM');
INSERT INTO ACCOUNTANT (name, email, password) VALUES ('Steven Alexander', 'wheelercathy@hotmail.com', 'SenMtwXLDdEFAllYZKL');
INSERT INTO NURSE (name, email, password) VALUES ('Steven Alexander', 'wheelercathy@hotmail.com', 'SenMtwXLDdEFAllYZKL');
INSERT INTO ACCOUNTANT (name, email, password) VALUES ('Kenneth Woodward', 'ntorres@hotmail.com', 'llcuUCHr');
INSERT INTO NURSE (name, email, password) VALUES ('Kenneth Woodward', 'ntorres@hotmail.com', 'llcuUCHr');
INSERT INTO ACCOUNTANT (name, email, password) VALUES ('Daniel Pope', 'gomezshawn@gmail.com', 'tybZFjJwDGuL');
INSERT INTO NURSE (name, email, password) VALUES ('Daniel Pope', 'gomezshawn@gmail.com', 'tybZFjJwDGuL');
INSERT INTO ACCOUNTANT (name, email, password) VALUES ('Bryan Carroll', 'stewarthannah@gmail.com', 'QCWIZJQK');
INSERT INTO NURSE (name, email, password) VALUES ('Bryan Carroll', 'stewarthannah@gmail.com', 'QCWIZJQK');
INSERT INTO ACCOUNTANT (name, email, password) VALUES ('Laura Hernandez', 'kenneth73@yahoo.com', 'WnCjRiUsCWpDC');
INSERT INTO NURSE (name, email, password) VALUES ('Laura Hernandez', 'kenneth73@yahoo.com', 'WnCjRiUsCWpDC');
INSERT INTO ACCOUNTANT (name, email, password) VALUES ('Michelle Salazar', 'mannmonique@hotmail.com', 'NKMXymwAEZb');
INSERT INTO NURSE (name, email, password) VALUES ('Michelle Salazar', 'mannmonique@hotmail.com', 'NKMXymwAEZb');
INSERT INTO ACCOUNTANT (name, email, password) VALUES ('Chad Mason', 'tgreen@gmail.com', 'bwZDPfAaUPPiO');
INSERT INTO NURSE (name, email, password) VALUES ('Chad Mason', 'tgreen@gmail.com', 'bwZDPfAaUPPiO');
INSERT INTO ACCOUNTANT (name, email, password) VALUES ('Matthew Rogers', 'rshaffer@hotmail.com', 'dkzOnXAvXHFQdgDv');
INSERT INTO NURSE (name, email, password) VALUES ('Matthew Rogers', 'rshaffer@hotmail.com', 'dkzOnXAvXHFQdgDv');
INSERT INTO ACCOUNTANT (name, email, password) VALUES ('Alec Foster', 'williammorris@gmail.com', 'jBKFsvLBRrYAZ');
INSERT INTO NURSE (name, email, password) VALUES ('Alec Foster', 'williammorris@gmail.com', 'jBKFsvLBRrYAZ');
INSERT INTO ACCOUNTANT (name, email, password) VALUES ('Dustin Miles', 'robert52@yahoo.com', 'iUNrpuBmBN');
INSERT INTO NURSE (name, email, password) VALUES ('Dustin Miles', 'robert52@yahoo.com', 'iUNrpuBmBN');
INSERT INTO ACCOUNTANT (name, email, password) VALUES ('Beth Powers', 'josephgarza@hotmail.com', 'SxSKwStZbivEpclXZ');
INSERT INTO NURSE (name, email, password) VALUES ('Beth Powers', 'josephgarza@hotmail.com', 'SxSKwStZbivEpclXZ');
INSERT INTO ACCOUNTANT (name, email, password) VALUES ('Andrea Martinez', 'perezkelly@gmail.com', 'hvRXkuKyfODbnyXnFysm');
INSERT INTO NURSE (name, email, password) VALUES ('Andrea Martinez', 'perezkelly@gmail.com', 'hvRXkuKyfODbnyXnFysm');
INSERT INTO ACCOUNTANT (name, email, password) VALUES ('Mr. Christopher Castro', 'brian59@gmail.com', 'nAPAIfcRpRpKHTVz');
INSERT INTO NURSE (name, email, password) VALUES ('Mr. Christopher Castro', 'brian59@gmail.com', 'nAPAIfcRpRpKHTVz');
INSERT INTO ACCOUNTANT (name, email, password) VALUES ('Alison Huang', 'hmccarthy@gmail.com', 'HezUWMip');
INSERT INTO NURSE (name, email, password) VALUES ('Alison Huang', 'hmccarthy@gmail.com', 'HezUWMip');
INSERT INTO ACCOUNTANT (name, email, password) VALUES ('Dustin Reynolds', 'mccormickkyle@gmail.com', 'YQiRiGQAh');
INSERT INTO NURSE (name, email, password) VALUES ('Dustin Reynolds', 'mccormickkyle@gmail.com', 'YQiRiGQAh');
INSERT INTO ACCOUNTANT (name, email, password) VALUES ('Joshua Smith', 'yfleming@gmail.com', 'JyqLGebTSiMVUGoYfM');
INSERT INTO NURSE (name, email, password) VALUES ('Joshua Smith', 'yfleming@gmail.com', 'JyqLGebTSiMVUGoYfM');
INSERT INTO ACCOUNTANT (name, email, password) VALUES ('Ronald Wright', 'gary73@yahoo.com', 'rniWrSpTO');
INSERT INTO NURSE (name, email, password) VALUES ('Ronald Wright', 'gary73@yahoo.com', 'rniWrSpTO');
INSERT INTO ACCOUNTANT (name, email, password) VALUES ('Edwin Booker', 'anthonygarner@yahoo.com', 'wjLOpFMglQ');
INSERT INTO NURSE (name, email, password) VALUES ('Edwin Booker', 'anthonygarner@yahoo.com', 'wjLOpFMglQ');
INSERT INTO ACCOUNTANT (name, email, password) VALUES ('Christopher Pope', 'wpatel@hotmail.com', 'spBIUUHTfqfeTRFTDw');
INSERT INTO NURSE (name, email, password) VALUES ('Christopher Pope', 'wpatel@hotmail.com', 'spBIUUHTfqfeTRFTDw');
INSERT INTO ACCOUNTANT (name, email, password) VALUES ('Rebecca Walker', 'vhunter@hotmail.com', 'TUPctNALcCg');
INSERT INTO NURSE (name, email, password) VALUES ('Rebecca Walker', 'vhunter@hotmail.com', 'TUPctNALcCg');
INSERT INTO ACCOUNTANT (name, email, password) VALUES ('Dawn Drake', 'davidgeorge@hotmail.com', 'jbAalgeWZ');
INSERT INTO NURSE (name, email, password) VALUES ('Dawn Drake', 'davidgeorge@hotmail.com', 'jbAalgeWZ');
INSERT INTO ACCOUNTANT (name, email, password) VALUES ('Stephen Frazier', 'deleontina@hotmail.com', 'IZetjHSG');
INSERT INTO NURSE (name, email, password) VALUES ('Stephen Frazier', 'deleontina@hotmail.com', 'IZetjHSG');
INSERT INTO ACCOUNTANT (name, email, password) VALUES ('Derek Weaver', 'pittmanlisa@hotmail.com', 'pujvdGAPWZWSV');
INSERT INTO NURSE (name, email, password) VALUES ('Derek Weaver', 'pittmanlisa@hotmail.com', 'pujvdGAPWZWSV');
INSERT INTO ACCOUNTANT (name, email, password) VALUES ('Shaun Gibson', 'jonesstephen@hotmail.com', 'EWORusufTZ');
INSERT INTO NURSE (name, email, password) VALUES ('Shaun Gibson', 'jonesstephen@hotmail.com', 'EWORusufTZ');
INSERT INTO ACCOUNTANT (name, email, password) VALUES ('Jordan Ruiz', 'kayla66@gmail.com', 'NvOHbeVo');
INSERT INTO NURSE (name, email, password) VALUES ('Jordan Ruiz', 'kayla66@gmail.com', 'NvOHbeVo');
INSERT INTO ACCOUNTANT (name, email, password) VALUES ('Tamara Lopez', 'slewis@gmail.com', 'KhdQbwCrjOqpxxqeiVFd');
INSERT INTO NURSE (name, email, password) VALUES ('Tamara Lopez', 'slewis@gmail.com', 'KhdQbwCrjOqpxxqeiVFd');
INSERT INTO ACCOUNTANT (name, email, password) VALUES ('April Hayden', 'harrisaaron@yahoo.com', 'ZLFrQToZuRAAjKUu');
INSERT INTO NURSE (name, email, password) VALUES ('April Hayden', 'harrisaaron@yahoo.com', 'ZLFrQToZuRAAjKUu');
INSERT INTO ACCOUNTANT (name, email, password) VALUES ('Jake Watkins', 'ohunter@yahoo.com', 'KOwuffwaLGwGiJeSlWii');
INSERT INTO NURSE (name, email, password) VALUES ('Jake Watkins', 'ohunter@yahoo.com', 'KOwuffwaLGwGiJeSlWii');
INSERT INTO ACCOUNTANT (name, email, password) VALUES ('Teresa Morgan', 'whitney61@hotmail.com', 'hqUxfJALloXg');
INSERT INTO NURSE (name, email, password) VALUES ('Teresa Morgan', 'whitney61@hotmail.com', 'hqUxfJALloXg');
INSERT INTO ACCOUNTANT (name, email, password) VALUES ('Matthew Tucker', 'ncobb@gmail.com', 'SsAtESCxBlQ');
INSERT INTO NURSE (name, email, password) VALUES ('Matthew Tucker', 'ncobb@gmail.com', 'SsAtESCxBlQ');
INSERT INTO ACCOUNTANT (name, email, password) VALUES ('Matthew Ford', 'breannanelson@gmail.com', 'MCEDqKctBBvZrep');
INSERT INTO NURSE (name, email, password) VALUES ('Matthew Ford', 'breannanelson@gmail.com', 'MCEDqKctBBvZrep');
INSERT INTO ACCOUNTANT (name, email, password) VALUES ('Nicholas Deleon', 'isaiah65@gmail.com', 'QPfuthVGtLqvaWJoub');
INSERT INTO NURSE (name, email, password) VALUES ('Nicholas Deleon', 'isaiah65@gmail.com', 'QPfuthVGtLqvaWJoub');
INSERT INTO ACCOUNTANT (name, email, password) VALUES ('John Hale', 'carolwaller@hotmail.com', 'OYaEpyTETsFGICgIUpSU');
INSERT INTO NURSE (name, email, password) VALUES ('John Hale', 'carolwaller@hotmail.com', 'OYaEpyTETsFGICgIUpSU');
INSERT INTO ACCOUNTANT (name, email, password) VALUES ('Misty Simpson', 'christinedudley@hotmail.com', 'kFFRckdvTOhdxr');
INSERT INTO NURSE (name, email, password) VALUES ('Misty Simpson', 'christinedudley@hotmail.com', 'kFFRckdvTOhdxr');
INSERT INTO ACCOUNTANT (name, email, password) VALUES ('Debra Moore', 'johnnytaylor@yahoo.com', 'VhdXnbTvOqxS');
INSERT INTO NURSE (name, email, password) VALUES ('Debra Moore', 'johnnytaylor@yahoo.com', 'VhdXnbTvOqxS');
INSERT INTO ACCOUNTANT (name, email, password) VALUES ('Jessica Hardin', 'raypeter@yahoo.com', 'IMUpQFaG');
INSERT INTO NURSE (name, email, password) VALUES ('Jessica Hardin', 'raypeter@yahoo.com', 'IMUpQFaG');
INSERT INTO ACCOUNTANT (name, email, password) VALUES ('Kara Pittman', 'salinasnatasha@gmail.com', 'xRWcnoaEnARHU');
INSERT INTO NURSE (name, email, password) VALUES ('Kara Pittman', 'salinasnatasha@gmail.com', 'xRWcnoaEnARHU');
INSERT INTO ACCOUNTANT (name, email, password) VALUES ('Lisa Morris', 'kirbyandrea@hotmail.com', 'tPSirZEmqIOUrsnHZ');
INSERT INTO NURSE (name, email, password) VALUES ('Lisa Morris', 'kirbyandrea@hotmail.com', 'tPSirZEmqIOUrsnHZ');
INSERT INTO ACCOUNTANT (name, email, password) VALUES ('Monica Ramirez', 'schmidtvickie@yahoo.com', 'UjDvlqYblPtOch');
INSERT INTO NURSE (name, email, password) VALUES ('Monica Ramirez', 'schmidtvickie@yahoo.com', 'UjDvlqYblPtOch');
INSERT INTO ACCOUNTANT (name, email, password) VALUES ('Anthony Perez', 'pmcguire@yahoo.com', 'rFtgRoKP');
INSERT INTO NURSE (name, email, password) VALUES ('Anthony Perez', 'pmcguire@yahoo.com', 'rFtgRoKP');
INSERT INTO ACCOUNTANT (name, email, password) VALUES ('Sarah Green', 'shelley44@hotmail.com', 'cSuxuDDN');
INSERT INTO NURSE (name, email, password) VALUES ('Sarah Green', 'shelley44@hotmail.com', 'cSuxuDDN');
INSERT INTO ACCOUNTANT (name, email, password) VALUES ('Rachel Stephens', 'lmccall@hotmail.com', 'HWgTljCGfnQjkPYhlle');
INSERT INTO NURSE (name, email, password) VALUES ('Rachel Stephens', 'lmccall@hotmail.com', 'HWgTljCGfnQjkPYhlle');
INSERT INTO ACCOUNTANT (name, email, password) VALUES ('Kevin Allen', 'manuel24@hotmail.com', 'opurLTewwzedJOGwaM');
INSERT INTO NURSE (name, email, password) VALUES ('Kevin Allen', 'manuel24@hotmail.com', 'opurLTewwzedJOGwaM');
INSERT INTO ACCOUNTANT (name, email, password) VALUES ('Ashley Larson', 'devin16@hotmail.com', 'OFXdQUVqVZYtITzqttx');
INSERT INTO NURSE (name, email, password) VALUES ('Ashley Larson', 'devin16@hotmail.com', 'OFXdQUVqVZYtITzqttx');
INSERT INTO ACCOUNTANT (name, email, password) VALUES ('Eric Wilson', 'richardspears@yahoo.com', 'bwtrznUbfg');
INSERT INTO NURSE (name, email, password) VALUES ('Eric Wilson', 'richardspears@yahoo.com', 'bwtrznUbfg');
INSERT INTO ACCOUNTANT (name, email, password) VALUES ('Terri Walls', 'scottglenn@hotmail.com', 'DSZrcbZKRf');
INSERT INTO NURSE (name, email, password) VALUES ('Terri Walls', 'scottglenn@hotmail.com', 'DSZrcbZKRf');
INSERT INTO ACCOUNTANT (name, email, password) VALUES ('Jeff Hess', 'montesmichele@gmail.com', 'GuGbssACXeyQWZouQxQ');
INSERT INTO NURSE (name, email, password) VALUES ('Jeff Hess', 'montesmichele@gmail.com', 'GuGbssACXeyQWZouQxQ');
INSERT INTO ACCOUNTANT (name, email, password) VALUES ('Jennifer Farrell', 'ohooper@yahoo.com', 'KsSzoUbIadljZXNdpYA');
INSERT INTO NURSE (name, email, password) VALUES ('Jennifer Farrell', 'ohooper@yahoo.com', 'KsSzoUbIadljZXNdpYA');
INSERT INTO ACCOUNTANT (name, email, password) VALUES ('James Washington', 'madisonmoore@yahoo.com', 'HWhUBQbfnZugszq');
INSERT INTO NURSE (name, email, password) VALUES ('James Washington', 'madisonmoore@yahoo.com', 'HWhUBQbfnZugszq');
INSERT INTO ACCOUNTANT (name, email, password) VALUES ('Jeremy Anderson', 'thomaswhite@yahoo.com', 'HkuvapkKQkstnjNq');
INSERT INTO NURSE (name, email, password) VALUES ('Jeremy Anderson', 'thomaswhite@yahoo.com', 'HkuvapkKQkstnjNq');
INSERT INTO ACCOUNTANT (name, email, password) VALUES ('Andrea Chan', 'juliastuart@yahoo.com', 'pDWwpgIFeSlgJ');
INSERT INTO NURSE (name, email, password) VALUES ('Andrea Chan', 'juliastuart@yahoo.com', 'pDWwpgIFeSlgJ');
INSERT INTO ACCOUNTANT (name, email, password) VALUES ('Nicole Curtis', 'longjeffery@hotmail.com', 'wTPtSium');
INSERT INTO NURSE (name, email, password) VALUES ('Nicole Curtis', 'longjeffery@hotmail.com', 'wTPtSium');
INSERT INTO ACCOUNTANT (name, email, password) VALUES ('Alexa James', 'jasmine83@yahoo.com', 'HqtGpqQEiTxujy');
INSERT INTO NURSE (name, email, password) VALUES ('Alexa James', 'jasmine83@yahoo.com', 'HqtGpqQEiTxujy');
INSERT INTO ACCOUNTANT (name, email, password) VALUES ('Ronald Kemp', 'reginaldsmith@hotmail.com', 'iFnWNAzvphhQuSJ');
INSERT INTO NURSE (name, email, password) VALUES ('Ronald Kemp', 'reginaldsmith@hotmail.com', 'iFnWNAzvphhQuSJ');
INSERT INTO ACCOUNTANT (name, email, password) VALUES ('Miguel Barnett', 'jimenezelizabeth@gmail.com', 'qEUbYWHxjgHi');
INSERT INTO NURSE (name, email, password) VALUES ('Miguel Barnett', 'jimenezelizabeth@gmail.com', 'qEUbYWHxjgHi');
INSERT INTO ACCOUNTANT (name, email, password) VALUES ('Andrea Yates', 'cranejennifer@hotmail.com', 'UCTZKjfDVq');
INSERT INTO NURSE (name, email, password) VALUES ('Andrea Yates', 'cranejennifer@hotmail.com', 'UCTZKjfDVq');
INSERT INTO ACCOUNTANT (name, email, password) VALUES ('Tyler Mason', 'crawforddenise@gmail.com', 'CBFPwcbO');
INSERT INTO NURSE (name, email, password) VALUES ('Tyler Mason', 'crawforddenise@gmail.com', 'CBFPwcbO');
INSERT INTO ACCOUNTANT (name, email, password) VALUES ('Richard Jones', 'tevans@hotmail.com', 'kBLvoElcPUCha');
INSERT INTO NURSE (name, email, password) VALUES ('Richard Jones', 'tevans@hotmail.com', 'kBLvoElcPUCha');
INSERT INTO ACCOUNTANT (name, email, password) VALUES ('Kimberly Johnson', 'kbrown@hotmail.com', 'dkCsKMAaVaaVO');
INSERT INTO NURSE (name, email, password) VALUES ('Kimberly Johnson', 'kbrown@hotmail.com', 'dkCsKMAaVaaVO');
INSERT INTO ACCOUNTANT (name, email, password) VALUES ('Ellen Rogers', 'simpsonjames@gmail.com', 'YPNrzdpOmOwaCvVNlbha');
INSERT INTO NURSE (name, email, password) VALUES ('Ellen Rogers', 'simpsonjames@gmail.com', 'YPNrzdpOmOwaCvVNlbha');
INSERT INTO ACCOUNTANT (name, email, password) VALUES ('Martin Humphrey', 'thomasjackson@gmail.com', 'aKKGmQsSAcPuQAbwdq');
INSERT INTO NURSE (name, email, password) VALUES ('Martin Humphrey', 'thomasjackson@gmail.com', 'aKKGmQsSAcPuQAbwdq');
INSERT INTO ACCOUNTANT (name, email, password) VALUES ('Joshua Rogers', 'michelle90@gmail.com', 'zAGuCmCkyLRfXwzRqM');
INSERT INTO NURSE (name, email, password) VALUES ('Joshua Rogers', 'michelle90@gmail.com', 'zAGuCmCkyLRfXwzRqM');
INSERT INTO ACCOUNTANT (name, email, password) VALUES ('Leslie Mejia', 'kyle68@gmail.com', 'sbjUmZfsNlXQSp');
INSERT INTO NURSE (name, email, password) VALUES ('Leslie Mejia', 'kyle68@gmail.com', 'sbjUmZfsNlXQSp');
INSERT INTO ACCOUNTANT (name, email, password) VALUES ('Lindsay Jones', 'huanglisa@gmail.com', 'QIJFsWBjGxQQggaGzwH');
INSERT INTO NURSE (name, email, password) VALUES ('Lindsay Jones', 'huanglisa@gmail.com', 'QIJFsWBjGxQQggaGzwH');
INSERT INTO ACCOUNTANT (name, email, password) VALUES ('Alex Harrington', 'pprince@hotmail.com', 'sqDHTlvnYUSbMxrcip');
INSERT INTO NURSE (name, email, password) VALUES ('Alex Harrington', 'pprince@hotmail.com', 'sqDHTlvnYUSbMxrcip');
INSERT INTO ACCOUNTANT (name, email, password) VALUES ('Michelle Coleman', 'frosario@hotmail.com', 'xWdzYCTzh');
INSERT INTO NURSE (name, email, password) VALUES ('Michelle Coleman', 'frosario@hotmail.com', 'xWdzYCTzh');
INSERT INTO ACCOUNTANT (name, email, password) VALUES ('Linda Nelson', 'fuentesjeffrey@gmail.com', 'CgwMEQgHNSGZKRliL');
INSERT INTO NURSE (name, email, password) VALUES ('Linda Nelson', 'fuentesjeffrey@gmail.com', 'CgwMEQgHNSGZKRliL');
INSERT INTO ACCOUNTANT (name, email, password) VALUES ('Scott Nash', 'melissastevens@hotmail.com', 'FoXSFAYfHXugZLI');
INSERT INTO NURSE (name, email, password) VALUES ('Scott Nash', 'melissastevens@hotmail.com', 'FoXSFAYfHXugZLI');
INSERT INTO ACCOUNTANT (name, email, password) VALUES ('James Boyle', 'gallaghermargaret@hotmail.com', 'eJnQiyTHAnytFGUd');
INSERT INTO NURSE (name, email, password) VALUES ('James Boyle', 'gallaghermargaret@hotmail.com', 'eJnQiyTHAnytFGUd');
INSERT INTO ACCOUNTANT (name, email, password) VALUES ('Jessica Lopez', 'brian22@hotmail.com', 'VMWJLHYwPll');
INSERT INTO NURSE (name, email, password) VALUES ('Jessica Lopez', 'brian22@hotmail.com', 'VMWJLHYwPll');
INSERT INTO ACCOUNTANT (name, email, password) VALUES ('Shawn Smith', 'kristawalters@hotmail.com', 'JaEEXKUT');
INSERT INTO NURSE (name, email, password) VALUES ('Shawn Smith', 'kristawalters@hotmail.com', 'JaEEXKUT');
INSERT INTO ACCOUNTANT (name, email, password) VALUES ('Linda Fitzpatrick', 'xwilliams@gmail.com', 'dUUcIyRNAqpNz');
INSERT INTO NURSE (name, email, password) VALUES ('Linda Fitzpatrick', 'xwilliams@gmail.com', 'dUUcIyRNAqpNz');
INSERT INTO ACCOUNTANT (name, email, password) VALUES ('Jeffrey Small', 'brianabennett@gmail.com', 'hslhznUwzUvZ');
INSERT INTO NURSE (name, email, password) VALUES ('Jeffrey Small', 'brianabennett@gmail.com', 'hslhznUwzUvZ');
INSERT INTO ACCOUNTANT (name, email, password) VALUES ('Sarah Oliver', 'tanyaharvey@gmail.com', 'JrzrQggAfEDY');
INSERT INTO NURSE (name, email, password) VALUES ('Sarah Oliver', 'tanyaharvey@gmail.com', 'JrzrQggAfEDY');
INSERT INTO ACCOUNTANT (name, email, password) VALUES ('Christy Heath', 'shannonmoore@gmail.com', 'aOygqAWDZzLUYgXlPKu');
INSERT INTO NURSE (name, email, password) VALUES ('Christy Heath', 'shannonmoore@gmail.com', 'aOygqAWDZzLUYgXlPKu');
INSERT INTO ACCOUNTANT (name, email, password) VALUES ('Sherri Contreras', 'ehernandez@gmail.com', 'dUNgIHWKsPNzfPsTN');
INSERT INTO NURSE (name, email, password) VALUES ('Sherri Contreras', 'ehernandez@gmail.com', 'dUNgIHWKsPNzfPsTN');
INSERT INTO ACCOUNTANT (name, email, password) VALUES ('Jonathan Fernandez', 'stephanie15@yahoo.com', 'aQWFwIohsf');
INSERT INTO NURSE (name, email, password) VALUES ('Jonathan Fernandez', 'stephanie15@yahoo.com', 'aQWFwIohsf');
INSERT INTO ACCOUNTANT (name, email, password) VALUES ('William Pierce', 'francisco04@yahoo.com', 'utSJKFAhYYEERSt');
INSERT INTO NURSE (name, email, password) VALUES ('William Pierce', 'francisco04@yahoo.com', 'utSJKFAhYYEERSt');
INSERT INTO ACCOUNTANT (name, email, password) VALUES ('Allison Crawford', 'maryshelton@gmail.com', 'RkzWnDIfzqJGjRmvf');
INSERT INTO NURSE (name, email, password) VALUES ('Allison Crawford', 'maryshelton@gmail.com', 'RkzWnDIfzqJGjRmvf');
INSERT INTO ACCOUNTANT (name, email, password) VALUES ('Emily Johnson', 'brownbrian@yahoo.com', 'elsQlSdEqpzM');
INSERT INTO NURSE (name, email, password) VALUES ('Emily Johnson', 'brownbrian@yahoo.com', 'elsQlSdEqpzM');
INSERT INTO ACCOUNTANT (name, email, password) VALUES ('Amber Garrett', 'laura81@hotmail.com', 'KeqkPAtQE');
INSERT INTO NURSE (name, email, password) VALUES ('Amber Garrett', 'laura81@hotmail.com', 'KeqkPAtQE');
INSERT INTO ACCOUNTANT (name, email, password) VALUES ('Heather Matthews', 'ccontreras@gmail.com', 'UToLkcAlWNDbMlcBsJB');
INSERT INTO NURSE (name, email, password) VALUES ('Heather Matthews', 'ccontreras@gmail.com', 'UToLkcAlWNDbMlcBsJB');
INSERT INTO ACCOUNTANT (name, email, password) VALUES ('Daniel Perry', 'millerstephen@hotmail.com', 'KGNrfvrowFbHDsu');
INSERT INTO NURSE (name, email, password) VALUES ('Daniel Perry', 'millerstephen@hotmail.com', 'KGNrfvrowFbHDsu');
INSERT INTO ACCOUNTANT (name, email, password) VALUES ('David Wu', 'lewisrobin@hotmail.com', 'DhdbBNGlpgKdXYTI');
INSERT INTO NURSE (name, email, password) VALUES ('David Wu', 'lewisrobin@hotmail.com', 'DhdbBNGlpgKdXYTI');
INSERT INTO ACCOUNTANT (name, email, password) VALUES ('James Davis', 'brianvega@hotmail.com', 'HUfJmPaKukHNd');
INSERT INTO NURSE (name, email, password) VALUES ('James Davis', 'brianvega@hotmail.com', 'HUfJmPaKukHNd');
INSERT INTO ACCOUNTANT (name, email, password) VALUES ('Brian Bird DDS', 'arielmarshall@gmail.com', 'DckzMMWqStcdwnyO');
INSERT INTO NURSE (name, email, password) VALUES ('Brian Bird DDS', 'arielmarshall@gmail.com', 'DckzMMWqStcdwnyO');
INSERT INTO ACCOUNTANT (name, email, password) VALUES ('Katherine Nelson', 'hopkinskaren@hotmail.com', 'NoBrUzVSkQyjF');
INSERT INTO NURSE (name, email, password) VALUES ('Katherine Nelson', 'hopkinskaren@hotmail.com', 'NoBrUzVSkQyjF');
INSERT INTO ACCOUNTANT (name, email, password) VALUES ('Jonathan Olson', 'vhernandez@hotmail.com', 'nZHAjiDDnSmWboC');
INSERT INTO NURSE (name, email, password) VALUES ('Jonathan Olson', 'vhernandez@hotmail.com', 'nZHAjiDDnSmWboC');
INSERT INTO ACCOUNTANT (name, email, password) VALUES ('Christina Hall', 'bruce43@gmail.com', 'iaYBrHdZPEFCybdG');
INSERT INTO NURSE (name, email, password) VALUES ('Christina Hall', 'bruce43@gmail.com', 'iaYBrHdZPEFCybdG');
INSERT INTO ACCOUNTANT (name, email, password) VALUES ('Dana Kline', 'mwebb@hotmail.com', 'rratqqecGaqSmBInV');
INSERT INTO NURSE (name, email, password) VALUES ('Dana Kline', 'mwebb@hotmail.com', 'rratqqecGaqSmBInV');
INSERT INTO ACCOUNTANT (name, email, password) VALUES ('Thomas Kelly', 'lisa29@gmail.com', 'tqmWonKURtZiHShU');
INSERT INTO NURSE (name, email, password) VALUES ('Thomas Kelly', 'lisa29@gmail.com', 'tqmWonKURtZiHShU');
INSERT INTO ACCOUNTANT (name, email, password) VALUES ('Jennifer Simpson', 'michelemoore@yahoo.com', 'eEgZrvgtVasepWNyI');
INSERT INTO NURSE (name, email, password) VALUES ('Jennifer Simpson', 'michelemoore@yahoo.com', 'eEgZrvgtVasepWNyI');
INSERT INTO ACCOUNTANT (name, email, password) VALUES ('Jerry Lowe', 'david82@gmail.com', 'BBmsEmcLBiIFH');
INSERT INTO NURSE (name, email, password) VALUES ('Jerry Lowe', 'david82@gmail.com', 'BBmsEmcLBiIFH');
INSERT INTO ACCOUNTANT (name, email, password) VALUES ('Robert Soto', 'lisa17@yahoo.com', 'IZaemLiIJK');
INSERT INTO NURSE (name, email, password) VALUES ('Robert Soto', 'lisa17@yahoo.com', 'IZaemLiIJK');
INSERT INTO ACCOUNTANT (name, email, password) VALUES ('Carolyn Brown', 'manuel25@yahoo.com', 'pnMlWZTBV');
INSERT INTO NURSE (name, email, password) VALUES ('Carolyn Brown', 'manuel25@yahoo.com', 'pnMlWZTBV');
INSERT INTO ACCOUNTANT (name, email, password) VALUES ('Nathan Lee', 'millerdiana@hotmail.com', 'AouRGuZPnPTY');
INSERT INTO NURSE (name, email, password) VALUES ('Nathan Lee', 'millerdiana@hotmail.com', 'AouRGuZPnPTY');
INSERT INTO ACCOUNTANT (name, email, password) VALUES ('Jennifer King', 'robert54@hotmail.com', 'aEMpSyXz');
INSERT INTO NURSE (name, email, password) VALUES ('Jennifer King', 'robert54@hotmail.com', 'aEMpSyXz');
INSERT INTO ACCOUNTANT (name, email, password) VALUES ('Eric Morgan', 'tthomas@hotmail.com', 'ffqALhYMby');
INSERT INTO NURSE (name, email, password) VALUES ('Eric Morgan', 'tthomas@hotmail.com', 'ffqALhYMby');
INSERT INTO ACCOUNTANT (name, email, password) VALUES ('Dave Vargas', 'benjaminvargas@gmail.com', 'qIHxMgeTvGtSAy');
INSERT INTO NURSE (name, email, password) VALUES ('Dave Vargas', 'benjaminvargas@gmail.com', 'qIHxMgeTvGtSAy');
INSERT INTO ACCOUNTANT (name, email, password) VALUES ('Carrie Aguilar', 'brianna63@hotmail.com', 'LVNyawtfotsculClAYn');
INSERT INTO NURSE (name, email, password) VALUES ('Carrie Aguilar', 'brianna63@hotmail.com', 'LVNyawtfotsculClAYn');
INSERT INTO ACCOUNTANT (name, email, password) VALUES ('Zoe Reynolds', 'brooke54@yahoo.com', 'ErzyyFAALYNsKZAjZllc');
INSERT INTO NURSE (name, email, password) VALUES ('Zoe Reynolds', 'brooke54@yahoo.com', 'ErzyyFAALYNsKZAjZllc');
INSERT INTO ACCOUNTANT (name, email, password) VALUES ('Dr. Regina Holden', 'christophermalone@hotmail.com', 'VFGgayWUAi');
INSERT INTO NURSE (name, email, password) VALUES ('Dr. Regina Holden', 'christophermalone@hotmail.com', 'VFGgayWUAi');
INSERT INTO ACCOUNTANT (name, email, password) VALUES ('Louis Rowland', 'fieldsalexandra@gmail.com', 'wGeVfJAxVVRxvcHpK');
INSERT INTO NURSE (name, email, password) VALUES ('Louis Rowland', 'fieldsalexandra@gmail.com', 'wGeVfJAxVVRxvcHpK');
INSERT INTO ACCOUNTANT (name, email, password) VALUES ('Steven Cook', 'jeffrey74@hotmail.com', 'ONTNJhukWDQ');
INSERT INTO NURSE (name, email, password) VALUES ('Steven Cook', 'jeffrey74@hotmail.com', 'ONTNJhukWDQ');
INSERT INTO ACCOUNTANT (name, email, password) VALUES ('Stephanie Duran', 'ajimenez@yahoo.com', 'vpLfVkYwWucESTVgMNxN');
INSERT INTO NURSE (name, email, password) VALUES ('Stephanie Duran', 'ajimenez@yahoo.com', 'vpLfVkYwWucESTVgMNxN');
INSERT INTO ACCOUNTANT (name, email, password) VALUES ('Cassandra Lewis', 'cboyd@yahoo.com', 'ZrckCJDRlsNeAikPYld');
INSERT INTO NURSE (name, email, password) VALUES ('Cassandra Lewis', 'cboyd@yahoo.com', 'ZrckCJDRlsNeAikPYld');
INSERT INTO ACCOUNTANT (name, email, password) VALUES ('Diana Summers', 'dianahicks@yahoo.com', 'ooMjToyxnxdTQVVixNmi');
INSERT INTO NURSE (name, email, password) VALUES ('Diana Summers', 'dianahicks@yahoo.com', 'ooMjToyxnxdTQVVixNmi');
INSERT INTO ACCOUNTANT (name, email, password) VALUES ('Mrs. Susan Jensen', 'eortiz@gmail.com', 'hgiXuzmaVWOsBvmuFqn');
INSERT INTO NURSE (name, email, password) VALUES ('Mrs. Susan Jensen', 'eortiz@gmail.com', 'hgiXuzmaVWOsBvmuFqn');
INSERT INTO ACCOUNTANT (name, email, password) VALUES ('Kelly Carter', 'mariahmartin@gmail.com', 'pfZuMWak');
INSERT INTO NURSE (name, email, password) VALUES ('Kelly Carter', 'mariahmartin@gmail.com', 'pfZuMWak');
INSERT INTO ACCOUNTANT (name, email, password) VALUES ('Andrea Lindsey', 'kathleenmyers@yahoo.com', 'KLQSmHlINeoHaabEuDuh');
INSERT INTO NURSE (name, email, password) VALUES ('Andrea Lindsey', 'kathleenmyers@yahoo.com', 'KLQSmHlINeoHaabEuDuh');
INSERT INTO ACCOUNTANT (name, email, password) VALUES ('Thomas Fry', 'jamesmanning@hotmail.com', 'aKWkXSUgjI');
INSERT INTO NURSE (name, email, password) VALUES ('Thomas Fry', 'jamesmanning@hotmail.com', 'aKWkXSUgjI');
INSERT INTO ACCOUNTANT (name, email, password) VALUES ('Tami Miller MD', 'josephedward@hotmail.com', 'TPmbyfzMG');
INSERT INTO NURSE (name, email, password) VALUES ('Tami Miller MD', 'josephedward@hotmail.com', 'TPmbyfzMG');
INSERT INTO ACCOUNTANT (name, email, password) VALUES ('Rhonda Perry', 'fsmith@gmail.com', 'XoQRPEKb');
INSERT INTO NURSE (name, email, password) VALUES ('Rhonda Perry', 'fsmith@gmail.com', 'XoQRPEKb');
INSERT INTO ACCOUNTANT (name, email, password) VALUES ('Michael Ferguson', 'lhoward@hotmail.com', 'yNyFiiTjFlSdgaHEEgZQ');
INSERT INTO NURSE (name, email, password) VALUES ('Michael Ferguson', 'lhoward@hotmail.com', 'yNyFiiTjFlSdgaHEEgZQ');
INSERT INTO ACCOUNTANT (name, email, password) VALUES ('Monique Turner', 'gregoryscott@yahoo.com', 'himsximhqtQUoXrCrBUN');
INSERT INTO NURSE (name, email, password) VALUES ('Monique Turner', 'gregoryscott@yahoo.com', 'himsximhqtQUoXrCrBUN');
INSERT INTO ACCOUNTANT (name, email, password) VALUES ('Joseph Gentry', 'thomas40@gmail.com', 'WPyAJkKQCT');
INSERT INTO NURSE (name, email, password) VALUES ('Joseph Gentry', 'thomas40@gmail.com', 'WPyAJkKQCT');
INSERT INTO ACCOUNTANT (name, email, password) VALUES ('Sarah Mccullough', 'renee36@hotmail.com', 'QeiwLglgQC');
INSERT INTO NURSE (name, email, password) VALUES ('Sarah Mccullough', 'renee36@hotmail.com', 'QeiwLglgQC');
INSERT INTO ACCOUNTANT (name, email, password) VALUES ('Lisa Wolf', 'james25@hotmail.com', 'OxRIdarJtrhuMJk');
INSERT INTO NURSE (name, email, password) VALUES ('Lisa Wolf', 'james25@hotmail.com', 'OxRIdarJtrhuMJk');
INSERT INTO ACCOUNTANT (name, email, password) VALUES ('Kyle Erickson', 'ngarcia@hotmail.com', 'ISSMHqwqn');
INSERT INTO NURSE (name, email, password) VALUES ('Kyle Erickson', 'ngarcia@hotmail.com', 'ISSMHqwqn');
INSERT INTO ACCOUNTANT (name, email, password) VALUES ('Katherine Davis', 'njones@yahoo.com', 'YeVxEKkMNwHLQ');
INSERT INTO NURSE (name, email, password) VALUES ('Katherine Davis', 'njones@yahoo.com', 'YeVxEKkMNwHLQ');
INSERT INTO ACCOUNTANT (name, email, password) VALUES ('Justin Larson', 'mendozarobert@hotmail.com', 'EesxJjlqQGhK');
INSERT INTO NURSE (name, email, password) VALUES ('Justin Larson', 'mendozarobert@hotmail.com', 'EesxJjlqQGhK');
INSERT INTO ACCOUNTANT (name, email, password) VALUES ('Luke Miller', 'fmartin@yahoo.com', 'musctWRPAZQHCTCYeLO');
INSERT INTO NURSE (name, email, password) VALUES ('Luke Miller', 'fmartin@yahoo.com', 'musctWRPAZQHCTCYeLO');
INSERT INTO ACCOUNTANT (name, email, password) VALUES ('Stephanie Nelson', 'carterandrea@gmail.com', 'sOFbNxuztZfWr');
INSERT INTO NURSE (name, email, password) VALUES ('Stephanie Nelson', 'carterandrea@gmail.com', 'sOFbNxuztZfWr');
INSERT INTO ACCOUNTANT (name, email, password) VALUES ('Spencer Williams', 'rodney10@gmail.com', 'LtbSrouutRAo');
INSERT INTO NURSE (name, email, password) VALUES ('Spencer Williams', 'rodney10@gmail.com', 'LtbSrouutRAo');
INSERT INTO ACCOUNTANT (name, email, password) VALUES ('Mary Mckenzie', 'matthew78@hotmail.com', 'dvllcGYcOkHMSjUdV');
INSERT INTO NURSE (name, email, password) VALUES ('Mary Mckenzie', 'matthew78@hotmail.com', 'dvllcGYcOkHMSjUdV');
INSERT INTO ACCOUNTANT (name, email, password) VALUES ('Daniel Smith', 'david39@hotmail.com', 'YnOIfhvmlKdGXEiQZzc');
INSERT INTO NURSE (name, email, password) VALUES ('Daniel Smith', 'david39@hotmail.com', 'YnOIfhvmlKdGXEiQZzc');
INSERT INTO ACCOUNTANT (name, email, password) VALUES ('Eric Johnson', 'sandersjorge@gmail.com', 'MtYShYCGO');
INSERT INTO NURSE (name, email, password) VALUES ('Eric Johnson', 'sandersjorge@gmail.com', 'MtYShYCGO');
INSERT INTO ACCOUNTANT (name, email, password) VALUES ('Anne Powers', 'lharrell@gmail.com', 'KIadnpIAHelYwJQvGjD');
INSERT INTO NURSE (name, email, password) VALUES ('Anne Powers', 'lharrell@gmail.com', 'KIadnpIAHelYwJQvGjD');
INSERT INTO ACCOUNTANT (name, email, password) VALUES ('Antonio Krueger', 'watsonadam@hotmail.com', 'QjwKNldd');
INSERT INTO NURSE (name, email, password) VALUES ('Antonio Krueger', 'watsonadam@hotmail.com', 'QjwKNldd');
INSERT INTO ACCOUNTANT (name, email, password) VALUES ('Brandon Cross', 'laura85@yahoo.com', 'iIyYFSaAUlqd');
INSERT INTO NURSE (name, email, password) VALUES ('Brandon Cross', 'laura85@yahoo.com', 'iIyYFSaAUlqd');
INSERT INTO ACCOUNTANT (name, email, password) VALUES ('Daniel Simmons', 'glandry@hotmail.com', 'nipLXIOs');
INSERT INTO NURSE (name, email, password) VALUES ('Daniel Simmons', 'glandry@hotmail.com', 'nipLXIOs');
INSERT INTO ACCOUNTANT (name, email, password) VALUES ('Janice Brewer', 'taylorross@gmail.com', 'ZGmiKIXLXivgAnp');
INSERT INTO NURSE (name, email, password) VALUES ('Janice Brewer', 'taylorross@gmail.com', 'ZGmiKIXLXivgAnp');
INSERT INTO ACCOUNTANT (name, email, password) VALUES ('Mark Richmond', 'kellyeric@yahoo.com', 'RGWrwHRpC');
INSERT INTO NURSE (name, email, password) VALUES ('Mark Richmond', 'kellyeric@yahoo.com', 'RGWrwHRpC');
INSERT INTO ACCOUNTANT (name, email, password) VALUES ('Kristi Wolf', 'shannondillon@gmail.com', 'LXDrfbqXxIAYQAFhhXq');
INSERT INTO NURSE (name, email, password) VALUES ('Kristi Wolf', 'shannondillon@gmail.com', 'LXDrfbqXxIAYQAFhhXq');
INSERT INTO ACCOUNTANT (name, email, password) VALUES ('William Mooney', 'johnstoncarrie@hotmail.com', 'ksHdngxgKzSBrRNTcgv');
INSERT INTO NURSE (name, email, password) VALUES ('William Mooney', 'johnstoncarrie@hotmail.com', 'ksHdngxgKzSBrRNTcgv');
INSERT INTO ACCOUNTANT (name, email, password) VALUES ('Renee Manning', 'gloria67@yahoo.com', 'bUSrXjBFFclzBHPLYK');
INSERT INTO NURSE (name, email, password) VALUES ('Renee Manning', 'gloria67@yahoo.com', 'bUSrXjBFFclzBHPLYK');
INSERT INTO ACCOUNTANT (name, email, password) VALUES ('Kevin Mason', 'seth24@gmail.com', 'ieXKzjirKZwxEDrLbV');
INSERT INTO NURSE (name, email, password) VALUES ('Kevin Mason', 'seth24@gmail.com', 'ieXKzjirKZwxEDrLbV');
INSERT INTO ACCOUNTANT (name, email, password) VALUES ('Haley Bishop', 'nguyenjoshua@hotmail.com', 'lvDtDyqFMVcyQVVrRa');
INSERT INTO NURSE (name, email, password) VALUES ('Haley Bishop', 'nguyenjoshua@hotmail.com', 'lvDtDyqFMVcyQVVrRa');
INSERT INTO ACCOUNTANT (name, email, password) VALUES ('David Warner', 'scottcabrera@yahoo.com', 'hwxDURKoqQzOWiqm');
INSERT INTO NURSE (name, email, password) VALUES ('David Warner', 'scottcabrera@yahoo.com', 'hwxDURKoqQzOWiqm');
INSERT INTO ACCOUNTANT (name, email, password) VALUES ('Trevor Horton', 'lopezthomas@hotmail.com', 'RwxkUirXdWt');
INSERT INTO NURSE (name, email, password) VALUES ('Trevor Horton', 'lopezthomas@hotmail.com', 'RwxkUirXdWt');
INSERT INTO ACCOUNTANT (name, email, password) VALUES ('Holly Campbell', 'lvance@gmail.com', 'TfvwMVUENSaksFqb');
INSERT INTO NURSE (name, email, password) VALUES ('Holly Campbell', 'lvance@gmail.com', 'TfvwMVUENSaksFqb');
INSERT INTO ACCOUNTANT (name, email, password) VALUES ('Susan Bailey', 'mckenzierobert@yahoo.com', 'MxHznCyXbBKjnX');
INSERT INTO NURSE (name, email, password) VALUES ('Susan Bailey', 'mckenzierobert@yahoo.com', 'MxHznCyXbBKjnX');
INSERT INTO ACCOUNTANT (name, email, password) VALUES ('Joshua Maynard', 'ericanorton@gmail.com', 'dfssEzYepwniM');
INSERT INTO NURSE (name, email, password) VALUES ('Joshua Maynard', 'ericanorton@gmail.com', 'dfssEzYepwniM');
INSERT INTO ACCOUNTANT (name, email, password) VALUES ('Julia Delgado', 'alison47@hotmail.com', 'tZtSbXHjZO');
INSERT INTO NURSE (name, email, password) VALUES ('Julia Delgado', 'alison47@hotmail.com', 'tZtSbXHjZO');
INSERT INTO ACCOUNTANT (name, email, password) VALUES ('John Aguirre', 'obriendenise@yahoo.com', 'OHnQMnIqVwGarHPtb');
INSERT INTO NURSE (name, email, password) VALUES ('John Aguirre', 'obriendenise@yahoo.com', 'OHnQMnIqVwGarHPtb');
INSERT INTO ACCOUNTANT (name, email, password) VALUES ('William Paul', 'connie48@gmail.com', 'cppSZlunbA');
INSERT INTO NURSE (name, email, password) VALUES ('William Paul', 'connie48@gmail.com', 'cppSZlunbA');
INSERT INTO ACCOUNTANT (name, email, password) VALUES ('Andrea French', 'ibarramatthew@hotmail.com', 'SNWjbGJkcZzwCiaIYm');
INSERT INTO NURSE (name, email, password) VALUES ('Andrea French', 'ibarramatthew@hotmail.com', 'SNWjbGJkcZzwCiaIYm');
INSERT INTO ACCOUNTANT (name, email, password) VALUES ('Sandra Holloway', 'jaredmurphy@gmail.com', 'LVqXQZNSkxr');
INSERT INTO NURSE (name, email, password) VALUES ('Sandra Holloway', 'jaredmurphy@gmail.com', 'LVqXQZNSkxr');
INSERT INTO ACCOUNTANT (name, email, password) VALUES ('Patricia Hess', 'nhartman@yahoo.com', 'HeqAllUxdKZUiPSVtCiJ');
INSERT INTO NURSE (name, email, password) VALUES ('Patricia Hess', 'nhartman@yahoo.com', 'HeqAllUxdKZUiPSVtCiJ');
INSERT INTO ACCOUNTANT (name, email, password) VALUES ('Henry Davis', 'jeffery53@gmail.com', 'WSJZibbJXUwekufrB');
INSERT INTO NURSE (name, email, password) VALUES ('Henry Davis', 'jeffery53@gmail.com', 'WSJZibbJXUwekufrB');
INSERT INTO ACCOUNTANT (name, email, password) VALUES ('Mike Taylor', 'crystalharris@hotmail.com', 'atuOBWFCbnTJUzTNki');
INSERT INTO NURSE (name, email, password) VALUES ('Mike Taylor', 'crystalharris@hotmail.com', 'atuOBWFCbnTJUzTNki');
INSERT INTO ACCOUNTANT (name, email, password) VALUES ('Paula Flores', 'christianruiz@gmail.com', 'kaZheRtRFvP');
INSERT INTO NURSE (name, email, password) VALUES ('Paula Flores', 'christianruiz@gmail.com', 'kaZheRtRFvP');
INSERT INTO ACCOUNTANT (name, email, password) VALUES ('Hunter Erickson', 'ypaul@yahoo.com', 'ngRODgGsAlpzNAeAy');
INSERT INTO NURSE (name, email, password) VALUES ('Hunter Erickson', 'ypaul@yahoo.com', 'ngRODgGsAlpzNAeAy');
INSERT INTO ACCOUNTANT (name, email, password) VALUES ('Roy Kaufman', 'jameskennedy@hotmail.com', 'PcMsnqeXX');
INSERT INTO NURSE (name, email, password) VALUES ('Roy Kaufman', 'jameskennedy@hotmail.com', 'PcMsnqeXX');
INSERT INTO ACCOUNTANT (name, email, password) VALUES ('Megan Jacobs', 'perrylee@hotmail.com', 'DyRfMkKcd');
INSERT INTO NURSE (name, email, password) VALUES ('Megan Jacobs', 'perrylee@hotmail.com', 'DyRfMkKcd');
INSERT INTO ACCOUNTANT (name, email, password) VALUES ('Kelly White', 'jonesmarvin@hotmail.com', 'mSEJavNiu');
INSERT INTO NURSE (name, email, password) VALUES ('Kelly White', 'jonesmarvin@hotmail.com', 'mSEJavNiu');
INSERT INTO ACCOUNTANT (name, email, password) VALUES ('Timothy Maldonado', 'franklindanielle@yahoo.com', 'XnetQuYtiigjw');
INSERT INTO NURSE (name, email, password) VALUES ('Timothy Maldonado', 'franklindanielle@yahoo.com', 'XnetQuYtiigjw');
INSERT INTO ACCOUNTANT (name, email, password) VALUES ('Derrick Hood', 'phunt@yahoo.com', 'rSBdeKfjoMSiYPIVFJiM');
INSERT INTO NURSE (name, email, password) VALUES ('Derrick Hood', 'phunt@yahoo.com', 'rSBdeKfjoMSiYPIVFJiM');
INSERT INTO ACCOUNTANT (name, email, password) VALUES ('Kathleen Schmidt', 'acrawford@gmail.com', 'CXiqZkMeZBDDwtwWnO');
INSERT INTO NURSE (name, email, password) VALUES ('Kathleen Schmidt', 'acrawford@gmail.com', 'CXiqZkMeZBDDwtwWnO');
INSERT INTO ACCOUNTANT (name, email, password) VALUES ('Tiffany Guerrero', 'wernerpaul@hotmail.com', 'AwjxcygzuGViQzpWOSP');
INSERT INTO NURSE (name, email, password) VALUES ('Tiffany Guerrero', 'wernerpaul@hotmail.com', 'AwjxcygzuGViQzpWOSP');
INSERT INTO ACCOUNTANT (name, email, password) VALUES ('Courtney Jensen', 'hunterchristopher@gmail.com', 'XrQDomkaOLqkEOT');
INSERT INTO NURSE (name, email, password) VALUES ('Courtney Jensen', 'hunterchristopher@gmail.com', 'XrQDomkaOLqkEOT');
INSERT INTO ACCOUNTANT (name, email, password) VALUES ('Angela Richardson', 'edwardskimberly@hotmail.com', 'sCpyFQgFB');
INSERT INTO NURSE (name, email, password) VALUES ('Angela Richardson', 'edwardskimberly@hotmail.com', 'sCpyFQgFB');
INSERT INTO ACCOUNTANT (name, email, password) VALUES ('Richard Sanders', 'tony38@gmail.com', 'yPrRrGogPUHd');
INSERT INTO NURSE (name, email, password) VALUES ('Richard Sanders', 'tony38@gmail.com', 'yPrRrGogPUHd');
INSERT INTO ACCOUNTANT (name, email, password) VALUES ('Jennifer Miller', 'othompson@gmail.com', 'zvVGXTWQsWYfVzBVGwk');
INSERT INTO NURSE (name, email, password) VALUES ('Jennifer Miller', 'othompson@gmail.com', 'zvVGXTWQsWYfVzBVGwk');
INSERT INTO ACCOUNTANT (name, email, password) VALUES ('Laura Stewart', 'candacegay@gmail.com', 'ztuZwmzMgpypBo');
INSERT INTO NURSE (name, email, password) VALUES ('Laura Stewart', 'candacegay@gmail.com', 'ztuZwmzMgpypBo');
INSERT INTO ACCOUNTANT (name, email, password) VALUES ('Sean Simmons', 'nmiller@yahoo.com', 'FdPhizqBdujDXUsMp');
INSERT INTO NURSE (name, email, password) VALUES ('Sean Simmons', 'nmiller@yahoo.com', 'FdPhizqBdujDXUsMp');
INSERT INTO ACCOUNTANT (name, email, password) VALUES ('Raymond Keller', 'tyronejones@gmail.com', 'qsMBOeCFI');
INSERT INTO NURSE (name, email, password) VALUES ('Raymond Keller', 'tyronejones@gmail.com', 'qsMBOeCFI');
INSERT INTO ACCOUNTANT (name, email, password) VALUES ('Kim Cook', 'dcosta@yahoo.com', 'kwatMsODRaY');
INSERT INTO NURSE (name, email, password) VALUES ('Kim Cook', 'dcosta@yahoo.com', 'kwatMsODRaY');
INSERT INTO ACCOUNTANT (name, email, password) VALUES ('Debra Hartman', 'lisa34@gmail.com', 'UbChSYhXxZXkWW');
INSERT INTO NURSE (name, email, password) VALUES ('Debra Hartman', 'lisa34@gmail.com', 'UbChSYhXxZXkWW');
INSERT INTO ACCOUNTANT (name, email, password) VALUES ('Denise Foster', 'ngreene@gmail.com', 'sFpACmYXt');
INSERT INTO NURSE (name, email, password) VALUES ('Denise Foster', 'ngreene@gmail.com', 'sFpACmYXt');
INSERT INTO ACCOUNTANT (name, email, password) VALUES ('Russell Martin', 'lpatterson@gmail.com', 'LgeHkqtBjVDbkgVbiJ');
INSERT INTO NURSE (name, email, password) VALUES ('Russell Martin', 'lpatterson@gmail.com', 'LgeHkqtBjVDbkgVbiJ');
INSERT INTO ACCOUNTANT (name, email, password) VALUES ('Nancy Sanchez', 'ftaylor@yahoo.com', 'mfGobvtOfxauyaMD');
INSERT INTO NURSE (name, email, password) VALUES ('Nancy Sanchez', 'ftaylor@yahoo.com', 'mfGobvtOfxauyaMD');
INSERT INTO ACCOUNTANT (name, email, password) VALUES ('Renee Harris', 'cliffordgarcia@gmail.com', 'CgCymbBDhuP');
INSERT INTO NURSE (name, email, password) VALUES ('Renee Harris', 'cliffordgarcia@gmail.com', 'CgCymbBDhuP');
INSERT INTO ACCOUNTANT (name, email, password) VALUES ('William Williams', 'katie34@yahoo.com', 'SePJCzTgxQXOr');
INSERT INTO NURSE (name, email, password) VALUES ('William Williams', 'katie34@yahoo.com', 'SePJCzTgxQXOr');
INSERT INTO ACCOUNTANT (name, email, password) VALUES ('John Coleman', 'wrice@yahoo.com', 'pvDbJOlIxTjBzgg');
INSERT INTO NURSE (name, email, password) VALUES ('John Coleman', 'wrice@yahoo.com', 'pvDbJOlIxTjBzgg');
INSERT INTO ACCOUNTANT (name, email, password) VALUES ('Julia Coleman', 'franciscowhite@yahoo.com', 'EwFdJVroDMHACA');
INSERT INTO NURSE (name, email, password) VALUES ('Julia Coleman', 'franciscowhite@yahoo.com', 'EwFdJVroDMHACA');
INSERT INTO ACCOUNTANT (name, email, password) VALUES ('Anne Hernandez', 'elizabethmatthews@hotmail.com', 'CKXpaLOVHexS');
INSERT INTO NURSE (name, email, password) VALUES ('Anne Hernandez', 'elizabethmatthews@hotmail.com', 'CKXpaLOVHexS');
INSERT INTO ACCOUNTANT (name, email, password) VALUES ('Martin Knapp', 'sarah90@yahoo.com', 'UizTajmnqLHCkcUJXzw');
INSERT INTO NURSE (name, email, password) VALUES ('Martin Knapp', 'sarah90@yahoo.com', 'UizTajmnqLHCkcUJXzw');
INSERT INTO ACCOUNTANT (name, email, password) VALUES ('Kelsey Johnson', 'ihunt@hotmail.com', 'jecpwkFDsnZPpgSyUrO');
INSERT INTO NURSE (name, email, password) VALUES ('Kelsey Johnson', 'ihunt@hotmail.com', 'jecpwkFDsnZPpgSyUrO');
INSERT INTO ACCOUNTANT (name, email, password) VALUES ('James Thompson', 'adam28@gmail.com', 'FZiSellQFArYqfXGctE');
INSERT INTO NURSE (name, email, password) VALUES ('James Thompson', 'adam28@gmail.com', 'FZiSellQFArYqfXGctE');
INSERT INTO ACCOUNTANT (name, email, password) VALUES ('Brittany Vazquez', 'megan61@gmail.com', 'WDCrDmnaW');
INSERT INTO NURSE (name, email, password) VALUES ('Brittany Vazquez', 'megan61@gmail.com', 'WDCrDmnaW');
INSERT INTO ACCOUNTANT (name, email, password) VALUES ('Chad Sharp', 'jonesjessica@hotmail.com', 'nXWBDppXHAuBvZ');
INSERT INTO NURSE (name, email, password) VALUES ('Chad Sharp', 'jonesjessica@hotmail.com', 'nXWBDppXHAuBvZ');
INSERT INTO ACCOUNTANT (name, email, password) VALUES ('Brian Walker', 'qanderson@gmail.com', 'FshwqjnFSBIXKZOoWK');
INSERT INTO NURSE (name, email, password) VALUES ('Brian Walker', 'qanderson@gmail.com', 'FshwqjnFSBIXKZOoWK');
INSERT INTO ACCOUNTANT (name, email, password) VALUES ('Stephen Coleman', 'baldwinkelsey@hotmail.com', 'ZCHkIEmDwjMwN');
INSERT INTO NURSE (name, email, password) VALUES ('Stephen Coleman', 'baldwinkelsey@hotmail.com', 'ZCHkIEmDwjMwN');
INSERT INTO ACCOUNTANT (name, email, password) VALUES ('Eric Bush', 'brittanyoconnell@hotmail.com', 'pUmfLFwrcqiMQyOEL');
INSERT INTO NURSE (name, email, password) VALUES ('Eric Bush', 'brittanyoconnell@hotmail.com', 'pUmfLFwrcqiMQyOEL');
INSERT INTO ACCOUNTANT (name, email, password) VALUES ('Veronica Ellis', 'adam16@yahoo.com', 'RCiUtErxhYT');
INSERT INTO NURSE (name, email, password) VALUES ('Veronica Ellis', 'adam16@yahoo.com', 'RCiUtErxhYT');
INSERT INTO ACCOUNTANT (name, email, password) VALUES ('Greg Cherry', 'zlewis@gmail.com', 'sMEcUgJlskWivyWhwENX');
INSERT INTO NURSE (name, email, password) VALUES ('Greg Cherry', 'zlewis@gmail.com', 'sMEcUgJlskWivyWhwENX');
INSERT INTO ACCOUNTANT (name, email, password) VALUES ('Lisa Parker', 'wilsonhaley@yahoo.com', 'SkSPpKUn');
INSERT INTO NURSE (name, email, password) VALUES ('Lisa Parker', 'wilsonhaley@yahoo.com', 'SkSPpKUn');
INSERT INTO ACCOUNTANT (name, email, password) VALUES ('Bradley Lopez', 'alanfrye@yahoo.com', 'TLxScbunuFJyM');
INSERT INTO NURSE (name, email, password) VALUES ('Bradley Lopez', 'alanfrye@yahoo.com', 'TLxScbunuFJyM');
INSERT INTO ACCOUNTANT (name, email, password) VALUES ('Bobby Smith', 'wdennis@yahoo.com', 'EShzYaoRGYSLtH');
INSERT INTO NURSE (name, email, password) VALUES ('Bobby Smith', 'wdennis@yahoo.com', 'EShzYaoRGYSLtH');
INSERT INTO ACCOUNTANT (name, email, password) VALUES ('Shannon Wallace', 'usingh@hotmail.com', 'pHBwNCsAjtRU');
INSERT INTO NURSE (name, email, password) VALUES ('Shannon Wallace', 'usingh@hotmail.com', 'pHBwNCsAjtRU');
INSERT INTO ACCOUNTANT (name, email, password) VALUES ('Sharon Zuniga', 'christophermartinez@gmail.com', 'ktHYybNvkkm');
INSERT INTO NURSE (name, email, password) VALUES ('Sharon Zuniga', 'christophermartinez@gmail.com', 'ktHYybNvkkm');
INSERT INTO ACCOUNTANT (name, email, password) VALUES ('Patrick Porter', 'mathewsgarrett@hotmail.com', 'TzzbStTuFWgrLftuB');
INSERT INTO NURSE (name, email, password) VALUES ('Patrick Porter', 'mathewsgarrett@hotmail.com', 'TzzbStTuFWgrLftuB');
INSERT INTO ACCOUNTANT (name, email, password) VALUES ('David Aguirre', 'mortonellen@gmail.com', 'WUkGptllbrEdqQeLz');
INSERT INTO NURSE (name, email, password) VALUES ('David Aguirre', 'mortonellen@gmail.com', 'WUkGptllbrEdqQeLz');
INSERT INTO ACCOUNTANT (name, email, password) VALUES ('James French', 'masonmorton@gmail.com', 'EjxbVVrKeQBeksdhsF');
INSERT INTO NURSE (name, email, password) VALUES ('James French', 'masonmorton@gmail.com', 'EjxbVVrKeQBeksdhsF');
INSERT INTO ACCOUNTANT (name, email, password) VALUES ('Kelly Ramos', 'aimeeallen@yahoo.com', 'jxJNshIXaF');
INSERT INTO NURSE (name, email, password) VALUES ('Kelly Ramos', 'aimeeallen@yahoo.com', 'jxJNshIXaF');
INSERT INTO ACCOUNTANT (name, email, password) VALUES ('Cody Donaldson', 'johnesparza@gmail.com', 'AxJVmhDSTPuFbZCkTrj');
INSERT INTO NURSE (name, email, password) VALUES ('Cody Donaldson', 'johnesparza@gmail.com', 'AxJVmhDSTPuFbZCkTrj');
INSERT INTO ACCOUNTANT (name, email, password) VALUES ('Julie Carlson', 'gregory34@gmail.com', 'jAfKuiGErVkThcYP');
INSERT INTO NURSE (name, email, password) VALUES ('Julie Carlson', 'gregory34@gmail.com', 'jAfKuiGErVkThcYP');
INSERT INTO ACCOUNTANT (name, email, password) VALUES ('Mike Ross', 'sparkssusan@gmail.com', 'WweyMXCxOtSREZtoMWNW');
INSERT INTO NURSE (name, email, password) VALUES ('Mike Ross', 'sparkssusan@gmail.com', 'WweyMXCxOtSREZtoMWNW');
INSERT INTO ACCOUNTANT (name, email, password) VALUES ('Clifford Crawford', 'cruzmichael@gmail.com', 'FNMQsGTGejReHxPZFfjU');
INSERT INTO NURSE (name, email, password) VALUES ('Clifford Crawford', 'cruzmichael@gmail.com', 'FNMQsGTGejReHxPZFfjU');
INSERT INTO ACCOUNTANT (name, email, password) VALUES ('Brittany Young', 'jeffrey97@gmail.com', 'WVYjVxacFYmeMIj');
INSERT INTO NURSE (name, email, password) VALUES ('Brittany Young', 'jeffrey97@gmail.com', 'WVYjVxacFYmeMIj');
INSERT INTO ACCOUNTANT (name, email, password) VALUES ('Marilyn Johnson', 'brendanespinoza@hotmail.com', 'gyUWuDnKpbOVgmqoQGW');
INSERT INTO NURSE (name, email, password) VALUES ('Marilyn Johnson', 'brendanespinoza@hotmail.com', 'gyUWuDnKpbOVgmqoQGW');
INSERT INTO ACCOUNTANT (name, email, password) VALUES ('Brandon Castro', 'adamsbrittany@gmail.com', 'BOCIdSaXDtyjU');
INSERT INTO NURSE (name, email, password) VALUES ('Brandon Castro', 'adamsbrittany@gmail.com', 'BOCIdSaXDtyjU');
INSERT INTO ACCOUNTANT (name, email, password) VALUES ('Justin Olson', 'caitlin81@gmail.com', 'ekpVTtRIdPRa');
INSERT INTO NURSE (name, email, password) VALUES ('Justin Olson', 'caitlin81@gmail.com', 'ekpVTtRIdPRa');
INSERT INTO ACCOUNTANT (name, email, password) VALUES ('Peter Murphy', 'qpatel@yahoo.com', 'gyhvKLwltaY');
INSERT INTO NURSE (name, email, password) VALUES ('Peter Murphy', 'qpatel@yahoo.com', 'gyhvKLwltaY');
INSERT INTO ACCOUNTANT (name, email, password) VALUES ('Teresa Thompson', 'karaschmitt@yahoo.com', 'NSGXOmMxjJhQW');
INSERT INTO NURSE (name, email, password) VALUES ('Teresa Thompson', 'karaschmitt@yahoo.com', 'NSGXOmMxjJhQW');
INSERT INTO ACCOUNTANT (name, email, password) VALUES ('Emily King', 'rosariolisa@hotmail.com', 'ApcoDLhcZuBY');
INSERT INTO NURSE (name, email, password) VALUES ('Emily King', 'rosariolisa@hotmail.com', 'ApcoDLhcZuBY');
INSERT INTO ACCOUNTANT (name, email, password) VALUES ('Edwin Durham', 'elizabethlloyd@hotmail.com', 'cSxUdDOndEwrgg');
INSERT INTO NURSE (name, email, password) VALUES ('Edwin Durham', 'elizabethlloyd@hotmail.com', 'cSxUdDOndEwrgg');
INSERT INTO ACCOUNTANT (name, email, password) VALUES ('Briana Vargas', 'nsteele@yahoo.com', 'wmLHMMgvgWGvz');
INSERT INTO NURSE (name, email, password) VALUES ('Briana Vargas', 'nsteele@yahoo.com', 'wmLHMMgvgWGvz');
INSERT INTO ACCOUNTANT (name, email, password) VALUES ('Hannah Johnson', 'patricklee@hotmail.com', 'LBRFzdCMjxQvIUUjkGyN');
INSERT INTO NURSE (name, email, password) VALUES ('Hannah Johnson', 'patricklee@hotmail.com', 'LBRFzdCMjxQvIUUjkGyN');
INSERT INTO ACCOUNTANT (name, email, password) VALUES ('Ruth Osborne', 'ramirezmichelle@yahoo.com', 'BMgzavDkZEMC');
INSERT INTO NURSE (name, email, password) VALUES ('Ruth Osborne', 'ramirezmichelle@yahoo.com', 'BMgzavDkZEMC');
INSERT INTO ACCOUNTANT (name, email, password) VALUES ('Paul Adams', 'zmarquez@yahoo.com', 'rMBPTPMOBFmG');
INSERT INTO NURSE (name, email, password) VALUES ('Paul Adams', 'zmarquez@yahoo.com', 'rMBPTPMOBFmG');
INSERT INTO ACCOUNTANT (name, email, password) VALUES ('Derrick Schneider', 'parkerhenderson@hotmail.com', 'sxVXWdKOXuEOmcrzUyVt');
INSERT INTO NURSE (name, email, password) VALUES ('Derrick Schneider', 'parkerhenderson@hotmail.com', 'sxVXWdKOXuEOmcrzUyVt');
INSERT INTO ACCOUNTANT (name, email, password) VALUES ('Craig Boone', 'mary61@yahoo.com', 'yEMrnLcUWrIRN');
INSERT INTO NURSE (name, email, password) VALUES ('Craig Boone', 'mary61@yahoo.com', 'yEMrnLcUWrIRN');
INSERT INTO ACCOUNTANT (name, email, password) VALUES ('April Richard', 'jessefletcher@hotmail.com', 'kPzdfuXJRInJOTspPsu');
INSERT INTO NURSE (name, email, password) VALUES ('April Richard', 'jessefletcher@hotmail.com', 'kPzdfuXJRInJOTspPsu');
INSERT INTO ACCOUNTANT (name, email, password) VALUES ('Lindsey Mack', 'jake48@gmail.com', 'GDXHHxLWEBaghO');
INSERT INTO NURSE (name, email, password) VALUES ('Lindsey Mack', 'jake48@gmail.com', 'GDXHHxLWEBaghO');
INSERT INTO ACCOUNTANT (name, email, password) VALUES ('Timothy Andrews', 'tamara86@yahoo.com', 'wJkxsFtDdokUjKNRj');
INSERT INTO NURSE (name, email, password) VALUES ('Timothy Andrews', 'tamara86@yahoo.com', 'wJkxsFtDdokUjKNRj');
INSERT INTO ACCOUNTANT (name, email, password) VALUES ('Maria Molina', 'thomas50@gmail.com', 'yMZarncUtjgmgZ');
INSERT INTO NURSE (name, email, password) VALUES ('Maria Molina', 'thomas50@gmail.com', 'yMZarncUtjgmgZ');
INSERT INTO ACCOUNTANT (name, email, password) VALUES ('Jennifer Allen', 'ugibson@hotmail.com', 'cTlKFvCHdILqEAULC');
INSERT INTO NURSE (name, email, password) VALUES ('Jennifer Allen', 'ugibson@hotmail.com', 'cTlKFvCHdILqEAULC');
INSERT INTO ACCOUNTANT (name, email, password) VALUES ('Mark Crawford', 'taylortaylor@hotmail.com', 'LZcbyPGCEJVoMkQYzK');
INSERT INTO NURSE (name, email, password) VALUES ('Mark Crawford', 'taylortaylor@hotmail.com', 'LZcbyPGCEJVoMkQYzK');
INSERT INTO ACCOUNTANT (name, email, password) VALUES ('Michael Thomas', 'stewartmelanie@gmail.com', 'NXTtljwI');
INSERT INTO NURSE (name, email, password) VALUES ('Michael Thomas', 'stewartmelanie@gmail.com', 'NXTtljwI');
INSERT INTO ACCOUNTANT (name, email, password) VALUES ('Susan Stanley', 'webermolly@yahoo.com', 'oLocfzBKcOncQ');
INSERT INTO NURSE (name, email, password) VALUES ('Susan Stanley', 'webermolly@yahoo.com', 'oLocfzBKcOncQ');
INSERT INTO ACCOUNTANT (name, email, password) VALUES ('Jeremy Gonzalez', 'jeffreygoodman@gmail.com', 'RXIkLHQmHWrMSFA');
INSERT INTO NURSE (name, email, password) VALUES ('Jeremy Gonzalez', 'jeffreygoodman@gmail.com', 'RXIkLHQmHWrMSFA');
INSERT INTO ACCOUNTANT (name, email, password) VALUES ('Ann Escobar', 'joegutierrez@gmail.com', 'KPyzaMSPhPkND');
INSERT INTO NURSE (name, email, password) VALUES ('Ann Escobar', 'joegutierrez@gmail.com', 'KPyzaMSPhPkND');
INSERT INTO ACCOUNTANT (name, email, password) VALUES ('Patrick Avila', 'christopher96@hotmail.com', 'rdRbWKKnNbD');
INSERT INTO NURSE (name, email, password) VALUES ('Patrick Avila', 'christopher96@hotmail.com', 'rdRbWKKnNbD');
INSERT INTO ACCOUNTANT (name, email, password) VALUES ('Michelle Ware', 'ejames@yahoo.com', 'bpFUWqdIKVBMRsgiZAps');
INSERT INTO NURSE (name, email, password) VALUES ('Michelle Ware', 'ejames@yahoo.com', 'bpFUWqdIKVBMRsgiZAps');
INSERT INTO ACCOUNTANT (name, email, password) VALUES ('Timothy Bradshaw', 'ashleymoore@gmail.com', 'tDcUJnSThTny');
INSERT INTO NURSE (name, email, password) VALUES ('Timothy Bradshaw', 'ashleymoore@gmail.com', 'tDcUJnSThTny');
INSERT INTO ACCOUNTANT (name, email, password) VALUES ('Ethan Hernandez', 'uwarner@hotmail.com', 'ejdiVHRZCn');
INSERT INTO NURSE (name, email, password) VALUES ('Ethan Hernandez', 'uwarner@hotmail.com', 'ejdiVHRZCn');
INSERT INTO ACCOUNTANT (name, email, password) VALUES ('Kristopher Guzman', 'tbush@yahoo.com', 'AKRZFpLnAuWkvr');
INSERT INTO NURSE (name, email, password) VALUES ('Kristopher Guzman', 'tbush@yahoo.com', 'AKRZFpLnAuWkvr');
INSERT INTO ACCOUNTANT (name, email, password) VALUES ('Jeffrey Casey', 'frostalvin@gmail.com', 'tnDnPhZpAc');
INSERT INTO NURSE (name, email, password) VALUES ('Jeffrey Casey', 'frostalvin@gmail.com', 'tnDnPhZpAc');
INSERT INTO ACCOUNTANT (name, email, password) VALUES ('Karen Miller', 'mark46@hotmail.com', 'xJcnaJrPDfZbMzM');
INSERT INTO NURSE (name, email, password) VALUES ('Karen Miller', 'mark46@hotmail.com', 'xJcnaJrPDfZbMzM');
INSERT INTO ACCOUNTANT (name, email, password) VALUES ('Kelly Anderson', 'kmoore@yahoo.com', 'VtRlGgnga');
INSERT INTO NURSE (name, email, password) VALUES ('Kelly Anderson', 'kmoore@yahoo.com', 'VtRlGgnga');
INSERT INTO ACCOUNTANT (name, email, password) VALUES ('Kelly Patterson', 'brooksjoshua@yahoo.com', 'nSGdllOIf');
INSERT INTO NURSE (name, email, password) VALUES ('Kelly Patterson', 'brooksjoshua@yahoo.com', 'nSGdllOIf');
INSERT INTO ACCOUNTANT (name, email, password) VALUES ('Victor Robinson', 'calvindiaz@hotmail.com', 'gDutLCgmi');
INSERT INTO NURSE (name, email, password) VALUES ('Victor Robinson', 'calvindiaz@hotmail.com', 'gDutLCgmi');
INSERT INTO ACCOUNTANT (name, email, password) VALUES ('Rebecca Rhodes', 'csanchez@gmail.com', 'WYzbITgI');
INSERT INTO NURSE (name, email, password) VALUES ('Rebecca Rhodes', 'csanchez@gmail.com', 'WYzbITgI');
INSERT INTO ACCOUNTANT (name, email, password) VALUES ('Melinda Wallace MD', 'joann76@gmail.com', 'rBFoGfRBgVlIgmBd');
INSERT INTO NURSE (name, email, password) VALUES ('Melinda Wallace MD', 'joann76@gmail.com', 'rBFoGfRBgVlIgmBd');
INSERT INTO ACCOUNTANT (name, email, password) VALUES ('Richard Hoffman', 'oharris@yahoo.com', 'QjrKmQcrBPE');
INSERT INTO NURSE (name, email, password) VALUES ('Richard Hoffman', 'oharris@yahoo.com', 'QjrKmQcrBPE');
INSERT INTO ACCOUNTANT (name, email, password) VALUES ('Dana Hernandez', 'michael38@gmail.com', 'ZoatCcFUKGokCxzuZR');
INSERT INTO NURSE (name, email, password) VALUES ('Dana Hernandez', 'michael38@gmail.com', 'ZoatCcFUKGokCxzuZR');
INSERT INTO ACCOUNTANT (name, email, password) VALUES ('Michael Ferguson', 'deleongabriel@hotmail.com', 'CfRUKwAVwAXoST');
INSERT INTO NURSE (name, email, password) VALUES ('Michael Ferguson', 'deleongabriel@hotmail.com', 'CfRUKwAVwAXoST');
INSERT INTO ACCOUNTANT (name, email, password) VALUES ('Paul Kirby', 'handerson@yahoo.com', 'aMQVGCeomyw');
INSERT INTO NURSE (name, email, password) VALUES ('Paul Kirby', 'handerson@yahoo.com', 'aMQVGCeomyw');
INSERT INTO ACCOUNTANT (name, email, password) VALUES ('Amanda Keller', 'martin97@yahoo.com', 'FpaoSVEFSoaGhcoj');
INSERT INTO NURSE (name, email, password) VALUES ('Amanda Keller', 'martin97@yahoo.com', 'FpaoSVEFSoaGhcoj');
INSERT INTO ACCOUNTANT (name, email, password) VALUES ('Denise Huff', 'tkelly@gmail.com', 'OCKAymBGrESDvpRNfnqm');
INSERT INTO NURSE (name, email, password) VALUES ('Denise Huff', 'tkelly@gmail.com', 'OCKAymBGrESDvpRNfnqm');
INSERT INTO ACCOUNTANT (name, email, password) VALUES ('Amber Rangel', 'yjames@gmail.com', 'GcfjJeFzOvySan');
INSERT INTO NURSE (name, email, password) VALUES ('Amber Rangel', 'yjames@gmail.com', 'GcfjJeFzOvySan');
INSERT INTO ACCOUNTANT (name, email, password) VALUES ('Michael Jacobson', 'kevin36@yahoo.com', 'xuoVWAGrmesGVdwm');
INSERT INTO NURSE (name, email, password) VALUES ('Michael Jacobson', 'kevin36@yahoo.com', 'xuoVWAGrmesGVdwm');
INSERT INTO ACCOUNTANT (name, email, password) VALUES ('Peggy Holmes', 'ggregory@gmail.com', 'QgzOfPoW');
INSERT INTO NURSE (name, email, password) VALUES ('Peggy Holmes', 'ggregory@gmail.com', 'QgzOfPoW');
INSERT INTO ACCOUNTANT (name, email, password) VALUES ('Amanda Yoder', 'paul43@gmail.com', 'jqPtYFGMUApK');
INSERT INTO NURSE (name, email, password) VALUES ('Amanda Yoder', 'paul43@gmail.com', 'jqPtYFGMUApK');
INSERT INTO ACCOUNTANT (name, email, password) VALUES ('Jonathan Hayes', 'evanscharlotte@yahoo.com', 'lBZmDZHcHDaENmNqENCJ');
INSERT INTO NURSE (name, email, password) VALUES ('Jonathan Hayes', 'evanscharlotte@yahoo.com', 'lBZmDZHcHDaENmNqENCJ');
INSERT INTO ACCOUNTANT (name, email, password) VALUES ('Kathleen Barnes', 'catherine59@yahoo.com', 'hxdgPFcROPIdCu');
INSERT INTO NURSE (name, email, password) VALUES ('Kathleen Barnes', 'catherine59@yahoo.com', 'hxdgPFcROPIdCu');
INSERT INTO ACCOUNTANT (name, email, password) VALUES ('Kevin Hampton', 'williskatherine@hotmail.com', 'kffAIWZMwHbXRf');
INSERT INTO NURSE (name, email, password) VALUES ('Kevin Hampton', 'williskatherine@hotmail.com', 'kffAIWZMwHbXRf');
INSERT INTO ACCOUNTANT (name, email, password) VALUES ('Madeline Evans', 'jeffery39@gmail.com', 'jVUFWZNYF');
INSERT INTO NURSE (name, email, password) VALUES ('Madeline Evans', 'jeffery39@gmail.com', 'jVUFWZNYF');
INSERT INTO ACCOUNTANT (name, email, password) VALUES ('Gregory Pena', 'umartinez@hotmail.com', 'SuJJSqrFhJaCdN');
INSERT INTO NURSE (name, email, password) VALUES ('Gregory Pena', 'umartinez@hotmail.com', 'SuJJSqrFhJaCdN');
INSERT INTO ACCOUNTANT (name, email, password) VALUES ('Melvin Hardy', 'mitchellkatie@gmail.com', 'uBkuCaAIf');
INSERT INTO NURSE (name, email, password) VALUES ('Melvin Hardy', 'mitchellkatie@gmail.com', 'uBkuCaAIf');
INSERT INTO ACCOUNTANT (name, email, password) VALUES ('Jared Patterson', 'dylanwillis@yahoo.com', 'GSSJLHUpYojZQYW');
INSERT INTO NURSE (name, email, password) VALUES ('Jared Patterson', 'dylanwillis@yahoo.com', 'GSSJLHUpYojZQYW');
INSERT INTO ACCOUNTANT (name, email, password) VALUES ('Rebecca Jones', 'elizabethharris@gmail.com', 'hDSVyZERV');
INSERT INTO NURSE (name, email, password) VALUES ('Rebecca Jones', 'elizabethharris@gmail.com', 'hDSVyZERV');
INSERT INTO ACCOUNTANT (name, email, password) VALUES ('Jacqueline Cox', 'luke06@gmail.com', 'fSZqQcrtKxNgSpk');
INSERT INTO NURSE (name, email, password) VALUES ('Jacqueline Cox', 'luke06@gmail.com', 'fSZqQcrtKxNgSpk');
INSERT INTO ACCOUNTANT (name, email, password) VALUES ('Mary Roberts', 'william50@hotmail.com', 'wZqilXUZbOeLfWSWCSQ');
INSERT INTO NURSE (name, email, password) VALUES ('Mary Roberts', 'william50@hotmail.com', 'wZqilXUZbOeLfWSWCSQ');
INSERT INTO ACCOUNTANT (name, email, password) VALUES ('Joshua Meadows', 'rwilliams@hotmail.com', 'mATWtaaZsxpfhSSwRd');
INSERT INTO NURSE (name, email, password) VALUES ('Joshua Meadows', 'rwilliams@hotmail.com', 'mATWtaaZsxpfhSSwRd');
INSERT INTO ACCOUNTANT (name, email, password) VALUES ('Brett Scott', 'epope@yahoo.com', 'IxSclnFyO');
INSERT INTO NURSE (name, email, password) VALUES ('Brett Scott', 'epope@yahoo.com', 'IxSclnFyO');
INSERT INTO ACCOUNTANT (name, email, password) VALUES ('Marcus Mitchell', 'kevin45@yahoo.com', 'JOOKXkWExyJRImLQ');
INSERT INTO NURSE (name, email, password) VALUES ('Marcus Mitchell', 'kevin45@yahoo.com', 'JOOKXkWExyJRImLQ');
INSERT INTO ACCOUNTANT (name, email, password) VALUES ('Tammy Blair', 'hopkinssherry@yahoo.com', 'vIQpbimnUIauJhOXgA');
INSERT INTO NURSE (name, email, password) VALUES ('Tammy Blair', 'hopkinssherry@yahoo.com', 'vIQpbimnUIauJhOXgA');
INSERT INTO ACCOUNTANT (name, email, password) VALUES ('David Werner', 'johnmyers@hotmail.com', 'sytQwSHfztdkPQ');
INSERT INTO NURSE (name, email, password) VALUES ('David Werner', 'johnmyers@hotmail.com', 'sytQwSHfztdkPQ');
INSERT INTO ACCOUNTANT (name, email, password) VALUES ('Julie Peterson DDS', 'fieldstina@yahoo.com', 'EgscQXNHebnRKDGyf');
INSERT INTO NURSE (name, email, password) VALUES ('Julie Peterson DDS', 'fieldstina@yahoo.com', 'EgscQXNHebnRKDGyf');
INSERT INTO ACCOUNTANT (name, email, password) VALUES ('Jason Sanchez', 'lisatucker@yahoo.com', 'BuGPEHxuuDs');
INSERT INTO NURSE (name, email, password) VALUES ('Jason Sanchez', 'lisatucker@yahoo.com', 'BuGPEHxuuDs');
INSERT INTO ACCOUNTANT (name, email, password) VALUES ('Jacob Jones', 'kingkathryn@yahoo.com', 'wmoqPiQGwRkvuZLNzq');
INSERT INTO NURSE (name, email, password) VALUES ('Jacob Jones', 'kingkathryn@yahoo.com', 'wmoqPiQGwRkvuZLNzq');
INSERT INTO ACCOUNTANT (name, email, password) VALUES ('Larry Hughes', 'christophersullivan@yahoo.com', 'bxTHxsYDyNgsnXv');
INSERT INTO NURSE (name, email, password) VALUES ('Larry Hughes', 'christophersullivan@yahoo.com', 'bxTHxsYDyNgsnXv');
INSERT INTO ACCOUNTANT (name, email, password) VALUES ('Albert Liu', 'thomaskara@hotmail.com', 'SHEmVsVHebWHbf');
INSERT INTO NURSE (name, email, password) VALUES ('Albert Liu', 'thomaskara@hotmail.com', 'SHEmVsVHebWHbf');
INSERT INTO ACCOUNTANT (name, email, password) VALUES ('Ray Kennedy', 'ksmith@yahoo.com', 'SutfhVdNQCldsXgqg');
INSERT INTO NURSE (name, email, password) VALUES ('Ray Kennedy', 'ksmith@yahoo.com', 'SutfhVdNQCldsXgqg');
INSERT INTO ACCOUNTANT (name, email, password) VALUES ('Joseph Davidson', 'brandy17@yahoo.com', 'vSDMWKSFpvPqIVVjkPu');
INSERT INTO NURSE (name, email, password) VALUES ('Joseph Davidson', 'brandy17@yahoo.com', 'vSDMWKSFpvPqIVVjkPu');
INSERT INTO ACCOUNTANT (name, email, password) VALUES ('Natalie Moody', 'brandonortega@yahoo.com', 'FwYrmjHIssXeWqsdi');
INSERT INTO NURSE (name, email, password) VALUES ('Natalie Moody', 'brandonortega@yahoo.com', 'FwYrmjHIssXeWqsdi');
INSERT INTO ACCOUNTANT (name, email, password) VALUES ('Tiffany Bowers', 'kmcconnell@hotmail.com', 'FGrfwbIPCjuDOjDuSG');
INSERT INTO NURSE (name, email, password) VALUES ('Tiffany Bowers', 'kmcconnell@hotmail.com', 'FGrfwbIPCjuDOjDuSG');
INSERT INTO ACCOUNTANT (name, email, password) VALUES ('Dawn Galvan', 'mark13@hotmail.com', 'APuUAQZqBIC');
INSERT INTO NURSE (name, email, password) VALUES ('Dawn Galvan', 'mark13@hotmail.com', 'APuUAQZqBIC');
INSERT INTO ACCOUNTANT (name, email, password) VALUES ('Jennifer Lopez', 'hdean@gmail.com', 'pjAbNOTqgDBAFJLPNW');
INSERT INTO NURSE (name, email, password) VALUES ('Jennifer Lopez', 'hdean@gmail.com', 'pjAbNOTqgDBAFJLPNW');
INSERT INTO ACCOUNTANT (name, email, password) VALUES ('Eric Coleman', 'ashleygarcia@hotmail.com', 'LHuIUsGavl');
INSERT INTO NURSE (name, email, password) VALUES ('Eric Coleman', 'ashleygarcia@hotmail.com', 'LHuIUsGavl');
INSERT INTO ACCOUNTANT (name, email, password) VALUES ('Nicole Stanley', 'nicholscurtis@yahoo.com', 'bdCASnMSlxAqWBvM');
INSERT INTO NURSE (name, email, password) VALUES ('Nicole Stanley', 'nicholscurtis@yahoo.com', 'bdCASnMSlxAqWBvM');
INSERT INTO ACCOUNTANT (name, email, password) VALUES ('Roberto Phillips', 'leerogers@hotmail.com', 'eIVqGIIesbnKjUy');
INSERT INTO NURSE (name, email, password) VALUES ('Roberto Phillips', 'leerogers@hotmail.com', 'eIVqGIIesbnKjUy');
INSERT INTO ACCOUNTANT (name, email, password) VALUES ('Amber Hill', 'lopeztonya@yahoo.com', 'ZbnplOkvgj');
INSERT INTO NURSE (name, email, password) VALUES ('Amber Hill', 'lopeztonya@yahoo.com', 'ZbnplOkvgj');
INSERT INTO ACCOUNTANT (name, email, password) VALUES ('Kenneth Newman', 'hmorgan@gmail.com', 'qLWShORuQHExFHud');
INSERT INTO NURSE (name, email, password) VALUES ('Kenneth Newman', 'hmorgan@gmail.com', 'qLWShORuQHExFHud');
INSERT INTO ACCOUNTANT (name, email, password) VALUES ('Jordan Thomas', 'tracy70@hotmail.com', 'jSSjZESyP');
INSERT INTO NURSE (name, email, password) VALUES ('Jordan Thomas', 'tracy70@hotmail.com', 'jSSjZESyP');
INSERT INTO ACCOUNTANT (name, email, password) VALUES ('Melissa Vang', 'michael16@gmail.com', 'pZzGajVsNzcSllUk');
INSERT INTO NURSE (name, email, password) VALUES ('Melissa Vang', 'michael16@gmail.com', 'pZzGajVsNzcSllUk');
INSERT INTO ACCOUNTANT (name, email, password) VALUES ('Lisa Hart', 'amanda81@yahoo.com', 'mgzroCQfllLSQ');
INSERT INTO NURSE (name, email, password) VALUES ('Lisa Hart', 'amanda81@yahoo.com', 'mgzroCQfllLSQ');
INSERT INTO ACCOUNTANT (name, email, password) VALUES ('Jennifer Roach', 'johnsonkimberly@yahoo.com', 'DHjAdkzsAnniDKtPzXx');
INSERT INTO NURSE (name, email, password) VALUES ('Jennifer Roach', 'johnsonkimberly@yahoo.com', 'DHjAdkzsAnniDKtPzXx');
INSERT INTO ACCOUNTANT (name, email, password) VALUES ('Zoe Medina', 'vromero@yahoo.com', 'mLQAGJDbIfvchcw');
INSERT INTO NURSE (name, email, password) VALUES ('Zoe Medina', 'vromero@yahoo.com', 'mLQAGJDbIfvchcw');
INSERT INTO ACCOUNTANT (name, email, password) VALUES ('David Townsend', 'harmonmargaret@hotmail.com', 'HpWaUxLekJLCXTeBBM');
INSERT INTO NURSE (name, email, password) VALUES ('David Townsend', 'harmonmargaret@hotmail.com', 'HpWaUxLekJLCXTeBBM');
INSERT INTO ACCOUNTANT (name, email, password) VALUES ('Amber Ramirez', 'zamoraana@hotmail.com', 'xJRxsZKkhc');
INSERT INTO NURSE (name, email, password) VALUES ('Amber Ramirez', 'zamoraana@hotmail.com', 'xJRxsZKkhc');
INSERT INTO ACCOUNTANT (name, email, password) VALUES ('Ashley Holt', 'mary16@hotmail.com', 'KEJtOGjdDcJ');
INSERT INTO NURSE (name, email, password) VALUES ('Ashley Holt', 'mary16@hotmail.com', 'KEJtOGjdDcJ');
INSERT INTO ACCOUNTANT (name, email, password) VALUES ('Richard Hensley', 'nathansnyder@hotmail.com', 'WBvInvoxyZU');
INSERT INTO NURSE (name, email, password) VALUES ('Richard Hensley', 'nathansnyder@hotmail.com', 'WBvInvoxyZU');
INSERT INTO ACCOUNTANT (name, email, password) VALUES ('Justin Strickland Jr.', 'richard79@gmail.com', 'pZKWGwZBngxPfJHIYUo');
INSERT INTO NURSE (name, email, password) VALUES ('Justin Strickland Jr.', 'richard79@gmail.com', 'pZKWGwZBngxPfJHIYUo');
INSERT INTO ACCOUNTANT (name, email, password) VALUES ('Alison Giles', 'vasquezjeffrey@yahoo.com', 'QLoQmKUhFOIssifsmbq');
INSERT INTO NURSE (name, email, password) VALUES ('Alison Giles', 'vasquezjeffrey@yahoo.com', 'QLoQmKUhFOIssifsmbq');
INSERT INTO ACCOUNTANT (name, email, password) VALUES ('Stephanie Campbell', 'wendyrodriguez@yahoo.com', 'KbEbDJKWzuUxNAnW');
INSERT INTO NURSE (name, email, password) VALUES ('Stephanie Campbell', 'wendyrodriguez@yahoo.com', 'KbEbDJKWzuUxNAnW');
INSERT INTO ACCOUNTANT (name, email, password) VALUES ('Robin Brady', 'jenniferthomas@hotmail.com', 'cYyfWEcXuzFHfOYjHW');
INSERT INTO NURSE (name, email, password) VALUES ('Robin Brady', 'jenniferthomas@hotmail.com', 'cYyfWEcXuzFHfOYjHW');
INSERT INTO ACCOUNTANT (name, email, password) VALUES ('Erik Pruitt', 'cwilliams@hotmail.com', 'WoqnsLygg');
INSERT INTO NURSE (name, email, password) VALUES ('Erik Pruitt', 'cwilliams@hotmail.com', 'WoqnsLygg');
INSERT INTO ACCOUNTANT (name, email, password) VALUES ('Amy Weaver', 'melissayoung@gmail.com', 'CVreufdNxiTbfW');
INSERT INTO NURSE (name, email, password) VALUES ('Amy Weaver', 'melissayoung@gmail.com', 'CVreufdNxiTbfW');
INSERT INTO ACCOUNTANT (name, email, password) VALUES ('Veronica Phillips', 'sarah95@hotmail.com', 'bRXhGgBPIHQOacvakC');
INSERT INTO NURSE (name, email, password) VALUES ('Veronica Phillips', 'sarah95@hotmail.com', 'bRXhGgBPIHQOacvakC');
INSERT INTO ACCOUNTANT (name, email, password) VALUES ('Judy Ortiz', 'curtiskeith@hotmail.com', 'DJvLOUaTusdgqbzAP');
INSERT INTO NURSE (name, email, password) VALUES ('Judy Ortiz', 'curtiskeith@hotmail.com', 'DJvLOUaTusdgqbzAP');
INSERT INTO ACCOUNTANT (name, email, password) VALUES ('Isaiah Wheeler', 'lrowland@gmail.com', 'WipSUJpHpGCbmWAsE');
INSERT INTO NURSE (name, email, password) VALUES ('Isaiah Wheeler', 'lrowland@gmail.com', 'WipSUJpHpGCbmWAsE');
INSERT INTO ACCOUNTANT (name, email, password) VALUES ('Casey Gonzalez', 'jenniferharper@gmail.com', 'KbgPrMclyNmigWlPyjF');
INSERT INTO NURSE (name, email, password) VALUES ('Casey Gonzalez', 'jenniferharper@gmail.com', 'KbgPrMclyNmigWlPyjF');
INSERT INTO ACCOUNTANT (name, email, password) VALUES ('Tina Jones', 'sarah11@yahoo.com', 'WmHKCEcWRaYp');
INSERT INTO NURSE (name, email, password) VALUES ('Tina Jones', 'sarah11@yahoo.com', 'WmHKCEcWRaYp');
INSERT INTO ACCOUNTANT (name, email, password) VALUES ('Maurice Jimenez', 'zjarvis@yahoo.com', 'ElqrRKERZSDmVsMC');
INSERT INTO NURSE (name, email, password) VALUES ('Maurice Jimenez', 'zjarvis@yahoo.com', 'ElqrRKERZSDmVsMC');
INSERT INTO ACCOUNTANT (name, email, password) VALUES ('Joel Estrada', 'cooperwhitney@hotmail.com', 'oQXvjkxXIObljLhN');
INSERT INTO NURSE (name, email, password) VALUES ('Joel Estrada', 'cooperwhitney@hotmail.com', 'oQXvjkxXIObljLhN');
INSERT INTO ACCOUNTANT (name, email, password) VALUES ('Christopher Scott', 'pwalker@yahoo.com', 'aWcuPcmilVgbesDF');
INSERT INTO NURSE (name, email, password) VALUES ('Christopher Scott', 'pwalker@yahoo.com', 'aWcuPcmilVgbesDF');
INSERT INTO ACCOUNTANT (name, email, password) VALUES ('Ryan Hendricks', 'millerronald@gmail.com', 'jbDhhsdWqICL');
INSERT INTO NURSE (name, email, password) VALUES ('Ryan Hendricks', 'millerronald@gmail.com', 'jbDhhsdWqICL');
INSERT INTO ACCOUNTANT (name, email, password) VALUES ('Nancy Martin', 'lisa59@yahoo.com', 'optojAgngqidK');
INSERT INTO NURSE (name, email, password) VALUES ('Nancy Martin', 'lisa59@yahoo.com', 'optojAgngqidK');
INSERT INTO ACCOUNTANT (name, email, password) VALUES ('David Washington', 'jimmy06@gmail.com', 'AemHrYdjs');
INSERT INTO NURSE (name, email, password) VALUES ('David Washington', 'jimmy06@gmail.com', 'AemHrYdjs');
INSERT INTO ACCOUNTANT (name, email, password) VALUES ('Amber Porter', 'cainheather@hotmail.com', 'EtYhkALVQFEixEEi');
INSERT INTO NURSE (name, email, password) VALUES ('Amber Porter', 'cainheather@hotmail.com', 'EtYhkALVQFEixEEi');
INSERT INTO ACCOUNTANT (name, email, password) VALUES ('Kevin Herrera', 'luis39@hotmail.com', 'CZToXFEEaxmPyDLu');
INSERT INTO NURSE (name, email, password) VALUES ('Kevin Herrera', 'luis39@hotmail.com', 'CZToXFEEaxmPyDLu');
INSERT INTO ACCOUNTANT (name, email, password) VALUES ('Virginia Watts', 'mooresteven@hotmail.com', 'CuPrhyvxTZWKCjbQclFu');
INSERT INTO NURSE (name, email, password) VALUES ('Virginia Watts', 'mooresteven@hotmail.com', 'CuPrhyvxTZWKCjbQclFu');
INSERT INTO ACCOUNTANT (name, email, password) VALUES ('Melanie Nelson', 'ricky95@hotmail.com', 'fYmPIeuERNt');
INSERT INTO NURSE (name, email, password) VALUES ('Melanie Nelson', 'ricky95@hotmail.com', 'fYmPIeuERNt');
INSERT INTO ACCOUNTANT (name, email, password) VALUES ('Donna Martinez', 'smithlinda@yahoo.com', 'fvnlybsYvYBDFrnxmzza');
INSERT INTO NURSE (name, email, password) VALUES ('Donna Martinez', 'smithlinda@yahoo.com', 'fvnlybsYvYBDFrnxmzza');
INSERT INTO ACCOUNTANT (name, email, password) VALUES ('Dawn Williams', 'xross@yahoo.com', 'yRAydyjK');
INSERT INTO NURSE (name, email, password) VALUES ('Dawn Williams', 'xross@yahoo.com', 'yRAydyjK');
INSERT INTO ACCOUNTANT (name, email, password) VALUES ('David Conner', 'asimmons@yahoo.com', 'URHsUWjGiCJUU');
INSERT INTO NURSE (name, email, password) VALUES ('David Conner', 'asimmons@yahoo.com', 'URHsUWjGiCJUU');
INSERT INTO ACCOUNTANT (name, email, password) VALUES ('Elizabeth Gibson', 'johnsonadam@gmail.com', 'eXxzivKtymbcVezD');
INSERT INTO NURSE (name, email, password) VALUES ('Elizabeth Gibson', 'johnsonadam@gmail.com', 'eXxzivKtymbcVezD');
INSERT INTO ACCOUNTANT (name, email, password) VALUES ('Tiffany Valdez', 'whawkins@yahoo.com', 'vjQbviRnyC');
INSERT INTO NURSE (name, email, password) VALUES ('Tiffany Valdez', 'whawkins@yahoo.com', 'vjQbviRnyC');
INSERT INTO ACCOUNTANT (name, email, password) VALUES ('Tiffany Fisher', 'michaelscott@gmail.com', 'aiylESKhAFRsC');
INSERT INTO NURSE (name, email, password) VALUES ('Tiffany Fisher', 'michaelscott@gmail.com', 'aiylESKhAFRsC');
INSERT INTO ACCOUNTANT (name, email, password) VALUES ('Daniel Fuentes', 'ktrevino@gmail.com', 'MuFBcfSlJPit');
INSERT INTO NURSE (name, email, password) VALUES ('Daniel Fuentes', 'ktrevino@gmail.com', 'MuFBcfSlJPit');
INSERT INTO ACCOUNTANT (name, email, password) VALUES ('Cynthia Zuniga', 'porterbreanna@yahoo.com', 'VJLFDsaVFjrynedyaZ');
INSERT INTO NURSE (name, email, password) VALUES ('Cynthia Zuniga', 'porterbreanna@yahoo.com', 'VJLFDsaVFjrynedyaZ');
INSERT INTO ACCOUNTANT (name, email, password) VALUES ('Shannon Griffin', 'justincox@hotmail.com', 'GzzmNbDJcKJWWQUmVro');
INSERT INTO NURSE (name, email, password) VALUES ('Shannon Griffin', 'justincox@hotmail.com', 'GzzmNbDJcKJWWQUmVro');
INSERT INTO ACCOUNTANT (name, email, password) VALUES ('Ashley Lopez', 'srodriguez@yahoo.com', 'KkYXCRvzfp');
INSERT INTO NURSE (name, email, password) VALUES ('Ashley Lopez', 'srodriguez@yahoo.com', 'KkYXCRvzfp');
INSERT INTO ACCOUNTANT (name, email, password) VALUES ('Anthony Long DDS', 'wesley36@hotmail.com', 'uEhCWhpdRwXNrpksml');
INSERT INTO NURSE (name, email, password) VALUES ('Anthony Long DDS', 'wesley36@hotmail.com', 'uEhCWhpdRwXNrpksml');
INSERT INTO ACCOUNTANT (name, email, password) VALUES ('Maria Padilla', 'travis93@gmail.com', 'zTezPujKnh');
INSERT INTO NURSE (name, email, password) VALUES ('Maria Padilla', 'travis93@gmail.com', 'zTezPujKnh');
INSERT INTO ACCOUNTANT (name, email, password) VALUES ('Stephanie Ferguson', 'caitlin75@hotmail.com', 'BTIxJaUuhTRzreV');
INSERT INTO NURSE (name, email, password) VALUES ('Stephanie Ferguson', 'caitlin75@hotmail.com', 'BTIxJaUuhTRzreV');
INSERT INTO ACCOUNTANT (name, email, password) VALUES ('Christina Doyle', 'travis26@gmail.com', 'cAsPIPuwS');
INSERT INTO NURSE (name, email, password) VALUES ('Christina Doyle', 'travis26@gmail.com', 'cAsPIPuwS');
INSERT INTO ACCOUNTANT (name, email, password) VALUES ('Sandra Brooks', 'simmonskimberly@gmail.com', 'ecnbgHPmHFH');
INSERT INTO NURSE (name, email, password) VALUES ('Sandra Brooks', 'simmonskimberly@gmail.com', 'ecnbgHPmHFH');
INSERT INTO ACCOUNTANT (name, email, password) VALUES ('Nancy Martin', 'ejordan@yahoo.com', 'qtNbwUgbuEQMJfGllFwi');
INSERT INTO NURSE (name, email, password) VALUES ('Nancy Martin', 'ejordan@yahoo.com', 'qtNbwUgbuEQMJfGllFwi');
INSERT INTO ACCOUNTANT (name, email, password) VALUES ('Mary Campbell', 'sara49@gmail.com', 'MtLQhBtCoVacBZ');
INSERT INTO NURSE (name, email, password) VALUES ('Mary Campbell', 'sara49@gmail.com', 'MtLQhBtCoVacBZ');
INSERT INTO ACCOUNTANT (name, email, password) VALUES ('Fernando Carroll', 'frobinson@gmail.com', 'BXVyugSVkHDZaxw');
INSERT INTO NURSE (name, email, password) VALUES ('Fernando Carroll', 'frobinson@gmail.com', 'BXVyugSVkHDZaxw');
INSERT INTO ACCOUNTANT (name, email, password) VALUES ('Jonathan Baker', 'fjackson@yahoo.com', 'FseaKETWQTFgPGFAcDae');
INSERT INTO NURSE (name, email, password) VALUES ('Jonathan Baker', 'fjackson@yahoo.com', 'FseaKETWQTFgPGFAcDae');
INSERT INTO ACCOUNTANT (name, email, password) VALUES ('Derrick Allison', 'courtney09@yahoo.com', 'QgZLKtEVkgmcLWxc');
INSERT INTO NURSE (name, email, password) VALUES ('Derrick Allison', 'courtney09@yahoo.com', 'QgZLKtEVkgmcLWxc');
INSERT INTO ACCOUNTANT (name, email, password) VALUES ('Kaitlyn Skinner', 'linda62@gmail.com', 'VQKJqsCsQWEK');
INSERT INTO NURSE (name, email, password) VALUES ('Kaitlyn Skinner', 'linda62@gmail.com', 'VQKJqsCsQWEK');
INSERT INTO ACCOUNTANT (name, email, password) VALUES ('Elizabeth Richard', 'mccoymichael@hotmail.com', 'pwpUonUqdDYpv');
INSERT INTO NURSE (name, email, password) VALUES ('Elizabeth Richard', 'mccoymichael@hotmail.com', 'pwpUonUqdDYpv');
INSERT INTO ACCOUNTANT (name, email, password) VALUES ('Nancy Thompson', 'mwhite@gmail.com', 'yZlaZlYY');
INSERT INTO NURSE (name, email, password) VALUES ('Nancy Thompson', 'mwhite@gmail.com', 'yZlaZlYY');
INSERT INTO ACCOUNTANT (name, email, password) VALUES ('Mr. Shannon Luna PhD', 'melissasanders@hotmail.com', 'cjrXYLYpDeLZ');
INSERT INTO NURSE (name, email, password) VALUES ('Mr. Shannon Luna PhD', 'melissasanders@hotmail.com', 'cjrXYLYpDeLZ');
INSERT INTO ACCOUNTANT (name, email, password) VALUES ('Kenneth Bond', 'thompsondaniel@hotmail.com', 'imUhoOQnCtZRNLhegJwl');
INSERT INTO NURSE (name, email, password) VALUES ('Kenneth Bond', 'thompsondaniel@hotmail.com', 'imUhoOQnCtZRNLhegJwl');
INSERT INTO ACCOUNTANT (name, email, password) VALUES ('Christopher Jacobs', 'ogreen@yahoo.com', 'fFSoGPRBG');
INSERT INTO NURSE (name, email, password) VALUES ('Christopher Jacobs', 'ogreen@yahoo.com', 'fFSoGPRBG');
INSERT INTO ACCOUNTANT (name, email, password) VALUES ('Matthew Freeman', 'rhaynes@hotmail.com', 'HROPPmhtVjyQdTGOCvkQ');
INSERT INTO NURSE (name, email, password) VALUES ('Matthew Freeman', 'rhaynes@hotmail.com', 'HROPPmhtVjyQdTGOCvkQ');
INSERT INTO ACCOUNTANT (name, email, password) VALUES ('Jennifer Bell', 'josephfrancisco@hotmail.com', 'JCjyAgboqXpOmlhPn');
INSERT INTO NURSE (name, email, password) VALUES ('Jennifer Bell', 'josephfrancisco@hotmail.com', 'JCjyAgboqXpOmlhPn');
INSERT INTO ACCOUNTANT (name, email, password) VALUES ('Janet Arnold', 'potterdonna@yahoo.com', 'EoiUqkvFFa');
INSERT INTO NURSE (name, email, password) VALUES ('Janet Arnold', 'potterdonna@yahoo.com', 'EoiUqkvFFa');
INSERT INTO ACCOUNTANT (name, email, password) VALUES ('Christina Hill', 'daniel68@yahoo.com', 'dgqXQnfv');
INSERT INTO NURSE (name, email, password) VALUES ('Christina Hill', 'daniel68@yahoo.com', 'dgqXQnfv');
INSERT INTO ACCOUNTANT (name, email, password) VALUES ('Joy Smith', 'julie01@yahoo.com', 'fOgioFlSbKbWiLOeh');
INSERT INTO NURSE (name, email, password) VALUES ('Joy Smith', 'julie01@yahoo.com', 'fOgioFlSbKbWiLOeh');
INSERT INTO ACCOUNTANT (name, email, password) VALUES ('Dale Bond', 'robert87@gmail.com', 'rjtKUiYAUcv');
INSERT INTO NURSE (name, email, password) VALUES ('Dale Bond', 'robert87@gmail.com', 'rjtKUiYAUcv');
INSERT INTO ACCOUNTANT (name, email, password) VALUES ('Timothy Jones', 'kristinamcgrath@yahoo.com', 'EuTCVlGqRSRlo');
INSERT INTO NURSE (name, email, password) VALUES ('Timothy Jones', 'kristinamcgrath@yahoo.com', 'EuTCVlGqRSRlo');
INSERT INTO ACCOUNTANT (name, email, password) VALUES ('David Rogers', 'ddavis@hotmail.com', 'FhQRutldNGhKBCT');
INSERT INTO NURSE (name, email, password) VALUES ('David Rogers', 'ddavis@hotmail.com', 'FhQRutldNGhKBCT');
INSERT INTO ACCOUNTANT (name, email, password) VALUES ('Samantha Sawyer', 'heathergraham@hotmail.com', 'NTlVFYAyLLk');
INSERT INTO NURSE (name, email, password) VALUES ('Samantha Sawyer', 'heathergraham@hotmail.com', 'NTlVFYAyLLk');
INSERT INTO ACCOUNTANT (name, email, password) VALUES ('Travis Brown', 'jreid@gmail.com', 'LkrmdFBOZHF');
INSERT INTO NURSE (name, email, password) VALUES ('Travis Brown', 'jreid@gmail.com', 'LkrmdFBOZHF');
INSERT INTO ACCOUNTANT (name, email, password) VALUES ('Haley Stone', 'frank38@hotmail.com', 'kefNlCPZmwnpKiKJwcEG');
INSERT INTO NURSE (name, email, password) VALUES ('Haley Stone', 'frank38@hotmail.com', 'kefNlCPZmwnpKiKJwcEG');
INSERT INTO ACCOUNTANT (name, email, password) VALUES ('Keith Huynh', 'jmcclure@yahoo.com', 'sJNyXRihnEIFqvYe');
INSERT INTO NURSE (name, email, password) VALUES ('Keith Huynh', 'jmcclure@yahoo.com', 'sJNyXRihnEIFqvYe');
INSERT INTO ACCOUNTANT (name, email, password) VALUES ('Kristina Chandler', 'kristenburke@hotmail.com', 'XmWQonYzbW');
INSERT INTO NURSE (name, email, password) VALUES ('Kristina Chandler', 'kristenburke@hotmail.com', 'XmWQonYzbW');
INSERT INTO ACCOUNTANT (name, email, password) VALUES ('Robert Wilson', 'sydney80@hotmail.com', 'TxowFFeNjbzrOOOrpQ');
INSERT INTO NURSE (name, email, password) VALUES ('Robert Wilson', 'sydney80@hotmail.com', 'TxowFFeNjbzrOOOrpQ');
INSERT INTO ACCOUNTANT (name, email, password) VALUES ('Elizabeth Schroeder', 'jacksonfred@yahoo.com', 'tVydvqSIfyF');
INSERT INTO NURSE (name, email, password) VALUES ('Elizabeth Schroeder', 'jacksonfred@yahoo.com', 'tVydvqSIfyF');
INSERT INTO ACCOUNTANT (name, email, password) VALUES ('Rachel Davis', 'stevenwilliams@gmail.com', 'IWyOKQtzkoPUBRCKSoy');
INSERT INTO NURSE (name, email, password) VALUES ('Rachel Davis', 'stevenwilliams@gmail.com', 'IWyOKQtzkoPUBRCKSoy');
INSERT INTO ACCOUNTANT (name, email, password) VALUES ('Gail Perkins', 'pchapman@gmail.com', 'eSZclmEnWPJSQVPMY');
INSERT INTO NURSE (name, email, password) VALUES ('Gail Perkins', 'pchapman@gmail.com', 'eSZclmEnWPJSQVPMY');
INSERT INTO ACCOUNTANT (name, email, password) VALUES ('Oscar Fuller', 'jonathanvillarreal@yahoo.com', 'KedlYADzXdHQZAlE');
INSERT INTO NURSE (name, email, password) VALUES ('Oscar Fuller', 'jonathanvillarreal@yahoo.com', 'KedlYADzXdHQZAlE');
INSERT INTO ACCOUNTANT (name, email, password) VALUES ('Douglas Ball', 'williamking@hotmail.com', 'xQPPuAhmQhG');
INSERT INTO NURSE (name, email, password) VALUES ('Douglas Ball', 'williamking@hotmail.com', 'xQPPuAhmQhG');
INSERT INTO ACCOUNTANT (name, email, password) VALUES ('Christy Wolf', 'marythomas@yahoo.com', 'LcwGUFYNDFA');
INSERT INTO NURSE (name, email, password) VALUES ('Christy Wolf', 'marythomas@yahoo.com', 'LcwGUFYNDFA');
INSERT INTO ACCOUNTANT (name, email, password) VALUES ('Sharon Hernandez', 'ashleyturner@gmail.com', 'rzBjJblfaw');
INSERT INTO NURSE (name, email, password) VALUES ('Sharon Hernandez', 'ashleyturner@gmail.com', 'rzBjJblfaw');
INSERT INTO ACCOUNTANT (name, email, password) VALUES ('Jennifer Collins', 'zsmith@gmail.com', 'AqwWoOUMLnM');
INSERT INTO NURSE (name, email, password) VALUES ('Jennifer Collins', 'zsmith@gmail.com', 'AqwWoOUMLnM');
INSERT INTO ACCOUNTANT (name, email, password) VALUES ('Julie Wilson', 'vhart@hotmail.com', 'sgmDnaqFLzlW');
INSERT INTO NURSE (name, email, password) VALUES ('Julie Wilson', 'vhart@hotmail.com', 'sgmDnaqFLzlW');
INSERT INTO ACCOUNTANT (name, email, password) VALUES ('Duane Collins', 'cunninghamlatoya@hotmail.com', 'xMmXNXcaQZUGSGoSh');
INSERT INTO NURSE (name, email, password) VALUES ('Duane Collins', 'cunninghamlatoya@hotmail.com', 'xMmXNXcaQZUGSGoSh');
INSERT INTO ACCOUNTANT (name, email, password) VALUES ('Judith George', 'mark09@hotmail.com', 'EKTekKSjPxBl');
INSERT INTO NURSE (name, email, password) VALUES ('Judith George', 'mark09@hotmail.com', 'EKTekKSjPxBl');
INSERT INTO ACCOUNTANT (name, email, password) VALUES ('Gabriel Wilson', 'jeanettedavila@gmail.com', 'IdPTYSYjdPvpejfQNou');
INSERT INTO NURSE (name, email, password) VALUES ('Gabriel Wilson', 'jeanettedavila@gmail.com', 'IdPTYSYjdPvpejfQNou');
INSERT INTO ACCOUNTANT (name, email, password) VALUES ('Thomas Smith', 'pittmankaren@yahoo.com', 'HVEyzqbbZzuEp');
INSERT INTO NURSE (name, email, password) VALUES ('Thomas Smith', 'pittmankaren@yahoo.com', 'HVEyzqbbZzuEp');
INSERT INTO ACCOUNTANT (name, email, password) VALUES ('Steven Hughes', 'pedrolucas@yahoo.com', 'jTXtjRuWzVCF');
INSERT INTO NURSE (name, email, password) VALUES ('Steven Hughes', 'pedrolucas@yahoo.com', 'jTXtjRuWzVCF');
INSERT INTO ACCOUNTANT (name, email, password) VALUES ('Dorothy Chapman', 'perezrebecca@hotmail.com', 'LTUqunNmIUvDnkcFrIZk');
INSERT INTO NURSE (name, email, password) VALUES ('Dorothy Chapman', 'perezrebecca@hotmail.com', 'LTUqunNmIUvDnkcFrIZk');
INSERT INTO ACCOUNTANT (name, email, password) VALUES ('Helen Yates', 'robert88@hotmail.com', 'bDBOGgLgaUfeiYtkDWG');
INSERT INTO NURSE (name, email, password) VALUES ('Helen Yates', 'robert88@hotmail.com', 'bDBOGgLgaUfeiYtkDWG');
INSERT INTO ACCOUNTANT (name, email, password) VALUES ('Gloria Cline', 'williamsmelissa@gmail.com', 'qfKNHcQbCxZ');
INSERT INTO NURSE (name, email, password) VALUES ('Gloria Cline', 'williamsmelissa@gmail.com', 'qfKNHcQbCxZ');
INSERT INTO ACCOUNTANT (name, email, password) VALUES ('Devin Moore', 'lgarcia@gmail.com', 'rjvWeKZLlCdw');
INSERT INTO NURSE (name, email, password) VALUES ('Devin Moore', 'lgarcia@gmail.com', 'rjvWeKZLlCdw');
INSERT INTO ACCOUNTANT (name, email, password) VALUES ('James Floyd', 'hbanks@yahoo.com', 'GwtUHVdfsJzUwqwrnGp');
INSERT INTO NURSE (name, email, password) VALUES ('James Floyd', 'hbanks@yahoo.com', 'GwtUHVdfsJzUwqwrnGp');
INSERT INTO ACCOUNTANT (name, email, password) VALUES ('Andrea Heath', 'tylerjohnson@hotmail.com', 'rqWAjdZlQdRgnjPQg');
INSERT INTO NURSE (name, email, password) VALUES ('Andrea Heath', 'tylerjohnson@hotmail.com', 'rqWAjdZlQdRgnjPQg');
INSERT INTO ACCOUNTANT (name, email, password) VALUES ('Jill Newman', 'michaelstanley@gmail.com', 'YqluoNmILydyaDLGLd');
INSERT INTO NURSE (name, email, password) VALUES ('Jill Newman', 'michaelstanley@gmail.com', 'YqluoNmILydyaDLGLd');
INSERT INTO ACCOUNTANT (name, email, password) VALUES ('Michael Frank', 'cameron86@yahoo.com', 'GfHWaOpJ');
INSERT INTO NURSE (name, email, password) VALUES ('Michael Frank', 'cameron86@yahoo.com', 'GfHWaOpJ');
INSERT INTO ACCOUNTANT (name, email, password) VALUES ('Gordon Knight', 'daveharris@hotmail.com', 'NQrxfvqr');
INSERT INTO NURSE (name, email, password) VALUES ('Gordon Knight', 'daveharris@hotmail.com', 'NQrxfvqr');
INSERT INTO ACCOUNTANT (name, email, password) VALUES ('Thomas Branch', 'jennifercohen@gmail.com', 'ADWJMHPTBujnvUfxsOb');
INSERT INTO NURSE (name, email, password) VALUES ('Thomas Branch', 'jennifercohen@gmail.com', 'ADWJMHPTBujnvUfxsOb');
INSERT INTO ACCOUNTANT (name, email, password) VALUES ('Danielle Sullivan', 'rogersdonald@yahoo.com', 'QDyqqHOIyTdA');
INSERT INTO NURSE (name, email, password) VALUES ('Danielle Sullivan', 'rogersdonald@yahoo.com', 'QDyqqHOIyTdA');
INSERT INTO ACCOUNTANT (name, email, password) VALUES ('Rachael Thompson', 'debbiedean@gmail.com', 'STLHASTPGt');
INSERT INTO NURSE (name, email, password) VALUES ('Rachael Thompson', 'debbiedean@gmail.com', 'STLHASTPGt');
INSERT INTO ACCOUNTANT (name, email, password) VALUES ('Carol Dixon', 'howellkatherine@hotmail.com', 'GeGDCkmxR');
INSERT INTO NURSE (name, email, password) VALUES ('Carol Dixon', 'howellkatherine@hotmail.com', 'GeGDCkmxR');
INSERT INTO ACCOUNTANT (name, email, password) VALUES ('Traci Robinson', 'michael69@hotmail.com', 'RsBvJEAdZ');
INSERT INTO NURSE (name, email, password) VALUES ('Traci Robinson', 'michael69@hotmail.com', 'RsBvJEAdZ');
INSERT INTO ACCOUNTANT (name, email, password) VALUES ('Aaron Stokes', 'kellypeterson@gmail.com', 'rqXNFEUSxtv');
INSERT INTO NURSE (name, email, password) VALUES ('Aaron Stokes', 'kellypeterson@gmail.com', 'rqXNFEUSxtv');
INSERT INTO ACCOUNTANT (name, email, password) VALUES ('Paul Morales', 'jaredward@hotmail.com', 'wcFsQxpOyodHDrim');
INSERT INTO NURSE (name, email, password) VALUES ('Paul Morales', 'jaredward@hotmail.com', 'wcFsQxpOyodHDrim');
INSERT INTO ACCOUNTANT (name, email, password) VALUES ('Michael Ferguson', 'morganjohnson@gmail.com', 'qDqlAUgL');
INSERT INTO NURSE (name, email, password) VALUES ('Michael Ferguson', 'morganjohnson@gmail.com', 'qDqlAUgL');
INSERT INTO ACCOUNTANT (name, email, password) VALUES ('Samantha Taylor', 'taylortammy@hotmail.com', 'eZWkqjAxNyUKgOxgo');
INSERT INTO NURSE (name, email, password) VALUES ('Samantha Taylor', 'taylortammy@hotmail.com', 'eZWkqjAxNyUKgOxgo');
INSERT INTO ACCOUNTANT (name, email, password) VALUES ('Cynthia Morton', 'gregcampbell@yahoo.com', 'erJPzUucjEaG');
INSERT INTO NURSE (name, email, password) VALUES ('Cynthia Morton', 'gregcampbell@yahoo.com', 'erJPzUucjEaG');
INSERT INTO ACCOUNTANT (name, email, password) VALUES ('Christopher Howell', 'allengary@yahoo.com', 'mQSJkmLfOSCFqtDp');
INSERT INTO NURSE (name, email, password) VALUES ('Christopher Howell', 'allengary@yahoo.com', 'mQSJkmLfOSCFqtDp');
INSERT INTO ACCOUNTANT (name, email, password) VALUES ('Renee Olson', 'nicole58@gmail.com', 'YcucoIDfRDCXVZi');
INSERT INTO NURSE (name, email, password) VALUES ('Renee Olson', 'nicole58@gmail.com', 'YcucoIDfRDCXVZi');
INSERT INTO ACCOUNTANT (name, email, password) VALUES ('Christina Dyer', 'adam05@hotmail.com', 'xaWyqfDM');
INSERT INTO NURSE (name, email, password) VALUES ('Christina Dyer', 'adam05@hotmail.com', 'xaWyqfDM');
INSERT INTO ACCOUNTANT (name, email, password) VALUES ('Sonya Daniel', 'daletucker@yahoo.com', 'GBRsxJiqUYJHc');
INSERT INTO NURSE (name, email, password) VALUES ('Sonya Daniel', 'daletucker@yahoo.com', 'GBRsxJiqUYJHc');
INSERT INTO ACCOUNTANT (name, email, password) VALUES ('Stephanie Reynolds', 'mallory32@hotmail.com', 'pfXpHrNECXYe');
INSERT INTO NURSE (name, email, password) VALUES ('Stephanie Reynolds', 'mallory32@hotmail.com', 'pfXpHrNECXYe');
INSERT INTO ACCOUNTANT (name, email, password) VALUES ('Randy Jones', 'uroy@hotmail.com', 'tUAFWuZxPFAApuNoEbPi');
INSERT INTO NURSE (name, email, password) VALUES ('Randy Jones', 'uroy@hotmail.com', 'tUAFWuZxPFAApuNoEbPi');
INSERT INTO ACCOUNTANT (name, email, password) VALUES ('Joyce Jordan', 'stephanie62@gmail.com', 'EWTFMLuUW');
INSERT INTO NURSE (name, email, password) VALUES ('Joyce Jordan', 'stephanie62@gmail.com', 'EWTFMLuUW');
INSERT INTO ACCOUNTANT (name, email, password) VALUES ('Bryan Freeman', 'roberta51@yahoo.com', 'zTJuIpdlTP');
INSERT INTO NURSE (name, email, password) VALUES ('Bryan Freeman', 'roberta51@yahoo.com', 'zTJuIpdlTP');
INSERT INTO ACCOUNTANT (name, email, password) VALUES ('Timothy Jensen', 'mmyers@gmail.com', 'NMTkeexjgwOfrQafygoL');
INSERT INTO NURSE (name, email, password) VALUES ('Timothy Jensen', 'mmyers@gmail.com', 'NMTkeexjgwOfrQafygoL');
INSERT INTO ACCOUNTANT (name, email, password) VALUES ('Tonya Johnson', 'sara36@yahoo.com', 'aBXJYrtgOdrLWCslbdmR');
INSERT INTO NURSE (name, email, password) VALUES ('Tonya Johnson', 'sara36@yahoo.com', 'aBXJYrtgOdrLWCslbdmR');
INSERT INTO ACCOUNTANT (name, email, password) VALUES ('Kristen Payne', 'scottcordova@hotmail.com', 'uiiEYqdiFf');
INSERT INTO NURSE (name, email, password) VALUES ('Kristen Payne', 'scottcordova@hotmail.com', 'uiiEYqdiFf');
INSERT INTO ACCOUNTANT (name, email, password) VALUES ('Justin Fernandez', 'mortonsydney@hotmail.com', 'yIpXEiGTSYZTU');
INSERT INTO NURSE (name, email, password) VALUES ('Justin Fernandez', 'mortonsydney@hotmail.com', 'yIpXEiGTSYZTU');
INSERT INTO ACCOUNTANT (name, email, password) VALUES ('Charles Harrington', 'camachoscott@gmail.com', 'GdEPeZkbAZuwHCNu');
INSERT INTO NURSE (name, email, password) VALUES ('Charles Harrington', 'camachoscott@gmail.com', 'GdEPeZkbAZuwHCNu');
INSERT INTO ACCOUNTANT (name, email, password) VALUES ('Daniel Sullivan', 'tiffanybrown@hotmail.com', 'nxvhPrgvEUFJR');
INSERT INTO NURSE (name, email, password) VALUES ('Daniel Sullivan', 'tiffanybrown@hotmail.com', 'nxvhPrgvEUFJR');
INSERT INTO ACCOUNTANT (name, email, password) VALUES ('Angela Brooks', 'rgarcia@yahoo.com', 'mmdwbtHraEToVooQHeb');
INSERT INTO NURSE (name, email, password) VALUES ('Angela Brooks', 'rgarcia@yahoo.com', 'mmdwbtHraEToVooQHeb');
INSERT INTO ACCOUNTANT (name, email, password) VALUES ('Alan Allen', 'ucollins@yahoo.com', 'nVbJaXSfFiiuQtvYzq');
INSERT INTO NURSE (name, email, password) VALUES ('Alan Allen', 'ucollins@yahoo.com', 'nVbJaXSfFiiuQtvYzq');
INSERT INTO ACCOUNTANT (name, email, password) VALUES ('Michael Kim', 'walshjoseph@gmail.com', 'kJnOgbMk');
INSERT INTO NURSE (name, email, password) VALUES ('Michael Kim', 'walshjoseph@gmail.com', 'kJnOgbMk');
INSERT INTO ACCOUNTANT (name, email, password) VALUES ('Ian Green', 'fosterlynn@hotmail.com', 'fYmBFhzTQxytR');
INSERT INTO NURSE (name, email, password) VALUES ('Ian Green', 'fosterlynn@hotmail.com', 'fYmBFhzTQxytR');
INSERT INTO ACCOUNTANT (name, email, password) VALUES ('Brian Williams', 'qevans@yahoo.com', 'KOPaINzJHKY');
INSERT INTO NURSE (name, email, password) VALUES ('Brian Williams', 'qevans@yahoo.com', 'KOPaINzJHKY');
INSERT INTO ACCOUNTANT (name, email, password) VALUES ('Raymond Jackson', 'thomasgutierrez@yahoo.com', 'zPHSkgPjuWdCKVvSO');
INSERT INTO NURSE (name, email, password) VALUES ('Raymond Jackson', 'thomasgutierrez@yahoo.com', 'zPHSkgPjuWdCKVvSO');
INSERT INTO ACCOUNTANT (name, email, password) VALUES ('Jessica Carlson', 'hrobinson@hotmail.com', 'ZgwbzfoqiRzpKIsNXUaG');
INSERT INTO NURSE (name, email, password) VALUES ('Jessica Carlson', 'hrobinson@hotmail.com', 'ZgwbzfoqiRzpKIsNXUaG');
INSERT INTO ACCOUNTANT (name, email, password) VALUES ('Gerald Morris', 'lindamolina@gmail.com', 'fSnwWDwIWNVC');
INSERT INTO NURSE (name, email, password) VALUES ('Gerald Morris', 'lindamolina@gmail.com', 'fSnwWDwIWNVC');
INSERT INTO ACCOUNTANT (name, email, password) VALUES ('Alexis Smith', 'georgetorres@hotmail.com', 'LVIqMEbvnISEyXM');
INSERT INTO NURSE (name, email, password) VALUES ('Alexis Smith', 'georgetorres@hotmail.com', 'LVIqMEbvnISEyXM');
INSERT INTO ACCOUNTANT (name, email, password) VALUES ('David Mcgee', 'evanvelasquez@gmail.com', 'rNcDIFYliTDWDdZ');
INSERT INTO NURSE (name, email, password) VALUES ('David Mcgee', 'evanvelasquez@gmail.com', 'rNcDIFYliTDWDdZ');
INSERT INTO ACCOUNTANT (name, email, password) VALUES ('Pedro Lopez', 'sandra51@gmail.com', 'mrzODFLzDi');
INSERT INTO NURSE (name, email, password) VALUES ('Pedro Lopez', 'sandra51@gmail.com', 'mrzODFLzDi');
INSERT INTO ACCOUNTANT (name, email, password) VALUES ('Robert Ortiz', 'amcknight@gmail.com', 'pVZmhwkjuQZbur');
INSERT INTO NURSE (name, email, password) VALUES ('Robert Ortiz', 'amcknight@gmail.com', 'pVZmhwkjuQZbur');
INSERT INTO ACCOUNTANT (name, email, password) VALUES ('Jon Jones', 'gtravis@gmail.com', 'LwLqUmcVycNviGN');
INSERT INTO NURSE (name, email, password) VALUES ('Jon Jones', 'gtravis@gmail.com', 'LwLqUmcVycNviGN');
INSERT INTO ACCOUNTANT (name, email, password) VALUES ('Anna Guerrero', 'qsmith@gmail.com', 'YGvuJUvMtHuShKYGRoDW');
INSERT INTO NURSE (name, email, password) VALUES ('Anna Guerrero', 'qsmith@gmail.com', 'YGvuJUvMtHuShKYGRoDW');
INSERT INTO ACCOUNTANT (name, email, password) VALUES ('Kimberly Ray', 'gordon78@gmail.com', 'iCtABvLMCqJhhrVZowlw');
INSERT INTO NURSE (name, email, password) VALUES ('Kimberly Ray', 'gordon78@gmail.com', 'iCtABvLMCqJhhrVZowlw');
INSERT INTO ACCOUNTANT (name, email, password) VALUES ('Alejandro Edwards', 'youngshawn@hotmail.com', 'FqcOVeCZzVIqK');
INSERT INTO NURSE (name, email, password) VALUES ('Alejandro Edwards', 'youngshawn@hotmail.com', 'FqcOVeCZzVIqK');
INSERT INTO ACCOUNTANT (name, email, password) VALUES ('Nicole Estrada', 'atkinskimberly@hotmail.com', 'XfRCefuAn');
INSERT INTO NURSE (name, email, password) VALUES ('Nicole Estrada', 'atkinskimberly@hotmail.com', 'XfRCefuAn');
INSERT INTO ACCOUNTANT (name, email, password) VALUES ('Frank Rhodes', 'jerrysims@yahoo.com', 'LtlkslNiY');
INSERT INTO NURSE (name, email, password) VALUES ('Frank Rhodes', 'jerrysims@yahoo.com', 'LtlkslNiY');
INSERT INTO ACCOUNTANT (name, email, password) VALUES ('Johnny Beck', 'moorethomas@gmail.com', 'FzWFCPbevIIJCrJQlkr');
INSERT INTO NURSE (name, email, password) VALUES ('Johnny Beck', 'moorethomas@gmail.com', 'FzWFCPbevIIJCrJQlkr');
INSERT INTO ACCOUNTANT (name, email, password) VALUES ('Anthony Flores', 'fcolon@hotmail.com', 'qnPUlsedIT');
INSERT INTO NURSE (name, email, password) VALUES ('Anthony Flores', 'fcolon@hotmail.com', 'qnPUlsedIT');
INSERT INTO ACCOUNTANT (name, email, password) VALUES ('Thomas Gonzalez', 'jgarza@gmail.com', 'QSNaYYuPVEjLnph');
INSERT INTO NURSE (name, email, password) VALUES ('Thomas Gonzalez', 'jgarza@gmail.com', 'QSNaYYuPVEjLnph');
INSERT INTO ACCOUNTANT (name, email, password) VALUES ('David Hutchinson', 'contrerasaustin@yahoo.com', 'EubGOTtYpCDsrsZPi');
INSERT INTO NURSE (name, email, password) VALUES ('David Hutchinson', 'contrerasaustin@yahoo.com', 'EubGOTtYpCDsrsZPi');
INSERT INTO ACCOUNTANT (name, email, password) VALUES ('Duane Jenkins', 'nancy34@yahoo.com', 'vAjNWxBtKSlOlc');
INSERT INTO NURSE (name, email, password) VALUES ('Duane Jenkins', 'nancy34@yahoo.com', 'vAjNWxBtKSlOlc');
INSERT INTO ACCOUNTANT (name, email, password) VALUES ('Daniel Jackson', 'kruiz@yahoo.com', 'TJKLeNMpKkxy');
INSERT INTO NURSE (name, email, password) VALUES ('Daniel Jackson', 'kruiz@yahoo.com', 'TJKLeNMpKkxy');
INSERT INTO ACCOUNTANT (name, email, password) VALUES ('Jared Barrett', 'jasminecollins@hotmail.com', 'VWaWRnbtMAEmp');
INSERT INTO NURSE (name, email, password) VALUES ('Jared Barrett', 'jasminecollins@hotmail.com', 'VWaWRnbtMAEmp');
INSERT INTO ACCOUNTANT (name, email, password) VALUES ('Robert Collins', 'rhill@gmail.com', 'sGLAQInx');
INSERT INTO NURSE (name, email, password) VALUES ('Robert Collins', 'rhill@gmail.com', 'sGLAQInx');
INSERT INTO ACCOUNTANT (name, email, password) VALUES ('Jason Mosley', 'jessica67@gmail.com', 'xuvgyfhd');
INSERT INTO NURSE (name, email, password) VALUES ('Jason Mosley', 'jessica67@gmail.com', 'xuvgyfhd');
INSERT INTO ACCOUNTANT (name, email, password) VALUES ('Frances Harper DDS', 'davidtucker@gmail.com', 'bbxWlBkmDfNyHtBwO');
INSERT INTO NURSE (name, email, password) VALUES ('Frances Harper DDS', 'davidtucker@gmail.com', 'bbxWlBkmDfNyHtBwO');
INSERT INTO ACCOUNTANT (name, email, password) VALUES ('Ashley Baker', 'lrodriguez@hotmail.com', 'uqoCUIVXmkJVq');
INSERT INTO NURSE (name, email, password) VALUES ('Ashley Baker', 'lrodriguez@hotmail.com', 'uqoCUIVXmkJVq');
INSERT INTO ACCOUNTANT (name, email, password) VALUES ('Angela King', 'kramerstephen@gmail.com', 'qQQvczqkohdizWgxDjZ');
INSERT INTO NURSE (name, email, password) VALUES ('Angela King', 'kramerstephen@gmail.com', 'qQQvczqkohdizWgxDjZ');
INSERT INTO ACCOUNTANT (name, email, password) VALUES ('Mrs. Elizabeth Carlson', 'thomas47@yahoo.com', 'HWZSsPzXtdhhCPdxppN');
INSERT INTO NURSE (name, email, password) VALUES ('Mrs. Elizabeth Carlson', 'thomas47@yahoo.com', 'HWZSsPzXtdhhCPdxppN');
INSERT INTO ACCOUNTANT (name, email, password) VALUES ('Kathleen Adams', 'ycarter@gmail.com', 'LFxZzFYPxiIikVrwHh');
INSERT INTO NURSE (name, email, password) VALUES ('Kathleen Adams', 'ycarter@gmail.com', 'LFxZzFYPxiIikVrwHh');
INSERT INTO ACCOUNTANT (name, email, password) VALUES ('Lori Ruiz', 'ajohnson@gmail.com', 'kkwzFDAYiOgZBxChXx');
INSERT INTO NURSE (name, email, password) VALUES ('Lori Ruiz', 'ajohnson@gmail.com', 'kkwzFDAYiOgZBxChXx');
INSERT INTO ACCOUNTANT (name, email, password) VALUES ('Martin Williams', 'jacobsmichael@hotmail.com', 'UdBgZiRIjeJWXAQrkNn');
INSERT INTO NURSE (name, email, password) VALUES ('Martin Williams', 'jacobsmichael@hotmail.com', 'UdBgZiRIjeJWXAQrkNn');
INSERT INTO ACCOUNTANT (name, email, password) VALUES ('Christopher Benson', 'bryan48@hotmail.com', 'BazbMQlCnU');
INSERT INTO NURSE (name, email, password) VALUES ('Christopher Benson', 'bryan48@hotmail.com', 'BazbMQlCnU');
INSERT INTO ACCOUNTANT (name, email, password) VALUES ('Stephanie Sherman', 'gilbertjames@hotmail.com', 'olqYDjkyy');
INSERT INTO NURSE (name, email, password) VALUES ('Stephanie Sherman', 'gilbertjames@hotmail.com', 'olqYDjkyy');
INSERT INTO ACCOUNTANT (name, email, password) VALUES ('Brandi Clark', 'jenkinsdenise@gmail.com', 'JElZuUAu');
INSERT INTO NURSE (name, email, password) VALUES ('Brandi Clark', 'jenkinsdenise@gmail.com', 'JElZuUAu');
INSERT INTO ACCOUNTANT (name, email, password) VALUES ('James Johnson', 'rnunez@hotmail.com', 'hMXVtHaqNtMkcS');
INSERT INTO NURSE (name, email, password) VALUES ('James Johnson', 'rnunez@hotmail.com', 'hMXVtHaqNtMkcS');
INSERT INTO ACCOUNTANT (name, email, password) VALUES ('Christine Velasquez DDS', 'maxwellmatthew@hotmail.com', 'SnkdJmMleVNNfteZOFMl');
INSERT INTO NURSE (name, email, password) VALUES ('Christine Velasquez DDS', 'maxwellmatthew@hotmail.com', 'SnkdJmMleVNNfteZOFMl');
INSERT INTO ACCOUNTANT (name, email, password) VALUES ('Michael Rice', 'chad74@yahoo.com', 'dpeHqaxgFVXuJYZhgC');
INSERT INTO NURSE (name, email, password) VALUES ('Michael Rice', 'chad74@yahoo.com', 'dpeHqaxgFVXuJYZhgC');
INSERT INTO ACCOUNTANT (name, email, password) VALUES ('William Lynch', 'ddavidson@hotmail.com', 'tycHmmLrWpatrwi');
INSERT INTO NURSE (name, email, password) VALUES ('William Lynch', 'ddavidson@hotmail.com', 'tycHmmLrWpatrwi');
INSERT INTO ACCOUNTANT (name, email, password) VALUES ('Samantha Lawson', 'reedhunter@gmail.com', 'uqsfwDJc');
INSERT INTO NURSE (name, email, password) VALUES ('Samantha Lawson', 'reedhunter@gmail.com', 'uqsfwDJc');
INSERT INTO ACCOUNTANT (name, email, password) VALUES ('Tiffany Lawrence', 'kellynielsen@gmail.com', 'vkMVuvsljv');
INSERT INTO NURSE (name, email, password) VALUES ('Tiffany Lawrence', 'kellynielsen@gmail.com', 'vkMVuvsljv');
INSERT INTO ACCOUNTANT (name, email, password) VALUES ('Allison Fisher', 'lorinewton@hotmail.com', 'JVDcvOqUVjrQNXndt');
INSERT INTO NURSE (name, email, password) VALUES ('Allison Fisher', 'lorinewton@hotmail.com', 'JVDcvOqUVjrQNXndt');
INSERT INTO ACCOUNTANT (name, email, password) VALUES ('Noah Allen', 'sanchezkatie@yahoo.com', 'kmzeetmMhov');
INSERT INTO NURSE (name, email, password) VALUES ('Noah Allen', 'sanchezkatie@yahoo.com', 'kmzeetmMhov');
INSERT INTO ACCOUNTANT (name, email, password) VALUES ('Scott Jones', 'erica37@hotmail.com', 'AqNvfrWNZyCOgfnFwEo');
INSERT INTO NURSE (name, email, password) VALUES ('Scott Jones', 'erica37@hotmail.com', 'AqNvfrWNZyCOgfnFwEo');
INSERT INTO ACCOUNTANT (name, email, password) VALUES ('Amanda Riggs', 'cgrimes@gmail.com', 'UcfCHkUOXKedzmMcJOq');
INSERT INTO NURSE (name, email, password) VALUES ('Amanda Riggs', 'cgrimes@gmail.com', 'UcfCHkUOXKedzmMcJOq');
INSERT INTO ACCOUNTANT (name, email, password) VALUES ('Jodi Phillips', 'wilsonjacob@yahoo.com', 'nNoWLXuo');
INSERT INTO NURSE (name, email, password) VALUES ('Jodi Phillips', 'wilsonjacob@yahoo.com', 'nNoWLXuo');
INSERT INTO ACCOUNTANT (name, email, password) VALUES ('Tammy Hull', 'tonyaclark@gmail.com', 'SBEdqaCWVbFL');
INSERT INTO NURSE (name, email, password) VALUES ('Tammy Hull', 'tonyaclark@gmail.com', 'SBEdqaCWVbFL');
INSERT INTO ACCOUNTANT (name, email, password) VALUES ('Christian Dixon', 'revans@yahoo.com', 'aznISLXha');
INSERT INTO NURSE (name, email, password) VALUES ('Christian Dixon', 'revans@yahoo.com', 'aznISLXha');
INSERT INTO ACCOUNTANT (name, email, password) VALUES ('Alexandria Peterson', 'robertcruz@yahoo.com', 'BbiUYeVOKJtbFSWGn');
INSERT INTO NURSE (name, email, password) VALUES ('Alexandria Peterson', 'robertcruz@yahoo.com', 'BbiUYeVOKJtbFSWGn');
INSERT INTO ACCOUNTANT (name, email, password) VALUES ('Anna Perez', 'christophermccarthy@gmail.com', 'jxtJtBZTSzwfapqu');
INSERT INTO NURSE (name, email, password) VALUES ('Anna Perez', 'christophermccarthy@gmail.com', 'jxtJtBZTSzwfapqu');
INSERT INTO ACCOUNTANT (name, email, password) VALUES ('Paul Morrison', 'qhernandez@gmail.com', 'MlHMYmnwEG');
INSERT INTO NURSE (name, email, password) VALUES ('Paul Morrison', 'qhernandez@gmail.com', 'MlHMYmnwEG');
INSERT INTO ACCOUNTANT (name, email, password) VALUES ('Jason Young', 'hgonzalez@hotmail.com', 'vJqGOBUFRE');
INSERT INTO NURSE (name, email, password) VALUES ('Jason Young', 'hgonzalez@hotmail.com', 'vJqGOBUFRE');
INSERT INTO ACCOUNTANT (name, email, password) VALUES ('Debra Smith', 'karaperez@hotmail.com', 'pemKfnpRcUMnsCi');
INSERT INTO NURSE (name, email, password) VALUES ('Debra Smith', 'karaperez@hotmail.com', 'pemKfnpRcUMnsCi');
INSERT INTO ACCOUNTANT (name, email, password) VALUES ('Brenda Price', 'brenda74@hotmail.com', 'tAehQnpjmXMGXqU');
INSERT INTO NURSE (name, email, password) VALUES ('Brenda Price', 'brenda74@hotmail.com', 'tAehQnpjmXMGXqU');
INSERT INTO ACCOUNTANT (name, email, password) VALUES ('Jessica Miller', 'rochajames@yahoo.com', 'ZTrDYDoRYLN');
INSERT INTO NURSE (name, email, password) VALUES ('Jessica Miller', 'rochajames@yahoo.com', 'ZTrDYDoRYLN');
INSERT INTO ACCOUNTANT (name, email, password) VALUES ('Dennis King', 'tamara96@yahoo.com', 'tXQahzRdxVrjAqHuPz');
INSERT INTO NURSE (name, email, password) VALUES ('Dennis King', 'tamara96@yahoo.com', 'tXQahzRdxVrjAqHuPz');
INSERT INTO ACCOUNTANT (name, email, password) VALUES ('Kelly Barron', 'benjamin50@gmail.com', 'nDfnXQVc');
INSERT INTO NURSE (name, email, password) VALUES ('Kelly Barron', 'benjamin50@gmail.com', 'nDfnXQVc');
INSERT INTO ACCOUNTANT (name, email, password) VALUES ('Zachary Salazar', 'umartin@hotmail.com', 'OVlwPyxNGXyZOxjn');
INSERT INTO NURSE (name, email, password) VALUES ('Zachary Salazar', 'umartin@hotmail.com', 'OVlwPyxNGXyZOxjn');
INSERT INTO ACCOUNTANT (name, email, password) VALUES ('Emily Martin', 'melissahoward@yahoo.com', 'eABSOIaRAYkeEFKM');
INSERT INTO NURSE (name, email, password) VALUES ('Emily Martin', 'melissahoward@yahoo.com', 'eABSOIaRAYkeEFKM');
INSERT INTO ACCOUNTANT (name, email, password) VALUES ('Bailey Leach', 'jacob60@yahoo.com', 'MgLUuVmBt');
INSERT INTO NURSE (name, email, password) VALUES ('Bailey Leach', 'jacob60@yahoo.com', 'MgLUuVmBt');
INSERT INTO ACCOUNTANT (name, email, password) VALUES ('Kristin Levy', 'pwade@gmail.com', 'wvbDKRBuRyO');
INSERT INTO NURSE (name, email, password) VALUES ('Kristin Levy', 'pwade@gmail.com', 'wvbDKRBuRyO');
INSERT INTO ACCOUNTANT (name, email, password) VALUES ('Wayne Berry', 'mikewoods@yahoo.com', 'JRJOdmsg');
INSERT INTO NURSE (name, email, password) VALUES ('Wayne Berry', 'mikewoods@yahoo.com', 'JRJOdmsg');
INSERT INTO ACCOUNTANT (name, email, password) VALUES ('Peter Fernandez', 'ocooper@hotmail.com', 'JmtGgYYfMme');
INSERT INTO NURSE (name, email, password) VALUES ('Peter Fernandez', 'ocooper@hotmail.com', 'JmtGgYYfMme');
INSERT INTO ACCOUNTANT (name, email, password) VALUES ('Brandon Lewis', 'gregoryvasquez@hotmail.com', 'ZVczOZBxPwzRhI');
INSERT INTO NURSE (name, email, password) VALUES ('Brandon Lewis', 'gregoryvasquez@hotmail.com', 'ZVczOZBxPwzRhI');
INSERT INTO ACCOUNTANT (name, email, password) VALUES ('Lauren Olson', 'darrylmartinez@gmail.com', 'LhBcZTWkFUEKVikNND');
INSERT INTO NURSE (name, email, password) VALUES ('Lauren Olson', 'darrylmartinez@gmail.com', 'LhBcZTWkFUEKVikNND');
INSERT INTO ACCOUNTANT (name, email, password) VALUES ('Janet Cruz', 'singhamanda@hotmail.com', 'bdIvQGdwb');
INSERT INTO NURSE (name, email, password) VALUES ('Janet Cruz', 'singhamanda@hotmail.com', 'bdIvQGdwb');
INSERT INTO ACCOUNTANT (name, email, password) VALUES ('Tyler Sharp', 'thomas97@hotmail.com', 'GHURrHpChbBdybv');
INSERT INTO NURSE (name, email, password) VALUES ('Tyler Sharp', 'thomas97@hotmail.com', 'GHURrHpChbBdybv');
INSERT INTO ACCOUNTANT (name, email, password) VALUES ('Kelly Welch', 'mccoyrebecca@gmail.com', 'TPGZgkNr');
INSERT INTO NURSE (name, email, password) VALUES ('Kelly Welch', 'mccoyrebecca@gmail.com', 'TPGZgkNr');
INSERT INTO ACCOUNTANT (name, email, password) VALUES ('Angel Mullins', 'jenniferlove@gmail.com', 'WqAHUQxXDiuWgRvZf');
INSERT INTO NURSE (name, email, password) VALUES ('Angel Mullins', 'jenniferlove@gmail.com', 'WqAHUQxXDiuWgRvZf');
INSERT INTO ACCOUNTANT (name, email, password) VALUES ('Julie Fowler', 'khansuzanne@gmail.com', 'ytyZhPeN');
INSERT INTO NURSE (name, email, password) VALUES ('Julie Fowler', 'khansuzanne@gmail.com', 'ytyZhPeN');
INSERT INTO ACCOUNTANT (name, email, password) VALUES ('Michele Strickland', 'diazcynthia@yahoo.com', 'oSQoFUnVND');
INSERT INTO NURSE (name, email, password) VALUES ('Michele Strickland', 'diazcynthia@yahoo.com', 'oSQoFUnVND');
INSERT INTO ACCOUNTANT (name, email, password) VALUES ('Steven Joseph', 'aaron04@gmail.com', 'iPZduEMOMvZQmhqltpV');
INSERT INTO NURSE (name, email, password) VALUES ('Steven Joseph', 'aaron04@gmail.com', 'iPZduEMOMvZQmhqltpV');
INSERT INTO ACCOUNTANT (name, email, password) VALUES ('Anthony Thompson', 'pstein@gmail.com', 'paHhaxJPGQvypGEwcBKG');
INSERT INTO NURSE (name, email, password) VALUES ('Anthony Thompson', 'pstein@gmail.com', 'paHhaxJPGQvypGEwcBKG');
INSERT INTO ACCOUNTANT (name, email, password) VALUES ('Denise Lang', 'collinsjessica@yahoo.com', 'aChvOBVDbreuTFAi');
INSERT INTO NURSE (name, email, password) VALUES ('Denise Lang', 'collinsjessica@yahoo.com', 'aChvOBVDbreuTFAi');
INSERT INTO ACCOUNTANT (name, email, password) VALUES ('James Rodriguez', 'garysanchez@yahoo.com', 'fwrhARmToWDDLJmNoO');
INSERT INTO NURSE (name, email, password) VALUES ('James Rodriguez', 'garysanchez@yahoo.com', 'fwrhARmToWDDLJmNoO');
INSERT INTO ACCOUNTANT (name, email, password) VALUES ('Jackie Carr', 'wanda27@gmail.com', 'HFUVWWwL');
INSERT INTO NURSE (name, email, password) VALUES ('Jackie Carr', 'wanda27@gmail.com', 'HFUVWWwL');
INSERT INTO ACCOUNTANT (name, email, password) VALUES ('Kyle Conner', 'tstanley@yahoo.com', 'eZqcjeOhJBTXHlRTgM');
INSERT INTO NURSE (name, email, password) VALUES ('Kyle Conner', 'tstanley@yahoo.com', 'eZqcjeOhJBTXHlRTgM');
INSERT INTO ACCOUNTANT (name, email, password) VALUES ('Judy Odom', 'leestein@yahoo.com', 'vZAneMPCBHYdeRKCRweq');
INSERT INTO NURSE (name, email, password) VALUES ('Judy Odom', 'leestein@yahoo.com', 'vZAneMPCBHYdeRKCRweq');
INSERT INTO ACCOUNTANT (name, email, password) VALUES ('Nicole Thompson', 'carolyn41@hotmail.com', 'trJABTtvYHPkzILhX');
INSERT INTO NURSE (name, email, password) VALUES ('Nicole Thompson', 'carolyn41@hotmail.com', 'trJABTtvYHPkzILhX');
INSERT INTO ACCOUNTANT (name, email, password) VALUES ('Heather Garcia', 'mlove@hotmail.com', 'DkpFLEkPowwvBHCIjQlv');
INSERT INTO NURSE (name, email, password) VALUES ('Heather Garcia', 'mlove@hotmail.com', 'DkpFLEkPowwvBHCIjQlv');
INSERT INTO ACCOUNTANT (name, email, password) VALUES ('Michael Hawkins', 'hmartinez@yahoo.com', 'PlEmHibsnQt');
INSERT INTO NURSE (name, email, password) VALUES ('Michael Hawkins', 'hmartinez@yahoo.com', 'PlEmHibsnQt');
INSERT INTO ACCOUNTANT (name, email, password) VALUES ('Rebecca Barr', 'cesarrodriguez@yahoo.com', 'TwDmtuYXnWGlTF');
INSERT INTO NURSE (name, email, password) VALUES ('Rebecca Barr', 'cesarrodriguez@yahoo.com', 'TwDmtuYXnWGlTF');
INSERT INTO ACCOUNTANT (name, email, password) VALUES ('Marcia Wilson', 'coxgregory@yahoo.com', 'KyPVjNDpzYjsokA');
INSERT INTO NURSE (name, email, password) VALUES ('Marcia Wilson', 'coxgregory@yahoo.com', 'KyPVjNDpzYjsokA');
INSERT INTO ACCOUNTANT (name, email, password) VALUES ('Nicole Barton', 'stephensonnicholas@hotmail.com', 'kanjwtPRuKkn');
INSERT INTO NURSE (name, email, password) VALUES ('Nicole Barton', 'stephensonnicholas@hotmail.com', 'kanjwtPRuKkn');
INSERT INTO ACCOUNTANT (name, email, password) VALUES ('David Frederick', 'donna06@gmail.com', 'NMTObmmW');
INSERT INTO NURSE (name, email, password) VALUES ('David Frederick', 'donna06@gmail.com', 'NMTObmmW');
INSERT INTO ACCOUNTANT (name, email, password) VALUES ('Christopher Hernandez', 'unelson@gmail.com', 'KncxecVkWobQ');
INSERT INTO NURSE (name, email, password) VALUES ('Christopher Hernandez', 'unelson@gmail.com', 'KncxecVkWobQ');
INSERT INTO ACCOUNTANT (name, email, password) VALUES ('Philip Kerr', 'diazbrian@hotmail.com', 'zkHgXmXgmVDwbtIjXHO');
INSERT INTO NURSE (name, email, password) VALUES ('Philip Kerr', 'diazbrian@hotmail.com', 'zkHgXmXgmVDwbtIjXHO');
INSERT INTO ACCOUNTANT (name, email, password) VALUES ('Dennis Lawrence', 'hufferic@gmail.com', 'SiQKYfZxEwF');
INSERT INTO NURSE (name, email, password) VALUES ('Dennis Lawrence', 'hufferic@gmail.com', 'SiQKYfZxEwF');
INSERT INTO ACCOUNTANT (name, email, password) VALUES ('Emily Buckley', 'moralesjessica@yahoo.com', 'ztEUtXjhgMXPwIgIIX');
INSERT INTO NURSE (name, email, password) VALUES ('Emily Buckley', 'moralesjessica@yahoo.com', 'ztEUtXjhgMXPwIgIIX');
INSERT INTO ACCOUNTANT (name, email, password) VALUES ('Robin Lopez', 'ashley58@hotmail.com', 'WUhnxeyNBoP');
INSERT INTO NURSE (name, email, password) VALUES ('Robin Lopez', 'ashley58@hotmail.com', 'WUhnxeyNBoP');
INSERT INTO ACCOUNTANT (name, email, password) VALUES ('Thomas Nelson', 'christopher80@gmail.com', 'ilqUlcxxl');
INSERT INTO NURSE (name, email, password) VALUES ('Thomas Nelson', 'christopher80@gmail.com', 'ilqUlcxxl');
INSERT INTO ACCOUNTANT (name, email, password) VALUES ('Eric Casey', 'hallnicole@yahoo.com', 'rmTkvCobTbf');
INSERT INTO NURSE (name, email, password) VALUES ('Eric Casey', 'hallnicole@yahoo.com', 'rmTkvCobTbf');
INSERT INTO ACCOUNTANT (name, email, password) VALUES ('Sean Mullins', 'leekimberly@gmail.com', 'SMGtHINslHsSMkebML');
INSERT INTO NURSE (name, email, password) VALUES ('Sean Mullins', 'leekimberly@gmail.com', 'SMGtHINslHsSMkebML');
INSERT INTO ACCOUNTANT (name, email, password) VALUES ('Mathew Padilla', 'krista27@gmail.com', 'wGBzwGEtmjrdHKhq');
INSERT INTO NURSE (name, email, password) VALUES ('Mathew Padilla', 'krista27@gmail.com', 'wGBzwGEtmjrdHKhq');
INSERT INTO ACCOUNTANT (name, email, password) VALUES ('Tina Frederick', 'daniel63@gmail.com', 'RiPqFctfiquujXofor');
INSERT INTO NURSE (name, email, password) VALUES ('Tina Frederick', 'daniel63@gmail.com', 'RiPqFctfiquujXofor');
INSERT INTO ACCOUNTANT (name, email, password) VALUES ('Jonathan Ross', 'gary66@gmail.com', 'cHAKbpgJlbULP');
INSERT INTO NURSE (name, email, password) VALUES ('Jonathan Ross', 'gary66@gmail.com', 'cHAKbpgJlbULP');
INSERT INTO ACCOUNTANT (name, email, password) VALUES ('Danielle Valdez', 'ogomez@hotmail.com', 'eUNYPxhtZLNLHXS');
INSERT INTO NURSE (name, email, password) VALUES ('Danielle Valdez', 'ogomez@hotmail.com', 'eUNYPxhtZLNLHXS');
INSERT INTO ACCOUNTANT (name, email, password) VALUES ('Daniel Wilkinson', 'sherrypeterson@yahoo.com', 'xoXjJRuCDeZs');
INSERT INTO NURSE (name, email, password) VALUES ('Daniel Wilkinson', 'sherrypeterson@yahoo.com', 'xoXjJRuCDeZs');
INSERT INTO ACCOUNTANT (name, email, password) VALUES ('William Parker', 'pearsonluis@yahoo.com', 'IgzXCuhRev');
INSERT INTO NURSE (name, email, password) VALUES ('William Parker', 'pearsonluis@yahoo.com', 'IgzXCuhRev');
INSERT INTO ACCOUNTANT (name, email, password) VALUES ('Devon Lowe', 'jfigueroa@yahoo.com', 'jjQcoHBVJKHEDL');
INSERT INTO NURSE (name, email, password) VALUES ('Devon Lowe', 'jfigueroa@yahoo.com', 'jjQcoHBVJKHEDL');
INSERT INTO ACCOUNTANT (name, email, password) VALUES ('Anthony Young', 'morsemichael@hotmail.com', 'GHdKUhhdZqTMpPGqe');
INSERT INTO NURSE (name, email, password) VALUES ('Anthony Young', 'morsemichael@hotmail.com', 'GHdKUhhdZqTMpPGqe');
INSERT INTO ACCOUNTANT (name, email, password) VALUES ('Jack Henson', 'smithchristine@gmail.com', 'BqWmudtcqXrvbtgff');
INSERT INTO NURSE (name, email, password) VALUES ('Jack Henson', 'smithchristine@gmail.com', 'BqWmudtcqXrvbtgff');
INSERT INTO ACCOUNTANT (name, email, password) VALUES ('Patrick Valenzuela', 'rhodespatrick@gmail.com', 'dDWUKKlPXAJEluFqU');
INSERT INTO NURSE (name, email, password) VALUES ('Patrick Valenzuela', 'rhodespatrick@gmail.com', 'dDWUKKlPXAJEluFqU');
INSERT INTO ACCOUNTANT (name, email, password) VALUES ('Timothy Martin', 'huntlindsey@hotmail.com', 'FfHTFbqndlTcxsFfGI');
INSERT INTO NURSE (name, email, password) VALUES ('Timothy Martin', 'huntlindsey@hotmail.com', 'FfHTFbqndlTcxsFfGI');
INSERT INTO ACCOUNTANT (name, email, password) VALUES ('Sara Davis', 'rwaters@yahoo.com', 'VHShZgzHqouglj');
INSERT INTO NURSE (name, email, password) VALUES ('Sara Davis', 'rwaters@yahoo.com', 'VHShZgzHqouglj');
INSERT INTO ACCOUNTANT (name, email, password) VALUES ('Luke Stephens', 'julie64@gmail.com', 'CFSUhEKb');
INSERT INTO NURSE (name, email, password) VALUES ('Luke Stephens', 'julie64@gmail.com', 'CFSUhEKb');
INSERT INTO ACCOUNTANT (name, email, password) VALUES ('Jennifer Joseph', 'jennifer17@yahoo.com', 'SjhQQjlA');
INSERT INTO NURSE (name, email, password) VALUES ('Jennifer Joseph', 'jennifer17@yahoo.com', 'SjhQQjlA');
INSERT INTO ACCOUNTANT (name, email, password) VALUES ('Peter Jackson', 'webbkimberly@gmail.com', 'jAVkVwWiyAiVC');
INSERT INTO NURSE (name, email, password) VALUES ('Peter Jackson', 'webbkimberly@gmail.com', 'jAVkVwWiyAiVC');
INSERT INTO ACCOUNTANT (name, email, password) VALUES ('Ryan Jones', 'mbrown@yahoo.com', 'elkUHAXeHMr');
INSERT INTO NURSE (name, email, password) VALUES ('Ryan Jones', 'mbrown@yahoo.com', 'elkUHAXeHMr');
INSERT INTO ACCOUNTANT (name, email, password) VALUES ('Margaret Powell', 'wutroy@yahoo.com', 'uigHPIMpwEzAy');
INSERT INTO NURSE (name, email, password) VALUES ('Margaret Powell', 'wutroy@yahoo.com', 'uigHPIMpwEzAy');
INSERT INTO ACCOUNTANT (name, email, password) VALUES ('Jessica Dean', 'sbruce@yahoo.com', 'CJQvQDipdh');
INSERT INTO NURSE (name, email, password) VALUES ('Jessica Dean', 'sbruce@yahoo.com', 'CJQvQDipdh');
INSERT INTO ACCOUNTANT (name, email, password) VALUES ('Daniel Moore', 'wendy77@hotmail.com', 'QtNHUjxowKSlMIBEnj');
INSERT INTO NURSE (name, email, password) VALUES ('Daniel Moore', 'wendy77@hotmail.com', 'QtNHUjxowKSlMIBEnj');
INSERT INTO ACCOUNTANT (name, email, password) VALUES ('Christina Murray', 'dmay@gmail.com', 'dYcdAzIpXapsACNV');
INSERT INTO NURSE (name, email, password) VALUES ('Christina Murray', 'dmay@gmail.com', 'dYcdAzIpXapsACNV');
INSERT INTO ACCOUNTANT (name, email, password) VALUES ('Kenneth James', 'burkeian@hotmail.com', 'suNwBbLSZjXKGaTqZyL');
INSERT INTO NURSE (name, email, password) VALUES ('Kenneth James', 'burkeian@hotmail.com', 'suNwBbLSZjXKGaTqZyL');
INSERT INTO ACCOUNTANT (name, email, password) VALUES ('Christopher Payne', 'stacierosales@yahoo.com', 'NOeifSzLbeQasYpuEIQ');
INSERT INTO NURSE (name, email, password) VALUES ('Christopher Payne', 'stacierosales@yahoo.com', 'NOeifSzLbeQasYpuEIQ');
INSERT INTO ACCOUNTANT (name, email, password) VALUES ('Brandon Cooper', 'nmoore@yahoo.com', 'PCqyAWecRNd');
INSERT INTO NURSE (name, email, password) VALUES ('Brandon Cooper', 'nmoore@yahoo.com', 'PCqyAWecRNd');
INSERT INTO ACCOUNTANT (name, email, password) VALUES ('Bruce Hernandez', 'adam67@yahoo.com', 'XyULtyMriA');
INSERT INTO NURSE (name, email, password) VALUES ('Bruce Hernandez', 'adam67@yahoo.com', 'XyULtyMriA');
INSERT INTO ACCOUNTANT (name, email, password) VALUES ('Luis Patrick', 'sabrina96@gmail.com', 'pMOcTtNsPBv');
INSERT INTO NURSE (name, email, password) VALUES ('Luis Patrick', 'sabrina96@gmail.com', 'pMOcTtNsPBv');
INSERT INTO ACCOUNTANT (name, email, password) VALUES ('Anthony Medina', 'savagenicholas@yahoo.com', 'TdtQyGRy');
INSERT INTO NURSE (name, email, password) VALUES ('Anthony Medina', 'savagenicholas@yahoo.com', 'TdtQyGRy');
INSERT INTO ACCOUNTANT (name, email, password) VALUES ('Calvin Rodriguez', 'victoriaflores@yahoo.com', 'GFnDkedXcPHpuNzQYXVW');
INSERT INTO NURSE (name, email, password) VALUES ('Calvin Rodriguez', 'victoriaflores@yahoo.com', 'GFnDkedXcPHpuNzQYXVW');
INSERT INTO ACCOUNTANT (name, email, password) VALUES ('Robert Williams', 'daniellegarcia@yahoo.com', 'ziJsHcYxTIUesHPSVM');
INSERT INTO NURSE (name, email, password) VALUES ('Robert Williams', 'daniellegarcia@yahoo.com', 'ziJsHcYxTIUesHPSVM');
INSERT INTO ACCOUNTANT (name, email, password) VALUES ('Michael Meyers', 'ericgarrett@hotmail.com', 'ipzufVTehjsgoOSIpQE');
INSERT INTO NURSE (name, email, password) VALUES ('Michael Meyers', 'ericgarrett@hotmail.com', 'ipzufVTehjsgoOSIpQE');
INSERT INTO ACCOUNTANT (name, email, password) VALUES ('Randy Scott', 'sancheztaylor@gmail.com', 'ZbikfLlMFmvEW');
INSERT INTO NURSE (name, email, password) VALUES ('Randy Scott', 'sancheztaylor@gmail.com', 'ZbikfLlMFmvEW');
INSERT INTO ACCOUNTANT (name, email, password) VALUES ('Benjamin Mays', 'jasoncruz@gmail.com', 'sQqBBuCc');
INSERT INTO NURSE (name, email, password) VALUES ('Benjamin Mays', 'jasoncruz@gmail.com', 'sQqBBuCc');
INSERT INTO ACCOUNTANT (name, email, password) VALUES ('Erik Eaton', 'matthewknapp@hotmail.com', 'VSoBavRlM');
INSERT INTO NURSE (name, email, password) VALUES ('Erik Eaton', 'matthewknapp@hotmail.com', 'VSoBavRlM');
INSERT INTO ACCOUNTANT (name, email, password) VALUES ('Alexa Farley', 'brogers@gmail.com', 'zdfcCFbOo');
INSERT INTO NURSE (name, email, password) VALUES ('Alexa Farley', 'brogers@gmail.com', 'zdfcCFbOo');
INSERT INTO ACCOUNTANT (name, email, password) VALUES ('Bruce Fisher', 'jjames@gmail.com', 'GMWdjklbQgP');
INSERT INTO NURSE (name, email, password) VALUES ('Bruce Fisher', 'jjames@gmail.com', 'GMWdjklbQgP');
INSERT INTO ACCOUNTANT (name, email, password) VALUES ('Philip Williams', 'barbaragonzalez@yahoo.com', 'EWpipAKCsttVZfnowHpP');
INSERT INTO NURSE (name, email, password) VALUES ('Philip Williams', 'barbaragonzalez@yahoo.com', 'EWpipAKCsttVZfnowHpP');
INSERT INTO ACCOUNTANT (name, email, password) VALUES ('Rebecca Buck', 'susan53@hotmail.com', 'HfwjeUZe');
INSERT INTO NURSE (name, email, password) VALUES ('Rebecca Buck', 'susan53@hotmail.com', 'HfwjeUZe');
INSERT INTO ACCOUNTANT (name, email, password) VALUES ('Kenneth Smith', 'turnerjames@hotmail.com', 'sJWsGjpk');
INSERT INTO NURSE (name, email, password) VALUES ('Kenneth Smith', 'turnerjames@hotmail.com', 'sJWsGjpk');
INSERT INTO ACCOUNTANT (name, email, password) VALUES ('Henry Morrison', 'michaelnelson@yahoo.com', 'vVdaUkHidtzpqtpkN');
INSERT INTO NURSE (name, email, password) VALUES ('Henry Morrison', 'michaelnelson@yahoo.com', 'vVdaUkHidtzpqtpkN');
INSERT INTO ACCOUNTANT (name, email, password) VALUES ('Christina Moore', 'tescobar@gmail.com', 'FKvTkjhNWwpPtIzm');
INSERT INTO NURSE (name, email, password) VALUES ('Christina Moore', 'tescobar@gmail.com', 'FKvTkjhNWwpPtIzm');
INSERT INTO ACCOUNTANT (name, email, password) VALUES ('Melissa White', 'bradfordronald@hotmail.com', 'zAuqanOOXeMEeoEkywZ');
INSERT INTO NURSE (name, email, password) VALUES ('Melissa White', 'bradfordronald@hotmail.com', 'zAuqanOOXeMEeoEkywZ');
INSERT INTO ACCOUNTANT (name, email, password) VALUES ('Micheal Kent', 'jonathanwright@yahoo.com', 'ngJcNwcBEtxEXV');
INSERT INTO NURSE (name, email, password) VALUES ('Micheal Kent', 'jonathanwright@yahoo.com', 'ngJcNwcBEtxEXV');
INSERT INTO ACCOUNTANT (name, email, password) VALUES ('Beth Rice', 'keith99@gmail.com', 'uecKgcByEo');
INSERT INTO NURSE (name, email, password) VALUES ('Beth Rice', 'keith99@gmail.com', 'uecKgcByEo');
INSERT INTO ACCOUNTANT (name, email, password) VALUES ('Barbara Rivera', 'jason63@yahoo.com', 'MGYVRQEDvKnyUnWsDuhE');
INSERT INTO NURSE (name, email, password) VALUES ('Barbara Rivera', 'jason63@yahoo.com', 'MGYVRQEDvKnyUnWsDuhE');
INSERT INTO ACCOUNTANT (name, email, password) VALUES ('Martin Hall', 'beverly76@gmail.com', 'JkiepUiNbyKzJuomgD');
INSERT INTO NURSE (name, email, password) VALUES ('Martin Hall', 'beverly76@gmail.com', 'JkiepUiNbyKzJuomgD');
INSERT INTO ACCOUNTANT (name, email, password) VALUES ('Ryan Dorsey', 'danielle37@yahoo.com', 'EFsTzqCAvFVAhwcqJU');
INSERT INTO NURSE (name, email, password) VALUES ('Ryan Dorsey', 'danielle37@yahoo.com', 'EFsTzqCAvFVAhwcqJU');
INSERT INTO ACCOUNTANT (name, email, password) VALUES ('Timothy Jones', 'carlosrush@hotmail.com', 'SiKOJMlCuoxDjFskc');
INSERT INTO NURSE (name, email, password) VALUES ('Timothy Jones', 'carlosrush@hotmail.com', 'SiKOJMlCuoxDjFskc');
INSERT INTO ACCOUNTANT (name, email, password) VALUES ('Luis Fox', 'scott39@yahoo.com', 'dNJMbnKijlMjaPZzrXfi');
INSERT INTO NURSE (name, email, password) VALUES ('Luis Fox', 'scott39@yahoo.com', 'dNJMbnKijlMjaPZzrXfi');
INSERT INTO ACCOUNTANT (name, email, password) VALUES ('Wesley Olson', 'romanstephen@gmail.com', 'JtMzcTPkJfG');
INSERT INTO NURSE (name, email, password) VALUES ('Wesley Olson', 'romanstephen@gmail.com', 'JtMzcTPkJfG');
INSERT INTO ACCOUNTANT (name, email, password) VALUES ('James Cooley', 'lucas81@gmail.com', 'vSVhRTnJJsJmKN');
INSERT INTO NURSE (name, email, password) VALUES ('James Cooley', 'lucas81@gmail.com', 'vSVhRTnJJsJmKN');
INSERT INTO ACCOUNTANT (name, email, password) VALUES ('Robert Patterson', 'lisafrank@hotmail.com', 'xjEDpojINdGtIToihgrX');
INSERT INTO NURSE (name, email, password) VALUES ('Robert Patterson', 'lisafrank@hotmail.com', 'xjEDpojINdGtIToihgrX');
INSERT INTO ACCOUNTANT (name, email, password) VALUES ('Lance Clark', 'lisa74@hotmail.com', 'MmgZwrkIUlGbcXDgng');
INSERT INTO NURSE (name, email, password) VALUES ('Lance Clark', 'lisa74@hotmail.com', 'MmgZwrkIUlGbcXDgng');
INSERT INTO ACCOUNTANT (name, email, password) VALUES ('Sharon Tran', 'terryelizabeth@gmail.com', 'uyrRiZWXf');
INSERT INTO NURSE (name, email, password) VALUES ('Sharon Tran', 'terryelizabeth@gmail.com', 'uyrRiZWXf');
INSERT INTO ACCOUNTANT (name, email, password) VALUES ('Yesenia Johnson', 'berrychristopher@gmail.com', 'NpGCelfqAtSsnY');
INSERT INTO NURSE (name, email, password) VALUES ('Yesenia Johnson', 'berrychristopher@gmail.com', 'NpGCelfqAtSsnY');
INSERT INTO ACCOUNTANT (name, email, password) VALUES ('Megan Marshall', 'james40@hotmail.com', 'nXKEmgtOPBTIjIcoDS');
INSERT INTO NURSE (name, email, password) VALUES ('Megan Marshall', 'james40@hotmail.com', 'nXKEmgtOPBTIjIcoDS');
INSERT INTO ACCOUNTANT (name, email, password) VALUES ('Victor Wallace', 'debbie75@hotmail.com', 'TTuMcsZapy');
INSERT INTO NURSE (name, email, password) VALUES ('Victor Wallace', 'debbie75@hotmail.com', 'TTuMcsZapy');
INSERT INTO ACCOUNTANT (name, email, password) VALUES ('Nicole Kramer', 'randallmiller@gmail.com', 'qekuACQJprO');
INSERT INTO NURSE (name, email, password) VALUES ('Nicole Kramer', 'randallmiller@gmail.com', 'qekuACQJprO');
INSERT INTO ACCOUNTANT (name, email, password) VALUES ('Katherine Brooks', 'carpenterjulie@gmail.com', 'AfwdoNgGCfZyvown');
INSERT INTO NURSE (name, email, password) VALUES ('Katherine Brooks', 'carpenterjulie@gmail.com', 'AfwdoNgGCfZyvown');
INSERT INTO ACCOUNTANT (name, email, password) VALUES ('Scott Duran', 'alivingston@hotmail.com', 'xIcdPQNA');
INSERT INTO NURSE (name, email, password) VALUES ('Scott Duran', 'alivingston@hotmail.com', 'xIcdPQNA');
INSERT INTO ACCOUNTANT (name, email, password) VALUES ('Seth Brown', 'parkerjamie@gmail.com', 'tmUDImiqgIqFOMV');
INSERT INTO NURSE (name, email, password) VALUES ('Seth Brown', 'parkerjamie@gmail.com', 'tmUDImiqgIqFOMV');
INSERT INTO ACCOUNTANT (name, email, password) VALUES ('Marie Maxwell', 'rpeterson@gmail.com', 'fOsvYvUiHHgHXe');
INSERT INTO NURSE (name, email, password) VALUES ('Marie Maxwell', 'rpeterson@gmail.com', 'fOsvYvUiHHgHXe');
INSERT INTO ACCOUNTANT (name, email, password) VALUES ('Eric Hawkins', 'knappgeorge@gmail.com', 'WAkjpiLQYbgxOo');
INSERT INTO NURSE (name, email, password) VALUES ('Eric Hawkins', 'knappgeorge@gmail.com', 'WAkjpiLQYbgxOo');
INSERT INTO ACCOUNTANT (name, email, password) VALUES ('Carl Vaughn', 'herrerashane@hotmail.com', 'SmgDyIAbhgjeD');
INSERT INTO NURSE (name, email, password) VALUES ('Carl Vaughn', 'herrerashane@hotmail.com', 'SmgDyIAbhgjeD');
INSERT INTO ACCOUNTANT (name, email, password) VALUES ('Kristen Schwartz', 'clarkjeremiah@hotmail.com', 'nXgjdChUZeyXXGs');
INSERT INTO NURSE (name, email, password) VALUES ('Kristen Schwartz', 'clarkjeremiah@hotmail.com', 'nXgjdChUZeyXXGs');
INSERT INTO ACCOUNTANT (name, email, password) VALUES ('Johnathan Peters', 'tbaker@hotmail.com', 'nXfdBNYoqdDsB');
INSERT INTO NURSE (name, email, password) VALUES ('Johnathan Peters', 'tbaker@hotmail.com', 'nXfdBNYoqdDsB');
INSERT INTO ACCOUNTANT (name, email, password) VALUES ('Kimberly Williams', 'cfuller@yahoo.com', 'CUgBNClm');
INSERT INTO NURSE (name, email, password) VALUES ('Kimberly Williams', 'cfuller@yahoo.com', 'CUgBNClm');
INSERT INTO ACCOUNTANT (name, email, password) VALUES ('Joshua Bell', 'karenhorton@gmail.com', 'BaaiYwYlmJgGEn');
INSERT INTO NURSE (name, email, password) VALUES ('Joshua Bell', 'karenhorton@gmail.com', 'BaaiYwYlmJgGEn');
INSERT INTO ACCOUNTANT (name, email, password) VALUES ('Jeffrey Castillo', 'charlesjill@hotmail.com', 'zWzmwGGRfDz');
INSERT INTO NURSE (name, email, password) VALUES ('Jeffrey Castillo', 'charlesjill@hotmail.com', 'zWzmwGGRfDz');
INSERT INTO ACCOUNTANT (name, email, password) VALUES ('Mr. Joshua Marshall', 'zcardenas@yahoo.com', 'bFRvQgdZS');
INSERT INTO NURSE (name, email, password) VALUES ('Mr. Joshua Marshall', 'zcardenas@yahoo.com', 'bFRvQgdZS');
INSERT INTO ACCOUNTANT (name, email, password) VALUES ('April Hobbs', 'daviskevin@hotmail.com', 'OyORPiefOFcIqavyo');
INSERT INTO NURSE (name, email, password) VALUES ('April Hobbs', 'daviskevin@hotmail.com', 'OyORPiefOFcIqavyo');
INSERT INTO ACCOUNTANT (name, email, password) VALUES ('Kayla Burns', 'hhuerta@yahoo.com', 'fgqskKljwnOuPhQbTKvT');
INSERT INTO NURSE (name, email, password) VALUES ('Kayla Burns', 'hhuerta@yahoo.com', 'fgqskKljwnOuPhQbTKvT');
INSERT INTO ACCOUNTANT (name, email, password) VALUES ('Megan Medina', 'lopezrobin@hotmail.com', 'DCgLXwdDhoMIZNFLBPrs');
INSERT INTO NURSE (name, email, password) VALUES ('Megan Medina', 'lopezrobin@hotmail.com', 'DCgLXwdDhoMIZNFLBPrs');
INSERT INTO ACCOUNTANT (name, email, password) VALUES ('Susan Walker', 'gsmith@gmail.com', 'yzWtBDmp');
INSERT INTO NURSE (name, email, password) VALUES ('Susan Walker', 'gsmith@gmail.com', 'yzWtBDmp');
INSERT INTO ACCOUNTANT (name, email, password) VALUES ('Kellie Morton', 'gonzalezkrista@yahoo.com', 'snFBKXJDSB');
INSERT INTO NURSE (name, email, password) VALUES ('Kellie Morton', 'gonzalezkrista@yahoo.com', 'snFBKXJDSB');
INSERT INTO ACCOUNTANT (name, email, password) VALUES ('Terry Shelton', 'ginaali@gmail.com', 'aXFJYrwQQ');
INSERT INTO NURSE (name, email, password) VALUES ('Terry Shelton', 'ginaali@gmail.com', 'aXFJYrwQQ');
INSERT INTO ACCOUNTANT (name, email, password) VALUES ('Justin Church', 'anne06@gmail.com', 'pMhEPadsWqjWNiV');
INSERT INTO NURSE (name, email, password) VALUES ('Justin Church', 'anne06@gmail.com', 'pMhEPadsWqjWNiV');
INSERT INTO ACCOUNTANT (name, email, password) VALUES ('Gregory Sanchez', 'bradleywade@yahoo.com', 'chXDbhTwXAUDTKfYFnK');
INSERT INTO NURSE (name, email, password) VALUES ('Gregory Sanchez', 'bradleywade@yahoo.com', 'chXDbhTwXAUDTKfYFnK');
INSERT INTO ACCOUNTANT (name, email, password) VALUES ('Ashley Rodriguez', 'nstafford@hotmail.com', 'cldrDbHzRMXWMHU');
INSERT INTO NURSE (name, email, password) VALUES ('Ashley Rodriguez', 'nstafford@hotmail.com', 'cldrDbHzRMXWMHU');
INSERT INTO ACCOUNTANT (name, email, password) VALUES ('Lisa Ali', 'jmayo@hotmail.com', 'cNVqnPzOKnWyBkgECT');
INSERT INTO NURSE (name, email, password) VALUES ('Lisa Ali', 'jmayo@hotmail.com', 'cNVqnPzOKnWyBkgECT');
INSERT INTO ACCOUNTANT (name, email, password) VALUES ('Aaron Mcneil', 'aaron43@gmail.com', 'mXFIlNLkfpwlCMka');
INSERT INTO NURSE (name, email, password) VALUES ('Aaron Mcneil', 'aaron43@gmail.com', 'mXFIlNLkfpwlCMka');
INSERT INTO ACCOUNTANT (name, email, password) VALUES ('Robert Wallace', 'judy22@gmail.com', 'kWCKkYKDvQy');
INSERT INTO NURSE (name, email, password) VALUES ('Robert Wallace', 'judy22@gmail.com', 'kWCKkYKDvQy');
INSERT INTO ACCOUNTANT (name, email, password) VALUES ('Robin Campos', 'michelerowe@yahoo.com', 'bGciZhylCBme');
INSERT INTO NURSE (name, email, password) VALUES ('Robin Campos', 'michelerowe@yahoo.com', 'bGciZhylCBme');
INSERT INTO ACCOUNTANT (name, email, password) VALUES ('Ashley Castillo', 'dana76@gmail.com', 'vyavYMRAclcWWTu');
INSERT INTO NURSE (name, email, password) VALUES ('Ashley Castillo', 'dana76@gmail.com', 'vyavYMRAclcWWTu');
INSERT INTO ACCOUNTANT (name, email, password) VALUES ('Charles Clark', 'cpineda@yahoo.com', 'ogZqGJrLjMWDZbNB');
INSERT INTO NURSE (name, email, password) VALUES ('Charles Clark', 'cpineda@yahoo.com', 'ogZqGJrLjMWDZbNB');
INSERT INTO ACCOUNTANT (name, email, password) VALUES ('Cathy Lewis', 'wjones@gmail.com', 'YSIZqEhabjKARkINXxye');
INSERT INTO NURSE (name, email, password) VALUES ('Cathy Lewis', 'wjones@gmail.com', 'YSIZqEhabjKARkINXxye');
INSERT INTO ACCOUNTANT (name, email, password) VALUES ('Jason Wang', 'gjones@hotmail.com', 'vRgUsHFDtFsSAh');
INSERT INTO NURSE (name, email, password) VALUES ('Jason Wang', 'gjones@hotmail.com', 'vRgUsHFDtFsSAh');
INSERT INTO ACCOUNTANT (name, email, password) VALUES ('Joshua Stevenson MD', 'dakotalewis@gmail.com', 'TGnTtMDHK');
INSERT INTO NURSE (name, email, password) VALUES ('Joshua Stevenson MD', 'dakotalewis@gmail.com', 'TGnTtMDHK');
INSERT INTO ACCOUNTANT (name, email, password) VALUES ('Peggy Baker', 'matthew52@yahoo.com', 'RPwwksrisDjW');
INSERT INTO NURSE (name, email, password) VALUES ('Peggy Baker', 'matthew52@yahoo.com', 'RPwwksrisDjW');
INSERT INTO ACCOUNTANT (name, email, password) VALUES ('Karen Monroe', 'flloyd@gmail.com', 'onDzEklRlSJPIo');
INSERT INTO NURSE (name, email, password) VALUES ('Karen Monroe', 'flloyd@gmail.com', 'onDzEklRlSJPIo');
INSERT INTO ACCOUNTANT (name, email, password) VALUES ('Victoria West', 'john56@gmail.com', 'uLOMAcZYkyCHdmXeqqf');
INSERT INTO NURSE (name, email, password) VALUES ('Victoria West', 'john56@gmail.com', 'uLOMAcZYkyCHdmXeqqf');
INSERT INTO ACCOUNTANT (name, email, password) VALUES ('Matthew Perry', 'shall@gmail.com', 'JqgYGYLRVm');
INSERT INTO NURSE (name, email, password) VALUES ('Matthew Perry', 'shall@gmail.com', 'JqgYGYLRVm');
INSERT INTO ACCOUNTANT (name, email, password) VALUES ('Dan Brandt', 'dmartinez@hotmail.com', 'kcmcFmuqzfvtxLUyi');
INSERT INTO NURSE (name, email, password) VALUES ('Dan Brandt', 'dmartinez@hotmail.com', 'kcmcFmuqzfvtxLUyi');
INSERT INTO ACCOUNTANT (name, email, password) VALUES ('William Tran', 'zjohnson@hotmail.com', 'KuNVfOnyKSrjo');
INSERT INTO NURSE (name, email, password) VALUES ('William Tran', 'zjohnson@hotmail.com', 'KuNVfOnyKSrjo');
INSERT INTO ACCOUNTANT (name, email, password) VALUES ('Tiffany Turner', 'johnstondawn@hotmail.com', 'wqjXBLetZNL');
INSERT INTO NURSE (name, email, password) VALUES ('Tiffany Turner', 'johnstondawn@hotmail.com', 'wqjXBLetZNL');
INSERT INTO ACCOUNTANT (name, email, password) VALUES ('Cassie Wu', 'cstone@yahoo.com', 'COhZaBOJdj');
INSERT INTO NURSE (name, email, password) VALUES ('Cassie Wu', 'cstone@yahoo.com', 'COhZaBOJdj');
INSERT INTO ACCOUNTANT (name, email, password) VALUES ('Cheryl Ibarra', 'joseph19@gmail.com', 'eHvuUBWwz');
INSERT INTO NURSE (name, email, password) VALUES ('Cheryl Ibarra', 'joseph19@gmail.com', 'eHvuUBWwz');
INSERT INTO ACCOUNTANT (name, email, password) VALUES ('Thomas Frye', 'kharrison@yahoo.com', 'QKQwCfCkFTHlKCXO');
INSERT INTO NURSE (name, email, password) VALUES ('Thomas Frye', 'kharrison@yahoo.com', 'QKQwCfCkFTHlKCXO');
INSERT INTO ACCOUNTANT (name, email, password) VALUES ('Robert Sosa', 'tammywhite@hotmail.com', 'PNgGYTFsuUMJtu');
INSERT INTO NURSE (name, email, password) VALUES ('Robert Sosa', 'tammywhite@hotmail.com', 'PNgGYTFsuUMJtu');
INSERT INTO ACCOUNTANT (name, email, password) VALUES ('Andrea Peters', 'heather07@gmail.com', 'dULzVDDzVNUAEbmtiJcE');
INSERT INTO NURSE (name, email, password) VALUES ('Andrea Peters', 'heather07@gmail.com', 'dULzVDDzVNUAEbmtiJcE');
INSERT INTO ACCOUNTANT (name, email, password) VALUES ('Julie Simon', 'philip93@hotmail.com', 'ipsTQZfwjNwZQNu');
INSERT INTO NURSE (name, email, password) VALUES ('Julie Simon', 'philip93@hotmail.com', 'ipsTQZfwjNwZQNu');
INSERT INTO ACCOUNTANT (name, email, password) VALUES ('Ashley Griffith', 'ajenkins@hotmail.com', 'pyQMPgmjJVkE');
INSERT INTO NURSE (name, email, password) VALUES ('Ashley Griffith', 'ajenkins@hotmail.com', 'pyQMPgmjJVkE');
INSERT INTO ACCOUNTANT (name, email, password) VALUES ('Larry Hill', 'zgonzales@yahoo.com', 'SpfuhZjbQPcMuOTVYHl');
INSERT INTO NURSE (name, email, password) VALUES ('Larry Hill', 'zgonzales@yahoo.com', 'SpfuhZjbQPcMuOTVYHl');
INSERT INTO ACCOUNTANT (name, email, password) VALUES ('Melissa White', 'shirleywood@hotmail.com', 'hLgWEFosAb');
INSERT INTO NURSE (name, email, password) VALUES ('Melissa White', 'shirleywood@hotmail.com', 'hLgWEFosAb');
INSERT INTO ACCOUNTANT (name, email, password) VALUES ('Lydia Hicks', 'emily03@gmail.com', 'EyGDsZmgNCIoio');
INSERT INTO NURSE (name, email, password) VALUES ('Lydia Hicks', 'emily03@gmail.com', 'EyGDsZmgNCIoio');
INSERT INTO ACCOUNTANT (name, email, password) VALUES ('Brandon Taylor', 'ronald26@yahoo.com', 'dokwbRBe');
INSERT INTO NURSE (name, email, password) VALUES ('Brandon Taylor', 'ronald26@yahoo.com', 'dokwbRBe');
INSERT INTO ACCOUNTANT (name, email, password) VALUES ('Susan Weiss', 'stevesimmons@gmail.com', 'aWqkskFiU');
INSERT INTO NURSE (name, email, password) VALUES ('Susan Weiss', 'stevesimmons@gmail.com', 'aWqkskFiU');
INSERT INTO ACCOUNTANT (name, email, password) VALUES ('Mallory Franco', 'hollandhector@gmail.com', 'XlRKKUoxBiPd');
INSERT INTO NURSE (name, email, password) VALUES ('Mallory Franco', 'hollandhector@gmail.com', 'XlRKKUoxBiPd');
INSERT INTO ACCOUNTANT (name, email, password) VALUES ('Mary Long', 'qpayne@gmail.com', 'ZPeVWlPYoak');
INSERT INTO NURSE (name, email, password) VALUES ('Mary Long', 'qpayne@gmail.com', 'ZPeVWlPYoak');
INSERT INTO ACCOUNTANT (name, email, password) VALUES ('Ariel Craig', 'bethprice@hotmail.com', 'WUpBrqXvs');
INSERT INTO NURSE (name, email, password) VALUES ('Ariel Craig', 'bethprice@hotmail.com', 'WUpBrqXvs');
INSERT INTO ACCOUNTANT (name, email, password) VALUES ('Christopher Kelly', 'stephengonzalez@gmail.com', 'AoyqyExNEzmcUo');
INSERT INTO NURSE (name, email, password) VALUES ('Christopher Kelly', 'stephengonzalez@gmail.com', 'AoyqyExNEzmcUo');
INSERT INTO ACCOUNTANT (name, email, password) VALUES ('Michael Chambers', 'daniel23@gmail.com', 'lRIdwPzZgi');
INSERT INTO NURSE (name, email, password) VALUES ('Michael Chambers', 'daniel23@gmail.com', 'lRIdwPzZgi');
INSERT INTO ACCOUNTANT (name, email, password) VALUES ('Mr. Tony Dudley', 'jonathanestes@gmail.com', 'VPyEsCDpJZoLMkHdo');
INSERT INTO NURSE (name, email, password) VALUES ('Mr. Tony Dudley', 'jonathanestes@gmail.com', 'VPyEsCDpJZoLMkHdo');
INSERT INTO ACCOUNTANT (name, email, password) VALUES ('Michael Smith', 'brandy72@hotmail.com', 'yjcqcaihALxrbjiv');
INSERT INTO NURSE (name, email, password) VALUES ('Michael Smith', 'brandy72@hotmail.com', 'yjcqcaihALxrbjiv');
INSERT INTO ACCOUNTANT (name, email, password) VALUES ('Kerry Ochoa', 'watkinswilliam@hotmail.com', 'NomsHzNHMulIrJc');
INSERT INTO NURSE (name, email, password) VALUES ('Kerry Ochoa', 'watkinswilliam@hotmail.com', 'NomsHzNHMulIrJc');
INSERT INTO ACCOUNTANT (name, email, password) VALUES ('Christian Brown', 'ihernandez@yahoo.com', 'ojuXfXJmsThtWGuAW');
INSERT INTO NURSE (name, email, password) VALUES ('Christian Brown', 'ihernandez@yahoo.com', 'ojuXfXJmsThtWGuAW');
INSERT INTO ACCOUNTANT (name, email, password) VALUES ('Kevin Flores', 'karen59@yahoo.com', 'mCRFaNYwHdz');
INSERT INTO NURSE (name, email, password) VALUES ('Kevin Flores', 'karen59@yahoo.com', 'mCRFaNYwHdz');
INSERT INTO ACCOUNTANT (name, email, password) VALUES ('Tammy Andrews', 'bullocklori@gmail.com', 'dGtjWxjNoGOlYd');
INSERT INTO NURSE (name, email, password) VALUES ('Tammy Andrews', 'bullocklori@gmail.com', 'dGtjWxjNoGOlYd');
INSERT INTO ACCOUNTANT (name, email, password) VALUES ('James Obrien', 'cherylashley@yahoo.com', 'fIKBeRfhabBhdascXM');
INSERT INTO NURSE (name, email, password) VALUES ('James Obrien', 'cherylashley@yahoo.com', 'fIKBeRfhabBhdascXM');
INSERT INTO ACCOUNTANT (name, email, password) VALUES ('Michael Soto', 'billybecker@hotmail.com', 'gvVjcXFfvQ');
INSERT INTO NURSE (name, email, password) VALUES ('Michael Soto', 'billybecker@hotmail.com', 'gvVjcXFfvQ');
INSERT INTO ACCOUNTANT (name, email, password) VALUES ('Amanda Ellis', 'manuel16@gmail.com', 'XDNjFrjbvmkVcZ');
INSERT INTO NURSE (name, email, password) VALUES ('Amanda Ellis', 'manuel16@gmail.com', 'XDNjFrjbvmkVcZ');
INSERT INTO ACCOUNTANT (name, email, password) VALUES ('Sarah Brown', 'jasonwillis@yahoo.com', 'jLBSlyyvxiaVVYv');
INSERT INTO NURSE (name, email, password) VALUES ('Sarah Brown', 'jasonwillis@yahoo.com', 'jLBSlyyvxiaVVYv');
INSERT INTO ACCOUNTANT (name, email, password) VALUES ('Sean Bean', 'susanturner@hotmail.com', 'RdjQwHUYOSlRC');
INSERT INTO NURSE (name, email, password) VALUES ('Sean Bean', 'susanturner@hotmail.com', 'RdjQwHUYOSlRC');
INSERT INTO ACCOUNTANT (name, email, password) VALUES ('Matthew Mercer', 'xsolomon@yahoo.com', 'PxaidZWtiBBugc');
INSERT INTO NURSE (name, email, password) VALUES ('Matthew Mercer', 'xsolomon@yahoo.com', 'PxaidZWtiBBugc');
INSERT INTO ACCOUNTANT (name, email, password) VALUES ('Gregory Campbell', 'brooksthomas@gmail.com', 'hDMQRTJiAgwhG');
INSERT INTO NURSE (name, email, password) VALUES ('Gregory Campbell', 'brooksthomas@gmail.com', 'hDMQRTJiAgwhG');
INSERT INTO ACCOUNTANT (name, email, password) VALUES ('Michelle Woods', 'wross@yahoo.com', 'LCLokTgzgs');
INSERT INTO NURSE (name, email, password) VALUES ('Michelle Woods', 'wross@yahoo.com', 'LCLokTgzgs');
INSERT INTO ACCOUNTANT (name, email, password) VALUES ('Allison Burke', 'charleswiggins@hotmail.com', 'qvbLIFCJVi');
INSERT INTO NURSE (name, email, password) VALUES ('Allison Burke', 'charleswiggins@hotmail.com', 'qvbLIFCJVi');
INSERT INTO ACCOUNTANT (name, email, password) VALUES ('Jean Whitehead', 'edwardweiss@gmail.com', 'cEnzSRdIkxgCZyAMLAhR');
INSERT INTO NURSE (name, email, password) VALUES ('Jean Whitehead', 'edwardweiss@gmail.com', 'cEnzSRdIkxgCZyAMLAhR');
INSERT INTO ACCOUNTANT (name, email, password) VALUES ('Victoria Davenport', 'choward@hotmail.com', 'xLUrpucbnC');
INSERT INTO NURSE (name, email, password) VALUES ('Victoria Davenport', 'choward@hotmail.com', 'xLUrpucbnC');
INSERT INTO ACCOUNTANT (name, email, password) VALUES ('Mark Cain', 'timothylopez@hotmail.com', 'XfqwgrXHWLhIfdl');
INSERT INTO NURSE (name, email, password) VALUES ('Mark Cain', 'timothylopez@hotmail.com', 'XfqwgrXHWLhIfdl');
INSERT INTO ACCOUNTANT (name, email, password) VALUES ('Micheal Thomas', 'christopherbanks@gmail.com', 'pcmkYaQpZjrnjEdP');
INSERT INTO NURSE (name, email, password) VALUES ('Micheal Thomas', 'christopherbanks@gmail.com', 'pcmkYaQpZjrnjEdP');
INSERT INTO ACCOUNTANT (name, email, password) VALUES ('Jessica Paul', 'martinmichael@hotmail.com', 'IVtlJfsyrii');
INSERT INTO NURSE (name, email, password) VALUES ('Jessica Paul', 'martinmichael@hotmail.com', 'IVtlJfsyrii');
INSERT INTO ACCOUNTANT (name, email, password) VALUES ('Diana Carlson', 'browndonald@yahoo.com', 'rwqDGUxcqwdBy');
INSERT INTO NURSE (name, email, password) VALUES ('Diana Carlson', 'browndonald@yahoo.com', 'rwqDGUxcqwdBy');
INSERT INTO ACCOUNTANT (name, email, password) VALUES ('Nicholas Roberts', 'jamesgordon@yahoo.com', 'GhqDPzkDIxiZjdNMtcq');
INSERT INTO NURSE (name, email, password) VALUES ('Nicholas Roberts', 'jamesgordon@yahoo.com', 'GhqDPzkDIxiZjdNMtcq');
INSERT INTO ACCOUNTANT (name, email, password) VALUES ('Tammy Lewis', 'uhill@yahoo.com', 'KrwDcKWUzm');
INSERT INTO NURSE (name, email, password) VALUES ('Tammy Lewis', 'uhill@yahoo.com', 'KrwDcKWUzm');
INSERT INTO ACCOUNTANT (name, email, password) VALUES ('Leslie Wilson', 'josephbutler@yahoo.com', 'SFXRoOmupvkY');
INSERT INTO NURSE (name, email, password) VALUES ('Leslie Wilson', 'josephbutler@yahoo.com', 'SFXRoOmupvkY');
INSERT INTO ACCOUNTANT (name, email, password) VALUES ('Kristen Guzman', 'nbarnes@yahoo.com', 'mVglsVlUEJs');
INSERT INTO NURSE (name, email, password) VALUES ('Kristen Guzman', 'nbarnes@yahoo.com', 'mVglsVlUEJs');
INSERT INTO ACCOUNTANT (name, email, password) VALUES ('Lauren Cummings', 'jason99@yahoo.com', 'hKuKvLMBpWNKMHUwM');
INSERT INTO NURSE (name, email, password) VALUES ('Lauren Cummings', 'jason99@yahoo.com', 'hKuKvLMBpWNKMHUwM');
INSERT INTO ACCOUNTANT (name, email, password) VALUES ('Shane Carroll', 'apatrick@hotmail.com', 'iJjzFHlAp');
INSERT INTO NURSE (name, email, password) VALUES ('Shane Carroll', 'apatrick@hotmail.com', 'iJjzFHlAp');
INSERT INTO ACCOUNTANT (name, email, password) VALUES ('Cheryl Jones', 'prodriguez@yahoo.com', 'ZRYwGFnX');
INSERT INTO NURSE (name, email, password) VALUES ('Cheryl Jones', 'prodriguez@yahoo.com', 'ZRYwGFnX');
INSERT INTO ACCOUNTANT (name, email, password) VALUES ('Greg Perry', 'fharrison@yahoo.com', 'rYQPuhjqcCNwCQLfBoP');
INSERT INTO NURSE (name, email, password) VALUES ('Greg Perry', 'fharrison@yahoo.com', 'rYQPuhjqcCNwCQLfBoP');
INSERT INTO ACCOUNTANT (name, email, password) VALUES ('Michael Evans', 'wbrown@yahoo.com', 'tpkIGIngDaD');
INSERT INTO NURSE (name, email, password) VALUES ('Michael Evans', 'wbrown@yahoo.com', 'tpkIGIngDaD');
INSERT INTO ACCOUNTANT (name, email, password) VALUES ('Todd Hudson', 'jjones@hotmail.com', 'yFLBMEORrNOQnQhj');
INSERT INTO NURSE (name, email, password) VALUES ('Todd Hudson', 'jjones@hotmail.com', 'yFLBMEORrNOQnQhj');
INSERT INTO ACCOUNTANT (name, email, password) VALUES ('Julie Levy', 'dwatson@gmail.com', 'puYoRsFXYKfwY');
INSERT INTO NURSE (name, email, password) VALUES ('Julie Levy', 'dwatson@gmail.com', 'puYoRsFXYKfwY');
INSERT INTO ACCOUNTANT (name, email, password) VALUES ('Angie Campbell', 'aliciamaddox@gmail.com', 'NQiyyBQR');
INSERT INTO NURSE (name, email, password) VALUES ('Angie Campbell', 'aliciamaddox@gmail.com', 'NQiyyBQR');
INSERT INTO ACCOUNTANT (name, email, password) VALUES ('Christine Allen', 'sgordon@hotmail.com', 'PUlwnseclulRPrvSsIqt');
INSERT INTO NURSE (name, email, password) VALUES ('Christine Allen', 'sgordon@hotmail.com', 'PUlwnseclulRPrvSsIqt');
INSERT INTO ACCOUNTANT (name, email, password) VALUES ('James Evans', 'jason88@gmail.com', 'wiKAwlGDNXbv');
INSERT INTO NURSE (name, email, password) VALUES ('James Evans', 'jason88@gmail.com', 'wiKAwlGDNXbv');
INSERT INTO ACCOUNTANT (name, email, password) VALUES ('Alison Nguyen', 'smiller@hotmail.com', 'AXeAuJJzx');
INSERT INTO NURSE (name, email, password) VALUES ('Alison Nguyen', 'smiller@hotmail.com', 'AXeAuJJzx');
INSERT INTO ACCOUNTANT (name, email, password) VALUES ('Michael Walker', 'fullermanuel@gmail.com', 'txxaVigoRpy');
INSERT INTO NURSE (name, email, password) VALUES ('Michael Walker', 'fullermanuel@gmail.com', 'txxaVigoRpy');
INSERT INTO ACCOUNTANT (name, email, password) VALUES ('Patricia Williams', 'ygoodman@hotmail.com', 'IGpcWlmPTFVluuHTYBd');
INSERT INTO NURSE (name, email, password) VALUES ('Patricia Williams', 'ygoodman@hotmail.com', 'IGpcWlmPTFVluuHTYBd');
INSERT INTO ACCOUNTANT (name, email, password) VALUES ('Chad Glover', 'lpierce@hotmail.com', 'JzqxgiAmffuDpHgO');
INSERT INTO NURSE (name, email, password) VALUES ('Chad Glover', 'lpierce@hotmail.com', 'JzqxgiAmffuDpHgO');
INSERT INTO ACCOUNTANT (name, email, password) VALUES ('Michelle Hicks', 'pamela50@gmail.com', 'YGREtOYXBFVQZC');
INSERT INTO NURSE (name, email, password) VALUES ('Michelle Hicks', 'pamela50@gmail.com', 'YGREtOYXBFVQZC');
INSERT INTO ACCOUNTANT (name, email, password) VALUES ('Zachary Dean', 'thorntonmichelle@gmail.com', 'gGuusWjOzRU');
INSERT INTO NURSE (name, email, password) VALUES ('Zachary Dean', 'thorntonmichelle@gmail.com', 'gGuusWjOzRU');
INSERT INTO ACCOUNTANT (name, email, password) VALUES ('Daniel Carlson', 'christine48@hotmail.com', 'wiGcriykxfvgAX');
INSERT INTO NURSE (name, email, password) VALUES ('Daniel Carlson', 'christine48@hotmail.com', 'wiGcriykxfvgAX');
INSERT INTO ACCOUNTANT (name, email, password) VALUES ('Robert Hester', 'randy82@yahoo.com', 'zORcRiMqQzjTLaeW');
INSERT INTO NURSE (name, email, password) VALUES ('Robert Hester', 'randy82@yahoo.com', 'zORcRiMqQzjTLaeW');
INSERT INTO ACCOUNTANT (name, email, password) VALUES ('Colleen Jones', 'branchkristen@hotmail.com', 'ywRSpvhMd');
INSERT INTO NURSE (name, email, password) VALUES ('Colleen Jones', 'branchkristen@hotmail.com', 'ywRSpvhMd');
INSERT INTO ACCOUNTANT (name, email, password) VALUES ('Edward Buckley', 'ybradley@hotmail.com', 'oQhbKdewShYhAvNBC');
INSERT INTO NURSE (name, email, password) VALUES ('Edward Buckley', 'ybradley@hotmail.com', 'oQhbKdewShYhAvNBC');
INSERT INTO ACCOUNTANT (name, email, password) VALUES ('Cheryl Everett', 'whitewilliam@hotmail.com', 'ErjjoxiwoXJ');
INSERT INTO NURSE (name, email, password) VALUES ('Cheryl Everett', 'whitewilliam@hotmail.com', 'ErjjoxiwoXJ');
INSERT INTO ACCOUNTANT (name, email, password) VALUES ('Samuel Cox', 'pamela19@yahoo.com', 'BswciQDwsDTYjtFkKQPy');
INSERT INTO NURSE (name, email, password) VALUES ('Samuel Cox', 'pamela19@yahoo.com', 'BswciQDwsDTYjtFkKQPy');
INSERT INTO ACCOUNTANT (name, email, password) VALUES ('Brittany Padilla', 'wardlisa@hotmail.com', 'vUugbzWIWgYxJrMOzqq');
INSERT INTO NURSE (name, email, password) VALUES ('Brittany Padilla', 'wardlisa@hotmail.com', 'vUugbzWIWgYxJrMOzqq');
INSERT INTO ACCOUNTANT (name, email, password) VALUES ('Randy Phillips', 'johnmoyer@yahoo.com', 'UvBdXioWtQjDIBeiItJy');
INSERT INTO NURSE (name, email, password) VALUES ('Randy Phillips', 'johnmoyer@yahoo.com', 'UvBdXioWtQjDIBeiItJy');
INSERT INTO ACCOUNTANT (name, email, password) VALUES ('Brian Baird', 'brian18@gmail.com', 'QvGjQcOCLYxruIdo');
INSERT INTO NURSE (name, email, password) VALUES ('Brian Baird', 'brian18@gmail.com', 'QvGjQcOCLYxruIdo');
INSERT INTO ACCOUNTANT (name, email, password) VALUES ('David Wilson', 'dawsonmeredith@gmail.com', 'FHxsYoOixQtlQQpOuXN');
INSERT INTO NURSE (name, email, password) VALUES ('David Wilson', 'dawsonmeredith@gmail.com', 'FHxsYoOixQtlQQpOuXN');
INSERT INTO ACCOUNTANT (name, email, password) VALUES ('Nancy Stephens', 'mphillips@gmail.com', 'pcSpqqBhmuYXbh');
INSERT INTO NURSE (name, email, password) VALUES ('Nancy Stephens', 'mphillips@gmail.com', 'pcSpqqBhmuYXbh');
INSERT INTO ACCOUNTANT (name, email, password) VALUES ('Benjamin Jefferson', 'phillipscharles@gmail.com', 'CRviRxQPpPT');
INSERT INTO NURSE (name, email, password) VALUES ('Benjamin Jefferson', 'phillipscharles@gmail.com', 'CRviRxQPpPT');
INSERT INTO ACCOUNTANT (name, email, password) VALUES ('Dustin Bennett', 'gibsoncharles@hotmail.com', 'TnuaYhLZ');
INSERT INTO NURSE (name, email, password) VALUES ('Dustin Bennett', 'gibsoncharles@hotmail.com', 'TnuaYhLZ');
INSERT INTO ACCOUNTANT (name, email, password) VALUES ('Rachel Chang', 'mark35@yahoo.com', 'MpUbeuNITR');
INSERT INTO NURSE (name, email, password) VALUES ('Rachel Chang', 'mark35@yahoo.com', 'MpUbeuNITR');
INSERT INTO ACCOUNTANT (name, email, password) VALUES ('Jamie Knight', 'thompsonlauren@gmail.com', 'PXYYAPQZeqOvki');
INSERT INTO NURSE (name, email, password) VALUES ('Jamie Knight', 'thompsonlauren@gmail.com', 'PXYYAPQZeqOvki');
INSERT INTO ACCOUNTANT (name, email, password) VALUES ('Alexandria Hall DDS', 'elizabethjohnston@gmail.com', 'aadGiVaWDwQGSXxekI');
INSERT INTO NURSE (name, email, password) VALUES ('Alexandria Hall DDS', 'elizabethjohnston@gmail.com', 'aadGiVaWDwQGSXxekI');
INSERT INTO ACCOUNTANT (name, email, password) VALUES ('Jacqueline Reynolds', 'jose98@hotmail.com', 'IZhudIJesaKCKUtGn');
INSERT INTO NURSE (name, email, password) VALUES ('Jacqueline Reynolds', 'jose98@hotmail.com', 'IZhudIJesaKCKUtGn');
INSERT INTO ACCOUNTANT (name, email, password) VALUES ('Ashley Fleming', 'christina91@hotmail.com', 'ahhKNHNhSDjWAqR');
INSERT INTO NURSE (name, email, password) VALUES ('Ashley Fleming', 'christina91@hotmail.com', 'ahhKNHNhSDjWAqR');
INSERT INTO ACCOUNTANT (name, email, password) VALUES ('Robert Garcia', 'jennifer94@hotmail.com', 'jixcoBbM');
INSERT INTO NURSE (name, email, password) VALUES ('Robert Garcia', 'jennifer94@hotmail.com', 'jixcoBbM');
INSERT INTO ACCOUNTANT (name, email, password) VALUES ('Heather Schroeder', 'kayla87@hotmail.com', 'TLjofHgACmxWgjnOUoG');
INSERT INTO NURSE (name, email, password) VALUES ('Heather Schroeder', 'kayla87@hotmail.com', 'TLjofHgACmxWgjnOUoG');
INSERT INTO ACCOUNTANT (name, email, password) VALUES ('Nathan Johnson MD', 'rosemelissa@yahoo.com', 'tAUgjgfFiQUyMbIzH');
INSERT INTO NURSE (name, email, password) VALUES ('Nathan Johnson MD', 'rosemelissa@yahoo.com', 'tAUgjgfFiQUyMbIzH');
INSERT INTO ACCOUNTANT (name, email, password) VALUES ('Rebecca Mccarthy', 'andrew44@yahoo.com', 'cdyirqQHi');
INSERT INTO NURSE (name, email, password) VALUES ('Rebecca Mccarthy', 'andrew44@yahoo.com', 'cdyirqQHi');
INSERT INTO ACCOUNTANT (name, email, password) VALUES ('Danielle Barrett', 'kennethcarr@hotmail.com', 'FqZkOowBAv');
INSERT INTO NURSE (name, email, password) VALUES ('Danielle Barrett', 'kennethcarr@hotmail.com', 'FqZkOowBAv');
INSERT INTO ACCOUNTANT (name, email, password) VALUES ('Anthony Leach', 'rschmidt@gmail.com', 'IZSQDXiwwo');
INSERT INTO NURSE (name, email, password) VALUES ('Anthony Leach', 'rschmidt@gmail.com', 'IZSQDXiwwo');
INSERT INTO ACCOUNTANT (name, email, password) VALUES ('Matthew Carlson', 'bethweber@yahoo.com', 'RqnNuKLAmW');
INSERT INTO NURSE (name, email, password) VALUES ('Matthew Carlson', 'bethweber@yahoo.com', 'RqnNuKLAmW');
INSERT INTO ACCOUNTANT (name, email, password) VALUES ('Kenneth Cox', 'allencassandra@gmail.com', 'GfUOBTxiJwt');
INSERT INTO NURSE (name, email, password) VALUES ('Kenneth Cox', 'allencassandra@gmail.com', 'GfUOBTxiJwt');
INSERT INTO ACCOUNTANT (name, email, password) VALUES ('Stephanie Martinez', 'brandon53@hotmail.com', 'ojKkHQxUfQEPSFdZBku');
INSERT INTO NURSE (name, email, password) VALUES ('Stephanie Martinez', 'brandon53@hotmail.com', 'ojKkHQxUfQEPSFdZBku');
INSERT INTO ACCOUNTANT (name, email, password) VALUES ('Jessica Garcia', 'christopherkelley@gmail.com', 'yYQsfqUllYiuUsnbOT');
INSERT INTO NURSE (name, email, password) VALUES ('Jessica Garcia', 'christopherkelley@gmail.com', 'yYQsfqUllYiuUsnbOT');
INSERT INTO ACCOUNTANT (name, email, password) VALUES ('Tracy Harris', 'tammy74@hotmail.com', 'gdkytaYE');
INSERT INTO NURSE (name, email, password) VALUES ('Tracy Harris', 'tammy74@hotmail.com', 'gdkytaYE');
INSERT INTO ACCOUNTANT (name, email, password) VALUES ('Christopher Gutierrez', 'fadams@gmail.com', 'ojPjxcpWbd');
INSERT INTO NURSE (name, email, password) VALUES ('Christopher Gutierrez', 'fadams@gmail.com', 'ojPjxcpWbd');
INSERT INTO ACCOUNTANT (name, email, password) VALUES ('Frank Hogan', 'edwardscarol@gmail.com', 'iWycEOQCelBRLh');
INSERT INTO NURSE (name, email, password) VALUES ('Frank Hogan', 'edwardscarol@gmail.com', 'iWycEOQCelBRLh');
INSERT INTO ACCOUNTANT (name, email, password) VALUES ('Jared Thomas', 'andrewjenkins@yahoo.com', 'krAwUIHQxpJkjT');
INSERT INTO NURSE (name, email, password) VALUES ('Jared Thomas', 'andrewjenkins@yahoo.com', 'krAwUIHQxpJkjT');
INSERT INTO ACCOUNTANT (name, email, password) VALUES ('Grant Murray', 'averykenneth@hotmail.com', 'hmqVumNNij');
INSERT INTO NURSE (name, email, password) VALUES ('Grant Murray', 'averykenneth@hotmail.com', 'hmqVumNNij');
INSERT INTO ACCOUNTANT (name, email, password) VALUES ('Tamara Thompson', 'tburton@yahoo.com', 'fLPcnZStOPQoPzSY');
INSERT INTO NURSE (name, email, password) VALUES ('Tamara Thompson', 'tburton@yahoo.com', 'fLPcnZStOPQoPzSY');
INSERT INTO ACCOUNTANT (name, email, password) VALUES ('Cesar Barton', 'charles56@hotmail.com', 'kmPpEFWtVWx');
INSERT INTO NURSE (name, email, password) VALUES ('Cesar Barton', 'charles56@hotmail.com', 'kmPpEFWtVWx');
INSERT INTO ACCOUNTANT (name, email, password) VALUES ('Melanie Jones', 'kpeterson@hotmail.com', 'vjvRtsgzaK');
INSERT INTO NURSE (name, email, password) VALUES ('Melanie Jones', 'kpeterson@hotmail.com', 'vjvRtsgzaK');
INSERT INTO ACCOUNTANT (name, email, password) VALUES ('Daniel Cruz', 'lmartin@hotmail.com', 'xQGogRitwNUFeHPyTh');
INSERT INTO NURSE (name, email, password) VALUES ('Daniel Cruz', 'lmartin@hotmail.com', 'xQGogRitwNUFeHPyTh');
INSERT INTO ACCOUNTANT (name, email, password) VALUES ('Kelly Martinez', 'angelawood@gmail.com', 'rGabZPZqagnVThuI');
INSERT INTO NURSE (name, email, password) VALUES ('Kelly Martinez', 'angelawood@gmail.com', 'rGabZPZqagnVThuI');
INSERT INTO ACCOUNTANT (name, email, password) VALUES ('Carol Marsh', 'brian62@yahoo.com', 'ksPRipzVGcsQR');
INSERT INTO NURSE (name, email, password) VALUES ('Carol Marsh', 'brian62@yahoo.com', 'ksPRipzVGcsQR');
INSERT INTO ACCOUNTANT (name, email, password) VALUES ('Julie Burns', 'moralesrobert@yahoo.com', 'AGGVMNsBQOH');
INSERT INTO NURSE (name, email, password) VALUES ('Julie Burns', 'moralesrobert@yahoo.com', 'AGGVMNsBQOH');
INSERT INTO ACCOUNTANT (name, email, password) VALUES ('Grace Russell', 'wrightmelissa@gmail.com', 'wNrrzpiBKqjMI');
INSERT INTO NURSE (name, email, password) VALUES ('Grace Russell', 'wrightmelissa@gmail.com', 'wNrrzpiBKqjMI');
INSERT INTO ACCOUNTANT (name, email, password) VALUES ('William Dunn', 'rebeccacooper@hotmail.com', 'mKPgCziPf');
INSERT INTO NURSE (name, email, password) VALUES ('William Dunn', 'rebeccacooper@hotmail.com', 'mKPgCziPf');
INSERT INTO ACCOUNTANT (name, email, password) VALUES ('Jennifer Gillespie', 'bethany55@hotmail.com', 'SDjYvSmGEModHgYFzcyM');
INSERT INTO NURSE (name, email, password) VALUES ('Jennifer Gillespie', 'bethany55@hotmail.com', 'SDjYvSmGEModHgYFzcyM');
INSERT INTO ACCOUNTANT (name, email, password) VALUES ('Rebecca Munoz', 'burnscalvin@yahoo.com', 'IhJFmUfoSpm');
INSERT INTO NURSE (name, email, password) VALUES ('Rebecca Munoz', 'burnscalvin@yahoo.com', 'IhJFmUfoSpm');
INSERT INTO ACCOUNTANT (name, email, password) VALUES ('Kara Bray', 'benjamin65@hotmail.com', 'hxtGHCKqsojaWvYdRMY');
INSERT INTO NURSE (name, email, password) VALUES ('Kara Bray', 'benjamin65@hotmail.com', 'hxtGHCKqsojaWvYdRMY');
INSERT INTO ACCOUNTANT (name, email, password) VALUES ('Brittney Weber', 'catherine78@gmail.com', 'afVwMqNj');
INSERT INTO NURSE (name, email, password) VALUES ('Brittney Weber', 'catherine78@gmail.com', 'afVwMqNj');
INSERT INTO ACCOUNTANT (name, email, password) VALUES ('Christian Stevenson', 'amandaroy@yahoo.com', 'ahZXjzUTSInEFPjBTdEr');
INSERT INTO NURSE (name, email, password) VALUES ('Christian Stevenson', 'amandaroy@yahoo.com', 'ahZXjzUTSInEFPjBTdEr');
INSERT INTO ACCOUNTANT (name, email, password) VALUES ('Brendan Diaz', 'asanchez@gmail.com', 'rbCXsTJnbOcT');
INSERT INTO NURSE (name, email, password) VALUES ('Brendan Diaz', 'asanchez@gmail.com', 'rbCXsTJnbOcT');
INSERT INTO ACCOUNTANT (name, email, password) VALUES ('Cheyenne Smith', 'maryrichardson@hotmail.com', 'wyvFaRGsILyOdydB');
INSERT INTO NURSE (name, email, password) VALUES ('Cheyenne Smith', 'maryrichardson@hotmail.com', 'wyvFaRGsILyOdydB');
INSERT INTO ACCOUNTANT (name, email, password) VALUES ('Sonya Campbell', 'dpena@gmail.com', 'hGPxpiAtUCNxBPB');
INSERT INTO NURSE (name, email, password) VALUES ('Sonya Campbell', 'dpena@gmail.com', 'hGPxpiAtUCNxBPB');
INSERT INTO ACCOUNTANT (name, email, password) VALUES ('Eric Greene', 'eric00@hotmail.com', 'xYqtEUZptISSpm');
INSERT INTO NURSE (name, email, password) VALUES ('Eric Greene', 'eric00@hotmail.com', 'xYqtEUZptISSpm');
INSERT INTO ACCOUNTANT (name, email, password) VALUES ('Christopher Moore', 'umejia@gmail.com', 'BBClfIckVKCWlCyZbeR');
INSERT INTO NURSE (name, email, password) VALUES ('Christopher Moore', 'umejia@gmail.com', 'BBClfIckVKCWlCyZbeR');
INSERT INTO ACCOUNTANT (name, email, password) VALUES ('Maria Adams', 'hannahlopez@gmail.com', 'WadmoAJNcXlFDer');
INSERT INTO NURSE (name, email, password) VALUES ('Maria Adams', 'hannahlopez@gmail.com', 'WadmoAJNcXlFDer');
INSERT INTO ACCOUNTANT (name, email, password) VALUES ('Allison Melendez', 'stephanie85@hotmail.com', 'OASEBacJsHCpS');
INSERT INTO NURSE (name, email, password) VALUES ('Allison Melendez', 'stephanie85@hotmail.com', 'OASEBacJsHCpS');
INSERT INTO ACCOUNTANT (name, email, password) VALUES ('Danielle Miranda', 'samuelbuchanan@yahoo.com', 'gZAwLCktmmxeQbjp');
INSERT INTO NURSE (name, email, password) VALUES ('Danielle Miranda', 'samuelbuchanan@yahoo.com', 'gZAwLCktmmxeQbjp');
INSERT INTO ACCOUNTANT (name, email, password) VALUES ('Mark Castaneda', 'jamesgarcia@hotmail.com', 'LqFKHEOrvIedhkdJrJY');
INSERT INTO NURSE (name, email, password) VALUES ('Mark Castaneda', 'jamesgarcia@hotmail.com', 'LqFKHEOrvIedhkdJrJY');
INSERT INTO ACCOUNTANT (name, email, password) VALUES ('Mitchell Jones', 'fmorgan@hotmail.com', 'QKGEzeOQXJFxkKbnDq');
INSERT INTO NURSE (name, email, password) VALUES ('Mitchell Jones', 'fmorgan@hotmail.com', 'QKGEzeOQXJFxkKbnDq');
INSERT INTO ACCOUNTANT (name, email, password) VALUES ('Kyle Mcintyre', 'garciaangela@yahoo.com', 'GKckuYYqpZqLJQISInpw');
INSERT INTO NURSE (name, email, password) VALUES ('Kyle Mcintyre', 'garciaangela@yahoo.com', 'GKckuYYqpZqLJQISInpw');
INSERT INTO ACCOUNTANT (name, email, password) VALUES ('Andrea Mcdaniel', 'colemanmark@yahoo.com', 'NmhoGZthXgSOhOv');
INSERT INTO NURSE (name, email, password) VALUES ('Andrea Mcdaniel', 'colemanmark@yahoo.com', 'NmhoGZthXgSOhOv');
INSERT INTO ACCOUNTANT (name, email, password) VALUES ('Sue Bell', 'joel97@gmail.com', 'tLjNjZPrPrdd');
INSERT INTO NURSE (name, email, password) VALUES ('Sue Bell', 'joel97@gmail.com', 'tLjNjZPrPrdd');
INSERT INTO ACCOUNTANT (name, email, password) VALUES ('Monica Fowler', 'michelle62@hotmail.com', 'kHrYxaXagrOJQlJ');
INSERT INTO NURSE (name, email, password) VALUES ('Monica Fowler', 'michelle62@hotmail.com', 'kHrYxaXagrOJQlJ');
INSERT INTO ACCOUNTANT (name, email, password) VALUES ('Cynthia Cook', 'wardbradley@yahoo.com', 'AHRNCyVJjeuZa');
INSERT INTO NURSE (name, email, password) VALUES ('Cynthia Cook', 'wardbradley@yahoo.com', 'AHRNCyVJjeuZa');
INSERT INTO ACCOUNTANT (name, email, password) VALUES ('Tony Li', 'jessicaholmes@hotmail.com', 'LdpqQWPzzT');
INSERT INTO NURSE (name, email, password) VALUES ('Tony Li', 'jessicaholmes@hotmail.com', 'LdpqQWPzzT');
INSERT INTO ACCOUNTANT (name, email, password) VALUES ('Michael Cunningham', 'codyboyer@gmail.com', 'MmSDtjiBvSkkRyQc');
INSERT INTO NURSE (name, email, password) VALUES ('Michael Cunningham', 'codyboyer@gmail.com', 'MmSDtjiBvSkkRyQc');
INSERT INTO ACCOUNTANT (name, email, password) VALUES ('Gabriel Preston', 'charlesyoung@gmail.com', 'nvVyGRfZYHFxkBA');
INSERT INTO NURSE (name, email, password) VALUES ('Gabriel Preston', 'charlesyoung@gmail.com', 'nvVyGRfZYHFxkBA');
INSERT INTO ACCOUNTANT (name, email, password) VALUES ('Michael Stewart', 'lindsay71@yahoo.com', 'NWOCGiqewnanrGuSvVGc');
INSERT INTO NURSE (name, email, password) VALUES ('Michael Stewart', 'lindsay71@yahoo.com', 'NWOCGiqewnanrGuSvVGc');
INSERT INTO ACCOUNTANT (name, email, password) VALUES ('Nicole Rodriguez', 'kristina91@gmail.com', 'ZErVbIfmBSpN');
INSERT INTO NURSE (name, email, password) VALUES ('Nicole Rodriguez', 'kristina91@gmail.com', 'ZErVbIfmBSpN');
INSERT INTO ACCOUNTANT (name, email, password) VALUES ('Jennifer Garner', 'megan85@gmail.com', 'dtgzhLMNUdrN');
INSERT INTO NURSE (name, email, password) VALUES ('Jennifer Garner', 'megan85@gmail.com', 'dtgzhLMNUdrN');
INSERT INTO ACCOUNTANT (name, email, password) VALUES ('Brittany Thomas DDS', 'davislauren@gmail.com', 'lcFKLetoT');
INSERT INTO NURSE (name, email, password) VALUES ('Brittany Thomas DDS', 'davislauren@gmail.com', 'lcFKLetoT');
INSERT INTO ACCOUNTANT (name, email, password) VALUES ('Anthony Erickson', 'sharonboone@yahoo.com', 'NaYWxCKOTHjNPVUPloXR');
INSERT INTO NURSE (name, email, password) VALUES ('Anthony Erickson', 'sharonboone@yahoo.com', 'NaYWxCKOTHjNPVUPloXR');
INSERT INTO ACCOUNTANT (name, email, password) VALUES ('Erica Ferguson', 'jonesrhonda@gmail.com', 'XxvRWZBrMi');
INSERT INTO NURSE (name, email, password) VALUES ('Erica Ferguson', 'jonesrhonda@gmail.com', 'XxvRWZBrMi');
INSERT INTO ACCOUNTANT (name, email, password) VALUES ('Timothy Ellis', 'hcortez@gmail.com', 'bRSrXUMzfHajqCR');
INSERT INTO NURSE (name, email, password) VALUES ('Timothy Ellis', 'hcortez@gmail.com', 'bRSrXUMzfHajqCR');
INSERT INTO ACCOUNTANT (name, email, password) VALUES ('Gabriela Summers', 'simpsonnicole@gmail.com', 'OFXsbEpBlAPdHDnoso');
INSERT INTO NURSE (name, email, password) VALUES ('Gabriela Summers', 'simpsonnicole@gmail.com', 'OFXsbEpBlAPdHDnoso');
INSERT INTO ACCOUNTANT (name, email, password) VALUES ('Cory Williams', 'vharper@gmail.com', 'YRoteNvHVLg');
INSERT INTO NURSE (name, email, password) VALUES ('Cory Williams', 'vharper@gmail.com', 'YRoteNvHVLg');
INSERT INTO ACCOUNTANT (name, email, password) VALUES ('Pamela Calderon', 'melissafisher@gmail.com', 'UIsaPgkmO');
INSERT INTO NURSE (name, email, password) VALUES ('Pamela Calderon', 'melissafisher@gmail.com', 'UIsaPgkmO');
INSERT INTO ACCOUNTANT (name, email, password) VALUES ('Joshua Estes', 'summer30@gmail.com', 'AiIVbegiDtTXghPZWVy');
INSERT INTO NURSE (name, email, password) VALUES ('Joshua Estes', 'summer30@gmail.com', 'AiIVbegiDtTXghPZWVy');
INSERT INTO ACCOUNTANT (name, email, password) VALUES ('Brian Hale', 'jameslambert@yahoo.com', 'txpshiZSrLwmHEpsdsYc');
INSERT INTO NURSE (name, email, password) VALUES ('Brian Hale', 'jameslambert@yahoo.com', 'txpshiZSrLwmHEpsdsYc');
INSERT INTO ACCOUNTANT (name, email, password) VALUES ('Terry Reyes', 'carlsonmark@gmail.com', 'bWRsBPsRH');
INSERT INTO NURSE (name, email, password) VALUES ('Terry Reyes', 'carlsonmark@gmail.com', 'bWRsBPsRH');
INSERT INTO ACCOUNTANT (name, email, password) VALUES ('Edward Williams', 'jennifer91@gmail.com', 'nGbbbCyfwwOqWXhFw');
INSERT INTO NURSE (name, email, password) VALUES ('Edward Williams', 'jennifer91@gmail.com', 'nGbbbCyfwwOqWXhFw');
INSERT INTO ACCOUNTANT (name, email, password) VALUES ('Fred Mack', 'lorettabright@gmail.com', 'rXRhNKDAoVwMvGcvQ');
INSERT INTO NURSE (name, email, password) VALUES ('Fred Mack', 'lorettabright@gmail.com', 'rXRhNKDAoVwMvGcvQ');
INSERT INTO ACCOUNTANT (name, email, password) VALUES ('Tammy Meadows', 'kara40@yahoo.com', 'YiYxeuWcYQnoFGBvi');
INSERT INTO NURSE (name, email, password) VALUES ('Tammy Meadows', 'kara40@yahoo.com', 'YiYxeuWcYQnoFGBvi');
INSERT INTO ACCOUNTANT (name, email, password) VALUES ('Julia Henderson MD', 'teresawest@gmail.com', 'PIoWihTX');
INSERT INTO NURSE (name, email, password) VALUES ('Julia Henderson MD', 'teresawest@gmail.com', 'PIoWihTX');
INSERT INTO ACCOUNTANT (name, email, password) VALUES ('Angela Kim', 'ykelley@yahoo.com', 'jxySVWIMjyrq');
INSERT INTO NURSE (name, email, password) VALUES ('Angela Kim', 'ykelley@yahoo.com', 'jxySVWIMjyrq');
INSERT INTO ACCOUNTANT (name, email, password) VALUES ('Dylan Torres', 'jennifer64@gmail.com', 'iDcFEUnUZDMUYGeKTtKu');
INSERT INTO NURSE (name, email, password) VALUES ('Dylan Torres', 'jennifer64@gmail.com', 'iDcFEUnUZDMUYGeKTtKu');
INSERT INTO ACCOUNTANT (name, email, password) VALUES ('Donna Wade', 'jenna67@hotmail.com', 'qsSDOAqEpDOzOQvDccZW');
INSERT INTO NURSE (name, email, password) VALUES ('Donna Wade', 'jenna67@hotmail.com', 'qsSDOAqEpDOzOQvDccZW');
INSERT INTO ACCOUNTANT (name, email, password) VALUES ('Randy Brown', 'john49@gmail.com', 'iXGpWXWBfYLa');
INSERT INTO NURSE (name, email, password) VALUES ('Randy Brown', 'john49@gmail.com', 'iXGpWXWBfYLa');
INSERT INTO ACCOUNTANT (name, email, password) VALUES ('Joanne Bautista', 'wporter@hotmail.com', 'VIuRKbyRBXEwKtqoue');
INSERT INTO NURSE (name, email, password) VALUES ('Joanne Bautista', 'wporter@hotmail.com', 'VIuRKbyRBXEwKtqoue');
INSERT INTO ACCOUNTANT (name, email, password) VALUES ('Richard Madden', 'megan57@hotmail.com', 'stRihfDPSCXXvFUDjB');
INSERT INTO NURSE (name, email, password) VALUES ('Richard Madden', 'megan57@hotmail.com', 'stRihfDPSCXXvFUDjB');
INSERT INTO ACCOUNTANT (name, email, password) VALUES ('Jessica Tran', 'albert59@hotmail.com', 'dYkdeikHqCMsewQ');
INSERT INTO NURSE (name, email, password) VALUES ('Jessica Tran', 'albert59@hotmail.com', 'dYkdeikHqCMsewQ');
INSERT INTO ACCOUNTANT (name, email, password) VALUES ('Joseph Collins', 'adrian71@yahoo.com', 'lokuxdHaSMjiqP');
INSERT INTO NURSE (name, email, password) VALUES ('Joseph Collins', 'adrian71@yahoo.com', 'lokuxdHaSMjiqP');
INSERT INTO ACCOUNTANT (name, email, password) VALUES ('Jeremy Flores', 'corygraves@gmail.com', 'WArgpnzuEZrtZVPOJ');
INSERT INTO NURSE (name, email, password) VALUES ('Jeremy Flores', 'corygraves@gmail.com', 'WArgpnzuEZrtZVPOJ');
INSERT INTO ACCOUNTANT (name, email, password) VALUES ('Brian James', 'carl54@hotmail.com', 'RejNJsnwe');
INSERT INTO NURSE (name, email, password) VALUES ('Brian James', 'carl54@hotmail.com', 'RejNJsnwe');
INSERT INTO ACCOUNTANT (name, email, password) VALUES ('Amanda Howard', 'mullendennis@hotmail.com', 'GkKSviMJNG');
INSERT INTO NURSE (name, email, password) VALUES ('Amanda Howard', 'mullendennis@hotmail.com', 'GkKSviMJNG');
INSERT INTO ACCOUNTANT (name, email, password) VALUES ('Nathan Clayton', 'kathleen33@hotmail.com', 'KSSJRyvP');
INSERT INTO NURSE (name, email, password) VALUES ('Nathan Clayton', 'kathleen33@hotmail.com', 'KSSJRyvP');
INSERT INTO ACCOUNTANT (name, email, password) VALUES ('Crystal Jones', 'jhall@hotmail.com', 'wPvkbFaxzWvaICJ');
INSERT INTO NURSE (name, email, password) VALUES ('Crystal Jones', 'jhall@hotmail.com', 'wPvkbFaxzWvaICJ');
INSERT INTO ACCOUNTANT (name, email, password) VALUES ('Carolyn Boone', 'gcastro@hotmail.com', 'cbjPYzRSRWSWtDZ');
INSERT INTO NURSE (name, email, password) VALUES ('Carolyn Boone', 'gcastro@hotmail.com', 'cbjPYzRSRWSWtDZ');
INSERT INTO ACCOUNTANT (name, email, password) VALUES ('Christie Price', 'ymelendez@hotmail.com', 'QcxHtDVPNIIVCkNiLSXT');
INSERT INTO NURSE (name, email, password) VALUES ('Christie Price', 'ymelendez@hotmail.com', 'QcxHtDVPNIIVCkNiLSXT');
INSERT INTO ACCOUNTANT (name, email, password) VALUES ('Vincent Rice', 'turnernicholas@hotmail.com', 'qxfrwRsLmzZLfUUbk');
INSERT INTO NURSE (name, email, password) VALUES ('Vincent Rice', 'turnernicholas@hotmail.com', 'qxfrwRsLmzZLfUUbk');
INSERT INTO ACCOUNTANT (name, email, password) VALUES ('Lindsay Mendez', 'garciamichael@gmail.com', 'FXJDYYPMXQufIoXQf');
INSERT INTO NURSE (name, email, password) VALUES ('Lindsay Mendez', 'garciamichael@gmail.com', 'FXJDYYPMXQufIoXQf');
INSERT INTO ACCOUNTANT (name, email, password) VALUES ('Colleen Johnson', 'william53@yahoo.com', 'FWTFgNRt');
INSERT INTO NURSE (name, email, password) VALUES ('Colleen Johnson', 'william53@yahoo.com', 'FWTFgNRt');
INSERT INTO ACCOUNTANT (name, email, password) VALUES ('Scott Martinez', 'jessica40@gmail.com', 'JshUKYSWjnru');
INSERT INTO NURSE (name, email, password) VALUES ('Scott Martinez', 'jessica40@gmail.com', 'JshUKYSWjnru');
INSERT INTO ACCOUNTANT (name, email, password) VALUES ('Brett Lopez', 'michele19@gmail.com', 'npeJsubwAB');
INSERT INTO NURSE (name, email, password) VALUES ('Brett Lopez', 'michele19@gmail.com', 'npeJsubwAB');
INSERT INTO ACCOUNTANT (name, email, password) VALUES ('Ricardo Berry', 'denise86@gmail.com', 'oJkWbdyobvbYZCvM');
INSERT INTO NURSE (name, email, password) VALUES ('Ricardo Berry', 'denise86@gmail.com', 'oJkWbdyobvbYZCvM');
INSERT INTO ACCOUNTANT (name, email, password) VALUES ('Kelly Knapp', 'lisafrank@gmail.com', 'iYbzeCStEY');
INSERT INTO NURSE (name, email, password) VALUES ('Kelly Knapp', 'lisafrank@gmail.com', 'iYbzeCStEY');
INSERT INTO ACCOUNTANT (name, email, password) VALUES ('Robert Johnson', 'heather09@hotmail.com', 'JTtxrsiyhGd');
INSERT INTO NURSE (name, email, password) VALUES ('Robert Johnson', 'heather09@hotmail.com', 'JTtxrsiyhGd');
INSERT INTO ACCOUNTANT (name, email, password) VALUES ('Elizabeth Jones', 'seth62@gmail.com', 'YMURvkWeYZCRhsXQ');
INSERT INTO NURSE (name, email, password) VALUES ('Elizabeth Jones', 'seth62@gmail.com', 'YMURvkWeYZCRhsXQ');
INSERT INTO ACCOUNTANT (name, email, password) VALUES ('Steven Mitchell', 'samanthajackson@yahoo.com', 'KjQGgREEqVfNJNvFG');
INSERT INTO NURSE (name, email, password) VALUES ('Steven Mitchell', 'samanthajackson@yahoo.com', 'KjQGgREEqVfNJNvFG');
INSERT INTO ACCOUNTANT (name, email, password) VALUES ('Mary Brown', 'russelloconnor@gmail.com', 'GsPFGwyLNTx');
INSERT INTO NURSE (name, email, password) VALUES ('Mary Brown', 'russelloconnor@gmail.com', 'GsPFGwyLNTx');
INSERT INTO ACCOUNTANT (name, email, password) VALUES ('Christopher Rosales', 'vgolden@hotmail.com', 'uonEdCqMUG');
INSERT INTO NURSE (name, email, password) VALUES ('Christopher Rosales', 'vgolden@hotmail.com', 'uonEdCqMUG');
INSERT INTO ACCOUNTANT (name, email, password) VALUES ('Angela Moore', 'hallnicole@yahoo.com', 'MWdnefhxlK');
INSERT INTO NURSE (name, email, password) VALUES ('Angela Moore', 'hallnicole@yahoo.com', 'MWdnefhxlK');
INSERT INTO ACCOUNTANT (name, email, password) VALUES ('David Long', 'cwilliams@hotmail.com', 'uJALnwNfofUMRevrD');
INSERT INTO NURSE (name, email, password) VALUES ('David Long', 'cwilliams@hotmail.com', 'uJALnwNfofUMRevrD');
INSERT INTO ACCOUNTANT (name, email, password) VALUES ('Antonio Chang', 'iperry@hotmail.com', 'UhukXMODoapgvKqZEy');
INSERT INTO NURSE (name, email, password) VALUES ('Antonio Chang', 'iperry@hotmail.com', 'UhukXMODoapgvKqZEy');
INSERT INTO ACCOUNTANT (name, email, password) VALUES ('Sarah Bennett', 'christinebowman@hotmail.com', 'ibhbHxNncR');
INSERT INTO NURSE (name, email, password) VALUES ('Sarah Bennett', 'christinebowman@hotmail.com', 'ibhbHxNncR');
INSERT INTO ACCOUNTANT (name, email, password) VALUES ('Herbert Powers', 'nwilliams@hotmail.com', 'QkojMWqKkDun');
INSERT INTO NURSE (name, email, password) VALUES ('Herbert Powers', 'nwilliams@hotmail.com', 'QkojMWqKkDun');
INSERT INTO ACCOUNTANT (name, email, password) VALUES ('Brenda Leblanc', 'cpowell@gmail.com', 'LIRXyKuHHsMlIwsGTnRP');
INSERT INTO NURSE (name, email, password) VALUES ('Brenda Leblanc', 'cpowell@gmail.com', 'LIRXyKuHHsMlIwsGTnRP');
INSERT INTO ACCOUNTANT (name, email, password) VALUES ('Wanda Estrada', 'jamescampbell@hotmail.com', 'WnwebYDsv');
INSERT INTO NURSE (name, email, password) VALUES ('Wanda Estrada', 'jamescampbell@hotmail.com', 'WnwebYDsv');
INSERT INTO ACCOUNTANT (name, email, password) VALUES ('Michael Mason', 'laurapatterson@yahoo.com', 'WkmYJegi');
INSERT INTO NURSE (name, email, password) VALUES ('Michael Mason', 'laurapatterson@yahoo.com', 'WkmYJegi');
INSERT INTO ACCOUNTANT (name, email, password) VALUES ('Matthew Johnson', 'xrice@yahoo.com', 'NSHBEEIbqbUPK');
INSERT INTO NURSE (name, email, password) VALUES ('Matthew Johnson', 'xrice@yahoo.com', 'NSHBEEIbqbUPK');
INSERT INTO ACCOUNTANT (name, email, password) VALUES ('Joseph Allen', 'galvanaaron@gmail.com', 'JvwzthjqaZQVTgeej');
INSERT INTO NURSE (name, email, password) VALUES ('Joseph Allen', 'galvanaaron@gmail.com', 'JvwzthjqaZQVTgeej');
INSERT INTO ACCOUNTANT (name, email, password) VALUES ('Jeremy Reed', 'mathewsrichard@gmail.com', 'iKeGEIVDtEOCQEmRQw');
INSERT INTO NURSE (name, email, password) VALUES ('Jeremy Reed', 'mathewsrichard@gmail.com', 'iKeGEIVDtEOCQEmRQw');
INSERT INTO ACCOUNTANT (name, email, password) VALUES ('James Long', 'johnny13@gmail.com', 'ykmVYDufdsfWyhi');
INSERT INTO NURSE (name, email, password) VALUES ('James Long', 'johnny13@gmail.com', 'ykmVYDufdsfWyhi');
INSERT INTO ACCOUNTANT (name, email, password) VALUES ('Thomas Avila', 'cmartin@hotmail.com', 'IoqRclHXNsjuGAQkxGvS');
INSERT INTO NURSE (name, email, password) VALUES ('Thomas Avila', 'cmartin@hotmail.com', 'IoqRclHXNsjuGAQkxGvS');
INSERT INTO ACCOUNTANT (name, email, password) VALUES ('Jennifer Hall', 'robindavis@hotmail.com', 'TLukYPNWivUVfICnjP');
INSERT INTO NURSE (name, email, password) VALUES ('Jennifer Hall', 'robindavis@hotmail.com', 'TLukYPNWivUVfICnjP');
INSERT INTO ACCOUNTANT (name, email, password) VALUES ('David Garcia', 'debra03@yahoo.com', 'XGpwTDljse');
INSERT INTO NURSE (name, email, password) VALUES ('David Garcia', 'debra03@yahoo.com', 'XGpwTDljse');
INSERT INTO ACCOUNTANT (name, email, password) VALUES ('James Mora', 'willie29@gmail.com', 'SBCoFlxaSpw');
INSERT INTO NURSE (name, email, password) VALUES ('James Mora', 'willie29@gmail.com', 'SBCoFlxaSpw');
INSERT INTO ACCOUNTANT (name, email, password) VALUES ('Christopher Hamilton', 'luke78@gmail.com', 'pbmlijMFSeC');
INSERT INTO NURSE (name, email, password) VALUES ('Christopher Hamilton', 'luke78@gmail.com', 'pbmlijMFSeC');
INSERT INTO ACCOUNTANT (name, email, password) VALUES ('Kevin Johnson', 'acook@gmail.com', 'rzZMHdxPEXDjByj');
INSERT INTO NURSE (name, email, password) VALUES ('Kevin Johnson', 'acook@gmail.com', 'rzZMHdxPEXDjByj');
INSERT INTO ACCOUNTANT (name, email, password) VALUES ('Dr. Clifford Herrera Jr.', 'allenaustin@yahoo.com', 'DWJvqsoANs');
INSERT INTO NURSE (name, email, password) VALUES ('Dr. Clifford Herrera Jr.', 'allenaustin@yahoo.com', 'DWJvqsoANs');
INSERT INTO ACCOUNTANT (name, email, password) VALUES ('Richard Lambert', 'matthewwalker@hotmail.com', 'YYjGHDYQfmiXYvaWeG');
INSERT INTO NURSE (name, email, password) VALUES ('Richard Lambert', 'matthewwalker@hotmail.com', 'YYjGHDYQfmiXYvaWeG');
INSERT INTO ACCOUNTANT (name, email, password) VALUES ('Erica Johnson', 'jennifer15@gmail.com', 'pjpUWAYBRNffOqABZA');
INSERT INTO NURSE (name, email, password) VALUES ('Erica Johnson', 'jennifer15@gmail.com', 'pjpUWAYBRNffOqABZA');
INSERT INTO ACCOUNTANT (name, email, password) VALUES ('Joy Bean', 'morrisonrichard@hotmail.com', 'hogfxdjmtDshIXBfbsYG');
INSERT INTO NURSE (name, email, password) VALUES ('Joy Bean', 'morrisonrichard@hotmail.com', 'hogfxdjmtDshIXBfbsYG');
INSERT INTO ACCOUNTANT (name, email, password) VALUES ('Stacy Jones', 'nelsondavid@hotmail.com', 'csDdwWCewm');
INSERT INTO NURSE (name, email, password) VALUES ('Stacy Jones', 'nelsondavid@hotmail.com', 'csDdwWCewm');
INSERT INTO ACCOUNTANT (name, email, password) VALUES ('Tyler Dudley', 'hamiltonmisty@gmail.com', 'bkDOYQSka');
INSERT INTO NURSE (name, email, password) VALUES ('Tyler Dudley', 'hamiltonmisty@gmail.com', 'bkDOYQSka');
INSERT INTO ACCOUNTANT (name, email, password) VALUES ('Jesse Blanchard', 'hallashley@gmail.com', 'wWTIFuLKYrpjizYef');
INSERT INTO NURSE (name, email, password) VALUES ('Jesse Blanchard', 'hallashley@gmail.com', 'wWTIFuLKYrpjizYef');
INSERT INTO ACCOUNTANT (name, email, password) VALUES ('Daniel Thomas MD', 'sierrawilliams@yahoo.com', 'ttihhfwRGy');
INSERT INTO NURSE (name, email, password) VALUES ('Daniel Thomas MD', 'sierrawilliams@yahoo.com', 'ttihhfwRGy');
INSERT INTO ACCOUNTANT (name, email, password) VALUES ('Christopher Mendez', 'tmaxwell@hotmail.com', 'IyGIDQNiwpsMTucKJ');
INSERT INTO NURSE (name, email, password) VALUES ('Christopher Mendez', 'tmaxwell@hotmail.com', 'IyGIDQNiwpsMTucKJ');
INSERT INTO ACCOUNTANT (name, email, password) VALUES ('Katie Murphy', 'smcneil@yahoo.com', 'sctMWVHUGV');
INSERT INTO NURSE (name, email, password) VALUES ('Katie Murphy', 'smcneil@yahoo.com', 'sctMWVHUGV');
INSERT INTO ACCOUNTANT (name, email, password) VALUES ('Erik Rush', 'vanessasanchez@hotmail.com', 'hbObLtJoJUFB');
INSERT INTO NURSE (name, email, password) VALUES ('Erik Rush', 'vanessasanchez@hotmail.com', 'hbObLtJoJUFB');
INSERT INTO ACCOUNTANT (name, email, password) VALUES ('Timothy Franklin', 'smiller@hotmail.com', 'PgIPIMdSSAoBi');
INSERT INTO NURSE (name, email, password) VALUES ('Timothy Franklin', 'smiller@hotmail.com', 'PgIPIMdSSAoBi');
INSERT INTO ACCOUNTANT (name, email, password) VALUES ('Brandon Yoder', 'phillipgillespie@gmail.com', 'cojQBJrI');
INSERT INTO NURSE (name, email, password) VALUES ('Brandon Yoder', 'phillipgillespie@gmail.com', 'cojQBJrI');
INSERT INTO ACCOUNTANT (name, email, password) VALUES ('Antonio Grant', 'vberger@gmail.com', 'jMvGjAcsVRggAT');
INSERT INTO NURSE (name, email, password) VALUES ('Antonio Grant', 'vberger@gmail.com', 'jMvGjAcsVRggAT');
INSERT INTO ACCOUNTANT (name, email, password) VALUES ('Tiffany Wilson', 'xdaniels@hotmail.com', 'REuDyGCcJpXfsdSJjtv');
INSERT INTO NURSE (name, email, password) VALUES ('Tiffany Wilson', 'xdaniels@hotmail.com', 'REuDyGCcJpXfsdSJjtv');
INSERT INTO ACCOUNTANT (name, email, password) VALUES ('Nicholas Jennings', 'perezmatthew@yahoo.com', 'RhJyLAPd');
INSERT INTO NURSE (name, email, password) VALUES ('Nicholas Jennings', 'perezmatthew@yahoo.com', 'RhJyLAPd');
INSERT INTO ACCOUNTANT (name, email, password) VALUES ('Kirk Thomas', 'xchaney@yahoo.com', 'mCsdWBaLhWpOBl');
INSERT INTO NURSE (name, email, password) VALUES ('Kirk Thomas', 'xchaney@yahoo.com', 'mCsdWBaLhWpOBl');
INSERT INTO ACCOUNTANT (name, email, password) VALUES ('Kathryn Smith', 'sarah77@gmail.com', 'CvGjjlZtqaP');
INSERT INTO NURSE (name, email, password) VALUES ('Kathryn Smith', 'sarah77@gmail.com', 'CvGjjlZtqaP');
INSERT INTO ACCOUNTANT (name, email, password) VALUES ('Sharon Rogers', 'imorales@hotmail.com', 'zXvJgxplGCllIXAymwP');
INSERT INTO NURSE (name, email, password) VALUES ('Sharon Rogers', 'imorales@hotmail.com', 'zXvJgxplGCllIXAymwP');
INSERT INTO ACCOUNTANT (name, email, password) VALUES ('Jacob Klein', 'bryanwilliamson@yahoo.com', 'zygFNLSyqtBuNoU');
INSERT INTO NURSE (name, email, password) VALUES ('Jacob Klein', 'bryanwilliamson@yahoo.com', 'zygFNLSyqtBuNoU');
INSERT INTO ACCOUNTANT (name, email, password) VALUES ('Alexandra Mitchell', 'aguilarmegan@gmail.com', 'MJalGlvocilksrowY');
INSERT INTO NURSE (name, email, password) VALUES ('Alexandra Mitchell', 'aguilarmegan@gmail.com', 'MJalGlvocilksrowY');
INSERT INTO ACCOUNTANT (name, email, password) VALUES ('Mr. Christopher Guerrero', 'sullivanderrick@hotmail.com', 'sIdgsytTheGnitq');
INSERT INTO NURSE (name, email, password) VALUES ('Mr. Christopher Guerrero', 'sullivanderrick@hotmail.com', 'sIdgsytTheGnitq');
INSERT INTO ACCOUNTANT (name, email, password) VALUES ('Michelle Garcia', 'joelsmith@hotmail.com', 'JvvWHzFGbfvf');
INSERT INTO NURSE (name, email, password) VALUES ('Michelle Garcia', 'joelsmith@hotmail.com', 'JvvWHzFGbfvf');
INSERT INTO ACCOUNTANT (name, email, password) VALUES ('Lucas Wood', 'austin95@yahoo.com', 'dUcsTfBaaF');
INSERT INTO NURSE (name, email, password) VALUES ('Lucas Wood', 'austin95@yahoo.com', 'dUcsTfBaaF');
INSERT INTO ACCOUNTANT (name, email, password) VALUES ('Amy Walker', 'jameschapman@gmail.com', 'EnewjjwfFjYukQtsFiQr');
INSERT INTO NURSE (name, email, password) VALUES ('Amy Walker', 'jameschapman@gmail.com', 'EnewjjwfFjYukQtsFiQr');
INSERT INTO ACCOUNTANT (name, email, password) VALUES ('Kimberly Burns', 'zflores@hotmail.com', 'WTtDzyCAuFS');
INSERT INTO NURSE (name, email, password) VALUES ('Kimberly Burns', 'zflores@hotmail.com', 'WTtDzyCAuFS');
INSERT INTO ACCOUNTANT (name, email, password) VALUES ('Laura Lewis', 'xstout@hotmail.com', 'QiGDjZUFgdJdbL');
INSERT INTO NURSE (name, email, password) VALUES ('Laura Lewis', 'xstout@hotmail.com', 'QiGDjZUFgdJdbL');
INSERT INTO ACCOUNTANT (name, email, password) VALUES ('Glen Leach', 'ywilliams@hotmail.com', 'ZFbVqolAplZjAMKHAthO');
INSERT INTO NURSE (name, email, password) VALUES ('Glen Leach', 'ywilliams@hotmail.com', 'ZFbVqolAplZjAMKHAthO');
INSERT INTO ACCOUNTANT (name, email, password) VALUES ('Kimberly Mccormick', 'kmartinez@gmail.com', 'xtGBSzKrvVIUQO');
INSERT INTO NURSE (name, email, password) VALUES ('Kimberly Mccormick', 'kmartinez@gmail.com', 'xtGBSzKrvVIUQO');
INSERT INTO ACCOUNTANT (name, email, password) VALUES ('Robert Williams', 'brownmichael@yahoo.com', 'iAQQATLmezsoIrXSBZDs');
INSERT INTO NURSE (name, email, password) VALUES ('Robert Williams', 'brownmichael@yahoo.com', 'iAQQATLmezsoIrXSBZDs');
INSERT INTO ACCOUNTANT (name, email, password) VALUES ('Jesse Arias', 'karenchavez@gmail.com', 'QiHVRwuerS');
INSERT INTO NURSE (name, email, password) VALUES ('Jesse Arias', 'karenchavez@gmail.com', 'QiHVRwuerS');
INSERT INTO ACCOUNTANT (name, email, password) VALUES ('Valerie Gallagher', 'xscott@hotmail.com', 'xYlkpNdDalFJWYudD');
INSERT INTO NURSE (name, email, password) VALUES ('Valerie Gallagher', 'xscott@hotmail.com', 'xYlkpNdDalFJWYudD');
INSERT INTO ACCOUNTANT (name, email, password) VALUES ('William Smith', 'kimberlyfaulkner@hotmail.com', 'AfEpDFuAdtSbyOHOTqo');
INSERT INTO NURSE (name, email, password) VALUES ('William Smith', 'kimberlyfaulkner@hotmail.com', 'AfEpDFuAdtSbyOHOTqo');
INSERT INTO ACCOUNTANT (name, email, password) VALUES ('Gregory Thompson', 'lfowler@gmail.com', 'FgKPPoWu');
INSERT INTO NURSE (name, email, password) VALUES ('Gregory Thompson', 'lfowler@gmail.com', 'FgKPPoWu');
INSERT INTO ACCOUNTANT (name, email, password) VALUES ('Brianna Lewis', 'jasontorres@gmail.com', 'sHvYiBGbgcEyXU');
INSERT INTO NURSE (name, email, password) VALUES ('Brianna Lewis', 'jasontorres@gmail.com', 'sHvYiBGbgcEyXU');
INSERT INTO ACCOUNTANT (name, email, password) VALUES ('Michelle Smith', 'wigginsashley@yahoo.com', 'BrOeRtBoAZMcdZSnN');
INSERT INTO NURSE (name, email, password) VALUES ('Michelle Smith', 'wigginsashley@yahoo.com', 'BrOeRtBoAZMcdZSnN');
INSERT INTO ACCOUNTANT (name, email, password) VALUES ('Michael Davis', 'jilljohnson@yahoo.com', 'cBsmVFrNbomt');
INSERT INTO NURSE (name, email, password) VALUES ('Michael Davis', 'jilljohnson@yahoo.com', 'cBsmVFrNbomt');
INSERT INTO ACCOUNTANT (name, email, password) VALUES ('Cassandra Woods', 'matthewalvarado@hotmail.com', 'JNGwVLuHyCw');
INSERT INTO NURSE (name, email, password) VALUES ('Cassandra Woods', 'matthewalvarado@hotmail.com', 'JNGwVLuHyCw');
INSERT INTO ACCOUNTANT (name, email, password) VALUES ('John Gomez', 'stephenhernandez@hotmail.com', 'VhLxbZEa');
INSERT INTO NURSE (name, email, password) VALUES ('John Gomez', 'stephenhernandez@hotmail.com', 'VhLxbZEa');
INSERT INTO ACCOUNTANT (name, email, password) VALUES ('Oscar Blake', 'hoffmanbrandon@gmail.com', 'EzrPboNikgQeoQyzIH');
INSERT INTO NURSE (name, email, password) VALUES ('Oscar Blake', 'hoffmanbrandon@gmail.com', 'EzrPboNikgQeoQyzIH');
INSERT INTO ACCOUNTANT (name, email, password) VALUES ('Gary Rhodes', 'gregorylewis@yahoo.com', 'scjjXwtwJzI');
INSERT INTO NURSE (name, email, password) VALUES ('Gary Rhodes', 'gregorylewis@yahoo.com', 'scjjXwtwJzI');
INSERT INTO ACCOUNTANT (name, email, password) VALUES ('Scott Riley', 'medinaeric@hotmail.com', 'myyDmwnGSEGlcUoFv');
INSERT INTO NURSE (name, email, password) VALUES ('Scott Ri500ley', 'medinaeric@hotmail.com', 'myyDmwnGSEGlcUoFv');
INSERT INTO ACCOUNTANT (name, email, password) VALUES ('Daniel Brown', 'hodgesmichael@hotmail.com', 'PoKgdYCJrjLe');
INSERT INTO NURSE (name, email, password) VALUES ('Daniel Brown', 'hodgesmichael@hotmail.com', 'PoKgdYCJrjLe');
